income_rs,income_quintile,state,retail_tariff_rs_kwh,total_subsidy_rs,policy_strength_idx,discom_delay_days,awareness_pct,perceived_benefit,env_concern,social_norm,behavioral_control,adoption_prob,adopted,net_cost,annual_savings_rs,payback_years
38089.72756739952,4,Kerala,6.2,72000,88,22,68,0.6923296146568749,0.6011662855126788,0.7200611132967758,0.6398246635428323,0.6876079686220999,0,98000,27900.0,3.5125448028673834
98380.18877240634,5,Kerala,6.2,72000,88,22,68,0.726250209519649,0.45152313809912387,0.861362988616603,0.6200083816575512,0.6998169424140405,1,98000,27900.0,3.5125448028673834
38533.65149000887,4,Kerala,6.2,72000,88,22,68,0.6988918797950534,0.4918399957443811,0.7430768566563155,0.5831450824495092,0.5401915812516639,0,98000,27900.0,3.5125448028673834
21164.908683301528,2,Kerala,6.2,72000,88,22,68,0.6522220286190068,0.5037323772778242,0.6921422449371744,0.46091576431321213,0.586637426828671,1,98000,27900.0,3.5125448028673834
30614.949089151272,3,Kerala,6.2,72000,88,22,68,0.6600848958457566,0.5389191067309005,0.569850930626184,0.5229140370709489,0.6184985715225916,1,98000,27900.0,3.5125448028673834
42599.06254560784,4,Kerala,6.2,72000,88,22,68,0.6981401352325788,0.6953701360137975,0.6692139393220098,0.6516431305799355,0.5829919932024507,1,98000,27900.0,3.5125448028673834
37711.88933408402,4,Kerala,6.2,72000,88,22,68,0.7112443806964263,0.6577164333813592,0.4938447351856089,0.5985882884732818,0.6141298748972308,0,98000,27900.0,3.5125448028673834
52459.73670519947,5,Kerala,6.2,72000,88,22,68,0.7287155109693196,0.8491170716401983,0.5457874716015023,0.8402624319472561,0.7487139480214856,1,98000,27900.0,3.5125448028673834
16305.983470537332,2,Kerala,6.2,72000,88,22,68,0.646318442212714,0.5826276084152328,0.6816977163445813,0.7131675078991488,0.6589469056543045,0,98000,27900.0,3.5125448028673834
73783.56596178532,5,Kerala,6.2,72000,88,22,68,0.7303188652850068,0.7327246266449233,0.7372458930974433,0.7822984019362317,0.7974259932005489,1,98000,27900.0,3.5125448028673834
17397.996521411118,2,Kerala,6.2,72000,88,22,68,0.6442821182875329,0.674226816379435,0.4621656571056187,0.6675172217229537,0.6733166302709939,0,98000,27900.0,3.5125448028673834
16563.608078069825,2,Kerala,6.2,72000,88,22,68,0.6394295602761902,0.5513698614545612,0.5194462596411131,0.5014247495626254,0.5314533680165985,1,98000,27900.0,3.5125448028673834
21651.13745493185,2,Kerala,6.2,72000,88,22,68,0.6483849404415692,0.46344331521087156,0.5789023800989243,0.6243960811363258,0.6438437098673236,0,98000,27900.0,3.5125448028673834
15172.585937686337,2,Kerala,6.2,72000,88,22,68,0.6262637216402214,0.6892242857853186,0.6620840267166048,0.44228848476972726,0.4776429720889647,0,98000,27900.0,3.5125448028673834
28369.30956580261,3,Kerala,6.2,72000,88,22,68,0.6680811656304002,0.31193557877873485,0.5255448221642289,0.7629537144815877,0.6038304302132058,0,98000,27900.0,3.5125448028673834
16747.207416346806,2,Kerala,6.2,72000,88,22,68,0.6446800124812287,0.43673189722178785,0.6672348257732761,0.6259509784809714,0.4372381709339661,0,98000,27900.0,3.5125448028673834
35920.089641230516,4,Kerala,6.2,72000,88,22,68,0.7070512381943477,0.6498670019003823,0.8061249495939106,0.6199442403307838,0.6662523611617083,1,98000,27900.0,3.5125448028673834
24830.35332896819,3,Kerala,6.2,72000,88,22,68,0.686643811941824,0.6101980570626778,0.4486939253071085,0.7068013565240608,0.6660701834921363,1,98000,27900.0,3.5125448028673834
19632.746089344353,2,Kerala,6.2,72000,88,22,68,0.6378040390456299,0.18753665265980018,0.7108704895517366,0.42962872365008564,0.5128187311116861,0,98000,27900.0,3.5125448028673834
70125.52225421085,5,Kerala,6.2,72000,88,22,68,0.7465091033328944,0.6100505338346244,0.4399041765981444,0.6877597595060122,0.6770357635250667,1,98000,27900.0,3.5125448028673834
13691.816226440502,1,Kerala,6.2,72000,88,22,68,0.6051240474476891,0.4519200316431399,0.6889442679048121,0.6435862177782149,0.6892480615493147,1,98000,27900.0,3.5125448028673834
10238.690189695057,1,Kerala,6.2,72000,88,22,68,0.6250007498297322,0.4459309663612914,0.5034180199062147,0.45384875781235856,0.48816126863768616,0,98000,27900.0,3.5125448028673834
58906.247758009384,5,Kerala,6.2,72000,88,22,68,0.7398889569812694,0.8260610010341037,0.6807065155338513,0.7752631825126078,0.6678351705209309,1,98000,27900.0,3.5125448028673834
10219.369696514806,1,Kerala,6.2,72000,88,22,68,0.6025796999179636,0.35876926501087103,0.49772971118339226,0.48291999360879667,0.2973865263402392,0,98000,27900.0,3.5125448028673834
10107.193715164727,1,Kerala,6.2,72000,88,22,68,0.614784678086804,0.586207592168649,0.5167490123794415,0.4925981895948971,0.45503784901792893,1,98000,27900.0,3.5125448028673834
19129.98410164542,2,Kerala,6.2,72000,88,22,68,0.6412019273589638,0.4342619540992724,0.6043560072120099,0.6486700039352341,0.5046913603036921,0,98000,27900.0,3.5125448028673834
17771.018816785403,2,Kerala,6.2,72000,88,22,68,0.6479701316510357,0.5919985750234964,0.4761481660366254,0.6979506883479628,0.6138923278631981,0,98000,27900.0,3.5125448028673834
8407.975144769083,1,Kerala,6.2,72000,88,22,68,0.6094815698299527,0.2952283641535558,0.4412171055453135,0.4249044457785118,0.3703616513512158,0,98000,27900.0,3.5125448028673834
60927.95887427361,5,Kerala,6.2,72000,88,22,68,0.7286418234576685,0.9200716119532532,0.44058804733050766,0.657956521515553,0.6507822928922914,1,98000,27900.0,3.5125448028673834
59911.744315040654,5,Kerala,6.2,72000,88,22,68,0.7454052315419143,0.6579668291028447,0.42374425369411406,0.721224443675679,0.6361575421996469,0,98000,27900.0,3.5125448028673834
13559.80795729036,1,Kerala,6.2,72000,88,22,68,0.610727076769729,0.5631144344125999,0.7410602665602863,0.5590337086611723,0.5693841665940417,1,98000,27900.0,3.5125448028673834
42533.86918113217,4,Kerala,6.2,72000,88,22,68,0.7099785089562034,0.6163153611445702,0.5978147823298154,0.6652250227251092,0.6072710408372154,1,98000,27900.0,3.5125448028673834
57868.823420057124,5,Kerala,6.2,72000,88,22,68,0.7294607708638438,0.8912791552503623,0.7507632092366358,0.8165474973685317,0.8010721088841583,1,98000,27900.0,3.5125448028673834
22287.425435961162,2,Kerala,6.2,72000,88,22,68,0.6583809183065609,0.33749649596853054,0.48879196947746006,0.6553173542733135,0.6073466298424417,0,98000,27900.0,3.5125448028673834
41404.91716495765,4,Kerala,6.2,72000,88,22,68,0.6949309394209308,0.7113467338676251,0.5045822910781802,0.6464617654995672,0.6119153012493287,1,98000,27900.0,3.5125448028673834
91890.775453253,5,Kerala,6.2,72000,88,22,68,0.725572850401814,0.9100067962377575,0.7970550327347459,0.5870724506870504,0.7572388257504479,1,98000,27900.0,3.5125448028673834
18437.985109936442,2,Kerala,6.2,72000,88,22,68,0.6569594575254447,0.4940749523215353,0.44199215968310057,0.4832378025341027,0.6575697954596893,1,98000,27900.0,3.5125448028673834
35802.64058406497,4,Kerala,6.2,72000,88,22,68,0.6972648218053332,0.6678769334704556,0.5785086876331524,0.6709746836516625,0.6862305901060453,0,98000,27900.0,3.5125448028673834
30619.28403238508,3,Kerala,6.2,72000,88,22,68,0.6877250287759297,0.5015781957041826,0.6997110545305061,0.7531430158875089,0.7408936921665945,0,98000,27900.0,3.5125448028673834
57328.11857411874,5,Kerala,6.2,72000,88,22,68,0.7406326915102339,0.44907282659844144,0.7503204907840386,0.7451597349444273,0.6656261062873614,1,98000,27900.0,3.5125448028673834
43349.50173588915,4,Kerala,6.2,72000,88,22,68,0.7001677886486773,0.39075005149049546,0.4487950858497247,0.6840073608219,0.6618996840841628,0,98000,27900.0,3.5125448028673834
19465.66255825812,2,Kerala,6.2,72000,88,22,68,0.623581350994114,0.6009452299049699,0.6726079172302546,0.6420799018797912,0.5682276386714261,1,98000,27900.0,3.5125448028673834
21667.733849130505,2,Kerala,6.2,72000,88,22,68,0.6415211026715674,0.4369874283464268,0.48606048662603557,0.47057737333581695,0.5361969083369653,1,98000,27900.0,3.5125448028673834
37421.13345558458,4,Kerala,6.2,72000,88,22,68,0.70273058624962,0.4955164280018969,0.8882860957668388,0.5689644293305101,0.7298615686212706,1,98000,27900.0,3.5125448028673834
31009.413994105915,3,Kerala,6.2,72000,88,22,68,0.6833864630473294,0.8447638752985686,0.48934510651700713,0.5785074412296889,0.7517899784432142,0,98000,27900.0,3.5125448028673834
20508.791114254684,2,Kerala,6.2,72000,88,22,68,0.6575987574766868,0.2692605646783593,0.5725648671453214,0.7233446783528191,0.5712103698685539,1,98000,27900.0,3.5125448028673834
94484.44572789005,5,Kerala,6.2,72000,88,22,68,0.7248644139228483,0.6157659073463553,0.4913381892616214,0.8376714386387089,0.6889216259745751,1,98000,27900.0,3.5125448028673834
26595.677265528207,3,Kerala,6.2,72000,88,22,68,0.6797261033541675,0.25540478664185623,0.73324235673298,0.6789230590193308,0.48945994176950386,0,98000,27900.0,3.5125448028673834
40487.547218517306,4,Kerala,6.2,72000,88,22,68,0.7093683072744192,0.44548550235423245,0.7729641349263677,0.6422353657477803,0.6472386006084743,0,98000,27900.0,3.5125448028673834
32034.495277315407,3,Kerala,6.2,72000,88,22,68,0.6824484127383902,0.7584253365777979,0.7048066204349466,0.6412910754419114,0.7456507271113607,1,98000,27900.0,3.5125448028673834
9247.72061696615,1,Kerala,6.2,72000,88,22,68,0.6167011848356412,0.35430030006933944,0.4798925927390022,0.46595512426160535,0.5031863065431018,1,98000,27900.0,3.5125448028673834
40088.19160197518,4,Kerala,6.2,72000,88,22,68,0.682289308804668,0.7360630994470825,0.7079777232270532,0.7271809925447047,0.7199363075103694,1,98000,27900.0,3.5125448028673834
42188.62575860538,4,Kerala,6.2,72000,88,22,68,0.7001600613890081,0.7345923413948888,0.43154690886176855,0.6505425873561331,0.6759968480942494,1,98000,27900.0,3.5125448028673834
25265.244977523318,3,Kerala,6.2,72000,88,22,68,0.6601572099651165,0.44358709697049603,0.4016395888267433,0.5109536571615539,0.6233188957794633,1,98000,27900.0,3.5125448028673834
21498.896436509855,2,Kerala,6.2,72000,88,22,68,0.6396882279851049,0.263911826161276,0.5657290233336778,0.4894152751183068,0.5198985705275253,1,98000,27900.0,3.5125448028673834
31480.26979925713,3,Kerala,6.2,72000,88,22,68,0.6815143280756246,0.5061039066976629,0.6709678337285035,0.6574967262899233,0.6192256911512064,1,98000,27900.0,3.5125448028673834
49939.22056288344,5,Kerala,6.2,72000,88,22,68,0.7347657940730354,0.7678703839787893,0.8034147697677712,0.7832582996961918,0.7789180954753336,1,98000,27900.0,3.5125448028673834
46174.78262645363,4,Kerala,6.2,72000,88,22,68,0.7131951943782601,0.6781550343230808,0.39288287082828494,0.5536953882791372,0.6500947057384369,0,98000,27900.0,3.5125448028673834
28389.519482738415,3,Kerala,6.2,72000,88,22,68,0.6751318249214211,0.7952779677667671,0.44384209215295006,0.7173911820105328,0.7131589499855459,1,98000,27900.0,3.5125448028673834
24398.7519477659,3,Kerala,6.2,72000,88,22,68,0.6587310263175967,0.7947910060680967,0.5048080403318446,0.7221931046633658,0.8085878472206247,0,98000,27900.0,3.5125448028673834
41313.381492140914,4,Kerala,6.2,72000,88,22,68,0.6765058156485584,0.7142373220491488,0.5743990056443907,0.7418134631719965,0.7878184819718643,0,98000,27900.0,3.5125448028673834
27198.17986472539,3,Kerala,6.2,72000,88,22,68,0.6732023733310816,0.4989156175848952,0.845412364632427,0.6799654492227162,0.6022427263810993,1,98000,27900.0,3.5125448028673834
70897.53700777532,5,Kerala,6.2,72000,88,22,68,0.7295750210507741,0.5613327239332007,0.5970777323764114,0.6444494646960696,0.6117647635250958,1,98000,27900.0,3.5125448028673834
39924.13806662018,4,Kerala,6.2,72000,88,22,68,0.6919448283204669,0.8235767575010113,0.6324009771372469,0.8007754776129618,0.8145362912813322,1,98000,27900.0,3.5125448028673834
10078.667190719612,1,Kerala,6.2,72000,88,22,68,0.594708013217772,0.31980115829344274,0.7197724281987181,0.4554609554395943,0.42425957865536285,1,98000,27900.0,3.5125448028673834
87063.28699034231,5,Kerala,6.2,72000,88,22,68,0.7243668535795587,0.7674380072925475,0.7161246321866912,0.6296402806841264,0.730370725996916,1,98000,27900.0,3.5125448028673834
84109.73852205544,5,Kerala,6.2,72000,88,22,68,0.729769370865638,0.8022690855493027,0.6434271112568326,0.7664490999000736,0.8330468672572257,1,98000,27900.0,3.5125448028673834
15693.76436532857,2,Kerala,6.2,72000,88,22,68,0.6483730639513496,0.3568382225880695,0.6807888251333774,0.5341201773725324,0.5621995823642031,1,98000,27900.0,3.5125448028673834
10000.594819593129,1,Kerala,6.2,72000,88,22,68,0.6136005965299656,0.4636620053884169,0.6640604645048244,0.6547973142874727,0.6548830212711823,1,98000,27900.0,3.5125448028673834
29708.896920600127,3,Kerala,6.2,72000,88,22,68,0.687794958186013,0.4830563021262061,0.36439075042017605,0.612963771426394,0.5673832481208423,0,98000,27900.0,3.5125448028673834
8000.0,1,Kerala,6.2,72000,88,22,68,0.6013582451538318,0.3068461465403814,0.6018324276414199,0.42400445180423507,0.43888353496906707,1,98000,27900.0,3.5125448028673834
57533.743381693224,5,Kerala,6.2,72000,88,22,68,0.74052487463486,0.5571271608730313,0.6633657890554187,0.8621474831073441,0.6175358735263364,1,98000,27900.0,3.5125448028673834
10739.831053525255,1,Kerala,6.2,72000,88,22,68,0.6121872731455731,0.43919716684713933,0.7222497571709262,0.5295190629966884,0.5671356383232007,1,98000,27900.0,3.5125448028673834
15876.69342888873,2,Kerala,6.2,72000,88,22,68,0.6486609769554715,0.3593074697648322,0.6943543017806362,0.5804565663342678,0.5195046854162789,1,98000,27900.0,3.5125448028673834
30615.94449323918,3,Kerala,6.2,72000,88,22,68,0.6673491370816302,0.45297843988936026,0.49554516264683346,0.5906296955421974,0.6513498528723162,1,98000,27900.0,3.5125448028673834
15839.204418486233,2,Kerala,6.2,72000,88,22,68,0.6524310894531916,0.3864028651793945,0.5292172211729983,0.6756870213973505,0.37768266434224906,1,98000,27900.0,3.5125448028673834
68168.36632126571,5,Kerala,6.2,72000,88,22,68,0.7346665332977382,0.6502618360363859,0.41652151722589165,0.6611819750946916,0.6136192046599261,1,98000,27900.0,3.5125448028673834
17146.292333136713,2,Kerala,6.2,72000,88,22,68,0.6349198358651081,0.676558734631505,0.4258971433810513,0.42900180125597465,0.6251189384138948,0,98000,27900.0,3.5125448028673834
27998.583187424174,3,Kerala,6.2,72000,88,22,68,0.6715940454251538,0.44614427263066214,0.6671534351998418,0.6240722669619145,0.7332102269965269,1,98000,27900.0,3.5125448028673834
11418.512657708827,1,Kerala,6.2,72000,88,22,68,0.6093187271249147,0.38011703182390466,0.5458604152998299,0.6526549623815706,0.6190318866473307,1,98000,27900.0,3.5125448028673834
40619.55513057339,4,Kerala,6.2,72000,88,22,68,0.7066060692206637,0.7913061980731848,0.7827935499319953,0.6068688948522014,0.7598313559904156,1,98000,27900.0,3.5125448028673834
55096.62649155475,5,Kerala,6.2,72000,88,22,68,0.7199165182205407,0.5907885183454935,0.45909741837508794,0.6547805198969242,0.5091834243059731,0,98000,27900.0,3.5125448028673834
22958.9043834737,3,Kerala,6.2,72000,88,22,68,0.6714207686931287,0.4047176997984914,0.41383550991459145,0.6963188527221046,0.4839156646586996,0,98000,27900.0,3.5125448028673834
22958.988065705988,3,Kerala,6.2,72000,88,22,68,0.6756673582407791,0.5006287808939179,0.7671493365166528,0.7075488891081436,0.7262563146179701,1,98000,27900.0,3.5125448028673834
46909.95892622127,4,Kerala,6.2,72000,88,22,68,0.7020445187862161,0.6601041399075457,0.5447939965770909,0.6555558501944331,0.5672121896913189,0,98000,27900.0,3.5125448028673834
60116.89192042273,5,Kerala,6.2,72000,88,22,68,0.7451836981581758,0.5927665778104222,0.545665984756611,0.8249818702257997,0.7004067817450241,1,98000,27900.0,3.5125448028673834
30439.886663520123,3,Kerala,6.2,72000,88,22,68,0.6794545134549962,0.6141876167028608,0.3721048041657455,0.5264688140899939,0.5301780736069388,1,98000,27900.0,3.5125448028673834
50653.0329663843,5,Kerala,6.2,72000,88,22,68,0.7316394777468783,0.7625870537143287,0.6466295851465221,0.6849965008971729,0.7493654526982558,1,98000,27900.0,3.5125448028673834
16161.6744092231,2,Kerala,6.2,72000,88,22,68,0.6438811766892624,0.5105165614101529,0.5368153964366548,0.5461722634839206,0.5987695994910932,1,98000,27900.0,3.5125448028673834
83891.10945999819,5,Kerala,6.2,72000,88,22,68,0.7346709412291058,0.41650249335096134,0.4463009629789063,0.6687276568507768,0.41141403283003103,0,98000,27900.0,3.5125448028673834
22546.892904824654,2,Kerala,6.2,72000,88,22,68,0.645747281755954,0.44331938686168615,0.6053958699361055,0.4902101535946321,0.5497082696707832,0,98000,27900.0,3.5125448028673834
51198.23072113267,5,Kerala,6.2,72000,88,22,68,0.7134577057576397,0.871852761952886,0.7190861406048306,0.6763337475715766,0.7112418652744013,1,98000,27900.0,3.5125448028673834
19670.487067799244,2,Kerala,6.2,72000,88,22,68,0.6386990227565922,0.47309917608298113,0.5310805628875852,0.4302898439496162,0.5370505905047879,1,98000,27900.0,3.5125448028673834
13786.073493497763,1,Kerala,6.2,72000,88,22,68,0.5968698950323515,0.27707912180290895,0.663850396221527,0.5858938993169094,0.3741965178511881,1,98000,27900.0,3.5125448028673834
12742.867216207202,1,Kerala,6.2,72000,88,22,68,0.6244970951888806,0.1956361320865806,0.6732349089679636,0.5800766592479825,0.5715450087950766,1,98000,27900.0,3.5125448028673834
48688.35551467354,5,Kerala,6.2,72000,88,22,68,0.7311057905142565,0.6302705883183206,0.38747969837277907,0.7099543225519889,0.60236597031262,0,98000,27900.0,3.5125448028673834
18495.269392099533,2,Kerala,6.2,72000,88,22,68,0.6397808762174895,0.4302052564582308,0.4291533302968317,0.521763564048594,0.46479247073474855,0,98000,27900.0,3.5125448028673834
25251.143034881494,3,Kerala,6.2,72000,88,22,68,0.6806822590346181,0.389959760952001,0.4765512250399744,0.6051169496596236,0.6619245122465072,0,98000,27900.0,3.5125448028673834
47365.07675443681,4,Kerala,6.2,72000,88,22,68,0.7059375336887845,0.5303543773450619,0.46359585442542584,0.8058451336855649,0.6511377680989521,0,98000,27900.0,3.5125448028673834
31788.449766961654,3,Kerala,6.2,72000,88,22,68,0.6604279405704936,0.5045306794432728,0.5752054364480538,0.6559583435586591,0.6735867856331712,1,98000,27900.0,3.5125448028673834
9383.3839404004,1,Kerala,6.2,72000,88,22,68,0.611005232089012,0.3513237307599157,0.7126313839025031,0.5942960836343126,0.5430537290711419,0,98000,27900.0,3.5125448028673834
8000.0,1,Kerala,6.2,72000,88,22,68,0.6083626159820219,0.45490254456502016,0.5956969874063763,0.44374391248227796,0.6148267914007552,0,98000,27900.0,3.5125448028673834
8000.0,1,Kerala,6.2,72000,88,22,68,0.5942689568282252,0.20135600160149925,0.6411886998881645,0.4033162805864573,0.4399658530436577,0,98000,27900.0,3.5125448028673834
36656.954901432124,4,Kerala,6.2,72000,88,22,68,0.6948115233819137,0.4052565892692632,0.6556069166910687,0.549844369301624,0.6175137482481124,1,98000,27900.0,3.5125448028673834
13103.40502978098,1,Kerala,6.2,72000,88,22,68,0.6098788824941211,0.4155229762701012,0.5933573923510184,0.5164945449624643,0.5208333935849029,0,98000,27900.0,3.5125448028673834
36280.51333229407,4,Kerala,6.2,72000,88,22,68,0.7005647763993673,0.7671141551951086,0.5038610738136858,0.7398947902621987,0.6817096720909973,1,98000,27900.0,3.5125448028673834
12406.883667761176,1,Kerala,6.2,72000,88,22,68,0.5968919714775127,0.5646567941439663,0.45074894011657773,0.6071250036671052,0.6049599751969476,0,98000,27900.0,3.5125448028673834
46432.84585501984,4,Kerala,6.2,72000,88,22,68,0.7132309415447605,0.5995250124263309,0.5180744501330143,0.7410118309858919,0.6190196359702353,1,98000,27900.0,3.5125448028673834
67320.23386867136,5,Kerala,6.2,72000,88,22,68,0.7306932551253714,0.6475610581360798,0.7376720957254354,0.84871763518334,0.7984022868969621,1,98000,27900.0,3.5125448028673834
27024.40400695762,3,Kerala,6.2,72000,88,22,68,0.6720898164808914,0.5615349224985472,0.5001595676083674,0.4904896226565447,0.621935241803576,1,98000,27900.0,3.5125448028673834
34847.94803490947,4,Kerala,6.2,72000,88,22,68,0.7057207020976841,0.6984291602211471,0.39370648198805736,0.781490735458338,0.7124352925446381,0,98000,27900.0,3.5125448028673834
40761.3539987638,4,Kerala,6.2,72000,88,22,68,0.693833523175249,0.5711626051238177,0.6493653433006763,0.7230918675700806,0.6117115351483985,0,98000,27900.0,3.5125448028673834
52427.551901048006,5,Kerala,6.2,72000,88,22,68,0.7362778454456127,0.9022485271912078,0.3959693429865897,0.6275449224896781,0.7219642578281812,1,98000,27900.0,3.5125448028673834
47112.17163097617,4,Kerala,6.2,72000,88,22,68,0.6980435392541039,0.5756629787964598,0.5237205031646552,0.7296031093401771,0.7231428626977245,1,98000,27900.0,3.5125448028673834
26925.897444833583,3,Kerala,6.2,72000,88,22,68,0.6627484303078138,0.3267764733093019,0.5069088887913088,0.6284167569301603,0.4409813889089078,0,98000,27900.0,3.5125448028673834
10762.527679900924,1,Kerala,6.2,72000,88,22,68,0.6174487606478397,0.41371427706609387,0.5604651475608621,0.4826012628491494,0.3790022175024249,1,98000,27900.0,3.5125448028673834
30598.14549384389,3,Kerala,6.2,72000,88,22,68,0.6866310243023038,0.641996680468813,0.4599872347202185,0.5492763366386482,0.6506198408838544,1,98000,27900.0,3.5125448028673834
56508.53316779487,5,Kerala,6.2,72000,88,22,68,0.7389625794491441,0.7588853595474414,0.5471316858482186,0.7141352050623087,0.676187553318463,1,98000,27900.0,3.5125448028673834
16542.710129983345,2,Kerala,6.2,72000,88,22,68,0.6509440613656899,0.38731075977900986,0.5784266425022292,0.4966286824456517,0.5677302799389681,0,98000,27900.0,3.5125448028673834
58966.30553511193,5,Kerala,6.2,72000,88,22,68,0.7265079796486628,0.901888886225333,0.38462488881726625,0.5997430140781289,0.7800229813390934,1,98000,27900.0,3.5125448028673834
24401.20040563213,3,Kerala,6.2,72000,88,22,68,0.6557380884226012,0.6859574046072511,0.43139892851602185,0.7287249064148851,0.5359591395666593,1,98000,27900.0,3.5125448028673834
8000.0,1,Kerala,6.2,72000,88,22,68,0.6266156609352842,0.2520698168896926,0.6802220980896714,0.5527399834457467,0.38874373045625277,0,98000,27900.0,3.5125448028673834
19589.05192072291,2,Kerala,6.2,72000,88,22,68,0.6622594346083333,0.2756617055314129,0.5796277230313348,0.5339897864053881,0.5609137171211749,0,98000,27900.0,3.5125448028673834
12122.479495705094,1,Kerala,6.2,72000,88,22,68,0.6271423534519825,0.35039902217130897,0.6443706800275883,0.5088928830787154,0.6035807951251142,1,98000,27900.0,3.5125448028673834
21374.78140264256,2,Kerala,6.2,72000,88,22,68,0.6383564263244882,0.20520524951420524,0.5353752312588096,0.6843370991717954,0.6391869990588481,1,98000,27900.0,3.5125448028673834
23535.861687305154,3,Kerala,6.2,72000,88,22,68,0.6601679423269973,0.7523045160804791,0.8450122749091142,0.5708419405406463,0.7419640352853635,1,98000,27900.0,3.5125448028673834
79563.76909141906,5,Kerala,6.2,72000,88,22,68,0.7210574587360901,0.68485933582763,0.4755547877593025,0.6889408031253904,0.663469390217919,0,98000,27900.0,3.5125448028673834
17475.35731970252,2,Kerala,6.2,72000,88,22,68,0.6248769600381452,0.26573689376303616,0.8691102063133527,0.654713012123407,0.5950349525494317,0,98000,27900.0,3.5125448028673834
38129.945515934734,4,Kerala,6.2,72000,88,22,68,0.7006404995301853,0.6520124333660455,0.44121483740488415,0.5850456721628583,0.6352079274968765,0,98000,27900.0,3.5125448028673834
22838.114289940022,3,Kerala,6.2,72000,88,22,68,0.6877710652951102,0.40640006849977073,0.6706575775057204,0.6726676545898727,0.7286845565200721,1,98000,27900.0,3.5125448028673834
9929.148402438226,1,Kerala,6.2,72000,88,22,68,0.6102976593955634,0.5027153596259606,0.693030559383,0.5051860305266757,0.5706625629424019,0,98000,27900.0,3.5125448028673834
95134.18777662884,5,Kerala,6.2,72000,88,22,68,0.7347375147177685,0.7824806834971112,0.6376216161493905,0.7249364585679315,0.6979247168968764,1,98000,27900.0,3.5125448028673834
17076.164362365118,2,Kerala,6.2,72000,88,22,68,0.6554702553573277,0.5266373643639262,0.6371283149859791,0.6609529355751289,0.6355852689701991,1,98000,27900.0,3.5125448028673834
40501.28926658305,4,Kerala,6.2,72000,88,22,68,0.6976733325959618,0.6733049691084185,0.4205976057320077,0.8228285957833695,0.5789443405896375,0,98000,27900.0,3.5125448028673834
33649.59428676512,4,Kerala,6.2,72000,88,22,68,0.7220696002814817,0.7034189919437575,0.6265787209530381,0.77434246609473,0.6930013547384744,1,98000,27900.0,3.5125448028673834
13537.029402618435,1,Kerala,6.2,72000,88,22,68,0.6316352297892603,0.3599283731465289,0.4611723218165369,0.42305207879767015,0.4175034900107604,1,98000,27900.0,3.5125448028673834
37176.89054358619,4,Kerala,6.2,72000,88,22,68,0.700403172327481,0.8182435041916221,0.5336505189761598,0.5922544394610054,0.6471672430667101,1,98000,27900.0,3.5125448028673834
37065.46699286433,4,Kerala,6.2,72000,88,22,68,0.6959389430740937,0.7227090128339466,0.5673549768555567,0.6478680320306139,0.5612899549714039,1,98000,27900.0,3.5125448028673834
25588.044859112455,3,Kerala,6.2,72000,88,22,68,0.6786866661781888,0.5643821891666749,0.6874834234133071,0.6906568448591968,0.57904663598112,1,98000,27900.0,3.5125448028673834
40241.07468394972,4,Kerala,6.2,72000,88,22,68,0.6982390362890971,0.7541782492431311,0.46010577843467865,0.6777002384849583,0.6680971593729932,1,98000,27900.0,3.5125448028673834
43878.50721693695,4,Kerala,6.2,72000,88,22,68,0.6901487335436124,0.735194594907469,0.3909682465907852,0.7954290914655352,0.7360810938257526,0,98000,27900.0,3.5125448028673834
18615.979618294085,2,Kerala,6.2,72000,88,22,68,0.6545266722495154,0.31942210820980055,0.6937506365804996,0.43949153300072397,0.4702806943930586,0,98000,27900.0,3.5125448028673834
19241.290211749943,2,Kerala,6.2,72000,88,22,68,0.6538787595870564,0.3152052729554692,0.7707043972799426,0.5024439825327881,0.5451461778146027,0,98000,27900.0,3.5125448028673834
25376.870328292684,3,Kerala,6.2,72000,88,22,68,0.6732694017519213,0.36494324878423823,0.7278740558756982,0.5406703666181341,0.6320940351254476,1,98000,27900.0,3.5125448028673834
47721.83603447766,4,Kerala,6.2,72000,88,22,68,0.689085638177004,0.46954695841044947,0.6396823233050883,0.748140173141703,0.8096967037029675,1,98000,27900.0,3.5125448028673834
12261.48877484681,1,Kerala,6.2,72000,88,22,68,0.5994190232021119,0.4544805788322318,0.7018601620936982,0.5143203533456755,0.5128691944997167,1,98000,27900.0,3.5125448028673834
34146.40031807111,4,Kerala,6.2,72000,88,22,68,0.7027865785984773,0.8851385733544084,0.6651666493083508,0.5293928010996887,0.6402451188742695,1,98000,27900.0,3.5125448028673834
59103.61398773996,5,Kerala,6.2,72000,88,22,68,0.7267155753692355,0.666045633798393,0.7334308540070373,0.8069199146175389,0.793236860139279,1,98000,27900.0,3.5125448028673834
13177.089582429493,1,Kerala,6.2,72000,88,22,68,0.6083033563928697,0.40240779096960827,0.7073275206613974,0.4834298357196904,0.5803248762206298,1,98000,27900.0,3.5125448028673834
23812.168713254683,3,Kerala,6.2,72000,88,22,68,0.6819339172648857,0.6255968469585366,0.47298410585847356,0.5530269964275732,0.4916842355212537,1,98000,27900.0,3.5125448028673834
8737.645418905846,1,Kerala,6.2,72000,88,22,68,0.6190460788885114,0.4812285928854493,0.5892982578570471,0.4297041935128148,0.41446028161120274,0,98000,27900.0,3.5125448028673834
18918.91814764647,2,Kerala,6.2,72000,88,22,68,0.6554957125192619,0.40184561770094485,0.8555711114984441,0.7086925449065596,0.552172859118314,0,98000,27900.0,3.5125448028673834
17925.198351496107,2,Kerala,6.2,72000,88,22,68,0.631808053480513,0.4047621019696763,0.5545623498783101,0.7075002971807292,0.5232196700127586,1,98000,27900.0,3.5125448028673834
28372.302595215107,3,Kerala,6.2,72000,88,22,68,0.6682823700274186,0.5696920879694384,0.6343390972407551,0.4978547553434039,0.6459587848346806,1,98000,27900.0,3.5125448028673834
37705.990758635,4,Kerala,6.2,72000,88,22,68,0.7093041026688869,0.524649754033279,0.5310610805431129,0.5947190967847649,0.6307914940566315,1,98000,27900.0,3.5125448028673834
10231.932822369128,1,Kerala,6.2,72000,88,22,68,0.6161950691244147,0.3422987204333817,0.7653035269107953,0.5687246855137429,0.5601521107477843,1,98000,27900.0,3.5125448028673834
20516.988826057743,2,Kerala,6.2,72000,88,22,68,0.6570380895401619,0.4269244015000786,0.5020558204525347,0.6260162864023832,0.4802166907629127,1,98000,27900.0,3.5125448028673834
14824.188681852285,1,Kerala,6.2,72000,88,22,68,0.6159196527733265,0.5568012703939199,0.5923112965267685,0.5001904120421832,0.46227252645345496,0,98000,27900.0,3.5125448028673834
21882.380750040946,2,Kerala,6.2,72000,88,22,68,0.6601953767553412,0.42886887802342566,0.3821308489484852,0.5954418462325533,0.5235956519423758,0,98000,27900.0,3.5125448028673834
51379.22041782202,5,Kerala,6.2,72000,88,22,68,0.7371144637315171,0.5815042499604504,0.4285362903268635,0.7856780638517872,0.6720823985576354,1,98000,27900.0,3.5125448028673834
15366.928895001156,2,Kerala,6.2,72000,88,22,68,0.6523359601901723,0.5213308729965108,0.8879206384875755,0.7100416501093987,0.7149718159972963,0,98000,27900.0,3.5125448028673834
19533.55121994054,2,Kerala,6.2,72000,88,22,68,0.6384791362464411,0.5080773125964153,0.689969270423655,0.6424217092689232,0.7060837569078757,1,98000,27900.0,3.5125448028673834
26108.693785633855,3,Kerala,6.2,72000,88,22,68,0.6718571578331256,0.6085163014730827,0.5174565985365684,0.5079700781756542,0.48937945438459507,0,98000,27900.0,3.5125448028673834
17593.939826013215,2,Kerala,6.2,72000,88,22,68,0.6508237297526804,0.4079623959207658,0.49787849334138534,0.6402428731407314,0.5387530374319359,0,98000,27900.0,3.5125448028673834
11814.510708939159,1,Kerala,6.2,72000,88,22,68,0.6278440674202164,0.24290757288200854,0.6203406758745237,0.39520678745063115,0.44173901554838924,0,98000,27900.0,3.5125448028673834
32032.811535691122,3,Kerala,6.2,72000,88,22,68,0.6790066552073932,0.4614002661586577,0.7190457168594097,0.6256410599912106,0.636634533424917,0,98000,27900.0,3.5125448028673834
14532.3133017802,1,Kerala,6.2,72000,88,22,68,0.6108825679949396,0.45337055640509644,0.3932503872803305,0.5329574611657566,0.48420080464488885,0,98000,27900.0,3.5125448028673834
23315.41818315921,3,Kerala,6.2,72000,88,22,68,0.6854876360095691,0.6052398646087742,0.578233355731669,0.7083683006007105,0.6561888531969275,1,98000,27900.0,3.5125448028673834
18741.568481567938,2,Kerala,6.2,72000,88,22,68,0.6197944991514869,0.34857676472527477,0.4923335461101269,0.4283564837104588,0.4585914468347537,0,98000,27900.0,3.5125448028673834
23292.77250192997,3,Kerala,6.2,72000,88,22,68,0.657491940699217,0.48529486512032327,0.7590109649805735,0.7373145090189696,0.697901921623396,1,98000,27900.0,3.5125448028673834
37701.18137434927,4,Kerala,6.2,72000,88,22,68,0.7085306279509697,0.44529322807680644,0.4358001109851244,0.7240543078012979,0.5565662676908915,1,98000,27900.0,3.5125448028673834
35442.18685837506,4,Kerala,6.2,72000,88,22,68,0.701855369276817,0.4654598225462236,0.5229463587343876,0.5342461438835453,0.598777894195374,1,98000,27900.0,3.5125448028673834
8000.0,1,Kerala,6.2,72000,88,22,68,0.6177694222255274,0.5098172883725015,0.4614558044116452,0.42289797167172277,0.5119843624050933,1,98000,27900.0,3.5125448028673834
14085.114483328893,1,Kerala,6.2,72000,88,22,68,0.6123583609386052,0.5669132088793734,0.5924000671084819,0.38674414788194467,0.5204592009563059,0,98000,27900.0,3.5125448028673834
37063.22845196867,4,Kerala,6.2,72000,88,22,68,0.7074237426603245,0.5728103109483111,0.3978533579711921,0.7546707690243107,0.7416409277278503,0,98000,27900.0,3.5125448028673834
150000.0,5,Kerala,6.2,72000,88,22,68,0.7235702575043539,0.6870133635029636,0.5930835356336185,0.626160416611488,0.6917211469187144,0,98000,27900.0,3.5125448028673834
45320.00017548601,4,Kerala,6.2,72000,88,22,68,0.7074191465750826,0.7207345456522996,0.5226095790765789,0.5385688839888456,0.6584594774273986,1,98000,27900.0,3.5125448028673834
25721.13421714458,3,Kerala,6.2,72000,88,22,68,0.6816584309963616,0.29246763749535104,0.5349217134359969,0.5162852084363769,0.42922579406109707,1,98000,27900.0,3.5125448028673834
14436.737041251554,1,Kerala,6.2,72000,88,22,68,0.6239197917535981,0.5304707332078686,0.5064751275882605,0.5427559900651728,0.6101565080413142,0,98000,27900.0,3.5125448028673834
32501.455465664912,4,Kerala,6.2,72000,88,22,68,0.7218498286607727,0.6199597192695265,0.4976832307034824,0.673534846468685,0.7699658639289327,1,98000,27900.0,3.5125448028673834
10323.513874711745,1,Kerala,6.2,72000,88,22,68,0.6141552701493096,0.476439503412566,0.4990547375917993,0.448766094786165,0.49215142069511975,1,98000,27900.0,3.5125448028673834
19453.592698021996,2,Kerala,6.2,72000,88,22,68,0.6444533965827575,0.4178401393582659,0.5472560383577608,0.7077694731091276,0.4302660413900748,0,98000,27900.0,3.5125448028673834
31498.17485655356,3,Kerala,6.2,72000,88,22,68,0.6564825610725472,0.7100190118481714,0.5354913416447076,0.7313315485944826,0.7373888761966656,1,98000,27900.0,3.5125448028673834
16104.868605766156,2,Kerala,6.2,72000,88,22,68,0.6364001717029014,0.27664358336576766,0.4069087624689374,0.5192271707754581,0.5480235956827294,0,98000,27900.0,3.5125448028673834
16143.588794009747,2,Kerala,6.2,72000,88,22,68,0.6397834649742196,0.5376283599662764,0.46442547898250436,0.5672604684803563,0.5621971522833547,1,98000,27900.0,3.5125448028673834
23482.520329897838,3,Kerala,6.2,72000,88,22,68,0.6822174812370493,0.7276788638083572,0.4214217697111773,0.629935846571448,0.5925771817056246,0,98000,27900.0,3.5125448028673834
29044.543992910145,3,Kerala,6.2,72000,88,22,68,0.6656042744733894,0.384267626674252,0.4422776915377857,0.7017416213632182,0.6539460652847406,0,98000,27900.0,3.5125448028673834
46314.92487723767,4,Kerala,6.2,72000,88,22,68,0.709677685911774,0.35662930285162175,0.7329046399693961,0.6532728553411271,0.7055459479896897,1,98000,27900.0,3.5125448028673834
61601.75053063498,5,Kerala,6.2,72000,88,22,68,0.7316980685446519,0.8414272914682099,0.5076558935134782,0.7388301184862833,0.7464223539048418,1,98000,27900.0,3.5125448028673834
36640.703033132166,4,Kerala,6.2,72000,88,22,68,0.6999426045631382,0.7349826260505661,0.6101278953895974,0.6486585581726637,0.7547672987877886,1,98000,27900.0,3.5125448028673834
16103.47976390638,2,Kerala,6.2,72000,88,22,68,0.6442032254056183,0.41160949889603204,0.5452122251795987,0.6537351322582219,0.5090026964974621,1,98000,27900.0,3.5125448028673834
29841.71702930435,3,Kerala,6.2,72000,88,22,68,0.6678027219917573,0.5373710853852826,0.37539838990216284,0.64166908471529,0.6601959075699338,1,98000,27900.0,3.5125448028673834
14547.49140887978,1,Kerala,6.2,72000,88,22,68,0.6074239132333591,0.4545096528851941,0.442857748334897,0.6232230719320404,0.5407255227095078,1,98000,27900.0,3.5125448028673834
11557.442104438707,1,Kerala,6.2,72000,88,22,68,0.5946664266563846,0.5382252176553207,0.555411396554011,0.3910096255078044,0.4575689777946811,0,98000,27900.0,3.5125448028673834
34653.802639174624,4,Kerala,6.2,72000,88,22,68,0.6992347436410068,0.6549173740287886,0.43939149144019185,0.7961807971163053,0.6866591621855493,1,98000,27900.0,3.5125448028673834
36008.56935213171,4,Kerala,6.2,72000,88,22,68,0.6969146042527985,0.47053370818788476,0.4867402900946787,0.7707060223819958,0.6896835954262864,1,98000,27900.0,3.5125448028673834
24239.079939287996,3,Kerala,6.2,72000,88,22,68,0.6665544758207949,0.393116071277281,0.6146498740366624,0.7204402977322695,0.6317030113623041,1,98000,27900.0,3.5125448028673834
29488.20495533087,3,Kerala,6.2,72000,88,22,68,0.6758830163401861,0.7002851073308763,0.7682948533519733,0.5169815406864097,0.7673369671182039,1,98000,27900.0,3.5125448028673834
31219.613728978606,3,Kerala,6.2,72000,88,22,68,0.6783006052421908,0.33585355681593665,0.5770718472468039,0.5539307513431646,0.6232119078069188,1,98000,27900.0,3.5125448028673834
49175.228363884926,5,Kerala,6.2,72000,88,22,68,0.734036230760709,0.7928888033589641,0.6440894810093973,0.8689673765944629,0.7132628278046025,1,98000,27900.0,3.5125448028673834
25515.313414760098,3,Kerala,6.2,72000,88,22,68,0.6816684376187805,0.4570995236795018,0.5535955268041111,0.7599714068085341,0.6943563027735224,1,98000,27900.0,3.5125448028673834
107020.91094608458,5,Kerala,6.2,72000,88,22,68,0.7374699049725895,0.4138243993618819,0.617219533701557,0.642852290845717,0.695295672739672,1,98000,27900.0,3.5125448028673834
56656.31256866661,5,Kerala,6.2,72000,88,22,68,0.7287637238162293,0.7621578727641921,0.5202067317914779,0.7047596899358135,0.7431373695262307,0,98000,27900.0,3.5125448028673834
40199.95256788619,4,Kerala,6.2,72000,88,22,68,0.697085722857142,0.6218432223931337,0.8142719128814596,0.5716718211452682,0.6099296466975029,1,98000,27900.0,3.5125448028673834
20165.401981545,2,Kerala,6.2,72000,88,22,68,0.6448425080819541,0.4737767118094165,0.4800809572719199,0.503680340456212,0.5954941419904476,0,98000,27900.0,3.5125448028673834
47612.5049957001,4,Kerala,6.2,72000,88,22,68,0.7074519568133047,0.5232921528079966,0.5642058943726022,0.5803074368625993,0.6251157300803731,1,98000,27900.0,3.5125448028673834
84155.07067932276,5,Kerala,6.2,72000,88,22,68,0.7456927287846007,0.9124565158864393,0.7125507881593448,0.5991699983494523,0.6877388136393312,1,98000,27900.0,3.5125448028673834
11301.187732315704,1,Kerala,6.2,72000,88,22,68,0.6236260161636867,0.39565148965065394,0.503198797166642,0.548732548658309,0.5260951202230232,1,98000,27900.0,3.5125448028673834
31582.305232579984,3,Kerala,6.2,72000,88,22,68,0.6662995556492141,0.502685433527241,0.6345882926473343,0.5471245967128959,0.6629781788878716,1,98000,27900.0,3.5125448028673834
33676.31358211168,4,Kerala,6.2,72000,88,22,68,0.7006942229130131,0.5357561558578818,0.7561466005678483,0.8225610247786846,0.6671353398084433,0,98000,27900.0,3.5125448028673834
119054.89665063602,5,Kerala,6.2,72000,88,22,68,0.7384244637634635,0.5279335637125596,0.6345976529260187,0.7295208141679725,0.6297914244101861,1,98000,27900.0,3.5125448028673834
62089.61373651231,5,Kerala,6.2,72000,88,22,68,0.7423942634948755,0.7464678784983281,0.4662998507941543,0.6826171850204568,0.7359111367948559,0,98000,27900.0,3.5125448028673834
45294.00656096515,4,Kerala,6.2,72000,88,22,68,0.7111039804013337,0.5453057325177598,0.676408431255744,0.7988375403097311,0.7275178790917559,1,98000,27900.0,3.5125448028673834
30101.874868326948,3,Kerala,6.2,72000,88,22,68,0.6710755073859722,0.238511330370116,0.448796690059523,0.6611127420031443,0.5754907851462215,0,98000,27900.0,3.5125448028673834
44889.81348362783,4,Kerala,6.2,72000,88,22,68,0.6891740591900005,0.4923234507213252,0.48194835939881964,0.5630125346390404,0.5719733018554868,0,98000,27900.0,3.5125448028673834
41034.41071702548,4,Kerala,6.2,72000,88,22,68,0.6917249219518298,0.7521466595824713,0.5781002867589322,0.6742350258425972,0.8242627413040028,1,98000,27900.0,3.5125448028673834
24192.5471691513,3,Kerala,6.2,72000,88,22,68,0.6744406208574798,0.638741353449773,0.36639216811522946,0.6072126341176265,0.5583220505236941,0,98000,27900.0,3.5125448028673834
33367.20691398467,4,Kerala,6.2,72000,88,22,68,0.7051365415085292,0.48962017835534133,0.8073918735863456,0.7544285094113611,0.7422951694790376,1,98000,27900.0,3.5125448028673834
11616.847918559592,1,Kerala,6.2,72000,88,22,68,0.6007274919799419,0.5317132132432317,0.5522638608021448,0.5830221903995387,0.5140674728793871,1,98000,27900.0,3.5125448028673834
8000.0,1,Kerala,6.2,72000,88,22,68,0.6121599818231784,0.5692622623564024,0.662681358475884,0.4861262847181945,0.449328531009575,0,98000,27900.0,3.5125448028673834
47872.472960474086,4,Kerala,6.2,72000,88,22,68,0.7080265292840036,0.8139715453889065,0.6150720763031794,0.6657326851821376,0.7053416535530185,1,98000,27900.0,3.5125448028673834
15806.994608018294,2,Kerala,6.2,72000,88,22,68,0.6302020191392143,0.6178925565398095,0.7209010294631547,0.5805253079309911,0.603419963392568,1,98000,27900.0,3.5125448028673834
25330.163937573547,3,Kerala,6.2,72000,88,22,68,0.6827642577323298,0.5026372415598318,0.6994319217764592,0.6016271682924429,0.738477260888093,1,98000,27900.0,3.5125448028673834
37670.616445894535,4,Kerala,6.2,72000,88,22,68,0.6979389742286874,0.6751551140794427,0.47036981072554346,0.5572053010984632,0.6439840730814331,1,98000,27900.0,3.5125448028673834
20367.78090990643,2,Kerala,6.2,72000,88,22,68,0.6542904168400522,0.5080730519421005,0.6970018031059315,0.6965226528156503,0.5844340947069597,0,98000,27900.0,3.5125448028673834
66652.25398382611,5,Kerala,6.2,72000,88,22,68,0.7263797612565268,0.8581413459810557,0.7697821016754703,0.776656886277229,0.7893625931936114,0,98000,27900.0,3.5125448028673834
12394.278430820377,1,Kerala,6.2,72000,88,22,68,0.601448030885444,0.4436477251956823,0.5339876131624742,0.5158049635003538,0.4305692152568765,0,98000,27900.0,3.5125448028673834
16156.48611131025,2,Kerala,6.2,72000,88,22,68,0.6371329158158685,0.28509054919567145,0.739499423088837,0.5957649726350606,0.5316253436001445,0,98000,27900.0,3.5125448028673834
29670.870818452862,3,Kerala,6.2,72000,88,22,68,0.6707628044835126,0.29268795690793686,0.5582544714510911,0.538837974068443,0.587772476027978,1,98000,27900.0,3.5125448028673834
30044.443293469194,3,Kerala,6.2,72000,88,22,68,0.6678294866465709,0.6608348980562909,0.6121460289166953,0.6340557887224629,0.6801288208723908,1,98000,27900.0,3.5125448028673834
9989.731212780587,1,Kerala,6.2,72000,88,22,68,0.6095542714985547,0.3544896903882633,0.42121109216675967,0.5986972221979336,0.3615455117593074,0,98000,27900.0,3.5125448028673834
40108.96064640811,4,Kerala,6.2,72000,88,22,68,0.7050539372110476,0.627730584231529,0.8324964755607417,0.6849911982429424,0.6665797194099519,1,98000,27900.0,3.5125448028673834
33448.99411488163,4,Kerala,6.2,72000,88,22,68,0.7000024920163217,0.44580417008813134,0.39353111701470284,0.669088500685875,0.5151875282186901,0,98000,27900.0,3.5125448028673834
84996.44482956172,5,Kerala,6.2,72000,88,22,68,0.7310531617747656,0.4320791625336998,0.4308480269112529,0.7136045900365993,0.5639651575011033,1,98000,27900.0,3.5125448028673834
10334.045850574634,1,Kerala,6.2,72000,88,22,68,0.5946220217222598,0.47630974919148233,0.5820700985309455,0.6033757268538984,0.566473837627324,0,98000,27900.0,3.5125448028673834
8000.0,1,Kerala,6.2,72000,88,22,68,0.6156312658743905,0.5810319192286046,0.5225685086585405,0.6008907897650865,0.6422857576217234,0,98000,27900.0,3.5125448028673834
31049.289904544166,3,Kerala,6.2,72000,88,22,68,0.6708222527373691,0.5377364967743976,0.5908510872359318,0.6999099572718078,0.6124601168265947,0,98000,27900.0,3.5125448028673834
16048.329488646617,2,Kerala,6.2,72000,88,22,68,0.6578172155191144,0.5426229462737526,0.44234403105048775,0.49873988826255417,0.47964445419790436,0,98000,27900.0,3.5125448028673834
13437.604150727324,1,Kerala,6.2,72000,88,22,68,0.6023186340417461,0.36749169161805745,0.7569775193432875,0.5602573792484596,0.6045168845328134,1,98000,27900.0,3.5125448028673834
30715.71878568652,3,Kerala,6.2,72000,88,22,68,0.6536313324292906,0.667698335316199,0.522274321804455,0.7085610827918278,0.6703860862472789,1,98000,27900.0,3.5125448028673834
56262.8669579834,5,Kerala,6.2,72000,88,22,68,0.7378949706535862,0.7891788955948708,0.6144843089326688,0.7434571696979956,0.7122304393912792,1,98000,27900.0,3.5125448028673834
24308.145882171193,3,Kerala,6.2,72000,88,22,68,0.6751795558974157,0.6690358756738379,0.627789770930803,0.7085820934193724,0.6536110413558917,1,98000,27900.0,3.5125448028673834
63852.20148191882,5,Kerala,6.2,72000,88,22,68,0.7216299555089744,0.7084106656421849,0.8232162002303341,0.8312099083844467,0.7633807850338509,1,98000,27900.0,3.5125448028673834
16080.445951742679,2,Kerala,6.2,72000,88,22,68,0.6264167961642447,0.36387776595884136,0.7146022014570328,0.47705590675705856,0.6004620703705051,0,98000,27900.0,3.5125448028673834
34083.55434829554,4,Kerala,6.2,72000,88,22,68,0.7170882530211287,0.5935892324945038,0.4974234748481867,0.6167911365547518,0.6568587307531817,1,98000,27900.0,3.5125448028673834
19260.516566154085,2,Kerala,6.2,72000,88,22,68,0.6558553896203535,0.5682941949285722,0.5384945989556861,0.6052817820752576,0.7145734585216642,1,98000,27900.0,3.5125448028673834
28535.886829052568,3,Kerala,6.2,72000,88,22,68,0.6468397181272244,0.5654903799703992,0.5448716139483987,0.5617924047928997,0.6160534870061262,0,98000,27900.0,3.5125448028673834
23795.102968699975,3,Kerala,6.2,72000,88,22,68,0.6671320554217207,0.44875930341685577,0.5385414844909924,0.7573045022201488,0.5559680032765971,0,98000,27900.0,3.5125448028673834
8000.0,1,Kerala,6.2,72000,88,22,68,0.6283562062621247,0.4734699851206826,0.645060127924725,0.43312916086846515,0.3902272213306475,0,98000,27900.0,3.5125448028673834
17802.165346673097,2,Kerala,6.2,72000,88,22,68,0.636953660136507,0.3854464253152259,0.49153084553411885,0.5319732822558247,0.451674555913196,0,98000,27900.0,3.5125448028673834
12529.76608711277,1,Kerala,6.2,72000,88,22,68,0.6068081633740192,0.334415390281964,0.7828044902753903,0.673180779659338,0.4598946799267097,0,98000,27900.0,3.5125448028673834
17695.99627094364,2,Kerala,6.2,72000,88,22,68,0.638886692437992,0.5842581426571694,0.36034422133165367,0.481643412710758,0.44658868490525977,1,98000,27900.0,3.5125448028673834
60570.710510580764,5,Kerala,6.2,72000,88,22,68,0.7205053159766042,0.8323109548493299,0.4386916849540202,0.7095342013062002,0.7061365602489853,1,98000,27900.0,3.5125448028673834
53165.82558577747,5,Kerala,6.2,72000,88,22,68,0.7146665282720053,0.5334017824822738,0.546938843956407,0.66902357851197,0.5479957317584164,0,98000,27900.0,3.5125448028673834
20307.457886669952,2,Kerala,6.2,72000,88,22,68,0.6522397588216332,0.5548818784086862,0.6865184434848213,0.6678286460536647,0.6907603900843271,1,98000,27900.0,3.5125448028673834
18621.24377149882,2,Kerala,6.2,72000,88,22,68,0.623284916651809,0.3742904554280725,0.45594854993539846,0.5161330607528677,0.43778463509873655,0,98000,27900.0,3.5125448028673834
33760.209255273854,4,Kerala,6.2,72000,88,22,68,0.7041870002353733,0.5740424683984069,0.8417116578659105,0.5733175752514631,0.7233815811077745,1,98000,27900.0,3.5125448028673834
24646.197307638355,3,Kerala,6.2,72000,88,22,68,0.6805800806418622,0.29500137001914845,0.6128193403557207,0.7548294279978549,0.5327902431825672,1,98000,27900.0,3.5125448028673834
21044.728894622313,2,Kerala,6.2,72000,88,22,68,0.6272020227252741,0.6603539394702364,0.6818587123339173,0.5201096017433615,0.6545945024600397,1,98000,27900.0,3.5125448028673834
10580.946383578113,1,Kerala,6.2,72000,88,22,68,0.602471601688335,0.5942495993806237,0.5408461119636002,0.5974131480585656,0.5302781581904332,0,98000,27900.0,3.5125448028673834
9081.016599800947,1,Kerala,6.2,72000,88,22,68,0.6238460775982017,0.6126967045563521,0.380882168035752,0.4620592064639934,0.4814457353614736,0,98000,27900.0,3.5125448028673834
17951.975727021687,2,Kerala,6.2,72000,88,22,68,0.647043202916556,0.5798558052413746,0.4251046235215593,0.4784633783333012,0.4731006982255177,0,98000,27900.0,3.5125448028673834
87043.55995431865,5,Kerala,6.2,72000,88,22,68,0.7255414286454969,0.5897171028761101,0.5766653317217358,0.8156125436585382,0.7006089211176507,0,98000,27900.0,3.5125448028673834
42635.14632907575,4,Kerala,6.2,72000,88,22,68,0.7137367757478974,0.5975192249631576,0.48176510362030484,0.5415634850798569,0.6382230252224169,1,98000,27900.0,3.5125448028673834
57069.95661588282,5,Kerala,6.2,72000,88,22,68,0.7437796429488288,0.5220916226035226,0.6042792411501443,0.6744807459995498,0.5668996200845754,0,98000,27900.0,3.5125448028673834
42564.790690404945,4,Kerala,6.2,72000,88,22,68,0.7044048126444428,0.7495697501464726,0.661849794996374,0.7589133891634191,0.8421519558089291,1,98000,27900.0,3.5125448028673834
14365.246614291054,1,Kerala,6.2,72000,88,22,68,0.6027126834355492,0.4265973701294675,0.5807960062789563,0.5285301453669555,0.6689955574778584,0,98000,27900.0,3.5125448028673834
27976.069356728596,3,Kerala,6.2,72000,88,22,68,0.6675797986795677,0.5518544705369973,0.4588032275592623,0.6817610341523602,0.5678064782435224,0,98000,27900.0,3.5125448028673834
36232.975762457885,4,Kerala,6.2,72000,88,22,68,0.7045781531538396,0.6863488399393359,0.5069547025982629,0.5449339610555443,0.6897746425659336,1,98000,27900.0,3.5125448028673834
9122.907684654849,1,Kerala,6.2,72000,88,22,68,0.6098283374228108,0.30762327845254966,0.5534983867331726,0.5998318861785762,0.4102673444375346,1,98000,27900.0,3.5125448028673834
24090.60264608654,3,Kerala,6.2,72000,88,22,68,0.6811038574966343,0.4518145620067233,0.4649189828076571,0.5264710105686733,0.41004000194626644,0,98000,27900.0,3.5125448028673834
25389.715851277044,3,Kerala,6.2,72000,88,22,68,0.6564165449131923,0.4169349621768088,0.6533805010009754,0.7175000997332454,0.7435406101160118,1,98000,27900.0,3.5125448028673834
34540.26180680679,4,Kerala,6.2,72000,88,22,68,0.6867716504236233,0.5800473042433388,0.5794694835825693,0.6941413049483691,0.7043481247265929,1,98000,27900.0,3.5125448028673834
26198.956030684203,3,Kerala,6.2,72000,88,22,68,0.67352299682911,0.4796542340371752,0.6409138915044917,0.6966374343018676,0.6431143295298076,1,98000,27900.0,3.5125448028673834
27401.233974884697,3,Kerala,6.2,72000,88,22,68,0.6667988415762167,0.47684193039895995,0.5233309944861341,0.5387386963434618,0.6046309911097868,0,98000,27900.0,3.5125448028673834
26933.693329602356,3,Kerala,6.2,72000,88,22,68,0.6654437995673083,0.6192756478534165,0.46955972988796335,0.593516540820524,0.5440644602957602,1,98000,27900.0,3.5125448028673834
45135.58985325757,4,Kerala,6.2,72000,88,22,68,0.6840337185225418,0.7777267913306957,0.6736029136819517,0.7655096886254069,0.7412808870485853,0,98000,27900.0,3.5125448028673834
23654.349182392853,3,Kerala,6.2,72000,88,22,68,0.6719097441622676,0.678819749971574,0.6309010355550639,0.748130237180096,0.708343632678708,0,98000,27900.0,3.5125448028673834
138767.87289475912,5,Kerala,6.2,72000,88,22,68,0.7311867346342781,0.7974431483959395,0.6594290307749011,0.6428605474779544,0.6284629760571766,0,98000,27900.0,3.5125448028673834
29480.46197944628,3,Kerala,6.2,72000,88,22,68,0.6782490755338031,0.5077081962160771,0.5900955716348828,0.7129069868798329,0.7119209369536489,1,98000,27900.0,3.5125448028673834
17577.864664322347,2,Kerala,6.2,72000,88,22,68,0.6424033470454954,0.5327542932440315,0.676418424958837,0.4574554423979034,0.5218033944728554,0,98000,27900.0,3.5125448028673834
19004.437531388397,2,Kerala,6.2,72000,88,22,68,0.6403882449318807,0.37303576281840045,0.7209131008533467,0.5526134873451851,0.4675576817090745,1,98000,27900.0,3.5125448028673834
19499.902975394514,2,Kerala,6.2,72000,88,22,68,0.653484292082189,0.6665736932836929,0.5148966228808607,0.7065047888429106,0.7495704410101054,0,98000,27900.0,3.5125448028673834
53523.61299687068,5,Kerala,6.2,72000,88,22,68,0.7185896126798003,0.6507184518179503,0.768356380078906,0.8584298345951401,0.825205650941799,1,98000,27900.0,3.5125448028673834
13083.820977594823,1,Kerala,6.2,72000,88,22,68,0.6170781779027615,0.562365731314193,0.6649749916809666,0.46389354950071704,0.5317754012116391,1,98000,27900.0,3.5125448028673834
25419.397043513993,3,Kerala,6.2,72000,88,22,68,0.6550028140663322,0.5948234709746055,0.6484316132323561,0.5327629108634656,0.5079882137774847,1,98000,27900.0,3.5125448028673834
25996.689407069724,3,Kerala,6.2,72000,88,22,68,0.6633306669142777,0.5161578506803979,0.5522185633930532,0.5197348000279491,0.597176678408695,1,98000,27900.0,3.5125448028673834
47364.36030550424,4,Kerala,6.2,72000,88,22,68,0.6895877143880526,0.6682210606472854,0.8830445048759425,0.6691514649601771,0.7291341078796106,1,98000,27900.0,3.5125448028673834
24421.397877815827,3,Maharashtra,6.8,65000,75,35,58,0.6677479967830906,0.7255381613834048,0.7347003748923202,0.4464008256426176,0.76587191792106,1,105000,30600.0,3.4313725490196076
78129.3370302937,5,Maharashtra,6.8,65000,75,35,58,0.7192744690926175,0.5835140885049436,0.7189085529449293,0.6258336935143111,0.7582127434824304,1,105000,30600.0,3.4313725490196076
22835.979918247678,3,Maharashtra,6.8,65000,75,35,58,0.6597935389826417,0.49748893411795414,0.5892173847848995,0.42388111275632084,0.4926429848248651,1,105000,30600.0,3.4313725490196076
19450.102423671782,2,Maharashtra,6.8,65000,75,35,58,0.6188612415512769,0.30724768166169,0.6780807046078985,0.44659721107305833,0.5902139915140703,0,105000,30600.0,3.4313725490196076
12019.727001436797,1,Maharashtra,6.8,65000,75,35,58,0.5969316364692426,0.5695577105470226,0.702097649396356,0.5888608483464977,0.6852671264114402,0,105000,30600.0,3.4313725490196076
10617.615769430775,1,Maharashtra,6.8,65000,75,35,58,0.5922939183954804,0.2927109499539599,0.5280590998654673,0.4528712957776465,0.3092298027822621,0,105000,30600.0,3.4313725490196076
56386.52882595917,5,Maharashtra,6.8,65000,75,35,58,0.7237631215771136,0.8927152829546336,0.4996987310324309,0.5409014114976416,0.7184140650370262,1,105000,30600.0,3.4313725490196076
16750.017797430755,2,Maharashtra,6.8,65000,75,35,58,0.6200176600752553,0.6677347160804723,0.37585403907238335,0.5628288141360475,0.638432393014119,1,105000,30600.0,3.4313725490196076
53256.84335298893,5,Maharashtra,6.8,65000,75,35,58,0.7332265150806222,0.5560645479318604,0.4943442126935952,0.8054678459851272,0.6604573334252335,1,105000,30600.0,3.4313725490196076
25580.686570298305,3,Maharashtra,6.8,65000,75,35,58,0.6431727669323305,0.434582690556959,0.6033944714037215,0.5578000652194783,0.4605432796471303,0,105000,30600.0,3.4313725490196076
78954.38791363867,5,Maharashtra,6.8,65000,75,35,58,0.7118633731040058,0.8241296683935092,0.5019980445284773,0.7060641359300915,0.8587109451162956,1,105000,30600.0,3.4313725490196076
28687.95259971558,3,Maharashtra,6.8,65000,75,35,58,0.6767005765282323,0.5581824330394846,0.43813051050606633,0.6946031798260466,0.7163822236680841,0,105000,30600.0,3.4313725490196076
33864.60937329704,4,Maharashtra,6.8,65000,75,35,58,0.6855771839489511,0.31640453457810536,0.6810016153389511,0.5945076049465661,0.5954479457047916,1,105000,30600.0,3.4313725490196076
16457.932096410255,2,Maharashtra,6.8,65000,75,35,58,0.6167797847845273,0.44677475976844516,0.5976577512012184,0.5681538195111135,0.3862414921622713,1,105000,30600.0,3.4313725490196076
24031.001425537892,3,Maharashtra,6.8,65000,75,35,58,0.6621192870539481,0.5336487236499715,0.438461733976149,0.5509890600612031,0.519894843914174,0,105000,30600.0,3.4313725490196076
45540.30891084523,4,Maharashtra,6.8,65000,75,35,58,0.685174649006426,0.7209340277466764,0.4533746940452193,0.7574170707354863,0.7950369322356413,1,105000,30600.0,3.4313725490196076
40570.64139484988,4,Maharashtra,6.8,65000,75,35,58,0.6815698688723884,0.454407749172489,0.44723370827613573,0.6199182496694233,0.6635354112605328,0,105000,30600.0,3.4313725490196076
18098.631185397946,2,Maharashtra,6.8,65000,75,35,58,0.6189698633205842,0.7354706408457411,0.5282277795314507,0.634473646205607,0.6089101169901326,1,105000,30600.0,3.4313725490196076
38768.335456129484,4,Maharashtra,6.8,65000,75,35,58,0.7176123074848308,0.7273372726012454,0.7193520330983125,0.620937327311279,0.674526757040104,0,105000,30600.0,3.4313725490196076
16316.856725791657,2,Maharashtra,6.8,65000,75,35,58,0.6274130524267301,0.7322520266751636,0.5026451471243919,0.5692936026162575,0.7026841614180962,0,105000,30600.0,3.4313725490196076
37484.50942581041,4,Maharashtra,6.8,65000,75,35,58,0.6706728978252426,0.6711704164296941,0.49060610617843897,0.5846202239352323,0.6000994307060009,0,105000,30600.0,3.4313725490196076
60537.4163731737,5,Maharashtra,6.8,65000,75,35,58,0.7348656690186268,0.38989936144386883,0.534281565499634,0.7940442977956451,0.6478384814405178,1,105000,30600.0,3.4313725490196076
52805.11238449676,5,Maharashtra,6.8,65000,75,35,58,0.7260392804796771,0.6596347030230146,0.4725733216852401,0.7128604218742959,0.706369777747521,0,105000,30600.0,3.4313725490196076
150000.0,5,Maharashtra,6.8,65000,75,35,58,0.7122639071183736,0.7200739426505409,0.485388868159219,0.524751476742851,0.670725220474873,1,105000,30600.0,3.4313725490196076
23007.511999769333,3,Maharashtra,6.8,65000,75,35,58,0.65059738054171,0.3192474381237253,0.44906338660822553,0.42347012983264976,0.3677705760968865,0,105000,30600.0,3.4313725490196076
44347.000184378565,4,Maharashtra,6.8,65000,75,35,58,0.6966632993901537,0.3851019130422615,0.4857344743989076,0.671631033295898,0.6286574355907881,1,105000,30600.0,3.4313725490196076
25566.029104663412,3,Maharashtra,6.8,65000,75,35,58,0.6574593881536769,0.6395390368661306,0.5010602383771765,0.4530584364580884,0.48275085930617234,1,105000,30600.0,3.4313725490196076
12087.423265856456,1,Maharashtra,6.8,65000,75,35,58,0.5806687932441205,0.2128427973434952,0.3848153256135689,0.5336271015877377,0.5007864286447087,0,105000,30600.0,3.4313725490196076
10256.136028994948,1,Maharashtra,6.8,65000,75,35,58,0.6178009710746182,0.5239757926151551,0.5309984510334254,0.41538281171307345,0.46898041498212256,0,105000,30600.0,3.4313725490196076
38547.64029746795,4,Maharashtra,6.8,65000,75,35,58,0.6855886668064118,0.6089304480018696,0.776988814810292,0.6304536812052403,0.7007304417298682,1,105000,30600.0,3.4313725490196076
19334.526103140135,2,Maharashtra,6.8,65000,75,35,58,0.6448842887933957,0.5869288625092295,0.5950888429324561,0.4210976540378598,0.334784793774971,1,105000,30600.0,3.4313725490196076
28141.36996448069,3,Maharashtra,6.8,65000,75,35,58,0.6727129210082285,0.5525465260327059,0.47967355527338723,0.49264431729917113,0.6115752213477286,1,105000,30600.0,3.4313725490196076
24826.936476658033,3,Maharashtra,6.8,65000,75,35,58,0.6499184759837433,0.6164044018151003,0.5488735009093861,0.5498531031811478,0.6603695553164998,1,105000,30600.0,3.4313725490196076
118837.14886441219,5,Maharashtra,6.8,65000,75,35,58,0.730260470072203,0.5079639004528228,0.4461483414965852,0.7184210509443888,0.60440086915451,1,105000,30600.0,3.4313725490196076
19168.740820683233,2,Maharashtra,6.8,65000,75,35,58,0.6234141459299346,0.5906013770550307,0.37532348982263114,0.4154972687690529,0.3829466612437159,1,105000,30600.0,3.4313725490196076
46269.75733759771,4,Maharashtra,6.8,65000,75,35,58,0.6712615655605321,0.8683506647281238,0.568530370732463,0.5531627185137715,0.5734148408027001,0,105000,30600.0,3.4313725490196076
25805.22450896443,3,Maharashtra,6.8,65000,75,35,58,0.65568258976835,0.6276976488889613,0.5564505544545936,0.48086649834504797,0.5755607736784448,1,105000,30600.0,3.4313725490196076
27096.589296071572,3,Maharashtra,6.8,65000,75,35,58,0.6639049464463342,0.3161090483679221,0.3622398800626655,0.6775800704119136,0.4389813363747751,1,105000,30600.0,3.4313725490196076
30925.6676668472,3,Maharashtra,6.8,65000,75,35,58,0.655301204948608,0.4303552581225836,0.629417864824329,0.6131797258165255,0.5806769685107285,0,105000,30600.0,3.4313725490196076
29128.2024933344,3,Maharashtra,6.8,65000,75,35,58,0.6568580880193204,0.6807554079244819,0.7436885615592043,0.5593264988351982,0.6629932964151642,1,105000,30600.0,3.4313725490196076
39457.05589042129,4,Maharashtra,6.8,65000,75,35,58,0.7013642318778576,0.714790458149102,0.5848150001125842,0.7528606940426626,0.7257462141642416,0,105000,30600.0,3.4313725490196076
33756.10087874329,4,Maharashtra,6.8,65000,75,35,58,0.6909935112314723,0.7778442312614825,0.5268658826407616,0.689525666395708,0.7761084148318963,1,105000,30600.0,3.4313725490196076
28793.276254877183,3,Maharashtra,6.8,65000,75,35,58,0.6514955883157219,0.42258970466639667,0.6705743992916056,0.6984456118817597,0.7068571256604654,1,105000,30600.0,3.4313725490196076
116386.41443359829,5,Maharashtra,6.8,65000,75,35,58,0.7269488746652447,0.5217675128162067,0.7326358147704499,0.6980556658455036,0.7036271648338941,1,105000,30600.0,3.4313725490196076
15095.499956253685,2,Maharashtra,6.8,65000,75,35,58,0.6319053270981139,0.34318790154629536,0.372701766373063,0.41019485116514054,0.4696667337334457,1,105000,30600.0,3.4313725490196076
31907.011091105644,3,Maharashtra,6.8,65000,75,35,58,0.634712523413951,0.4791315164476837,0.4538753199913912,0.6214059097113448,0.5826156494638218,1,105000,30600.0,3.4313725490196076
31648.149433597573,3,Maharashtra,6.8,65000,75,35,58,0.6642121005662859,0.4959479822116538,0.4651302486914781,0.47922512597483324,0.6309928926484317,0,105000,30600.0,3.4313725490196076
10044.44835065293,1,Maharashtra,6.8,65000,75,35,58,0.6038468585057325,0.5989622669282992,0.6266898154731906,0.42256835527809855,0.5433471372802261,0,105000,30600.0,3.4313725490196076
13336.093623354878,1,Maharashtra,6.8,65000,75,35,58,0.6001297827243801,0.39240012780986666,0.38886867717151535,0.4716631579216484,0.5091474654546875,0,105000,30600.0,3.4313725490196076
35639.084914992,4,Maharashtra,6.8,65000,75,35,58,0.6988455772392672,0.650385328531172,0.4893967542242783,0.515987572396288,0.745886417043492,1,105000,30600.0,3.4313725490196076
27141.377312825927,3,Maharashtra,6.8,65000,75,35,58,0.6532046355853064,0.711936827492581,0.572084910482319,0.42501219263261225,0.6118433855879207,1,105000,30600.0,3.4313725490196076
15722.63552162728,2,Maharashtra,6.8,65000,75,35,58,0.6332935693167804,0.5154206353278541,0.4584548336249944,0.46690355973898723,0.4701903063112218,0,105000,30600.0,3.4313725490196076
8000.0,1,Maharashtra,6.8,65000,75,35,58,0.5842589777168979,0.4324415958642134,0.4765121271989865,0.5660725085043133,0.4640218375434431,1,105000,30600.0,3.4313725490196076
18619.626374687232,2,Maharashtra,6.8,65000,75,35,58,0.6339994752625597,0.2628738613136063,0.5446468041240529,0.37339176614025943,0.37333067824847094,0,105000,30600.0,3.4313725490196076
19371.865171418678,2,Maharashtra,6.8,65000,75,35,58,0.6494591683839703,0.46897345581749084,0.4925459410796158,0.4016079577361618,0.5429020477824921,1,105000,30600.0,3.4313725490196076
27002.118093114703,3,Maharashtra,6.8,65000,75,35,58,0.649980007903896,0.7398585349874874,0.4476475037833897,0.6608342347987932,0.6642151996606018,1,105000,30600.0,3.4313725490196076
33949.17418983545,4,Maharashtra,6.8,65000,75,35,58,0.6823305501086937,0.5912820867306146,0.4829266297791336,0.5605332886627851,0.5678795622538076,1,105000,30600.0,3.4313725490196076
79682.5888936456,5,Maharashtra,6.8,65000,75,35,58,0.7128284169996559,0.5622291556943619,0.554833251597141,0.8002418321220726,0.783504112874235,0,105000,30600.0,3.4313725490196076
53108.892787624136,5,Maharashtra,6.8,65000,75,35,58,0.7212285536865874,0.610119138894055,0.6346432646846776,0.6328510206754673,0.6474845815949126,1,105000,30600.0,3.4313725490196076
42267.05266421677,4,Maharashtra,6.8,65000,75,35,58,0.6792982087000342,0.6706117169400126,0.36275128553576735,0.7077889565031126,0.6428180887842123,1,105000,30600.0,3.4313725490196076
43487.8132215301,4,Maharashtra,6.8,65000,75,35,58,0.6941410452154813,0.6639000173453724,0.6148594512784733,0.5464147301564242,0.5851978841003643,0,105000,30600.0,3.4313725490196076
8000.0,1,Maharashtra,6.8,65000,75,35,58,0.6083969708832632,0.4328895615480567,0.7698818207488125,0.3373271493024299,0.4852400727669411,1,105000,30600.0,3.4313725490196076
25877.17566676047,3,Maharashtra,6.8,65000,75,35,58,0.6652720435631093,0.5996029230240227,0.5405607624790403,0.6832441234920531,0.5808953865863216,0,105000,30600.0,3.4313725490196076
13933.957835512076,1,Maharashtra,6.8,65000,75,35,58,0.5822444171721908,0.5614373056426858,0.4155239584243924,0.5969667204726504,0.5196090964352366,1,105000,30600.0,3.4313725490196076
15444.20324487514,2,Maharashtra,6.8,65000,75,35,58,0.6398802480801574,0.4105449033444696,0.6634218172112205,0.5812076751745432,0.48903748292812865,0,105000,30600.0,3.4313725490196076
13034.179445710786,1,Maharashtra,6.8,65000,75,35,58,0.6093022455711082,0.5700965333413119,0.578418580099266,0.5497981248566214,0.5236530909063265,0,105000,30600.0,3.4313725490196076
11631.654248760204,1,Maharashtra,6.8,65000,75,35,58,0.6082301851520345,0.461901652587074,0.627234814796689,0.320916063805348,0.41075905697693205,0,105000,30600.0,3.4313725490196076
27575.5416405978,3,Maharashtra,6.8,65000,75,35,58,0.6636569939151297,0.5546660250528644,0.5029396282021533,0.6449248330757195,0.5572604006670302,1,105000,30600.0,3.4313725490196076
41353.679882806624,4,Maharashtra,6.8,65000,75,35,58,0.6921304645706228,0.591718793888665,0.7148755329773582,0.6104366938444259,0.6001448555969852,1,105000,30600.0,3.4313725490196076
70039.31366819175,5,Maharashtra,6.8,65000,75,35,58,0.7302524654098355,0.5031482666813407,0.5844291675895983,0.6546149141620551,0.6248780806732838,1,105000,30600.0,3.4313725490196076
24598.916739309385,3,Maharashtra,6.8,65000,75,35,58,0.679163706304606,0.7348931073125411,0.6163605036190614,0.5807987539189041,0.4755554338625904,1,105000,30600.0,3.4313725490196076
87640.55658950705,5,Maharashtra,6.8,65000,75,35,58,0.710398166794923,0.5851687483574644,0.5525638118119218,0.6001408426406426,0.6808538821580242,1,105000,30600.0,3.4313725490196076
26753.46164063641,3,Maharashtra,6.8,65000,75,35,58,0.6707098253865191,0.5097910533510058,0.5766211979078087,0.6276643442210484,0.6261030542289211,1,105000,30600.0,3.4313725490196076
75808.13571649315,5,Maharashtra,6.8,65000,75,35,58,0.7190664004484969,0.9817740486967251,0.3059728316964779,0.6074544393858801,0.7047550503882563,1,105000,30600.0,3.4313725490196076
15037.989602343934,2,Maharashtra,6.8,65000,75,35,58,0.6286318409082854,0.45813488269767544,0.4056037679742465,0.5363597691679918,0.4867993228978262,1,105000,30600.0,3.4313725490196076
17966.42592165121,2,Maharashtra,6.8,65000,75,35,58,0.614563264524751,0.4609828802866828,0.6691442403336358,0.40985594642123824,0.601426597176334,0,105000,30600.0,3.4313725490196076
39353.96986052096,4,Maharashtra,6.8,65000,75,35,58,0.6870806773334175,0.4520373338926701,0.694908264833962,0.6713004683128181,0.5903573310357881,1,105000,30600.0,3.4313725490196076
14285.186388496722,1,Maharashtra,6.8,65000,75,35,58,0.5899559218488873,0.2334135513750149,0.4183595951526947,0.37566160714426744,0.258725368933505,0,105000,30600.0,3.4313725490196076
48290.22694315545,4,Maharashtra,6.8,65000,75,35,58,0.685290027133512,0.3533160239903818,0.5084126360118552,0.5199019735022036,0.5422684509289832,1,105000,30600.0,3.4313725490196076
12200.170447614151,1,Maharashtra,6.8,65000,75,35,58,0.5889467075907899,0.1281880261596009,0.5871667597655186,0.3260627264885878,0.498783595246127,1,105000,30600.0,3.4313725490196076
73798.82097116925,5,Maharashtra,6.8,65000,75,35,58,0.7154394875554414,0.7592661030107286,0.3625666805628255,0.5553135105087221,0.7196911692192455,1,105000,30600.0,3.4313725490196076
15400.778224304491,2,Maharashtra,6.8,65000,75,35,58,0.6258674678583374,0.39343635633684004,0.3615906096432489,0.4385488513014576,0.5045019056460113,0,105000,30600.0,3.4313725490196076
28584.298748031335,3,Maharashtra,6.8,65000,75,35,58,0.6608961206129594,0.23314864500976998,0.6785649336544385,0.4854705859846056,0.6646518869331131,1,105000,30600.0,3.4313725490196076
62370.628442948815,5,Maharashtra,6.8,65000,75,35,58,0.7037810728056582,0.9026672577314007,0.7138627554986684,0.6170792065612775,0.7150677268716225,1,105000,30600.0,3.4313725490196076
20218.377335510588,2,Maharashtra,6.8,65000,75,35,58,0.6154733899511181,0.6454638571898402,0.5258370773129319,0.3851027032009137,0.48179094494002167,1,105000,30600.0,3.4313725490196076
8000.0,1,Maharashtra,6.8,65000,75,35,58,0.6035477141358767,0.3501433308505473,0.6460526222305527,0.5993371833337577,0.5111677956383971,0,105000,30600.0,3.4313725490196076
27252.290876840623,3,Maharashtra,6.8,65000,75,35,58,0.6519541902578704,0.6995816035588569,0.5372947709302762,0.45453054158208317,0.3923577418914494,1,105000,30600.0,3.4313725490196076
31727.21759451524,3,Maharashtra,6.8,65000,75,35,58,0.6706738693308707,0.6810099954315063,0.5846985120359929,0.6293669414663793,0.7412684899493415,1,105000,30600.0,3.4313725490196076
46147.84926581988,4,Maharashtra,6.8,65000,75,35,58,0.6921812686487219,0.6304784223592289,0.503031628298203,0.6292997287326381,0.632068175697028,0,105000,30600.0,3.4313725490196076
9556.622302284157,1,Maharashtra,6.8,65000,75,35,58,0.6059961929306356,0.24645895641001775,0.5542522402775721,0.4846144192520212,0.3967785213300719,1,105000,30600.0,3.4313725490196076
19505.414454076013,2,Maharashtra,6.8,65000,75,35,58,0.6440354946327803,0.44835003322865774,0.6131041882479727,0.4004328254340077,0.4857794974788862,1,105000,30600.0,3.4313725490196076
45701.75741675416,4,Maharashtra,6.8,65000,75,35,58,0.6868314633105057,0.5411817053818848,0.41872407348150564,0.5417422604262156,0.48758433699670467,1,105000,30600.0,3.4313725490196076
69490.58127621148,5,Maharashtra,6.8,65000,75,35,58,0.7141837043744087,0.5600954879104623,0.44425336329650744,0.7527421661183454,0.6580974342968359,1,105000,30600.0,3.4313725490196076
25876.505963518845,3,Maharashtra,6.8,65000,75,35,58,0.6686455972845595,0.5985190627928066,0.3259764553758816,0.5578837152591545,0.5075988799563687,1,105000,30600.0,3.4313725490196076
27973.346878025066,3,Maharashtra,6.8,65000,75,35,58,0.6650237070678683,0.6505757241739704,0.5435336587350457,0.555898122963895,0.5710659290126934,1,105000,30600.0,3.4313725490196076
13247.007241257554,1,Maharashtra,6.8,65000,75,35,58,0.5980552683303585,0.4175162873307273,0.6390627786192273,0.4825513165646181,0.4355750903377462,0,105000,30600.0,3.4313725490196076
22651.466051223113,2,Maharashtra,6.8,65000,75,35,58,0.6438431510981308,0.26749776136320524,0.36494398847254267,0.4989195443305474,0.43354774096658455,1,105000,30600.0,3.4313725490196076
43798.04476805468,4,Maharashtra,6.8,65000,75,35,58,0.6878061283301722,0.4538867201139064,0.5072375087748541,0.7106185570962086,0.5758529372792154,0,105000,30600.0,3.4313725490196076
28041.838437297418,3,Maharashtra,6.8,65000,75,35,58,0.6602563078041292,0.7637418302031352,0.6606152040004938,0.6433893371443914,0.7632605865158059,1,105000,30600.0,3.4313725490196076
27166.78874791585,3,Maharashtra,6.8,65000,75,35,58,0.660140797936914,0.28787347418948234,0.4786653087811022,0.5138790428361315,0.5179974246098907,0,105000,30600.0,3.4313725490196076
28984.05584669785,3,Maharashtra,6.8,65000,75,35,58,0.6505826324795867,0.5389867670096744,0.3345770091244739,0.6624021117142885,0.4618032474837529,0,105000,30600.0,3.4313725490196076
21165.307554844043,2,Maharashtra,6.8,65000,75,35,58,0.6307044253234353,0.3909213484670977,0.5016780557043987,0.5243597068161533,0.5423109058564928,0,105000,30600.0,3.4313725490196076
20743.56576177278,2,Maharashtra,6.8,65000,75,35,58,0.6438961732025563,0.5088118382076527,0.46285572952152,0.5570988277487658,0.5618950550717509,0,105000,30600.0,3.4313725490196076
10044.11142292901,1,Maharashtra,6.8,65000,75,35,58,0.6043782545823332,0.5011697832330057,0.3944388949569527,0.5786305273456225,0.5100243537963851,0,105000,30600.0,3.4313725490196076
12364.65042436213,1,Maharashtra,6.8,65000,75,35,58,0.6002392056925608,0.4617577116116128,0.601246575335997,0.4615757525513995,0.4859181169760827,0,105000,30600.0,3.4313725490196076
91728.582956075,5,Maharashtra,6.8,65000,75,35,58,0.7183108986169148,0.820290424855812,0.42505877005124426,0.7456558865436351,0.7765271112276351,1,105000,30600.0,3.4313725490196076
44585.78854893258,4,Maharashtra,6.8,65000,75,35,58,0.693237241712635,0.6686896097196062,0.6809279314466921,0.657203985509291,0.6090880792168782,1,105000,30600.0,3.4313725490196076
21662.05718958643,2,Maharashtra,6.8,65000,75,35,58,0.6374262377134633,0.5015862362078911,0.497624587221447,0.4968012601670426,0.5131812789008987,0,105000,30600.0,3.4313725490196076
18659.18665137793,2,Maharashtra,6.8,65000,75,35,58,0.636020959737469,0.5522185472027883,0.586995521854828,0.6054922876911635,0.46380796498047067,1,105000,30600.0,3.4313725490196076
18371.51487147931,2,Maharashtra,6.8,65000,75,35,58,0.6266099228103515,0.6295349631739916,0.5618856608670979,0.40032551313884357,0.5674985023927535,0,105000,30600.0,3.4313725490196076
8126.471716555305,1,Maharashtra,6.8,65000,75,35,58,0.6031763873696726,0.3979975035949293,0.34472400148076077,0.4931438429702222,0.4310634557432169,1,105000,30600.0,3.4313725490196076
8169.732756967105,1,Maharashtra,6.8,65000,75,35,58,0.6047279688400543,0.5556340754663049,0.415928052496223,0.33270100498951444,0.36734413357439316,0,105000,30600.0,3.4313725490196076
54724.07642062464,5,Maharashtra,6.8,65000,75,35,58,0.7098566215533016,0.8189832521186945,0.48358424805836586,0.5656285161041797,0.6748871554134609,0,105000,30600.0,3.4313725490196076
13587.27161624087,1,Maharashtra,6.8,65000,75,35,58,0.6016108768404084,0.23555912386303784,0.41972294202303345,0.4984398690011176,0.5126012142735118,1,105000,30600.0,3.4313725490196076
150000.0,5,Maharashtra,6.8,65000,75,35,58,0.6983155325655479,0.5394690339790351,0.5370976765713233,0.6110597867576127,0.6229565162692455,1,105000,30600.0,3.4313725490196076
16444.995786606054,2,Maharashtra,6.8,65000,75,35,58,0.6347539085267833,0.5400428524848943,0.5252643308486502,0.44752027440168146,0.3994428785820852,0,105000,30600.0,3.4313725490196076
17346.10144498063,2,Maharashtra,6.8,65000,75,35,58,0.6365320019741982,0.6531110654302483,0.43755073065140715,0.6555293853986138,0.5978656567344168,0,105000,30600.0,3.4313725490196076
18147.230833104455,2,Maharashtra,6.8,65000,75,35,58,0.637404032686436,0.3770014915374423,0.564294747044246,0.47854946464440967,0.515806832240206,1,105000,30600.0,3.4313725490196076
22623.330032232978,2,Maharashtra,6.8,65000,75,35,58,0.6259781029068757,0.4743467024263557,0.43318927660083906,0.5382002188455197,0.45408951736288555,1,105000,30600.0,3.4313725490196076
31113.01131755283,3,Maharashtra,6.8,65000,75,35,58,0.6630190397788117,0.6128819091429201,0.6131702722961738,0.5790524091611384,0.7576624073350718,1,105000,30600.0,3.4313725490196076
12622.805556317788,1,Maharashtra,6.8,65000,75,35,58,0.6141681098839832,0.12543843251377743,0.6650330554629407,0.33738330471917277,0.29028574587775324,0,105000,30600.0,3.4313725490196076
19242.486750140404,2,Maharashtra,6.8,65000,75,35,58,0.644066267911484,0.5276804656240625,0.46077056163281555,0.5710604992859287,0.3592613189450286,0,105000,30600.0,3.4313725490196076
19775.286078534966,2,Maharashtra,6.8,65000,75,35,58,0.6296368444363057,0.35661871686196955,0.5239715174700477,0.5226481736790394,0.42158535943443554,0,105000,30600.0,3.4313725490196076
28498.273700012327,3,Maharashtra,6.8,65000,75,35,58,0.661321767735867,0.548671051251947,0.5346485041497542,0.5332029128172562,0.421351273067725,1,105000,30600.0,3.4313725490196076
134487.78909885153,5,Maharashtra,6.8,65000,75,35,58,0.7310376828759158,0.44372543617315985,0.5442197092165404,0.5385828225976559,0.6488543518703245,1,105000,30600.0,3.4313725490196076
13321.05923758086,1,Maharashtra,6.8,65000,75,35,58,0.5849205512759498,0.27130660689049224,0.5423212612712227,0.40668197327379213,0.48710037521899463,1,105000,30600.0,3.4313725490196076
15717.683647013178,2,Maharashtra,6.8,65000,75,35,58,0.6266978140018011,0.503308529472227,0.38881641995355,0.6340063905195775,0.41763445079836536,0,105000,30600.0,3.4313725490196076
12259.96782264469,1,Maharashtra,6.8,65000,75,35,58,0.6132842759839391,0.3742395180379897,0.3580351101840717,0.3708911897700185,0.32043904732339196,0,105000,30600.0,3.4313725490196076
30227.776906349838,3,Maharashtra,6.8,65000,75,35,58,0.669680576845419,0.44990421493931854,0.8635666952081119,0.48457786970326405,0.5101347822631347,1,105000,30600.0,3.4313725490196076
17215.785628779817,2,Maharashtra,6.8,65000,75,35,58,0.6336212092050705,0.4588339975299037,0.5332715643398398,0.4303659870987092,0.48811760509166136,0,105000,30600.0,3.4313725490196076
109879.89417761531,5,Maharashtra,6.8,65000,75,35,58,0.7048702473752653,0.750452598325094,0.5118021007075586,0.7860192235548278,0.7445508800954372,1,105000,30600.0,3.4313725490196076
23768.986953694177,3,Maharashtra,6.8,65000,75,35,58,0.6594294690981598,0.5513425322228015,0.5218420829718025,0.6287764225932758,0.6981291034901248,1,105000,30600.0,3.4313725490196076
18726.072641587773,2,Maharashtra,6.8,65000,75,35,58,0.6240294174660721,0.31104746565832264,0.5471705214034113,0.6333306966942184,0.5523782142560243,0,105000,30600.0,3.4313725490196076
97997.29233293245,5,Maharashtra,6.8,65000,75,35,58,0.7232389604567436,0.4860349597806424,0.37395717298094255,0.7929017277408277,0.6142877183537838,1,105000,30600.0,3.4313725490196076
20920.724226748203,2,Maharashtra,6.8,65000,75,35,58,0.6218351045806226,0.5852259503209635,0.48532997316320803,0.6471680383257447,0.5547298959752186,0,105000,30600.0,3.4313725490196076
42270.255025736005,4,Maharashtra,6.8,65000,75,35,58,0.6796713374788254,0.6348209432465801,0.4435342724189135,0.6144924616279912,0.6154139977443889,1,105000,30600.0,3.4313725490196076
41172.57081895185,4,Maharashtra,6.8,65000,75,35,58,0.6692799186517351,0.6636107375227045,0.3550294662499364,0.6116449330953466,0.6025891382480422,1,105000,30600.0,3.4313725490196076
62101.94825199377,5,Maharashtra,6.8,65000,75,35,58,0.7321466182783385,0.6177273847739992,0.6375387200974718,0.7674546298548078,0.7083472281377171,1,105000,30600.0,3.4313725490196076
9262.869553769973,1,Maharashtra,6.8,65000,75,35,58,0.5959308663141409,0.2671115400191963,0.6556029257468168,0.41835578002337176,0.4484584093315672,1,105000,30600.0,3.4313725490196076
18239.782355899144,2,Maharashtra,6.8,65000,75,35,58,0.6315000292655968,0.34478206655795707,0.581843314000198,0.3754411166337549,0.44850432891484093,0,105000,30600.0,3.4313725490196076
10979.519150947282,1,Maharashtra,6.8,65000,75,35,58,0.5999061902638296,0.5055468249147417,0.5055206147958132,0.4182420928823739,0.3668028547894355,0,105000,30600.0,3.4313725490196076
26058.25241955143,3,Maharashtra,6.8,65000,75,35,58,0.6492542320989664,0.3921276703051044,0.3760990803743075,0.633682876899381,0.5304488448664348,0,105000,30600.0,3.4313725490196076
34421.57329824158,4,Maharashtra,6.8,65000,75,35,58,0.6773379223140895,0.6540579213417806,0.7001230089843062,0.5058619932613986,0.5677423744940541,1,105000,30600.0,3.4313725490196076
16756.22966754696,2,Maharashtra,6.8,65000,75,35,58,0.6198754201685991,0.49050508564322126,0.3561284288086927,0.6042120351474506,0.5287865510476183,0,105000,30600.0,3.4313725490196076
16701.667433995754,2,Maharashtra,6.8,65000,75,35,58,0.6226968870402775,0.2743551463232278,0.4514310561245329,0.6134200730116525,0.5184993406171654,1,105000,30600.0,3.4313725490196076
19601.974433059866,2,Maharashtra,6.8,65000,75,35,58,0.6335946338987094,0.42058163798579873,0.7187312324888742,0.39905148758808057,0.5973767879972315,1,105000,30600.0,3.4313725490196076
26835.42770032724,3,Maharashtra,6.8,65000,75,35,58,0.6519713947933653,0.6379163429925386,0.4952467527818859,0.4481295637126073,0.544881131915695,0,105000,30600.0,3.4313725490196076
27414.30091155529,3,Maharashtra,6.8,65000,75,35,58,0.6773934777445176,0.5210269654628951,0.40447551617938016,0.4784214217376629,0.47038679180132137,1,105000,30600.0,3.4313725490196076
31128.154111962358,3,Maharashtra,6.8,65000,75,35,58,0.6702000817875029,0.3081663248049582,0.6285952321480361,0.5256945957540373,0.5877998010564875,1,105000,30600.0,3.4313725490196076
22628.734873713667,2,Maharashtra,6.8,65000,75,35,58,0.6380121669252284,0.6604028344150181,0.8294844513459235,0.5285978483567644,0.646955283042924,1,105000,30600.0,3.4313725490196076
13344.585393770873,1,Maharashtra,6.8,65000,75,35,58,0.59873198240384,0.35516360491275084,0.5341972620459725,0.46444037719401,0.600457696773091,1,105000,30600.0,3.4313725490196076
40167.277353442674,4,Maharashtra,6.8,65000,75,35,58,0.7050713787857763,0.308597362743656,0.7178368279966976,0.7247283239353938,0.5291248437788821,1,105000,30600.0,3.4313725490196076
51392.29708426356,5,Maharashtra,6.8,65000,75,35,58,0.7177485151173603,0.8117267313599552,0.5479897564052538,0.5614473739008088,0.6363798524560882,0,105000,30600.0,3.4313725490196076
18496.47314178654,2,Maharashtra,6.8,65000,75,35,58,0.6296159572870289,0.3722397233839696,0.611112354924767,0.5780495944373486,0.4809794563608813,1,105000,30600.0,3.4313725490196076
26448.422255119574,3,Maharashtra,6.8,65000,75,35,58,0.6616283168260642,0.5026348231017583,0.5447026700850612,0.5834437533432968,0.700972879763431,0,105000,30600.0,3.4313725490196076
35577.05497329521,4,Maharashtra,6.8,65000,75,35,58,0.6969468018340049,0.5845440019953305,0.825345809157579,0.6898252247264444,0.7320293038066572,0,105000,30600.0,3.4313725490196076
38018.23265687434,4,Maharashtra,6.8,65000,75,35,58,0.6962976522186013,0.6872044291271063,0.3193266464236043,0.5713617058265089,0.44844298951724726,0,105000,30600.0,3.4313725490196076
39360.580841770316,4,Maharashtra,6.8,65000,75,35,58,0.6851773186441255,0.7904097521820557,0.6256178153410453,0.6101916663961411,0.5587814245130374,0,105000,30600.0,3.4313725490196076
8000.0,1,Maharashtra,6.8,65000,75,35,58,0.5945986342343119,0.30192883892115646,0.3249390639594464,0.32735567453359804,0.40865490151936473,1,105000,30600.0,3.4313725490196076
34288.068558860825,4,Maharashtra,6.8,65000,75,35,58,0.6963276010000923,0.5283319441351331,0.5206393077539395,0.5036095505008716,0.48844377857973215,1,105000,30600.0,3.4313725490196076
9048.847413311621,1,Maharashtra,6.8,65000,75,35,58,0.6070809372674838,0.25394336246527727,0.5022293529485349,0.4312764613663273,0.4138497069249235,1,105000,30600.0,3.4313725490196076
21077.122845069513,2,Maharashtra,6.8,65000,75,35,58,0.6259950601803427,0.7052982846896443,0.537299166117033,0.5131542001123142,0.5660796096723206,1,105000,30600.0,3.4313725490196076
21068.190168501875,2,Maharashtra,6.8,65000,75,35,58,0.6140566907317868,0.5197545509748672,0.42054181558051396,0.3945018456970717,0.6058801738130422,1,105000,30600.0,3.4313725490196076
35149.1184252684,4,Maharashtra,6.8,65000,75,35,58,0.687855410468489,0.5449200270149438,0.6270826552334494,0.7162742525159694,0.6450796719857151,1,105000,30600.0,3.4313725490196076
26211.261730641916,3,Maharashtra,6.8,65000,75,35,58,0.6661638294168301,0.4509970117135942,0.40354412458012257,0.7025934864778524,0.5414216919158596,1,105000,30600.0,3.4313725490196076
44929.41824952868,4,Maharashtra,6.8,65000,75,35,58,0.7079827398927693,0.4562678082712269,0.45266714879647074,0.6476970211317584,0.6286949794504769,0,105000,30600.0,3.4313725490196076
28425.577448442076,3,Maharashtra,6.8,65000,75,35,58,0.6479489918051649,0.751878244895101,0.41510441092803313,0.4347983541427919,0.6333644141636092,1,105000,30600.0,3.4313725490196076
8000.0,1,Maharashtra,6.8,65000,75,35,58,0.5956628589002657,0.3792058929901876,0.6763765577499479,0.5404256450491212,0.5274739065795602,1,105000,30600.0,3.4313725490196076
54100.95282122517,5,Maharashtra,6.8,65000,75,35,58,0.7160345358133177,0.5817822899493266,0.411487871282938,0.5839268914634804,0.427018615671267,0,105000,30600.0,3.4313725490196076
8000.0,1,Maharashtra,6.8,65000,75,35,58,0.6134866248228865,0.554207538241158,0.8345235723308929,0.5388732854086067,0.6625437989337501,0,105000,30600.0,3.4313725490196076
116059.96699276235,5,Maharashtra,6.8,65000,75,35,58,0.7195791564239852,0.6040340227347863,0.4501203563510403,0.6490815823180167,0.5359952661077205,0,105000,30600.0,3.4313725490196076
31325.978340810056,3,Maharashtra,6.8,65000,75,35,58,0.6508553058348487,0.5792374741284948,0.4714764494534343,0.4348057746512174,0.4072752000390562,0,105000,30600.0,3.4313725490196076
144696.09272548655,5,Maharashtra,6.8,65000,75,35,58,0.7255155242577896,0.5401752203474237,0.6110483631195627,0.602402459524626,0.6048306318450604,0,105000,30600.0,3.4313725490196076
42070.88258888255,4,Maharashtra,6.8,65000,75,35,58,0.685882186228162,0.5504066434495805,0.5952046937011403,0.5968867658150607,0.6251717422771448,1,105000,30600.0,3.4313725490196076
12087.130385942628,1,Maharashtra,6.8,65000,75,35,58,0.587684698694992,0.3775404784611248,0.6962143597854085,0.5396528802708135,0.6251180295758161,1,105000,30600.0,3.4313725490196076
10171.03519822918,1,Maharashtra,6.8,65000,75,35,58,0.59100083835581,0.3773331520727343,0.6778692053288674,0.3586985623267869,0.30939943237206874,0,105000,30600.0,3.4313725490196076
30513.54327396374,3,Maharashtra,6.8,65000,75,35,58,0.6772689909727976,0.42238955315780935,0.4095125238115865,0.5048782809761779,0.5139736366431651,1,105000,30600.0,3.4313725490196076
71282.17680301421,5,Maharashtra,6.8,65000,75,35,58,0.7237706636450661,0.8275373717246199,0.5630625369699613,0.5438389620489352,0.767372035566234,0,105000,30600.0,3.4313725490196076
33652.65908858289,4,Maharashtra,6.8,65000,75,35,58,0.6910061719830969,0.6156076880494228,0.5812925052235466,0.6535198741686202,0.6432382096411173,0,105000,30600.0,3.4313725490196076
26535.892798078505,3,Maharashtra,6.8,65000,75,35,58,0.657429634070451,0.5206316539011433,0.3608219255030608,0.5610592274561171,0.5852680476332442,1,105000,30600.0,3.4313725490196076
27839.246514461745,3,Maharashtra,6.8,65000,75,35,58,0.6628500598497594,0.5069461221324367,0.4663699585099822,0.6974792613896893,0.6460213906926565,1,105000,30600.0,3.4313725490196076
16563.659064666117,2,Maharashtra,6.8,65000,75,35,58,0.6327309308885963,0.6239959040231163,0.393808289567944,0.5909436787298026,0.515782440891682,1,105000,30600.0,3.4313725490196076
11715.653196673713,1,Maharashtra,6.8,65000,75,35,58,0.6028502597106448,0.47201718892768957,0.5377400591002304,0.552143986546066,0.5643702734355398,0,105000,30600.0,3.4313725490196076
63536.40290594364,5,Maharashtra,6.8,65000,75,35,58,0.721077022331349,0.5347924544943209,0.3491625988876152,0.5680955503848031,0.5770550338385957,1,105000,30600.0,3.4313725490196076
39768.437092120046,4,Maharashtra,6.8,65000,75,35,58,0.698616554811627,0.6877123854789083,0.3868810709055015,0.5487645339315848,0.5726660369003272,1,105000,30600.0,3.4313725490196076
14122.555581256245,1,Maharashtra,6.8,65000,75,35,58,0.6001596148885788,0.29334084904308594,0.5616113621437879,0.4727196407935606,0.567174479011909,1,105000,30600.0,3.4313725490196076
57752.22087854778,5,Maharashtra,6.8,65000,75,35,58,0.7101491830730451,0.8937046943091348,0.423496229534208,0.5228231280429844,0.6429727877593134,1,105000,30600.0,3.4313725490196076
21558.25500833218,2,Maharashtra,6.8,65000,75,35,58,0.6238043425195627,0.4555499265134396,0.3637664891056671,0.6298162208585385,0.6269750997166257,1,105000,30600.0,3.4313725490196076
62891.63154171004,5,Maharashtra,6.8,65000,75,35,58,0.7001383844936744,0.7598005258723532,0.6036818032522717,0.752099892375933,0.7032179508374732,1,105000,30600.0,3.4313725490196076
30774.27465688906,3,Maharashtra,6.8,65000,75,35,58,0.6801967425889953,0.5252675850270888,0.5876650566481987,0.43615968333634253,0.5373056793999649,1,105000,30600.0,3.4313725490196076
26732.00197063224,3,Maharashtra,6.8,65000,75,35,58,0.6685561173480983,0.32727222130380745,0.5524425597170458,0.6734879513697112,0.5470214092673995,0,105000,30600.0,3.4313725490196076
47688.06373698297,4,Maharashtra,6.8,65000,75,35,58,0.681627866477279,0.5386752220454358,0.46446250100582764,0.4701242122232252,0.6159938010061462,1,105000,30600.0,3.4313725490196076
71192.68008443607,5,Maharashtra,6.8,65000,75,35,58,0.7171101229346005,0.6957971520092932,0.5204483653511353,0.553043573339234,0.5776592588022555,0,105000,30600.0,3.4313725490196076
40943.57224379766,4,Maharashtra,6.8,65000,75,35,58,0.6835598066865071,0.6962072863921498,0.37993888539329906,0.48538714366508484,0.6017240246978941,0,105000,30600.0,3.4313725490196076
8000.0,1,Maharashtra,6.8,65000,75,35,58,0.6153540435423126,0.5672799659425903,0.6447778676591581,0.46252575732999,0.5719196787335253,1,105000,30600.0,3.4313725490196076
39301.73363535639,4,Maharashtra,6.8,65000,75,35,58,0.6757297997858621,0.46144309325669697,0.667177186491366,0.703992711753446,0.6674886396640807,1,105000,30600.0,3.4313725490196076
18354.478547222847,2,Maharashtra,6.8,65000,75,35,58,0.6310733320167592,0.3862728166291717,0.5075187211264545,0.4223395263293248,0.6124633972094271,1,105000,30600.0,3.4313725490196076
13613.96987735676,1,Maharashtra,6.8,65000,75,35,58,0.598843293002923,0.6937098635476826,0.6539914493487684,0.5502237161185255,0.5850551196468423,1,105000,30600.0,3.4313725490196076
16842.303787756788,2,Maharashtra,6.8,65000,75,35,58,0.6381969577356625,0.22035925100813908,0.3796905665785733,0.42425521242596315,0.5954794462500435,1,105000,30600.0,3.4313725490196076
43241.16049866378,4,Maharashtra,6.8,65000,75,35,58,0.6888884791513245,0.7046351063837794,0.8565246662630489,0.7659386796390769,0.8104983938214644,1,105000,30600.0,3.4313725490196076
39169.62789104573,4,Maharashtra,6.8,65000,75,35,58,0.6723464826620171,0.7955598416570442,0.5192103148055912,0.7248201380677962,0.5957856238204707,1,105000,30600.0,3.4313725490196076
76951.72501531953,5,Maharashtra,6.8,65000,75,35,58,0.717417393082147,0.7907512272873254,0.46051872881315525,0.7399338099247039,0.6321762342968926,0,105000,30600.0,3.4313725490196076
37016.58892444349,4,Maharashtra,6.8,65000,75,35,58,0.6802069492491382,0.6002703660193938,0.4941455570114484,0.6462843047052403,0.6907343719752445,1,105000,30600.0,3.4313725490196076
78427.34223131495,5,Maharashtra,6.8,65000,75,35,58,0.7207243668941371,0.5606560485683492,0.6901921275417249,0.591542236859264,0.6032450344875373,1,105000,30600.0,3.4313725490196076
39214.71175857329,4,Maharashtra,6.8,65000,75,35,58,0.7042703417937747,0.6569114609395044,0.6904928744945045,0.5045580643724619,0.6571112911388641,0,105000,30600.0,3.4313725490196076
14951.295534086561,1,Maharashtra,6.8,65000,75,35,58,0.5825343189862487,0.3412526189687765,0.5393203086008127,0.4568698033792351,0.3917536750181869,1,105000,30600.0,3.4313725490196076
33362.39640137751,4,Maharashtra,6.8,65000,75,35,58,0.6819263440745724,0.5617639355375901,0.4530737284366281,0.5895758540493748,0.5503114377515111,1,105000,30600.0,3.4313725490196076
22604.769700140394,2,Maharashtra,6.8,65000,75,35,58,0.6244016418907364,0.2982298304977009,0.4143077527542638,0.5711220546857736,0.4467710397862242,0,105000,30600.0,3.4313725490196076
8000.0,1,Maharashtra,6.8,65000,75,35,58,0.5961122604744393,0.4500217911700631,0.6432347005509582,0.36980470317981207,0.5436493253216271,1,105000,30600.0,3.4313725490196076
23241.243580895683,3,Maharashtra,6.8,65000,75,35,58,0.6673298280696238,0.6086210781145481,0.6431268082596546,0.5874163178880139,0.6102536040268791,1,105000,30600.0,3.4313725490196076
14833.385288172121,1,Maharashtra,6.8,65000,75,35,58,0.5981931272529576,0.2989481297324094,0.6073691810828803,0.5267828420228748,0.584001219165314,0,105000,30600.0,3.4313725490196076
35463.882772211015,4,Maharashtra,6.8,65000,75,35,58,0.6940865986857759,0.708494221213764,0.5921961083612037,0.558467655389761,0.5763560379967438,1,105000,30600.0,3.4313725490196076
24494.11058448037,3,Maharashtra,6.8,65000,75,35,58,0.6536708409912536,0.6533248560164298,0.4589969907625803,0.6527820591023668,0.6689349543579779,1,105000,30600.0,3.4313725490196076
15530.65638465718,2,Maharashtra,6.8,65000,75,35,58,0.6322278148827508,0.5547599750536447,0.48705951274768966,0.4983306398341685,0.5441496483986451,0,105000,30600.0,3.4313725490196076
14454.41922549575,1,Maharashtra,6.8,65000,75,35,58,0.6077065477373487,0.33642686014375595,0.6880081153149331,0.3675671065410878,0.3649905986362543,1,105000,30600.0,3.4313725490196076
44607.93114132631,4,Maharashtra,6.8,65000,75,35,58,0.6826055759312005,0.4908028569692162,0.5797828365091262,0.5272087918682077,0.5288962707783448,1,105000,30600.0,3.4313725490196076
79179.83737532559,5,Maharashtra,6.8,65000,75,35,58,0.7277421526266367,0.7405522156869673,0.6223352609699122,0.6024473013487925,0.6825379529044057,1,105000,30600.0,3.4313725490196076
113897.30677638414,5,Maharashtra,6.8,65000,75,35,58,0.7204522991158472,0.9281921578898819,0.5470077552721109,0.5662156585862732,0.775604329011828,1,105000,30600.0,3.4313725490196076
25390.32614201175,3,Maharashtra,6.8,65000,75,35,58,0.670383173833394,0.515631406541351,0.5907250573742955,0.5876536477987656,0.5837103842112782,1,105000,30600.0,3.4313725490196076
41838.32979934577,4,Maharashtra,6.8,65000,75,35,58,0.6879143724278017,0.6367443949676248,0.7560645691034609,0.7535201300363287,0.8256740877902657,1,105000,30600.0,3.4313725490196076
40435.70223662281,4,Maharashtra,6.8,65000,75,35,58,0.6937410179801924,0.7705978404904535,0.41900904922634646,0.7375997015479209,0.6607416014902483,1,105000,30600.0,3.4313725490196076
13744.479537481087,1,Maharashtra,6.8,65000,75,35,58,0.5995225091117862,0.589721764547286,0.6208420176373672,0.4159039729728099,0.5270905791007372,0,105000,30600.0,3.4313725490196076
57648.76100503269,5,Maharashtra,6.8,65000,75,35,58,0.7189664488081657,0.47967972433163963,0.6019889139488197,0.7781785742969545,0.7564026035445711,1,105000,30600.0,3.4313725490196076
19106.911452828663,2,Maharashtra,6.8,65000,75,35,58,0.6325178757108283,0.2770511583212713,0.5500601703435415,0.6549846662127936,0.4298255372769342,0,105000,30600.0,3.4313725490196076
29691.627207415495,3,Maharashtra,6.8,65000,75,35,58,0.6652966461208205,0.45400011325536926,0.3833283945781315,0.507027919877713,0.5893493584420028,1,105000,30600.0,3.4313725490196076
25081.65913994362,3,Maharashtra,6.8,65000,75,35,58,0.6474329223093314,0.26448085020699214,0.4640965099512637,0.6903632417682083,0.4756148069539964,0,105000,30600.0,3.4313725490196076
14550.959119170308,1,Maharashtra,6.8,65000,75,35,58,0.6142649075167502,0.3940587582861245,0.5929670406006977,0.6180064970800402,0.5217519507364716,0,105000,30600.0,3.4313725490196076
8000.0,1,Maharashtra,6.8,65000,75,35,58,0.5813319410230735,0.24750470910725486,0.5799163940743746,0.5580793206271301,0.4800676714990636,0,105000,30600.0,3.4313725490196076
22094.20663697993,2,Maharashtra,6.8,65000,75,35,58,0.6230804503311824,0.621953468536169,0.35738153396194794,0.48584477377152424,0.44799940890144047,0,105000,30600.0,3.4313725490196076
28194.818588769303,3,Maharashtra,6.8,65000,75,35,58,0.6589858807209225,0.5103958472394898,0.46542336097806636,0.6013402591560456,0.7416248642744601,1,105000,30600.0,3.4313725490196076
15257.451628786277,2,Maharashtra,6.8,65000,75,35,58,0.6340521311194309,0.2718324080025636,0.47982252083828847,0.47803377251846624,0.4618171212625802,1,105000,30600.0,3.4313725490196076
28575.378034590118,3,Maharashtra,6.8,65000,75,35,58,0.6756902967059852,0.7988758942342811,0.5015916016767954,0.7175661627839017,0.696538383646359,1,105000,30600.0,3.4313725490196076
27297.641769513008,3,Maharashtra,6.8,65000,75,35,58,0.6413456565463204,0.5196189836858558,0.465788583870236,0.43913374908915936,0.45729446263964757,0,105000,30600.0,3.4313725490196076
25476.556671961804,3,Maharashtra,6.8,65000,75,35,58,0.6548516301446743,0.32225751751745746,0.4342204990448728,0.6867018752986737,0.43483220385232213,1,105000,30600.0,3.4313725490196076
57298.724705134315,5,Maharashtra,6.8,65000,75,35,58,0.6986602365505789,0.8352450607910324,0.5363153220355883,0.5411422177505194,0.7360827035229341,1,105000,30600.0,3.4313725490196076
37771.607389416095,4,Maharashtra,6.8,65000,75,35,58,0.6902447911676739,0.8112219305298769,0.759226700589255,0.481437124624988,0.6599965425420231,0,105000,30600.0,3.4313725490196076
12788.793137856977,1,Maharashtra,6.8,65000,75,35,58,0.6026454072735717,0.40752206575804767,0.5132889033795697,0.6007596327378417,0.53829916962515,1,105000,30600.0,3.4313725490196076
36308.783767428235,4,Maharashtra,6.8,65000,75,35,58,0.7058365288502839,0.4269922503695972,0.616492241424998,0.7289623590143652,0.5723131326646996,1,105000,30600.0,3.4313725490196076
53637.88982139458,5,Maharashtra,6.8,65000,75,35,58,0.721134919037506,0.8873967816080787,0.5355356542557074,0.6272463013626175,0.7587743349099326,0,105000,30600.0,3.4313725490196076
21877.6098798598,2,Maharashtra,6.8,65000,75,35,58,0.6403688227229952,0.32418726241744067,0.4528942452152785,0.6560374342731727,0.49482607325085975,1,105000,30600.0,3.4313725490196076
30270.311218759543,3,Maharashtra,6.8,65000,75,35,58,0.665766942243962,0.5137374776153184,0.5575885596185632,0.6773348410768589,0.491517942388528,1,105000,30600.0,3.4313725490196076
67664.58970876248,5,Maharashtra,6.8,65000,75,35,58,0.7155760894585198,0.5726464820339846,0.5319128893870202,0.7893726405044192,0.6670719252903532,0,105000,30600.0,3.4313725490196076
59749.43375172849,5,Maharashtra,6.8,65000,75,35,58,0.705838963960651,0.628340118202532,0.5671402192539767,0.697312423655365,0.7229397960231095,1,105000,30600.0,3.4313725490196076
67641.74135505603,5,Maharashtra,6.8,65000,75,35,58,0.7226785944114896,0.7754200309907444,0.4144380843339748,0.80627633864306,0.7511778129077036,1,105000,30600.0,3.4313725490196076
20810.707392660704,2,Maharashtra,6.8,65000,75,35,58,0.6150075512571177,0.6656206623072372,0.5401466382375121,0.6116524400993398,0.6276133119356953,1,105000,30600.0,3.4313725490196076
78035.66434358263,5,Maharashtra,6.8,65000,75,35,58,0.7328806421552679,0.9110112673626665,0.35396574632244354,0.8007636359088961,0.7347104560681043,0,105000,30600.0,3.4313725490196076
32803.861302553596,4,Maharashtra,6.8,65000,75,35,58,0.6883079504082033,0.6474467559655671,0.46357054819179416,0.5532310584019884,0.6018783708064129,1,105000,30600.0,3.4313725490196076
19294.34719158702,2,Maharashtra,6.8,65000,75,35,58,0.6418803455436856,0.3825298767096009,0.6375056383473965,0.5284070479776843,0.48955877095001893,1,105000,30600.0,3.4313725490196076
13356.628704589835,1,Maharashtra,6.8,65000,75,35,58,0.5951264270872475,0.5209760700014533,0.5207143627294479,0.5790766265223803,0.6191328240876547,1,105000,30600.0,3.4313725490196076
34387.24774311994,4,Maharashtra,6.8,65000,75,35,58,0.6926170792925813,0.5210478520095646,0.7232695373652624,0.6426964900377884,0.6501347332799358,1,105000,30600.0,3.4313725490196076
22722.698590384687,2,Maharashtra,6.8,65000,75,35,58,0.6320220600019183,0.4116604607168942,0.4694147796725562,0.6091072857929761,0.48565143200838046,1,105000,30600.0,3.4313725490196076
22433.64961699514,2,Maharashtra,6.8,65000,75,35,58,0.6294781302484621,0.2762180122793204,0.5869497010424661,0.660706868064812,0.6609302073716027,1,105000,30600.0,3.4313725490196076
57537.22918296121,5,Maharashtra,6.8,65000,75,35,58,0.7156019762946055,0.752796219335825,0.5154887677473678,0.7601466280118239,0.7839887412355382,0,105000,30600.0,3.4313725490196076
89092.40431252745,5,Maharashtra,6.8,65000,75,35,58,0.7238531316132767,0.8337474154558665,0.4147121626853614,0.6133856639612809,0.6792969589595119,1,105000,30600.0,3.4313725490196076
14056.677180974353,1,Maharashtra,6.8,65000,75,35,58,0.5906669387937394,0.4499024331941028,0.5548518589530732,0.35438759466204,0.41647820637225036,1,105000,30600.0,3.4313725490196076
53243.89030047702,5,Maharashtra,6.8,65000,75,35,58,0.7078342181389808,0.5624507508548291,0.4552463065551485,0.6006018255121439,0.5807604525546298,1,105000,30600.0,3.4313725490196076
45228.79605124749,4,Maharashtra,6.8,65000,75,35,58,0.7023568403618398,0.42274614867008775,0.4787611237710043,0.6676151142576252,0.5184893833631823,0,105000,30600.0,3.4313725490196076
27736.977020466442,3,Maharashtra,6.8,65000,75,35,58,0.6672002513174924,0.6038786107314844,0.3231977747364467,0.4220610861722246,0.5685213077194838,1,105000,30600.0,3.4313725490196076
10678.463574988153,1,Maharashtra,6.8,65000,75,35,58,0.6005874875145939,0.22342140072311983,0.5607898732777228,0.37569339590652784,0.5329894274041906,1,105000,30600.0,3.4313725490196076
16569.274310665045,2,Maharashtra,6.8,65000,75,35,58,0.6465799952540092,0.5644000227136506,0.7307077478036681,0.46684857132114577,0.6215599519682269,0,105000,30600.0,3.4313725490196076
25382.77565505425,3,Maharashtra,6.8,65000,75,35,58,0.6572509162413229,0.3049578908087379,0.5340249732817726,0.68134526086623,0.6624266625175035,1,105000,30600.0,3.4313725490196076
28501.381166192106,3,Maharashtra,6.8,65000,75,35,58,0.6731556036284612,0.5607111713245432,0.7848813010962946,0.43407902229401263,0.6560239269965626,1,105000,30600.0,3.4313725490196076
33638.353133781,4,Maharashtra,6.8,65000,75,35,58,0.6916843122778297,0.5940635352376473,0.4524995634680688,0.4837586257249408,0.4507646725363962,1,105000,30600.0,3.4313725490196076
43042.27509770135,4,Maharashtra,6.8,65000,75,35,58,0.6796810639278076,0.4698486603679842,0.6368847257419659,0.6343125422885708,0.712238692973348,1,105000,30600.0,3.4313725490196076
9324.4934859021,1,Maharashtra,6.8,65000,75,35,58,0.61840897334628,0.18551166117350418,0.6382015374905539,0.3721076534394864,0.3940964070110208,0,105000,30600.0,3.4313725490196076
19184.48702183948,2,Maharashtra,6.8,65000,75,35,58,0.6398356798948123,0.30831131784967325,0.6237779854249617,0.44144233182544906,0.4933121267233899,1,105000,30600.0,3.4313725490196076
50402.069821639605,5,Maharashtra,6.8,65000,75,35,58,0.7187183611184759,0.5268917015176537,0.4430726131488225,0.5740486080715821,0.5206818220566671,0,105000,30600.0,3.4313725490196076
13480.161040157662,1,Maharashtra,6.8,65000,75,35,58,0.607200284023911,0.3464907761942645,0.49176853216785255,0.4932599190568567,0.3319072907242463,0,105000,30600.0,3.4313725490196076
32892.07136093213,4,Maharashtra,6.8,65000,75,35,58,0.6858915370885924,0.8108450717826057,0.4785786593769479,0.48544210265977866,0.5750791257299961,1,105000,30600.0,3.4313725490196076
29027.29270207987,3,Maharashtra,6.8,65000,75,35,58,0.6682200617791668,0.5284430247474428,0.49274298652690185,0.7007777863666451,0.6315475484191461,0,105000,30600.0,3.4313725490196076
23255.994364386064,3,Maharashtra,6.8,65000,75,35,58,0.6360177857757319,0.5770340404955376,0.4930796834423824,0.45571929340162626,0.5358403564389174,1,105000,30600.0,3.4313725490196076
24588.244503447935,3,Maharashtra,6.8,65000,75,35,58,0.6497305580916255,0.5934772486648678,0.7435914195931776,0.7042564284264119,0.7234955204678016,1,105000,30600.0,3.4313725490196076
53030.36963298489,5,Maharashtra,6.8,65000,75,35,58,0.7297211688714411,0.6066542109290216,0.622384700474542,0.7522164869170568,0.7230980079068304,1,105000,30600.0,3.4313725490196076
17113.80767619636,2,Maharashtra,6.8,65000,75,35,58,0.6274320160463822,0.31854833694462314,0.5323640539472401,0.6171825436456114,0.526688127918148,1,105000,30600.0,3.4313725490196076
22583.333100880718,2,Maharashtra,6.8,65000,75,35,58,0.6320039943774588,0.3494808802717866,0.5306665507109569,0.4206202481234582,0.4159912768482907,1,105000,30600.0,3.4313725490196076
32280.715486251913,3,Maharashtra,6.8,65000,75,35,58,0.6464607148074171,0.5029721788377846,0.3587875660427823,0.6196719038641553,0.6818759055719301,1,105000,30600.0,3.4313725490196076
47456.35811733913,4,Maharashtra,6.8,65000,75,35,58,0.7084072413855925,0.7996447580673447,0.5118976222407157,0.7138994231667147,0.8116658768231884,0,105000,30600.0,3.4313725490196076
67039.55987437475,5,Maharashtra,6.8,65000,75,35,58,0.7318338678657482,0.6135369492967377,0.42027636345451835,0.6861884397928921,0.6658697696731526,1,105000,30600.0,3.4313725490196076
20179.650980316397,2,Maharashtra,6.8,65000,75,35,58,0.6279217192448181,0.42104437088027236,0.45667117105957666,0.5341001901490957,0.3941843645225381,0,105000,30600.0,3.4313725490196076
21684.99880299918,2,Maharashtra,6.8,65000,75,35,58,0.6258816128599382,0.4089186974438104,0.8289345648427233,0.41660177872803417,0.5620872302823614,0,105000,30600.0,3.4313725490196076
83358.6762117451,5,Maharashtra,6.8,65000,75,35,58,0.7302246150427684,0.7692572075832464,0.6791541500659172,0.6430475276588477,0.637884104265829,1,105000,30600.0,3.4313725490196076
11338.460273182469,1,Maharashtra,6.8,65000,75,35,58,0.6197532759302607,0.41701162600692016,0.6237098430111776,0.3639397658157678,0.3640618076408738,0,105000,30600.0,3.4313725490196076
32732.14204168802,4,Maharashtra,6.8,65000,75,35,58,0.699466173986685,0.6218800103846114,0.3890298157384238,0.7606351053908584,0.714979714462913,1,105000,30600.0,3.4313725490196076
25289.534387371332,3,Maharashtra,6.8,65000,75,35,58,0.6816465981025375,0.3551832134486601,0.3590936341720655,0.6242327803669158,0.45323383229599323,0,105000,30600.0,3.4313725490196076
90468.81635433425,5,Maharashtra,6.8,65000,75,35,58,0.7107050581379523,0.7188211861780656,0.4432169664209662,0.533304355497037,0.5842983803891044,1,105000,30600.0,3.4313725490196076
8000.0,1,Maharashtra,6.8,65000,75,35,58,0.5917347031235836,0.3222591838762454,0.36932350504897216,0.46180815180179213,0.4734767976435609,1,105000,30600.0,3.4313725490196076
14135.30412856499,1,Maharashtra,6.8,65000,75,35,58,0.588039160248038,0.31731035126901636,0.622487939649377,0.510167022787959,0.5111894965854248,1,105000,30600.0,3.4313725490196076
150000.0,5,Maharashtra,6.8,65000,75,35,58,0.7243461779250663,0.7346210400400299,0.6296944020637568,0.5474698920271971,0.7166071600433955,0,105000,30600.0,3.4313725490196076
28644.20625907839,3,Maharashtra,6.8,65000,75,35,58,0.6616846069266151,0.6686355116849353,0.7479756575893448,0.618274350376741,0.7768358224610842,1,105000,30600.0,3.4313725490196076
24200.019101013426,3,Maharashtra,6.8,65000,75,35,58,0.6584090601938516,0.6345249041435495,0.5721104843029106,0.47196935152411,0.5351518878349681,0,105000,30600.0,3.4313725490196076
59494.495092927944,5,Maharashtra,6.8,65000,75,35,58,0.7280211577098045,0.7659356480113916,0.4568798358244558,0.6411415992358417,0.6976290748980343,1,105000,30600.0,3.4313725490196076
20497.067022914773,2,Maharashtra,6.8,65000,75,35,58,0.642251857480718,0.7528790516117327,0.4633415137871012,0.5564439943592887,0.7012561803995438,0,105000,30600.0,3.4313725490196076
35772.56725974253,4,Maharashtra,6.8,65000,75,35,58,0.674671947335703,0.7512513041731648,0.5836083935715819,0.5782940140938544,0.5875413522313813,0,105000,30600.0,3.4313725490196076
44692.77126214656,4,Maharashtra,6.8,65000,75,35,58,0.6839588511495603,0.6712370191994572,0.6495080264655224,0.5830430370140184,0.6431201826823935,1,105000,30600.0,3.4313725490196076
41973.45279646581,4,Maharashtra,6.8,65000,75,35,58,0.698130007369802,0.5414582647016588,0.6063524697306539,0.7218623677071793,0.7174530422452505,1,105000,30600.0,3.4313725490196076
11299.560652135353,1,Maharashtra,6.8,65000,75,35,58,0.5952511845899856,0.5077335556696712,0.6140656719504125,0.41155723027882296,0.4018280050191554,0,105000,30600.0,3.4313725490196076
28055.86110536793,3,Maharashtra,6.8,65000,75,35,58,0.6519465106649899,0.6289756570737686,0.3579230249496091,0.6153360749549242,0.5893652036582882,0,105000,30600.0,3.4313725490196076
94879.01447005346,5,Maharashtra,6.8,65000,75,35,58,0.7301139457050754,0.4808953644153494,0.6178192116438472,0.7735235758518721,0.6635882604107133,0,105000,30600.0,3.4313725490196076
20201.30112251907,2,Maharashtra,6.8,65000,75,35,58,0.6170335707313316,0.4847222126427181,0.7775178963312939,0.41457253261817545,0.47058748854637683,0,105000,30600.0,3.4313725490196076
21385.61328311794,2,Maharashtra,6.8,65000,75,35,58,0.6269127733506603,0.2627927041082481,0.5915945805726964,0.3825561714785306,0.521146560910243,0,105000,30600.0,3.4313725490196076
51449.23032954795,5,Maharashtra,6.8,65000,75,35,58,0.7232150116866196,0.4875809850804099,0.4121259475354107,0.7664379909119735,0.6985993032379778,1,105000,30600.0,3.4313725490196076
63913.859169757954,5,Maharashtra,6.8,65000,75,35,58,0.7141903722894702,0.5695638850535946,0.4896176097095739,0.6841170152665329,0.6791886015410633,1,105000,30600.0,3.4313725490196076
11447.209893447916,1,Maharashtra,6.8,65000,75,35,58,0.6077601279887033,0.30858818401542387,0.3354938733949397,0.5670881674489519,0.49078084119435805,1,105000,30600.0,3.4313725490196076
18850.63466701233,2,Maharashtra,6.8,65000,75,35,58,0.6242398016765976,0.3940654270790521,0.4765322317658309,0.4326884679748064,0.4269121618251206,0,105000,30600.0,3.4313725490196076
74364.00307713878,5,Maharashtra,6.8,65000,75,35,58,0.7340147663630306,0.577323449886756,0.383911267622761,0.7685674446532934,0.6623771834647633,1,105000,30600.0,3.4313725490196076
41587.087474991466,4,Maharashtra,6.8,65000,75,35,58,0.6886711084536137,0.6052930552228135,0.3857710458109804,0.49737090195221756,0.49061820793323213,0,105000,30600.0,3.4313725490196076
55680.10892053672,5,Maharashtra,6.8,65000,75,35,58,0.726641272795625,0.7013457322739509,0.4547511406019673,0.7837386880222298,0.7490275397536983,0,105000,30600.0,3.4313725490196076
47692.181835229516,4,Maharashtra,6.8,65000,75,35,58,0.6973888109583997,0.787507594231539,0.4095011125279802,0.7155378766435138,0.6167588529349338,1,105000,30600.0,3.4313725490196076
11700.790410919646,1,Maharashtra,6.8,65000,75,35,58,0.5936531714011307,0.4748030391232843,0.44903465302474743,0.4889781976617515,0.4365018418827297,0,105000,30600.0,3.4313725490196076
84954.49738725943,5,Maharashtra,6.8,65000,75,35,58,0.6993937059420126,0.6915594382562504,0.5766171033387129,0.7012797456775077,0.6196911982919454,0,105000,30600.0,3.4313725490196076
11771.434015027595,1,Maharashtra,6.8,65000,75,35,58,0.6035361289752098,0.5463544755153737,0.702983385398976,0.42253103680521287,0.546966843918069,1,105000,30600.0,3.4313725490196076
44477.112410815556,4,Maharashtra,6.8,65000,75,35,58,0.6906514548998202,0.46907304443821773,0.4843900059927895,0.5292626240858163,0.530839458092657,1,105000,30600.0,3.4313725490196076
43088.13142400334,4,Maharashtra,6.8,65000,75,35,58,0.6954868317043227,0.6893716859246701,0.704142535315182,0.6054092054422558,0.7047831312428504,1,105000,30600.0,3.4313725490196076
20997.76961680165,2,Maharashtra,6.8,65000,75,35,58,0.627663296704743,0.3865299631496072,0.5342719669593928,0.5660134122150852,0.46615511365343265,1,105000,30600.0,3.4313725490196076
18006.332111196018,2,Maharashtra,6.8,65000,75,35,58,0.6256242944405642,0.6134102640554119,0.5876861341264503,0.6683172357461766,0.5662860278441083,0,105000,30600.0,3.4313725490196076
76336.34192998217,5,Maharashtra,6.8,65000,75,35,58,0.7400133015383885,0.7465524919083044,0.5204794691942369,0.7639536975483597,0.7495998962168161,1,105000,30600.0,3.4313725490196076
27299.41471158567,3,Maharashtra,6.8,65000,75,35,58,0.6452050308134636,0.42108360718100846,0.49195926690584313,0.5490701287758919,0.5114691476258192,0,105000,30600.0,3.4313725490196076
31618.27749175537,3,Maharashtra,6.8,65000,75,35,58,0.6672680762122138,0.7212102830242612,0.6577216967833457,0.6417521336363765,0.8288910419058338,1,105000,30600.0,3.4313725490196076
65982.88416232532,5,Maharashtra,6.8,65000,75,35,58,0.7141825528467376,0.7708602454232092,0.4791130363466189,0.5511920285844324,0.6906074237903062,1,105000,30600.0,3.4313725490196076
59760.74743244732,5,Maharashtra,6.8,65000,75,35,58,0.7165707852511672,0.6424398202206385,0.6851954663700521,0.6432885918641541,0.696869505511101,1,105000,30600.0,3.4313725490196076
13219.311947507767,1,Maharashtra,6.8,65000,75,35,58,0.5967575431028318,0.6767726131895461,0.41615391719796285,0.44625515239060454,0.6021114952486075,1,105000,30600.0,3.4313725490196076
15250.990673964163,2,Maharashtra,6.8,65000,75,35,58,0.6218942286868588,0.6612381789184598,0.7766656281490739,0.66842492114175,0.73265862071295,1,105000,30600.0,3.4313725490196076
29918.449061770993,3,Maharashtra,6.8,65000,75,35,58,0.6656408135309339,0.5506866487868126,0.4332768668743674,0.5360822669605851,0.5609858017114632,1,105000,30600.0,3.4313725490196076
14993.918564747995,1,Maharashtra,6.8,65000,75,35,58,0.6138350073880711,0.13535114441349172,0.4077786278393991,0.34376225864770715,0.560203266302957,1,105000,30600.0,3.4313725490196076
110915.54706523109,5,Maharashtra,6.8,65000,75,35,58,0.7246287080410381,0.6222153519360709,0.5257525230295194,0.5389461632025552,0.6983892436416231,1,105000,30600.0,3.4313725490196076
27031.54756373834,3,Maharashtra,6.8,65000,75,35,58,0.6609623913906923,0.6303622084494263,0.4874348289821302,0.6282930932572243,0.5276903206068948,0,105000,30600.0,3.4313725490196076
50252.628690885686,5,Maharashtra,6.8,65000,75,35,58,0.710064166437579,0.6005004280624968,0.7157539106196088,0.6055057046567007,0.6474482484476451,1,105000,30600.0,3.4313725490196076
27173.327036104456,3,Maharashtra,6.8,65000,75,35,58,0.6650968240868159,0.40600196760710716,0.4346508463432192,0.6794518120749294,0.4258336809458771,0,105000,30600.0,3.4313725490196076
13797.496014022754,1,Maharashtra,6.8,65000,75,35,58,0.6214920677458645,0.4343860732423419,0.5808254302029472,0.46366208587386404,0.3883026425968276,0,105000,30600.0,3.4313725490196076
83453.8282220393,5,Maharashtra,6.8,65000,75,35,58,0.7161216251906205,0.5922166282234556,0.6861059697282109,0.6178894931589994,0.8314537483360467,0,105000,30600.0,3.4313725490196076
10601.81468327102,1,Maharashtra,6.8,65000,75,35,58,0.5961687356350528,0.47943032010191095,0.44383019866108187,0.5465121277039391,0.5952219353136393,0,105000,30600.0,3.4313725490196076
19128.602464637985,2,Maharashtra,6.8,65000,75,35,58,0.6243176801187614,0.21372327717099354,0.3502157959121389,0.4940375312211275,0.28929659532747504,0,105000,30600.0,3.4313725490196076
42891.062532514676,4,Maharashtra,6.8,65000,75,35,58,0.6850344290836272,0.7759604612845228,0.3483155837310522,0.6899927760205659,0.6501547836290205,0,105000,30600.0,3.4313725490196076
90874.05034508035,5,Maharashtra,6.8,65000,75,35,58,0.6924755758918476,0.7854789406773267,0.5827984714325822,0.7330053570831432,0.6954973958546713,1,105000,30600.0,3.4313725490196076
28558.86571477254,3,Maharashtra,6.8,65000,75,35,58,0.6639789252871285,0.31467872215981757,0.5743868914474988,0.6357412094601895,0.7308280397637827,1,105000,30600.0,3.4313725490196076
38783.876056503235,4,Maharashtra,6.8,65000,75,35,58,0.6814730496650253,0.4643688994495504,0.6806361976012514,0.7259143394638391,0.4816439357944876,0,105000,30600.0,3.4313725490196076
42417.4479477447,4,Maharashtra,6.8,65000,75,35,58,0.6738259402406535,0.5599139669214122,0.5089756220474329,0.7232975970285692,0.5919782907487454,1,105000,30600.0,3.4313725490196076
41138.76492120966,4,Maharashtra,6.8,65000,75,35,58,0.6974604709258969,0.7614915111280302,0.4751703843826033,0.6681602528875651,0.6282553715462922,0,105000,30600.0,3.4313725490196076
23665.234865768518,3,Maharashtra,6.8,65000,75,35,58,0.6491083935781521,0.4709888994329974,0.3800321482723203,0.7058663393574717,0.5131139537107369,1,105000,30600.0,3.4313725490196076
38117.17177611519,4,Maharashtra,6.8,65000,75,35,58,0.6865418808897339,0.6495137153162978,0.49850829551552467,0.47499602447461586,0.5985345121208352,1,105000,30600.0,3.4313725490196076
42879.40743222911,4,Maharashtra,6.8,65000,75,35,58,0.7045929953404573,0.7009182094967739,0.7922814064642691,0.7479046510587329,0.7899666386983564,0,105000,30600.0,3.4313725490196076
48400.157669258624,5,Maharashtra,6.8,65000,75,35,58,0.7058364134483264,0.7113764721512471,0.4704099882561714,0.5632538038778006,0.5942636288035834,1,105000,30600.0,3.4313725490196076
46409.318716561946,4,Maharashtra,6.8,65000,75,35,58,0.6746025890825939,0.5439370987057373,0.37403916417201527,0.5322706983852568,0.5333291436409088,0,105000,30600.0,3.4313725490196076
9297.384261016705,1,Maharashtra,6.8,65000,75,35,58,0.6026216333241948,0.25476316846967084,0.5821414101907494,0.5639974924831435,0.40503100027306127,1,105000,30600.0,3.4313725490196076
27857.056292211597,3,Maharashtra,6.8,65000,75,35,58,0.6714234450686751,0.6107337246687036,0.5805471977284056,0.5389084225806031,0.5346921487600474,0,105000,30600.0,3.4313725490196076
56497.71471716102,5,Maharashtra,6.8,65000,75,35,58,0.7041851542512518,0.8701068583693335,0.5973516572136637,0.6463709104460713,0.7423944089544754,1,105000,30600.0,3.4313725490196076
43412.31893500185,4,Maharashtra,6.8,65000,75,35,58,0.6940054687969432,0.6682304887264114,0.47737718084362607,0.5471458661104868,0.6482725098396238,1,105000,30600.0,3.4313725490196076
10340.577547494151,1,Maharashtra,6.8,65000,75,35,58,0.6057385668281884,0.3574558724058703,0.35142856720368504,0.38611013625240986,0.27000867298214704,1,105000,30600.0,3.4313725490196076
20775.007952754782,2,Maharashtra,6.8,65000,75,35,58,0.6093369665916482,0.5535696040514597,0.6459400801875455,0.4006499142252774,0.4642827404529898,0,105000,30600.0,3.4313725490196076
8142.474697501871,1,Maharashtra,6.8,65000,75,35,58,0.6079135848076437,0.41591761311529496,0.5103425922372495,0.3778091439165631,0.4156619137806948,0,105000,30600.0,3.4313725490196076
12313.270867346166,1,Maharashtra,6.8,65000,75,35,58,0.6086946302269933,0.486561261425023,0.5748415786086587,0.4888016820118277,0.48288547436433876,0,105000,30600.0,3.4313725490196076
74157.72040745935,5,Maharashtra,6.8,65000,75,35,58,0.7168107156960112,0.6967007327908654,0.7069763103866089,0.730760442445013,0.713383770541958,1,105000,30600.0,3.4313725490196076
27527.971076642712,3,Maharashtra,6.8,65000,75,35,58,0.6724520350515515,0.5584829530974799,0.5345614829042138,0.6404295606703514,0.4246345488360246,0,105000,30600.0,3.4313725490196076
22896.045752200476,3,Maharashtra,6.8,65000,75,35,58,0.6712931271718199,0.5138501642150369,0.5474444402607016,0.5298147364397904,0.6403574101959961,0,105000,30600.0,3.4313725490196076
14035.461886388113,1,Maharashtra,6.8,65000,75,35,58,0.6009597506857435,0.4411715610694048,0.5834477937387799,0.595364210672919,0.5298136480786834,0,105000,30600.0,3.4313725490196076
17068.385768592532,2,Maharashtra,6.8,65000,75,35,58,0.625414117525322,0.35501459611206704,0.5155491417017635,0.4673961947719352,0.6709486199289236,0,105000,30600.0,3.4313725490196076
14110.833727602641,1,Maharashtra,6.8,65000,75,35,58,0.5902002925027419,0.46325919589371556,0.6260624485739701,0.3521187707973238,0.5076960944568146,1,105000,30600.0,3.4313725490196076
32534.18681894843,4,Maharashtra,6.8,65000,75,35,58,0.6895529363349095,0.5674060085024737,0.5647634850351568,0.7523446084814164,0.6910588462401395,1,105000,30600.0,3.4313725490196076
39578.186229129395,4,Maharashtra,6.8,65000,75,35,58,0.6956261606256132,0.5596183260237548,0.5156727966199394,0.6309809201521137,0.5549924646915437,0,105000,30600.0,3.4313725490196076
56000.86380205475,5,Maharashtra,6.8,65000,75,35,58,0.7166868028181651,0.9529716164175817,0.6434473689439182,0.8101906444125071,0.7583570139457141,1,105000,30600.0,3.4313725490196076
22912.238501231022,3,Maharashtra,6.8,65000,75,35,58,0.6379535613759512,0.29668931505470486,0.5943141004083308,0.5368777437327099,0.5637281550249985,1,105000,30600.0,3.4313725490196076
31499.140711090884,3,Maharashtra,6.8,65000,75,35,58,0.6726157103743371,0.5934103833776719,0.5456045945150181,0.6459957627986027,0.6037633462055451,1,105000,30600.0,3.4313725490196076
20771.375703856553,2,Maharashtra,6.8,65000,75,35,58,0.6318308036470204,0.24890001692149516,0.43116326653648507,0.4017587957981495,0.3526336214819245,0,105000,30600.0,3.4313725490196076
70757.78572849462,5,Maharashtra,6.8,65000,75,35,58,0.7161323264618031,0.663528881989826,0.6806853902836993,0.775001517255743,0.8263454794827727,0,105000,30600.0,3.4313725490196076
33055.95102393878,4,Maharashtra,6.8,65000,75,35,58,0.6985001553128043,0.7070541922217508,0.39680124660235294,0.5199877194131168,0.6197884631527507,1,105000,30600.0,3.4313725490196076
50066.309013839855,5,Maharashtra,6.8,65000,75,35,58,0.735174957393399,0.5155275797596787,0.355571473110791,0.539381499650132,0.6187402135762962,0,105000,30600.0,3.4313725490196076
33278.70616492056,4,Maharashtra,6.8,65000,75,35,58,0.6619094557336925,0.3886328176487207,0.5228887450655114,0.4981037593037271,0.4904823847473858,0,105000,30600.0,3.4313725490196076
8000.0,1,Maharashtra,6.8,65000,75,35,58,0.6042712079277922,0.4690382959364667,0.6842809246772145,0.48599045564068066,0.6179572174167602,0,105000,30600.0,3.4313725490196076
73905.49064081204,5,Maharashtra,6.8,65000,75,35,58,0.705662079320468,0.5346372888271186,0.6945634088872898,0.6063398399464944,0.6113274433107534,1,105000,30600.0,3.4313725490196076
150000.0,5,Maharashtra,6.8,65000,75,35,58,0.7249196764965609,0.5147101991796874,0.7288267478202852,0.8070640747004492,0.7852333199332597,1,105000,30600.0,3.4313725490196076
30413.686297496148,3,Maharashtra,6.8,65000,75,35,58,0.6612078434523172,0.47051845436011,0.48960136217659056,0.674580755501395,0.5518075395451056,0,105000,30600.0,3.4313725490196076
21678.191801402485,2,Maharashtra,6.8,65000,75,35,58,0.6362858366929769,0.721252498932892,0.49971253480401545,0.6097701021259536,0.7223607153666697,0,105000,30600.0,3.4313725490196076
18117.94562526594,2,Maharashtra,6.8,65000,75,35,58,0.6249360952836248,0.4468053303217845,0.7083059021767875,0.6116693176562853,0.6762855234612807,1,105000,30600.0,3.4313725490196076
99675.54328113368,5,Maharashtra,6.8,65000,75,35,58,0.70119617031038,0.6241552075180664,0.45481357281501844,0.7859809761131357,0.6480737093590456,1,105000,30600.0,3.4313725490196076
14649.992282987507,1,Maharashtra,6.8,65000,75,35,58,0.5954248895160048,0.3182733227750816,0.467757732599166,0.5783408107646888,0.6355625094601457,1,105000,30600.0,3.4313725490196076
54057.36850950846,5,Maharashtra,6.8,65000,75,35,58,0.7239970477799693,0.5229549327535179,0.34809727966790743,0.7972400467095575,0.6532697505142371,1,105000,30600.0,3.4313725490196076
8000.0,1,Maharashtra,6.8,65000,75,35,58,0.6100824947153237,0.3154680577392164,0.6116752672232804,0.5990876746722889,0.6394775599851846,0,105000,30600.0,3.4313725490196076
11698.703920648066,1,Maharashtra,6.8,65000,75,35,58,0.5882102584238462,0.5554143911645139,0.4140674529919024,0.40827417544519046,0.3750071908928198,0,105000,30600.0,3.4313725490196076
50410.07514847693,5,Maharashtra,6.8,65000,75,35,58,0.7301991756973016,0.5312962877223744,0.47769116570043296,0.5846470286987593,0.6545282809668546,1,105000,30600.0,3.4313725490196076
23364.099789645297,3,Maharashtra,6.8,65000,75,35,58,0.6534498485321062,0.40340677027259203,0.7425387115391513,0.6117072171234352,0.6263527602351138,1,105000,30600.0,3.4313725490196076
40911.07438311381,4,Maharashtra,6.8,65000,75,35,58,0.6935530702445167,0.47061371639596367,0.6792314872607561,0.5057771422553963,0.5583412260611678,0,105000,30600.0,3.4313725490196076
35840.504992124545,4,Maharashtra,6.8,65000,75,35,58,0.6848296318999151,0.41034567801382793,0.4022248873368456,0.5321213118975368,0.5859786038459479,0,105000,30600.0,3.4313725490196076
30743.839567184485,3,Maharashtra,6.8,65000,75,35,58,0.6617502777056924,0.7205642206608576,0.687906311083351,0.6506647794834512,0.758796520348582,1,105000,30600.0,3.4313725490196076
16975.320149424377,2,Maharashtra,6.8,65000,75,35,58,0.6388473477742741,0.5772682314499662,0.7132487165492746,0.5635784061052147,0.647056425621673,1,105000,30600.0,3.4313725490196076
48931.06055277665,5,Maharashtra,6.8,65000,75,35,58,0.7076584306556861,0.6384981788537696,0.47375365918025375,0.7140333643642726,0.6895093878299023,0,105000,30600.0,3.4313725490196076
30341.980810130273,3,Maharashtra,6.8,65000,75,35,58,0.6531295124611031,0.6973145152770966,0.6173340093949911,0.7039693266335678,0.6912371727181563,1,105000,30600.0,3.4313725490196076
16518.887911435217,2,Maharashtra,6.8,65000,75,35,58,0.6317781973019923,0.3559160470028975,0.3645972881602358,0.5690651161896131,0.5119940725415676,0,105000,30600.0,3.4313725490196076
13279.964119031994,1,Maharashtra,6.8,65000,75,35,58,0.623944408038875,0.34066966935576265,0.6198051951243232,0.44801992214639635,0.5358239450672472,0,105000,30600.0,3.4313725490196076
28760.003674778534,3,Maharashtra,6.8,65000,75,35,58,0.6512966743069032,0.6301189192538822,0.41803042965250714,0.502877507991857,0.602012485291716,1,105000,30600.0,3.4313725490196076
34014.44683827205,4,Maharashtra,6.8,65000,75,35,58,0.7103299102885406,0.5830549974740078,0.6308810574740642,0.5703443924539822,0.6749712211187014,1,105000,30600.0,3.4313725490196076
9182.910798070667,1,Maharashtra,6.8,65000,75,35,58,0.6199728044653232,0.49137443865582003,0.6484373295782762,0.40212182297287963,0.471167519985839,1,105000,30600.0,3.4313725490196076
55083.014579623145,5,Maharashtra,6.8,65000,75,35,58,0.7189554599215555,0.8170190403850712,0.3857890961089145,0.529274197301991,0.7013864840469294,0,105000,30600.0,3.4313725490196076
55913.5446855196,5,Maharashtra,6.8,65000,75,35,58,0.7169470461665725,0.48008111821705296,0.5991295208553313,0.5972499844625969,0.6568404719060974,0,105000,30600.0,3.4313725490196076
27357.120745794236,3,Maharashtra,6.8,65000,75,35,58,0.6530079194419245,0.7181772060613772,0.5608318391724865,0.6693887981663891,0.6824103518896675,0,105000,30600.0,3.4313725490196076
49994.188021917565,5,Maharashtra,6.8,65000,75,35,58,0.7192465461252447,0.6712051198436366,0.4470018037474294,0.7372464756109677,0.6632927692742666,1,105000,30600.0,3.4313725490196076
18882.244348335003,2,Maharashtra,6.8,65000,75,35,58,0.6158613771029758,0.30844731276939064,0.4252206524533163,0.5553292524440667,0.5356471026855574,1,105000,30600.0,3.4313725490196076
12820.037929125012,1,Maharashtra,6.8,65000,75,35,58,0.5991661812553655,0.4305432375336684,0.4005233280745675,0.5894393876243935,0.34151835089570165,0,105000,30600.0,3.4313725490196076
75899.42455419482,5,Maharashtra,6.8,65000,75,35,58,0.73489737416708,0.6926485432154489,0.6145295126441959,0.5980152903950984,0.6755027309007201,1,105000,30600.0,3.4313725490196076
63679.13005372468,5,Maharashtra,6.8,65000,75,35,58,0.7138177208038043,0.6622698287373436,0.680524353075608,0.6920831100141297,0.6801579161360006,0,105000,30600.0,3.4313725490196076
39763.22066627781,4,Maharashtra,6.8,65000,75,35,58,0.687521328388681,0.6933602392587648,0.38347174133726936,0.47817570508579377,0.5322081103611966,0,105000,30600.0,3.4313725490196076
19417.618472810158,2,Maharashtra,6.8,65000,75,35,58,0.612917166685899,0.40400232952589665,0.5695813147672351,0.6363797414161981,0.5268882527890414,0,105000,30600.0,3.4313725490196076
41800.79798811004,4,Maharashtra,6.8,65000,75,35,58,0.6936691923098819,0.5484970344391984,0.5215670503895535,0.6030988616232711,0.5297658778975801,1,105000,30600.0,3.4313725490196076
23446.42690791736,3,Maharashtra,6.8,65000,75,35,58,0.6625733882780852,0.37929846027707503,0.5661308024670346,0.4721392067571486,0.48210097775492144,0,105000,30600.0,3.4313725490196076
23771.866623583977,3,Maharashtra,6.8,65000,75,35,58,0.6605655950262291,0.7074087585420653,0.6244999952794807,0.49057276308935527,0.525706395100398,0,105000,30600.0,3.4313725490196076
26317.58381116437,3,Maharashtra,6.8,65000,75,35,58,0.65776030092635,0.4376772069474177,0.4838697613323082,0.673249501276672,0.6031416661209283,0,105000,30600.0,3.4313725490196076
8000.0,1,Maharashtra,6.8,65000,75,35,58,0.5970009922408469,0.12940684038949923,0.5103492237226946,0.35141962676711297,0.4199335818941251,1,105000,30600.0,3.4313725490196076
8000.0,1,Maharashtra,6.8,65000,75,35,58,0.6049475737655782,0.3730263936956612,0.5130748781645733,0.5963386009861965,0.581936382252825,1,105000,30600.0,3.4313725490196076
80339.9381416354,5,Maharashtra,6.8,65000,75,35,58,0.7196404054126853,0.578664674707031,0.35743447879078233,0.630816574515227,0.6410506356367771,0,105000,30600.0,3.4313725490196076
22207.932918904222,2,Maharashtra,6.8,65000,75,35,58,0.6330782901441248,0.6358599965573746,0.6980746248705448,0.4441033572364831,0.5364464488059661,1,105000,30600.0,3.4313725490196076
22688.902662432734,2,Maharashtra,6.8,65000,75,35,58,0.6320783996031168,0.5836732980737328,0.5696599934063187,0.4683353859012235,0.46104807745293086,0,105000,30600.0,3.4313725490196076
127152.97439922899,5,Maharashtra,6.8,65000,75,35,58,0.731162844299529,0.5904387820704983,0.3968047124848239,0.641472743724208,0.5754098845802581,1,105000,30600.0,3.4313725490196076
24068.720038197545,3,Maharashtra,6.8,65000,75,35,58,0.6666985124023219,0.4142621567793476,0.3319789945913708,0.5832117164483873,0.48176829874974864,0,105000,30600.0,3.4313725490196076
33088.3700666944,4,Maharashtra,6.8,65000,75,35,58,0.6918571898600734,0.8384416581810319,0.691711092450509,0.6448200260646892,0.68061349734541,1,105000,30600.0,3.4313725490196076
71099.56124002443,5,Maharashtra,6.8,65000,75,35,58,0.7351127917350933,0.571474058861212,0.6216673957443044,0.6531235603036887,0.807475221702484,0,105000,30600.0,3.4313725490196076
16128.297340614454,2,Maharashtra,6.8,65000,75,35,58,0.6341312567191371,0.6326215700171645,0.5962483764013096,0.5026869501481553,0.6260022968914228,1,105000,30600.0,3.4313725490196076
45731.62245118508,4,Maharashtra,6.8,65000,75,35,58,0.7029781983164757,0.7663508225334013,0.5259488292035885,0.5543677135201381,0.68707553436447,0,105000,30600.0,3.4313725490196076
23792.013548372805,3,Maharashtra,6.8,65000,75,35,58,0.6659979975124378,0.3772247167460372,0.49616481845390337,0.5339207057007823,0.5381819517334283,1,105000,30600.0,3.4313725490196076
42961.444947288604,4,Maharashtra,6.8,65000,75,35,58,0.671509380639256,0.6885578364508914,0.3972733958050957,0.6089192791056159,0.5702432282462814,1,105000,30600.0,3.4313725490196076
16265.756173628108,2,Maharashtra,6.8,65000,75,35,58,0.6429769190617647,0.48857243426489494,0.520309058858594,0.5480541848465468,0.5506507374368617,0,105000,30600.0,3.4313725490196076
49434.716264508555,5,Maharashtra,6.8,65000,75,35,58,0.7212803338419982,0.7080109211356254,0.3765611444870605,0.5579877414794087,0.6636585990150672,1,105000,30600.0,3.4313725490196076
19557.660533000788,2,Maharashtra,6.8,65000,75,35,58,0.6294090237195636,0.5142837345303413,0.4656371786117114,0.5979699161645069,0.616584584060623,0,105000,30600.0,3.4313725490196076
52507.452493701414,5,Maharashtra,6.8,65000,75,35,58,0.7227420549034672,0.8309849124218931,0.7348859420216427,0.722949146987737,0.776960481311998,1,105000,30600.0,3.4313725490196076
49673.79228383429,5,Maharashtra,6.8,65000,75,35,58,0.7164787398090008,0.7717564390053155,0.4318751618214165,0.6084081327128562,0.7066759334008507,1,105000,30600.0,3.4313725490196076
54046.461696802784,5,Maharashtra,6.8,65000,75,35,58,0.7221988600324609,0.5347849444454387,0.4741529680772457,0.6565809604554963,0.5916244274626449,1,105000,30600.0,3.4313725490196076
78018.74201183257,5,Maharashtra,6.8,65000,75,35,58,0.7140098107651406,0.5946394227646703,0.5562879402614138,0.8028564721765613,0.5919520543724435,1,105000,30600.0,3.4313725490196076
63332.7686870239,5,Maharashtra,6.8,65000,75,35,58,0.7326712940159151,0.8990434252846651,0.4366280699284667,0.5249209924198481,0.7496273707307867,1,105000,30600.0,3.4313725490196076
8000.0,1,Maharashtra,6.8,65000,75,35,58,0.5987926902923609,0.6438019176667366,0.6231444872915624,0.5621832573169381,0.541091361866299,1,105000,30600.0,3.4313725490196076
50917.09015031659,5,Maharashtra,6.8,65000,75,35,58,0.7161027330013472,0.4852261845675563,0.4872797055712379,0.6722951892773373,0.5756689270023473,1,105000,30600.0,3.4313725490196076
8447.102774536756,1,Maharashtra,6.8,65000,75,35,58,0.5906793132713788,0.37108175632714074,0.757822080333031,0.5044215253640434,0.4538157790390794,1,105000,30600.0,3.4313725490196076
12195.927856240209,1,Maharashtra,6.8,65000,75,35,58,0.6026163293200579,0.5933206684537391,0.8287404535215732,0.5241375458429565,0.627264656100444,0,105000,30600.0,3.4313725490196076
41006.375117704316,4,Maharashtra,6.8,65000,75,35,58,0.6917996424298224,0.4004184434169652,0.5598812726101673,0.6055838345740874,0.535982698301151,0,105000,30600.0,3.4313725490196076
24132.594288272638,3,Maharashtra,6.8,65000,75,35,58,0.6638128175653465,0.3917715442479621,0.5536957488557452,0.47633565834844005,0.6197338099661855,1,105000,30600.0,3.4313725490196076
20140.261022783892,2,Maharashtra,6.8,65000,75,35,58,0.6196560525535201,0.417305537532051,0.6624457459602959,0.6416549472620208,0.6774077129175611,1,105000,30600.0,3.4313725490196076
8000.0,1,Maharashtra,6.8,65000,75,35,58,0.5839167594404557,0.35535820876582436,0.727161398478325,0.5408350046227126,0.5471406991993887,0,105000,30600.0,3.4313725490196076
36844.1857970747,4,Maharashtra,6.8,65000,75,35,58,0.696184484453637,0.6262774482927065,0.43434278826404127,0.6366546872589721,0.5683347793073856,1,105000,30600.0,3.4313725490196076
18828.65733922996,2,Maharashtra,6.8,65000,75,35,58,0.6447749900473365,0.5058187084820329,0.5059740806345839,0.5033146945755282,0.6605024954259735,0,105000,30600.0,3.4313725490196076
36783.72425194508,4,Maharashtra,6.8,65000,75,35,58,0.6796650352046725,0.8178213181903609,0.6042546359187452,0.6185772662845321,0.7562496597865142,1,105000,30600.0,3.4313725490196076
23280.51687685082,3,Maharashtra,6.8,65000,75,35,58,0.6758229842641884,0.42256226211797343,0.4081975971265549,0.6658392401869169,0.5081863672213767,1,105000,30600.0,3.4313725490196076
31475.082593372783,3,Maharashtra,6.8,65000,75,35,58,0.6627676820159353,0.7439262138168193,0.5963597667704899,0.4225287998360736,0.6235150144365302,1,105000,30600.0,3.4313725490196076
8000.0,1,Maharashtra,6.8,65000,75,35,58,0.5998579423830632,0.5623414317452703,0.5735618941537526,0.5783782760034191,0.5800364496480537,0,105000,30600.0,3.4313725490196076
16373.039011358713,2,Maharashtra,6.8,65000,75,35,58,0.6259530844631136,0.45642522148187537,0.6001093493979881,0.38280336971897133,0.5281526583244327,1,105000,30600.0,3.4313725490196076
18235.349223951776,2,Maharashtra,6.8,65000,75,35,58,0.6160833912343214,0.6211742383870505,0.6278146433325882,0.5535516977176642,0.5994146766504566,1,105000,30600.0,3.4313725490196076
33695.35415508431,4,Maharashtra,6.8,65000,75,35,58,0.6998058565878175,0.46895411409861987,0.5765826158778511,0.5687145495228787,0.5898205633327434,1,105000,30600.0,3.4313725490196076
27251.971376008936,3,Maharashtra,6.8,65000,75,35,58,0.6521725078141953,0.3509916137571705,0.4912079393339827,0.6222486615905235,0.7326734824338547,1,105000,30600.0,3.4313725490196076
11064.18564521799,1,Maharashtra,6.8,65000,75,35,58,0.5921305046711954,0.21046585442237042,0.37125377404730425,0.34444065255676665,0.3813023935125992,0,105000,30600.0,3.4313725490196076
30996.51809044712,3,Maharashtra,6.8,65000,75,35,58,0.669847834527441,0.5028689527353564,0.35422759325293013,0.5856475414015125,0.48773115325086613,0,105000,30600.0,3.4313725490196076
29680.688928649084,3,Maharashtra,6.8,65000,75,35,58,0.6410987369618542,0.2647510277227807,0.43175548970258104,0.675348043025735,0.4799466750239319,1,105000,30600.0,3.4313725490196076
8000.0,1,Maharashtra,6.8,65000,75,35,58,0.5846925933218898,0.21573163954670033,0.6486473156322388,0.4671691357689264,0.5793439922685379,1,105000,30600.0,3.4313725490196076
65882.3234881717,5,Maharashtra,6.8,65000,75,35,58,0.7197472289934906,0.45757584323132827,0.3315698808330787,0.5440817583331488,0.5141859484135246,0,105000,30600.0,3.4313725490196076
40476.66896284998,4,Maharashtra,6.8,65000,75,35,58,0.6928614157186199,0.822063973906451,0.3377337234400078,0.4799913052043005,0.5293475023027212,0,105000,30600.0,3.4313725490196076
24571.387302650957,3,Maharashtra,6.8,65000,75,35,58,0.6647759179082606,0.4325198637144535,0.48794456323113733,0.6051381824208394,0.5611605651912598,1,105000,30600.0,3.4313725490196076
40372.33691978891,4,Maharashtra,6.8,65000,75,35,58,0.6869105864946089,0.7484476322950945,0.7278463868743306,0.4896369506150201,0.6503119419801953,0,105000,30600.0,3.4313725490196076
48966.367374531954,5,Maharashtra,6.8,65000,75,35,58,0.7452322681149883,0.5896168606565109,0.3937878202722445,0.5401644394102127,0.6943716636739568,1,105000,30600.0,3.4313725490196076
10881.299138230386,1,Maharashtra,6.8,65000,75,35,58,0.5976496458409132,0.3543707189081631,0.33050486691942926,0.44640962958099634,0.5265030941901078,1,105000,30600.0,3.4313725490196076
11537.595373934917,1,Maharashtra,6.8,65000,75,35,58,0.5976207099075442,0.1672001786486394,0.5679394423318298,0.3816302733546373,0.36928955648970696,0,105000,30600.0,3.4313725490196076
15850.335557303892,2,Maharashtra,6.8,65000,75,35,58,0.6219587047404326,0.3624071487909485,0.40301245640223693,0.4300365460097908,0.49757555632102024,1,105000,30600.0,3.4313725490196076
85715.15949178243,5,Maharashtra,6.8,65000,75,35,58,0.7211676395937822,0.6853368636750102,0.43462108521256504,0.6630706422614787,0.6529053450818114,0,105000,30600.0,3.4313725490196076
13163.278232988532,1,Maharashtra,6.8,65000,75,35,58,0.6060781837490392,0.17422304194604865,0.4607761998908483,0.403018295974206,0.3251956960333783,0,105000,30600.0,3.4313725490196076
25100.272705733445,3,Maharashtra,6.8,65000,75,35,58,0.671964351973906,0.43254859606524193,0.6911432769554584,0.48455772604125313,0.6898064544996215,1,105000,30600.0,3.4313725490196076
37385.227964096455,4,Maharashtra,6.8,65000,75,35,58,0.6750357287841693,0.6054564772400852,0.3405707246885549,0.6231021242646128,0.7176583404182082,1,105000,30600.0,3.4313725490196076
20776.02506302227,2,Maharashtra,6.8,65000,75,35,58,0.6274686180450144,0.33890032962639804,0.7329045108164467,0.4560428995494672,0.5422083126214022,0,105000,30600.0,3.4313725490196076
16544.015953017002,2,Maharashtra,6.8,65000,75,35,58,0.6343956075366628,0.6694564971666717,0.506209056402336,0.3928439083726946,0.4869217163790892,0,105000,30600.0,3.4313725490196076
10700.09240118407,1,Maharashtra,6.8,65000,75,35,58,0.6057991467745169,0.3585216117908672,0.44043406454141254,0.5235994989598964,0.3937479932735505,0,105000,30600.0,3.4313725490196076
38597.379398234865,4,Maharashtra,6.8,65000,75,35,58,0.6899940580066168,0.6605963395918604,0.6493772655258558,0.6444601839389061,0.7195526164704735,1,105000,30600.0,3.4313725490196076
13813.180630782968,1,Maharashtra,6.8,65000,75,35,58,0.6053528111238925,0.3477066830649484,0.5544557952344957,0.38241291950535694,0.5385748154387939,1,105000,30600.0,3.4313725490196076
56449.966205704324,5,Maharashtra,6.8,65000,75,35,58,0.7118389324993135,0.7513281367610201,0.514408336302859,0.6934516976121395,0.7089080090516094,1,105000,30600.0,3.4313725490196076
23838.060996271393,3,Maharashtra,6.8,65000,75,35,58,0.6755076257517549,0.4386566666073688,0.48754336712828306,0.705454676069819,0.6767473818372078,0,105000,30600.0,3.4313725490196076
41038.80044112177,4,Maharashtra,6.8,65000,75,35,58,0.6998548524583658,0.39731681590034645,0.6927020616600774,0.755721342992969,0.6498953547546954,0,105000,30600.0,3.4313725490196076
61741.663055235134,5,Maharashtra,6.8,65000,75,35,58,0.7064792935579197,0.5096418947143528,0.6794023497041526,0.6783605008751359,0.6323469680960291,1,105000,30600.0,3.4313725490196076
14282.209309889538,1,Maharashtra,6.8,65000,75,35,58,0.5891775409474039,0.44229220917538087,0.561229991037542,0.34818669258765106,0.466954899361904,0,105000,30600.0,3.4313725490196076
49860.54413357299,5,Maharashtra,6.8,65000,75,35,58,0.7094593539275024,0.6418360467079338,0.4987891001666036,0.6562334363897523,0.5152768921904584,0,105000,30600.0,3.4313725490196076
69481.09365290582,5,Maharashtra,6.8,65000,75,35,58,0.7267082711375368,0.5338818127908316,0.6192593243825473,0.5268727928732675,0.5895021443372409,0,105000,30600.0,3.4313725490196076
49688.01081275167,5,Maharashtra,6.8,65000,75,35,58,0.7070812937643968,0.5446990528790957,0.40810125273246417,0.6433381617703225,0.6690272154019746,1,105000,30600.0,3.4313725490196076
11999.91256607082,1,Maharashtra,6.8,65000,75,35,58,0.5966183280864906,0.31933307632895763,0.6077372309500175,0.5916034282889564,0.33893185108164636,1,105000,30600.0,3.4313725490196076
59642.290862715185,5,Maharashtra,6.8,65000,75,35,58,0.7244756153927392,0.7089101944316725,0.5740528457223453,0.6590108849999609,0.6109206834446259,1,105000,30600.0,3.4313725490196076
13222.40945037915,1,Maharashtra,6.8,65000,75,35,58,0.5992669120831071,0.4848600896843771,0.5427087097368315,0.4839239919695441,0.4979307202275869,0,105000,30600.0,3.4313725490196076
20888.959886966048,2,Maharashtra,6.8,65000,75,35,58,0.6325174465856984,0.5533675226346866,0.6379939113826048,0.4161887285352226,0.453636658893813,0,105000,30600.0,3.4313725490196076
25906.951405107215,3,Maharashtra,6.8,65000,75,35,58,0.6492705443150838,0.6906070360584493,0.5480026128578492,0.42347297344742074,0.5377190570827731,1,105000,30600.0,3.4313725490196076
13526.249632762598,1,Maharashtra,6.8,65000,75,35,58,0.6058771151625439,0.16410718991373105,0.4343453565768596,0.6167929744074502,0.30624130284210954,0,105000,30600.0,3.4313725490196076
14287.669866265025,1,Maharashtra,6.8,65000,75,35,58,0.5937964525038115,0.4427978740874211,0.4784776488395661,0.4202549605766276,0.5056463892914601,0,105000,30600.0,3.4313725490196076
37519.5504915789,4,Maharashtra,6.8,65000,75,35,58,0.686682374684592,0.5486634687702286,0.5408836425693151,0.5525827725264324,0.6749854565977306,1,105000,30600.0,3.4313725490196076
26857.954454663362,3,Maharashtra,6.8,65000,75,35,58,0.6623058887076313,0.5777543622242892,0.5746584016287901,0.5901622737449388,0.5002684558624452,1,105000,30600.0,3.4313725490196076
12525.044227660073,1,Maharashtra,6.8,65000,75,35,58,0.60095935364388,0.3286339857256524,0.6509588852508871,0.5423733376844433,0.5283060172156221,0,105000,30600.0,3.4313725490196076
9117.848537993985,1,Maharashtra,6.8,65000,75,35,58,0.6001683716187274,0.17832429791949111,0.44538527486296475,0.39420011717687775,0.3622105321351322,0,105000,30600.0,3.4313725490196076
22046.97636735853,2,Maharashtra,6.8,65000,75,35,58,0.6224223032088039,0.36208874083233866,0.6658756924905807,0.5260149327443502,0.566838382076462,0,105000,30600.0,3.4313725490196076
18702.688072820863,2,Maharashtra,6.8,65000,75,35,58,0.6269330773165794,0.3976725486125078,0.7738723499925023,0.4685684654383709,0.653623268803893,1,105000,30600.0,3.4313725490196076
21191.691762606184,2,Maharashtra,6.8,65000,75,35,58,0.6299504073369417,0.43086012733456247,0.43406101624615034,0.513067430082679,0.4127603006526814,0,105000,30600.0,3.4313725490196076
12000.064668004328,1,Maharashtra,6.8,65000,75,35,58,0.5861777190969006,0.4109102941903346,0.6457250130186261,0.3671707519097468,0.5588024564823938,0,105000,30600.0,3.4313725490196076
105586.0349026003,5,Maharashtra,6.8,65000,75,35,58,0.7153032417654377,0.5107999082303151,0.41159114059057195,0.6718132617410713,0.7289368258587605,0,105000,30600.0,3.4313725490196076
8284.477930989342,1,Maharashtra,6.8,65000,75,35,58,0.6038053702188999,0.39382970301681575,0.4495004464319841,0.3329818785977384,0.29474533233213424,0,105000,30600.0,3.4313725490196076
22117.6842611857,2,Maharashtra,6.8,65000,75,35,58,0.617154205390118,0.5452823785993615,0.5479426663352511,0.6207769779100374,0.6547197443413184,0,105000,30600.0,3.4313725490196076
13695.513049860425,1,Maharashtra,6.8,65000,75,35,58,0.6114943879445138,0.4372023954958148,0.5068584510962533,0.5070756717651368,0.43708200350080545,0,105000,30600.0,3.4313725490196076
122459.9415171194,5,Maharashtra,6.8,65000,75,35,58,0.7326247040545699,0.4078047411743916,0.3770995073262059,0.8012249070321786,0.6785373231823671,1,105000,30600.0,3.4313725490196076
61906.720065818336,5,Maharashtra,6.8,65000,75,35,58,0.7074770656689706,0.6706227394209476,0.726223307003759,0.6986973521114064,0.6734284773107027,0,105000,30600.0,3.4313725490196076
15336.99080675389,2,Maharashtra,6.8,65000,75,35,58,0.6435047677590728,0.35738370072047465,0.42735362496598694,0.42342760304750915,0.41073868766944555,1,105000,30600.0,3.4313725490196076
25545.564901198806,3,Maharashtra,6.8,65000,75,35,58,0.65849275554145,0.4216464037193257,0.5711018457548243,0.5639930056929358,0.5122831111743538,1,105000,30600.0,3.4313725490196076
30848.308934303994,3,Maharashtra,6.8,65000,75,35,58,0.664113717020142,0.676713951799611,0.37104386141733603,0.6181864058250266,0.5331803959951842,1,105000,30600.0,3.4313725490196076
23023.427702493347,3,Maharashtra,6.8,65000,75,35,58,0.6549620609072889,0.6177664603987074,0.4107058566827128,0.5310447802323615,0.6177075318453467,1,105000,30600.0,3.4313725490196076
20289.256889002743,2,Maharashtra,6.8,65000,75,35,58,0.639159019700839,0.3657947807423512,0.3656513367192529,0.5345726818808517,0.5129481493553342,0,105000,30600.0,3.4313725490196076
10885.231671455465,1,Maharashtra,6.8,65000,75,35,58,0.6039895116170582,0.3262437027037291,0.4791801099816503,0.36758433111473754,0.45123128869924534,0,105000,30600.0,3.4313725490196076
18536.22131557735,2,Maharashtra,6.8,65000,75,35,58,0.6217870388625953,0.3203057576078072,0.40487613270635653,0.601915025303432,0.4616683001138211,0,105000,30600.0,3.4313725490196076
17585.885459457713,2,Maharashtra,6.8,65000,75,35,58,0.6182765514289185,0.24144241119837595,0.6120230628154487,0.641636768458594,0.5071559391091843,1,105000,30600.0,3.4313725490196076
36246.226598887115,4,Maharashtra,6.8,65000,75,35,58,0.6753255470764792,0.706589903721612,0.5403578258065056,0.5632407512470737,0.6630870989695874,1,105000,30600.0,3.4313725490196076
58158.427270620654,5,Maharashtra,6.8,65000,75,35,58,0.721807989192899,0.8499771522397233,0.4730367609644255,0.7567771942934453,0.6872824057309606,1,105000,30600.0,3.4313725490196076
25120.997457327587,3,Maharashtra,6.8,65000,75,35,58,0.6656532855463688,0.7302824116709539,0.4582378498406881,0.44636143580994914,0.5425096440268343,1,105000,30600.0,3.4313725490196076
11174.67391978684,1,Maharashtra,6.8,65000,75,35,58,0.6064382282163658,0.6572905137690078,0.6720111584577809,0.392789124859082,0.6211122374701805,0,105000,30600.0,3.4313725490196076
8000.0,1,Maharashtra,6.8,65000,75,35,58,0.5987487604824977,0.4824098426293071,0.48528005849758127,0.4573387977144062,0.5140635537633754,1,105000,30600.0,3.4313725490196076
20673.118095411784,2,Maharashtra,6.8,65000,75,35,58,0.6183586068719278,0.3831078047094435,0.48033579614886135,0.4846999150166305,0.5663800840228628,1,105000,30600.0,3.4313725490196076
10554.337509875859,1,Maharashtra,6.8,65000,75,35,58,0.5931078234483337,0.41339672278084205,0.5139602022931794,0.5046655135456027,0.3077766201502687,0,105000,30600.0,3.4313725490196076
53341.55152550935,5,Maharashtra,6.8,65000,75,35,58,0.7314520578181908,0.6844210347841695,0.5255921769534008,0.6876732765754296,0.7791706321015794,0,105000,30600.0,3.4313725490196076
42849.48964176905,4,Maharashtra,6.8,65000,75,35,58,0.6850822857825707,0.7046966375830019,0.42027717720710955,0.49495937329034223,0.6577048923917012,1,105000,30600.0,3.4313725490196076
17341.896015893206,2,Maharashtra,6.8,65000,75,35,58,0.6313627477353861,0.4412916481875927,0.6198034019472082,0.4082860995438796,0.5759488676992784,1,105000,30600.0,3.4313725490196076
33727.95010389048,4,Maharashtra,6.8,65000,75,35,58,0.6791720665928226,0.5903873379535791,0.6824496054231651,0.48429126598610506,0.4949745364085466,0,105000,30600.0,3.4313725490196076
98754.43967396111,5,Maharashtra,6.8,65000,75,35,58,0.7232944018831619,0.7420557699647565,0.3793176832088641,0.8045597926264354,0.6756310673423582,1,105000,30600.0,3.4313725490196076
116668.33576664726,5,Maharashtra,6.8,65000,75,35,58,0.7153517258117807,0.5284206946166023,0.5323165243050689,0.7123810511231535,0.6313650675331811,0,105000,30600.0,3.4313725490196076
43272.079528915914,4,Maharashtra,6.8,65000,75,35,58,0.7003956985663291,0.7038015027734748,0.6726208600194109,0.7254530964034825,0.731869740502002,1,105000,30600.0,3.4313725490196076
15234.507373940805,2,Maharashtra,6.8,65000,75,35,58,0.6376641484906396,0.5205695117098925,0.8634802937566974,0.5311569425058833,0.7395779034082036,0,105000,30600.0,3.4313725490196076
34293.01555632189,4,Maharashtra,6.8,65000,75,35,58,0.6849715119628225,0.3490905418600953,0.7009837189893895,0.5269292339614355,0.5880471442398023,0,105000,30600.0,3.4313725490196076
150000.0,5,Maharashtra,6.8,65000,75,35,58,0.7186619311550948,0.7556131079785873,0.5515556485582651,0.7067580417015574,0.7815507747841705,1,105000,30600.0,3.4313725490196076
68318.60047431335,5,Maharashtra,6.8,65000,75,35,58,0.7144174090281652,0.8918103415919267,0.551021479576014,0.670379456805452,0.806333513137595,1,105000,30600.0,3.4313725490196076
28279.08105426952,3,Maharashtra,6.8,65000,75,35,58,0.6457342394631214,0.3849610291284721,0.6741265972058637,0.5412354784145449,0.6101593225046952,0,105000,30600.0,3.4313725490196076
13611.016946372507,1,Maharashtra,6.8,65000,75,35,58,0.5913541471330993,0.5049976488565735,0.3262548612656547,0.43031936215129307,0.45901241410020843,1,105000,30600.0,3.4313725490196076
34040.33670597817,4,Maharashtra,6.8,65000,75,35,58,0.6919107447057796,0.8276746235225831,0.47608154219395077,0.6638007336229959,0.764576399190122,1,105000,30600.0,3.4313725490196076
10459.821285052574,1,Maharashtra,6.8,65000,75,35,58,0.6031811664108673,0.4271809902665534,0.3629504789723939,0.5041062736761667,0.347673371118773,1,105000,30600.0,3.4313725490196076
20117.60059672435,2,Maharashtra,6.8,65000,75,35,58,0.6314140504644978,0.5223882084496451,0.6304749263832238,0.4142475651894517,0.5784423861520144,1,105000,30600.0,3.4313725490196076
29084.504539592304,3,Maharashtra,6.8,65000,75,35,58,0.6569112408889851,0.3518064259327066,0.39545147605864445,0.6636443939281158,0.6472384786545771,1,105000,30600.0,3.4313725490196076
22050.519296290277,2,Maharashtra,6.8,65000,75,35,58,0.6392592374857813,0.5459751710169697,0.6793920429679008,0.5596051512710523,0.6125840901307387,0,105000,30600.0,3.4313725490196076
27801.755118427387,3,Maharashtra,6.8,65000,75,35,58,0.6605639904741808,0.5710487250651302,0.43581064324638075,0.5795203176999809,0.6179063545049919,0,105000,30600.0,3.4313725490196076
37066.316566890164,4,Maharashtra,6.8,65000,75,35,58,0.696961109709531,0.7212705420688132,0.6879967004237297,0.6934530338607471,0.7756105672753225,1,105000,30600.0,3.4313725490196076
32243.21148569377,3,Maharashtra,6.8,65000,75,35,58,0.6421908201065463,0.6789827712506616,0.6492969406677376,0.4648776877946231,0.5751131545860663,0,105000,30600.0,3.4313725490196076
39559.387412403434,4,Maharashtra,6.8,65000,75,35,58,0.650704568912388,0.682680756639298,0.5515554178223288,0.7446926275258127,0.840261349149876,1,105000,30600.0,3.4313725490196076
33478.70176194359,4,Maharashtra,6.8,65000,75,35,58,0.6927664517069523,0.6420118717081454,0.7792588610152815,0.5499539391679745,0.5886285649089574,0,105000,30600.0,3.4313725490196076
20425.28965087801,2,Maharashtra,6.8,65000,75,35,58,0.6156809148913565,0.37333817171666006,0.36610694670294486,0.4476049896961131,0.3061822668874307,1,105000,30600.0,3.4313725490196076
63605.18995137658,5,Maharashtra,6.8,65000,75,35,58,0.7178040544014409,0.6558774928965905,0.7201637288408196,0.7632485431756261,0.7776429416615274,1,105000,30600.0,3.4313725490196076
74371.77063267103,5,Maharashtra,6.8,65000,75,35,58,0.7169076010183254,0.8536959887663652,0.4482254358235985,0.6189751393245422,0.6491324455610735,0,105000,30600.0,3.4313725490196076
18635.116999277525,2,Maharashtra,6.8,65000,75,35,58,0.6458025774527267,0.48130667300763763,0.5213655895302624,0.6179902441608648,0.5850264009008239,1,105000,30600.0,3.4313725490196076
9846.421151707757,1,Maharashtra,6.8,65000,75,35,58,0.6039285369580075,0.5887676260906437,0.5206334674099033,0.4171807402485237,0.5275511029910497,1,105000,30600.0,3.4313725490196076
8000.0,1,Maharashtra,6.8,65000,75,35,58,0.6015871616965582,0.5633925505103177,0.5476125092725175,0.48398417297144897,0.5616926898299869,1,105000,30600.0,3.4313725490196076
17406.093692615763,2,Maharashtra,6.8,65000,75,35,58,0.6382984829749081,0.3727415409862937,0.46972455474263725,0.43803126061391073,0.36920666709851874,0,105000,30600.0,3.4313725490196076
56888.018029251594,5,Maharashtra,6.8,65000,75,35,58,0.7236135472969618,0.6594154586884444,0.5003649359865359,0.7382338889559299,0.6440236142962437,1,105000,30600.0,3.4313725490196076
24063.379415449293,3,Maharashtra,6.8,65000,75,35,58,0.6553518014986871,0.41758958429943105,0.41904561266666496,0.46886010892206775,0.5724831482019097,1,105000,30600.0,3.4313725490196076
10471.023155117735,1,Maharashtra,6.8,65000,75,35,58,0.6106433307311171,0.5547079255391328,0.3627916284863825,0.588607223606419,0.4842590474199251,1,105000,30600.0,3.4313725490196076
16313.09642920764,2,Maharashtra,6.8,65000,75,35,58,0.6188310701496886,0.4904080671411304,0.615587865121128,0.48027242690482375,0.524989329608575,1,105000,30600.0,3.4313725490196076
19658.061125924985,2,Maharashtra,6.8,65000,75,35,58,0.633161043303907,0.4806280294889512,0.7213404242647083,0.5102501222701609,0.5282875320229217,1,105000,30600.0,3.4313725490196076
16571.25371860238,2,Maharashtra,6.8,65000,75,35,58,0.6144528734872082,0.5402879277659277,0.5647804515887467,0.3759843459288093,0.5320737510376644,0,105000,30600.0,3.4313725490196076
15227.982060140115,2,Maharashtra,6.8,65000,75,35,58,0.6319680100037314,0.7227541113981837,0.36327937587225695,0.6615147676034842,0.5746745417028633,1,105000,30600.0,3.4313725490196076
18268.89953002619,2,Maharashtra,6.8,65000,75,35,58,0.6318584678463007,0.7119515638516495,0.48106153491163917,0.6127303737082836,0.7189777966850714,1,105000,30600.0,3.4313725490196076
54245.612772383014,5,Maharashtra,6.8,65000,75,35,58,0.7366931210477181,0.6606554244800451,0.5380806909401026,0.6528804499581664,0.6242735100464525,1,105000,30600.0,3.4313725490196076
15562.159216654203,2,Maharashtra,6.8,65000,75,35,58,0.6142788324941536,0.6583670061448595,0.37281399286124733,0.6448561795010057,0.4696993189140014,0,105000,30600.0,3.4313725490196076
8000.0,1,Maharashtra,6.8,65000,75,35,58,0.5939196996700333,0.5355457185312192,0.5823896749490536,0.5980956685245844,0.471642856283421,0,105000,30600.0,3.4313725490196076
18299.218770910025,2,Maharashtra,6.8,65000,75,35,58,0.6381553956943128,0.566295288197802,0.49520298376384436,0.5286934142662587,0.6327929331900067,1,105000,30600.0,3.4313725490196076
21419.826916267364,2,Maharashtra,6.8,65000,75,35,58,0.6332817439925444,0.7472505869993129,0.45739219585840085,0.43893301521978895,0.46488308497566794,1,105000,30600.0,3.4313725490196076
8000.0,1,Maharashtra,6.8,65000,75,35,58,0.6017316219419465,0.25058015492140745,0.3371134501844502,0.46491087817081367,0.2974553323430609,0,105000,30600.0,3.4313725490196076
20579.031896000684,2,Maharashtra,6.8,65000,75,35,58,0.620367214398986,0.3936199408673535,0.5491274694850701,0.4662173599060307,0.5431380575764352,1,105000,30600.0,3.4313725490196076
20334.427337187128,2,Maharashtra,6.8,65000,75,35,58,0.6240203879476571,0.6388300231742432,0.5513531429827835,0.503173466480957,0.6911336675010679,1,105000,30600.0,3.4313725490196076
32484.110036624803,4,Maharashtra,6.8,65000,75,35,58,0.702378981510804,0.5442238994387625,0.4869643689103782,0.7421953870142003,0.7792099154262375,0,105000,30600.0,3.4313725490196076
35095.82109447491,4,Maharashtra,6.8,65000,75,35,58,0.6894134794910322,0.6744680858734069,0.6009405486094082,0.5533281535565009,0.6298547196079328,0,105000,30600.0,3.4313725490196076
13661.923954118254,1,Maharashtra,6.8,65000,75,35,58,0.6036821683900162,0.2879784369475292,0.6590470153352879,0.5704678161834098,0.290540856262029,0,105000,30600.0,3.4313725490196076
24199.579739006655,3,Maharashtra,6.8,65000,75,35,58,0.6587766881408066,0.47708100407311316,0.42558472406891423,0.6993680940293351,0.5692681336271993,1,105000,30600.0,3.4313725490196076
16207.13356441549,2,Maharashtra,6.8,65000,75,35,58,0.6180977162760737,0.5652785257764589,0.4001523162061923,0.6102936140413003,0.6361497887133516,1,105000,30600.0,3.4313725490196076
26770.83988576452,3,Maharashtra,6.8,65000,75,35,58,0.6692666756893214,0.6353108703051816,0.6175451134199648,0.5769537808694408,0.5519780918582097,0,105000,30600.0,3.4313725490196076
23134.338201819646,3,Maharashtra,6.8,65000,75,35,58,0.6649608952738963,0.4701443751659239,0.4637573559740068,0.5879709714138797,0.5120730706222194,1,105000,30600.0,3.4313725490196076
33646.599316939064,4,Maharashtra,6.8,65000,75,35,58,0.7129849398022433,0.6967572150239878,0.5085819386077253,0.7146682764937636,0.7060532838833274,1,105000,30600.0,3.4313725490196076
54029.35291896543,5,Maharashtra,6.8,65000,75,35,58,0.709772757632066,0.6414794025331461,0.7338117332233021,0.5321280218198587,0.7384510177136098,0,105000,30600.0,3.4313725490196076
30420.602166566434,3,Maharashtra,6.8,65000,75,35,58,0.6681543006405762,0.6335461959500025,0.6156999739131362,0.6395567750138283,0.5787021333362812,0,105000,30600.0,3.4313725490196076
24016.90453862702,3,Maharashtra,6.8,65000,75,35,58,0.6468131317682014,0.5570118746313341,0.4140319459935856,0.5774380242316703,0.6325837548202989,1,105000,30600.0,3.4313725490196076
15367.98372314899,2,Maharashtra,6.8,65000,75,35,58,0.6315020371053022,0.5159292200550947,0.4420274240705315,0.48791901065631244,0.5610433004623419,0,105000,30600.0,3.4313725490196076
8000.0,1,Maharashtra,6.8,65000,75,35,58,0.6096936373192031,0.39148645865923026,0.550091058108132,0.5488560819826258,0.4876173650838392,0,105000,30600.0,3.4313725490196076
13907.859569100805,1,Maharashtra,6.8,65000,75,35,58,0.5792072202676066,0.20445644743197605,0.5690372532546781,0.39865194608474025,0.4528361830125549,1,105000,30600.0,3.4313725490196076
21473.615873549024,2,Maharashtra,6.8,65000,75,35,58,0.6278792466861554,0.4336605538672307,0.4085600906607657,0.6374378960921474,0.6038860063946321,1,105000,30600.0,3.4313725490196076
10049.010926311417,1,Maharashtra,6.8,65000,75,35,58,0.5942964740881452,0.46234466240418454,0.6213831158537291,0.5253241112719892,0.6463632981752476,1,105000,30600.0,3.4313725490196076
40543.58879244656,4,Maharashtra,6.8,65000,75,35,58,0.6829089984456203,0.5794947552760594,0.6323267690701617,0.6518244546683571,0.746945273769572,1,105000,30600.0,3.4313725490196076
25227.97217812256,3,Maharashtra,6.8,65000,75,35,58,0.663780697951165,0.7592112955312998,0.6068138788752084,0.5757138660374325,0.5736982521200247,0,105000,30600.0,3.4313725490196076
50073.779018926136,5,Maharashtra,6.8,65000,75,35,58,0.7311354284927974,0.7850532081018342,0.7786473033786708,0.5826050753669305,0.7556092903362964,1,105000,30600.0,3.4313725490196076
25208.56395800497,3,Maharashtra,6.8,65000,75,35,58,0.6585957842762798,0.5648422391344896,0.6123031668967389,0.6038612656369412,0.6116888766139674,1,105000,30600.0,3.4313725490196076
110270.59486080793,5,Maharashtra,6.8,65000,75,35,58,0.7219834357041717,0.7447506187524792,0.38050749498340214,0.7362519718835179,0.709743588213116,1,105000,30600.0,3.4313725490196076
12436.751287698658,1,Maharashtra,6.8,65000,75,35,58,0.6010716589591639,0.17284530784780278,0.41508087175659664,0.3222846931368456,0.34374368026321706,1,105000,30600.0,3.4313725490196076
28586.458040607,3,Maharashtra,6.8,65000,75,35,58,0.6599466064921355,0.6280491367690073,0.4869053145907475,0.5287035220779384,0.5906731782703906,1,105000,30600.0,3.4313725490196076
30764.11453947415,3,Maharashtra,6.8,65000,75,35,58,0.6490351450514503,0.6241720149703089,0.41330742943399734,0.6685170069640739,0.603709826113197,1,105000,30600.0,3.4313725490196076
84832.17690485422,5,Maharashtra,6.8,65000,75,35,58,0.7310130174458004,0.5781604806454985,0.5825365163054277,0.7084410158088126,0.6406763738948994,0,105000,30600.0,3.4313725490196076
12253.344225703164,1,Maharashtra,6.8,65000,75,35,58,0.6028805251101599,0.30055231421182743,0.4207328742545535,0.5033589093049203,0.4530250718689032,1,105000,30600.0,3.4313725490196076
8000.0,1,Maharashtra,6.8,65000,75,35,58,0.6038773863285972,0.2242698215969171,0.45047873604116384,0.3873615833145679,0.4499757848537319,1,105000,30600.0,3.4313725490196076
103405.35784299944,5,Maharashtra,6.8,65000,75,35,58,0.7118634751383156,0.5404303710520418,0.3587127024764014,0.7084043978207369,0.6065555299255775,1,105000,30600.0,3.4313725490196076
15642.854668213857,2,Maharashtra,6.8,65000,75,35,58,0.6253363674486789,0.7730704462905308,0.7009548043228917,0.6046227979664308,0.631300136825127,0,105000,30600.0,3.4313725490196076
19343.57073535942,2,Maharashtra,6.8,65000,75,35,58,0.6281672294514636,0.5893257211818284,0.5072282071522227,0.4893046932365313,0.5572086168717029,1,105000,30600.0,3.4313725490196076
14699.290062382257,1,Maharashtra,6.8,65000,75,35,58,0.5845873244940829,0.44028202653923654,0.7411814546508958,0.3734054213806918,0.518026692271699,1,105000,30600.0,3.4313725490196076
43936.04920468812,4,Maharashtra,6.8,65000,75,35,58,0.6730482281765947,0.6593085822465679,0.5347835540801193,0.4919600552663462,0.5438772023004835,1,105000,30600.0,3.4313725490196076
35430.026117028894,4,Maharashtra,6.8,65000,75,35,58,0.6839210921221858,0.8340335922812894,0.48037724884821087,0.6204864777123082,0.6455220619504658,0,105000,30600.0,3.4313725490196076
17274.449954528052,2,Maharashtra,6.8,65000,75,35,58,0.6351537790929953,0.617160322556388,0.5832805353854601,0.5739353557227647,0.5144403050784381,1,105000,30600.0,3.4313725490196076
33125.90856752935,4,Maharashtra,6.8,65000,75,35,58,0.6833971975292721,0.39104737511113785,0.4008818247261016,0.5175695560567045,0.5328832253068319,0,105000,30600.0,3.4313725490196076
40151.07103301726,4,Maharashtra,6.8,65000,75,35,58,0.6797405194526643,0.49052976571920354,0.42371491165579195,0.5952108652641754,0.5405063850548955,1,105000,30600.0,3.4313725490196076
20864.790186067035,2,Maharashtra,6.8,65000,75,35,58,0.6217817148961947,0.5345696103397474,0.6930411750062524,0.5393707405210901,0.6785094294231689,1,105000,30600.0,3.4313725490196076
8000.0,1,Maharashtra,6.8,65000,75,35,58,0.5953751471971184,0.4143968388116956,0.6443375901278134,0.3655353049487881,0.5027550392538161,1,105000,30600.0,3.4313725490196076
67360.71398917749,5,Maharashtra,6.8,65000,75,35,58,0.7163899818003704,0.6985410200463202,0.47668798860188155,0.5997447637105817,0.6956772563230741,1,105000,30600.0,3.4313725490196076
9412.978401330776,1,Maharashtra,6.8,65000,75,35,58,0.621583785950637,0.20537699243659735,0.4278386625918208,0.5013017936036175,0.43135396435646056,0,105000,30600.0,3.4313725490196076
23382.734696834093,3,Maharashtra,6.8,65000,75,35,58,0.6704747777134445,0.4993349777670665,0.7440028110579187,0.6362849599633394,0.7003863384576234,0,105000,30600.0,3.4313725490196076
17582.292352892713,2,Maharashtra,6.8,65000,75,35,58,0.6401763125513886,0.5562223220178565,0.42187629240528085,0.5595757990803469,0.4228960241100466,0,105000,30600.0,3.4313725490196076
41490.52673089629,4,Maharashtra,6.8,65000,75,35,58,0.7016143750713053,0.4971285988613262,0.5884713098147316,0.6828680414828896,0.6399105180852401,1,105000,30600.0,3.4313725490196076
9290.637228797754,1,Maharashtra,6.8,65000,75,35,58,0.589940362735231,0.19365945146333668,0.6046851187367595,0.49322912144028225,0.4159179534177043,1,105000,30600.0,3.4313725490196076
25175.410872358872,3,Maharashtra,6.8,65000,75,35,58,0.647704925278699,0.6625180162417518,0.4118346494890774,0.669527651192924,0.6917600633573084,0,105000,30600.0,3.4313725490196076
53804.71422287318,5,Maharashtra,6.8,65000,75,35,58,0.7088598685132309,0.46973782494977423,0.5063079978351043,0.7667985690392206,0.5602099111974399,1,105000,30600.0,3.4313725490196076
38893.23778252886,4,Maharashtra,6.8,65000,75,35,58,0.7032736327619499,0.7106611071312645,0.5433241620000312,0.7076520379341081,0.7053250363767802,0,105000,30600.0,3.4313725490196076
22291.215870260086,2,Maharashtra,6.8,65000,75,35,58,0.6244566535397464,0.47783806630428727,0.5911677319279602,0.5414152144173271,0.6405930956699966,0,105000,30600.0,3.4313725490196076
22641.315103483994,2,Maharashtra,6.8,65000,75,35,58,0.6174150096061786,0.45515964618345683,0.3628964314166848,0.6670168383592022,0.5244864576116576,1,105000,30600.0,3.4313725490196076
13679.143453564351,1,Maharashtra,6.8,65000,75,35,58,0.5956186094263733,0.5143161875709952,0.46784109143841224,0.3305113819233571,0.43151350514045717,0,105000,30600.0,3.4313725490196076
47027.633086125665,4,Maharashtra,6.8,65000,75,35,58,0.6875425161114251,0.5615969806086138,0.6123555475726029,0.527473707749244,0.6251837656298741,1,105000,30600.0,3.4313725490196076
26798.676861653672,3,Maharashtra,6.8,65000,75,35,58,0.662612704165517,0.6809303076758436,0.6605021147335615,0.661440965682389,0.6595956525151854,1,105000,30600.0,3.4313725490196076
36090.823879620024,4,Maharashtra,6.8,65000,75,35,58,0.6924380816356919,0.552007487545346,0.6044362105372256,0.716665533454235,0.6916099690998925,0,105000,30600.0,3.4313725490196076
73464.76477613696,5,Maharashtra,6.8,65000,75,35,58,0.7116467657898364,0.7119068295125945,0.32587237928351015,0.7644036241500971,0.7420420299415349,1,105000,30600.0,3.4313725490196076
72922.10348651133,5,Maharashtra,6.8,65000,75,35,58,0.7267851353537086,0.5877666459171773,0.6423900870522157,0.7805919585956029,0.7357365487993321,1,105000,30600.0,3.4313725490196076
25799.79175921984,3,Maharashtra,6.8,65000,75,35,58,0.6535366360910698,0.5723847633921652,0.466074408066366,0.545560158600629,0.5619345648203887,1,105000,30600.0,3.4313725490196076
38005.72719591403,4,Maharashtra,6.8,65000,75,35,58,0.688365808061521,0.7244862905991091,0.35958392957794416,0.748327834358738,0.7159373180602353,1,105000,30600.0,3.4313725490196076
51564.41023401703,5,Maharashtra,6.8,65000,75,35,58,0.7267963121336051,0.7188526247268882,0.605137010082644,0.5815289212751233,0.7704570698370826,1,105000,30600.0,3.4313725490196076
31016.207462358703,3,Maharashtra,6.8,65000,75,35,58,0.653510357389128,0.3597143722983426,0.6889355583879977,0.6998623244913101,0.5629373563264499,0,105000,30600.0,3.4313725490196076
9520.097168922992,1,Maharashtra,6.8,65000,75,35,58,0.5942350571927602,0.5119912874870831,0.6961626216288124,0.4857813336653123,0.6779699179467438,1,105000,30600.0,3.4313725490196076
12854.348558225474,1,Maharashtra,6.8,65000,75,35,58,0.6058452519255028,0.5561631300294959,0.5700321773835324,0.3679429994245321,0.4476199145302322,0,105000,30600.0,3.4313725490196076
44020.008217243325,4,Maharashtra,6.8,65000,75,35,58,0.6813512396625212,0.7023526756970222,0.5532619220717867,0.6896009098666879,0.701493012197293,1,105000,30600.0,3.4313725490196076
23438.95672548904,3,Maharashtra,6.8,65000,75,35,58,0.6560806511925307,0.427890950753139,0.49424485302001175,0.5075415573685382,0.5439927725278332,1,105000,30600.0,3.4313725490196076
11997.042056123124,1,Maharashtra,6.8,65000,75,35,58,0.6054859932090004,0.34607077858249535,0.7019649244917386,0.3849150527184281,0.49927180194831,1,105000,30600.0,3.4313725490196076
17121.659006314316,2,Maharashtra,6.8,65000,75,35,58,0.6504694958429311,0.5805664314728759,0.6460000852401708,0.4204003586857664,0.43421821077830525,0,105000,30600.0,3.4313725490196076
8410.545457791577,1,Maharashtra,6.8,65000,75,35,58,0.605982616476199,0.33886220813754636,0.5457639929022098,0.3275993719886171,0.32754164085473947,1,105000,30600.0,3.4313725490196076
38264.44615948349,4,Maharashtra,6.8,65000,75,35,58,0.6946549690584716,0.6401118880304006,0.31461206251745427,0.6981739818167844,0.5931891812738498,1,105000,30600.0,3.4313725490196076
105223.28039701706,5,Maharashtra,6.8,65000,75,35,58,0.7252365872652987,0.48186215038177727,0.690367122452241,0.664729059637651,0.62080043756889,1,105000,30600.0,3.4313725490196076
55137.007204953894,5,Maharashtra,6.8,65000,75,35,58,0.709196668687901,0.6499689546986775,0.3561732549845349,0.81239742186782,0.7112306200580739,1,105000,30600.0,3.4313725490196076
26025.718683420288,3,Maharashtra,6.8,65000,75,35,58,0.6610845388153705,0.6984555650242016,0.48546502466532737,0.5505592490442671,0.6866411734999438,0,105000,30600.0,3.4313725490196076
18168.91353414652,2,Maharashtra,6.8,65000,75,35,58,0.6296309065452074,0.26676817250820145,0.52373782064093,0.6217829423387568,0.35704090568014507,1,105000,30600.0,3.4313725490196076
8341.29925409294,1,Maharashtra,6.8,65000,75,35,58,0.603144416832299,0.22220311089620542,0.3400508187036305,0.6092061676882682,0.35108094763376424,0,105000,30600.0,3.4313725490196076
21442.973123028034,2,Maharashtra,6.8,65000,75,35,58,0.6310936519533301,0.37866063684517876,0.49541821680111015,0.375516398665095,0.40490859577015686,0,105000,30600.0,3.4313725490196076
17718.412975953455,2,Maharashtra,6.8,65000,75,35,58,0.6337255682027425,0.2601266752551544,0.40488169544218383,0.40037344497273086,0.32497603983943046,0,105000,30600.0,3.4313725490196076
42285.703575983214,4,Maharashtra,6.8,65000,75,35,58,0.6868138994795794,0.46130234711352147,0.5387773167318367,0.5731369087123248,0.5527775890502354,1,105000,30600.0,3.4313725490196076
30031.122611940707,3,Maharashtra,6.8,65000,75,35,58,0.6605146606022894,0.5535018104221777,0.6252311995153534,0.6798126341094666,0.5784650294059477,1,105000,30600.0,3.4313725490196076
30434.523234098477,3,Maharashtra,6.8,65000,75,35,58,0.6476502857680015,0.3584420272489771,0.6228949088891593,0.6701629118068767,0.6163455559580655,0,105000,30600.0,3.4313725490196076
30900.93332553185,3,Maharashtra,6.8,65000,75,35,58,0.6567294986485422,0.4695722702563493,0.4501414377042981,0.5287982850033424,0.7154222762732535,0,105000,30600.0,3.4313725490196076
20271.000666849,2,Maharashtra,6.8,65000,75,35,58,0.6438369069103378,0.552199507657207,0.6641752723171332,0.42874898700011055,0.4876967543709566,0,105000,30600.0,3.4313725490196076
52049.577660462906,5,Maharashtra,6.8,65000,75,35,58,0.723116654824854,0.5052566630330304,0.6779669526441928,0.7594740423225494,0.7692738581255486,1,105000,30600.0,3.4313725490196076
14537.721778300318,1,Maharashtra,6.8,65000,75,35,58,0.5997193610547407,0.4714691252228073,0.5910950342851906,0.4978521544964321,0.7000247253101188,1,105000,30600.0,3.4313725490196076
34338.298476310934,4,Maharashtra,6.8,65000,75,35,58,0.7088898041911149,0.7574573106734914,0.5630139681267847,0.4782579179797565,0.5874242003584288,1,105000,30600.0,3.4313725490196076
24818.46067298592,3,Maharashtra,6.8,65000,75,35,58,0.6463202216455606,0.5128218496760178,0.4669061503034876,0.660042557593907,0.7274063519492125,1,105000,30600.0,3.4313725490196076
70178.04384543315,5,Maharashtra,6.8,65000,75,35,58,0.7088340158741093,0.7446211736235749,0.42465659350927143,0.8058660376855658,0.6525294639403387,1,105000,30600.0,3.4313725490196076
14897.864715386624,1,Maharashtra,6.8,65000,75,35,58,0.6170556855413342,0.20519772761757266,0.7025152168963764,0.3314038752725821,0.5102795576722029,0,105000,30600.0,3.4313725490196076
22230.459900964383,2,Maharashtra,6.8,65000,75,35,58,0.6303881807890608,0.29501332178681705,0.47555548935002623,0.4545398586222835,0.38552468901688464,0,105000,30600.0,3.4313725490196076
21196.278550133484,2,Maharashtra,6.8,65000,75,35,58,0.6275027410656735,0.6326328000414477,0.8071078462660775,0.614617270532159,0.5235068483252797,1,105000,30600.0,3.4313725490196076
10406.07554117485,1,Maharashtra,6.8,65000,75,35,58,0.587936528177615,0.19333204549893937,0.4240065882830643,0.4941726825836836,0.4733227839402352,1,105000,30600.0,3.4313725490196076
43310.96632979985,4,Maharashtra,6.8,65000,75,35,58,0.6944055340925216,0.5535312120625094,0.7872915886752545,0.76558464517592,0.7448775008625037,1,105000,30600.0,3.4313725490196076
19025.285015896985,2,Maharashtra,6.8,65000,75,35,58,0.635373170123846,0.3805787026025683,0.6180492446416244,0.6434286789781932,0.5604095010592753,1,105000,30600.0,3.4313725490196076
33732.931590391985,4,Maharashtra,6.8,65000,75,35,58,0.6789836278202225,0.6897825256579373,0.5058055972712161,0.5222592416755268,0.48481804907144005,0,105000,30600.0,3.4313725490196076
14889.212390809014,1,Maharashtra,6.8,65000,75,35,58,0.5985258155730672,0.4364256531006306,0.5717627434221166,0.5209862571696018,0.6043198238834824,0,105000,30600.0,3.4313725490196076
49005.692125363785,5,Maharashtra,6.8,65000,75,35,58,0.7165734131082409,0.8480338273474115,0.5412491286724358,0.7147638718003638,0.788590258469695,1,105000,30600.0,3.4313725490196076
57170.522364811244,5,Maharashtra,6.8,65000,75,35,58,0.7224883428927592,0.8623252400662721,0.517577559068734,0.5520349616443341,0.5542726666193877,0,105000,30600.0,3.4313725490196076
32400.589472829677,3,Maharashtra,6.8,65000,75,35,58,0.6487360690063649,0.48886104017422627,0.4132291485484809,0.44563345877127924,0.5062854822131129,1,105000,30600.0,3.4313725490196076
34332.20855497402,4,Maharashtra,6.8,65000,75,35,58,0.702448045973703,0.5218977307681087,0.3466342080066806,0.6396110128899809,0.6187477970478289,0,105000,30600.0,3.4313725490196076
21756.219567514905,2,Maharashtra,6.8,65000,75,35,58,0.6390868092445474,0.3666749773329902,0.6419423662058132,0.4896697168329158,0.4304148163928156,1,105000,30600.0,3.4313725490196076
45998.77674089283,4,Maharashtra,6.8,65000,75,35,58,0.6862968158412432,0.43480037655506504,0.6515374009190624,0.632411552340558,0.6818686047465122,1,105000,30600.0,3.4313725490196076
48414.0035286816,5,Maharashtra,6.8,65000,75,35,58,0.7177643843121878,0.8484037986077285,0.49350556144961377,0.5904263142505707,0.820952460298147,1,105000,30600.0,3.4313725490196076
89619.51969626303,5,Maharashtra,6.8,65000,75,35,58,0.7185643499257953,0.713104305014334,0.4842920165833304,0.6857766883298907,0.7463560322383616,1,105000,30600.0,3.4313725490196076
31366.99912796127,3,Maharashtra,6.8,65000,75,35,58,0.6521454858985064,0.7457217489972225,0.6792228176934587,0.5337963683190454,0.7550655262877588,1,105000,30600.0,3.4313725490196076
17870.048026604833,2,Maharashtra,6.8,65000,75,35,58,0.6254942772462211,0.34209193928564363,0.6439016226674081,0.6350390331758948,0.6193902023035406,0,105000,30600.0,3.4313725490196076
11803.20662078244,1,Maharashtra,6.8,65000,75,35,58,0.5972258677518254,0.1654833277605907,0.3900463851674606,0.41060377657644687,0.2843797550672154,1,105000,30600.0,3.4313725490196076
46574.19659040258,4,Maharashtra,6.8,65000,75,35,58,0.7060572551356428,0.4400744468797092,0.676960856528241,0.7300281440155955,0.713856548185816,1,105000,30600.0,3.4313725490196076
12633.537794756478,1,Maharashtra,6.8,65000,75,35,58,0.6093947545118759,0.3557072155738853,0.6076748076409926,0.4357754866038347,0.3723916853727182,0,105000,30600.0,3.4313725490196076
22152.796505613016,2,Maharashtra,6.8,65000,75,35,58,0.6392751185019376,0.4593881399876244,0.5428368211465713,0.5422275443643643,0.4965776861830198,0,105000,30600.0,3.4313725490196076
67314.72819895599,5,Maharashtra,6.8,65000,75,35,58,0.7236278275586153,0.800554958741187,0.38451549506630156,0.6046908898407016,0.6397801147550936,1,105000,30600.0,3.4313725490196076
51856.43141122767,5,Maharashtra,6.8,65000,75,35,58,0.7087553013392591,0.9461149264291256,0.36849627986817446,0.7615044628556851,0.7056869005089855,1,105000,30600.0,3.4313725490196076
21128.639178322508,2,Maharashtra,6.8,65000,75,35,58,0.6295136603827975,0.4121794917979975,0.6022596532838981,0.62187174398071,0.49931856263423724,0,105000,30600.0,3.4313725490196076
73818.26727871242,5,Maharashtra,6.8,65000,75,35,58,0.7296334560247053,0.5396353430108398,0.5291421007399773,0.7614928909430055,0.6582669450688322,1,105000,30600.0,3.4313725490196076
60007.168106456294,5,Maharashtra,6.8,65000,75,35,58,0.7073459251348986,0.6010297699761797,0.43021805150398207,0.7107287195240004,0.6361695087438992,0,105000,30600.0,3.4313725490196076
34522.85861243557,4,Maharashtra,6.8,65000,75,35,58,0.6962941034973041,0.7986257745224046,0.7925396671304856,0.5602130069702902,0.7807598269067167,1,105000,30600.0,3.4313725490196076
48360.321612183194,5,Maharashtra,6.8,65000,75,35,58,0.7431546636811991,0.7436521698316477,0.7003041116137951,0.7097242677081889,0.7653554576868784,1,105000,30600.0,3.4313725490196076
38803.13145725631,4,Maharashtra,6.8,65000,75,35,58,0.7005467378884688,0.5244185142326292,0.38990631126276337,0.7566312810028509,0.6924552362507854,1,105000,30600.0,3.4313725490196076
8675.867827262366,1,Maharashtra,6.8,65000,75,35,58,0.6140688627841914,0.2524336236875261,0.3705625597891637,0.5132933839125657,0.3985505222354577,1,105000,30600.0,3.4313725490196076
22912.373421462606,3,Maharashtra,6.8,65000,75,35,58,0.662111958932993,0.5484559171704915,0.5504238761490946,0.7056956800345713,0.6933639985706165,0,105000,30600.0,3.4313725490196076
18107.772455076807,2,Maharashtra,6.8,65000,75,35,58,0.6396078909162213,0.5460494329900142,0.6107247893781077,0.46015191360040875,0.400585658411049,0,105000,30600.0,3.4313725490196076
86313.93557739096,5,Maharashtra,6.8,65000,75,35,58,0.7127500392850311,0.6824304070314364,0.6670227321387905,0.7725780989781497,0.6474487703706361,0,105000,30600.0,3.4313725490196076
58342.327986567274,5,Maharashtra,6.8,65000,75,35,58,0.7278872095519837,0.5756982545273629,0.5859158473739128,0.7343183228684682,0.7467836605106802,1,105000,30600.0,3.4313725490196076
23538.424414565903,3,Maharashtra,6.8,65000,75,35,58,0.6664724527691791,0.5272025897591952,0.5720005915204488,0.6645390037677297,0.5730677469006766,0,105000,30600.0,3.4313725490196076
9782.558311962688,1,Maharashtra,6.8,65000,75,35,58,0.6028276831689481,0.16663348905700537,0.7274129345974685,0.5320066677944157,0.4816733029886416,0,105000,30600.0,3.4313725490196076
32980.21631402455,4,Maharashtra,6.8,65000,75,35,58,0.7030886456257565,0.5777263511746297,0.8101629462790191,0.6128866373289709,0.5123184418274646,0,105000,30600.0,3.4313725490196076
10347.339817578037,1,Maharashtra,6.8,65000,75,35,58,0.5945407230500976,0.23821279718058347,0.60882950453317,0.5247502717864293,0.43141734006407617,1,105000,30600.0,3.4313725490196076
38065.49526613707,4,Maharashtra,6.8,65000,75,35,58,0.6880579962638348,0.5087600957244378,0.6537450485168269,0.7484047515907303,0.5806030785823054,0,105000,30600.0,3.4313725490196076
44593.01180774788,4,Maharashtra,6.8,65000,75,35,58,0.6908831918421544,0.5171936659811013,0.35744481308084664,0.5940401329269052,0.5065159077804332,0,105000,30600.0,3.4313725490196076
13411.931963162362,1,Maharashtra,6.8,65000,75,35,58,0.5896324617176775,0.5210579073039054,0.7906526960697413,0.6043013654596661,0.6089454064300844,1,105000,30600.0,3.4313725490196076
42273.318534964645,4,Maharashtra,6.8,65000,75,35,58,0.6921978908665739,0.82730856033603,0.6450299201821539,0.4835977737555447,0.6673421086207816,1,105000,30600.0,3.4313725490196076
46529.45716477728,4,Maharashtra,6.8,65000,75,35,58,0.672739267299033,0.5502191767742087,0.3927400994360258,0.47302958235917514,0.5051901625346565,1,105000,30600.0,3.4313725490196076
21721.820126344395,2,Maharashtra,6.8,65000,75,35,58,0.6403981167728535,0.4272159801370371,0.5393570151431857,0.5169186335955354,0.5833053713772582,1,105000,30600.0,3.4313725490196076
11105.499137749917,1,Maharashtra,6.8,65000,75,35,58,0.6003949450942311,0.5861931915483486,0.5394390245468398,0.5733316634251205,0.5233375287298061,0,105000,30600.0,3.4313725490196076
38365.51125090708,4,Maharashtra,6.8,65000,75,35,58,0.6847196423895339,0.7008221590407926,0.6941132911740944,0.5431283855768887,0.6379031500271609,0,105000,30600.0,3.4313725490196076
16037.418697455825,2,Maharashtra,6.8,65000,75,35,58,0.6215848353056201,0.44642003754857607,0.6681408734178291,0.5768049345321269,0.4732918669001498,0,105000,30600.0,3.4313725490196076
22122.374047031288,2,Maharashtra,6.8,65000,75,35,58,0.6275827811323795,0.6583801526587757,0.36350923416378067,0.5328492690397701,0.6262691142818869,0,105000,30600.0,3.4313725490196076
25748.875738931874,3,Maharashtra,6.8,65000,75,35,58,0.6668111685362955,0.30713174235004137,0.6535531944204553,0.5060163104723363,0.46141423897987954,0,105000,30600.0,3.4313725490196076
11726.007311150854,1,Maharashtra,6.8,65000,75,35,58,0.605405961215947,0.31523470582017493,0.6082757860738626,0.4045157958944308,0.3422913358515406,0,105000,30600.0,3.4313725490196076
39015.65545263219,4,Maharashtra,6.8,65000,75,35,58,0.6828731919557869,0.4666402278544237,0.5127904107481238,0.49076063801095937,0.44806037543631466,0,105000,30600.0,3.4313725490196076
49489.838824494334,5,Maharashtra,6.8,65000,75,35,58,0.7114681747022952,0.7869894326754494,0.6836439626199929,0.6796419847000107,0.7395094964387187,1,105000,30600.0,3.4313725490196076
24365.707018368958,3,Maharashtra,6.8,65000,75,35,58,0.6664975584917678,0.7076072689719057,0.5993682907695321,0.553820051777391,0.623529349883764,0,105000,30600.0,3.4313725490196076
25511.637115570862,3,Maharashtra,6.8,65000,75,35,58,0.6527050973824211,0.7130149223335595,0.4801087607678538,0.5056046832671803,0.5674696665571934,0,105000,30600.0,3.4313725490196076
69708.75022563012,5,Maharashtra,6.8,65000,75,35,58,0.7205276691693665,0.5458074989467672,0.5670730372385915,0.8099074852887859,0.7547646022702486,1,105000,30600.0,3.4313725490196076
52969.85286432672,5,Maharashtra,6.8,65000,75,35,58,0.7211661178538142,0.8266080960666291,0.672735969993953,0.7643202024921805,0.7023692040213565,0,105000,30600.0,3.4313725490196076
18058.741819603565,2,Maharashtra,6.8,65000,75,35,58,0.6330491927458388,0.3538927353088044,0.452408350619108,0.526263030468518,0.5143172679625352,1,105000,30600.0,3.4313725490196076
43029.35661857895,4,Maharashtra,6.8,65000,75,35,58,0.6985112757303902,0.5824111604879072,0.44885707063903435,0.6252890522448123,0.614848230782871,0,105000,30600.0,3.4313725490196076
20717.04826227979,2,Maharashtra,6.8,65000,75,35,58,0.6172989420598982,0.54965025545587,0.5248214093541661,0.42686128324353717,0.5339435775409114,0,105000,30600.0,3.4313725490196076
42241.69072242673,4,Maharashtra,6.8,65000,75,35,58,0.6708169781759665,0.6587936112552002,0.4569097638643095,0.6635159489189455,0.6376972770901187,1,105000,30600.0,3.4313725490196076
32451.130070619565,4,Maharashtra,6.8,65000,75,35,58,0.6842540986162879,0.4364310501123364,0.5777270479885159,0.7548684257486779,0.5821797409410039,0,105000,30600.0,3.4313725490196076
72397.79353197884,5,Maharashtra,6.8,65000,75,35,58,0.7379438555068933,0.5968442549551394,0.559804219933143,0.788264631006009,0.5508940177695335,1,105000,30600.0,3.4313725490196076
36797.15296005497,4,Maharashtra,6.8,65000,75,35,58,0.7101503124294453,0.48963182305217623,0.46364730195849885,0.49420908595430796,0.6068846971081954,1,105000,30600.0,3.4313725490196076
18941.984216789726,2,Maharashtra,6.8,65000,75,35,58,0.6482403427842303,0.36022102817595947,0.38138004985330554,0.38470693497152053,0.420039282595435,0,105000,30600.0,3.4313725490196076
8000.0,1,Maharashtra,6.8,65000,75,35,58,0.5979987577509646,0.4420246145454186,0.5375588154268045,0.6071512915862253,0.5374325704298564,0,105000,30600.0,3.4313725490196076
59021.78860431483,5,Maharashtra,6.8,65000,75,35,58,0.7021074206087232,0.45707289574712606,0.57235728466812,0.5787495313808599,0.5902699222849366,1,105000,30600.0,3.4313725490196076
10096.564472951526,1,Maharashtra,6.8,65000,75,35,58,0.576498180412053,0.2937247118164989,0.7096916763917855,0.4839020039891597,0.3666429011619997,0,105000,30600.0,3.4313725490196076
40582.15388307016,4,Maharashtra,6.8,65000,75,35,58,0.6837881898130773,0.5806728692532348,0.35311330890701936,0.4911907195606577,0.5507565182192016,0,105000,30600.0,3.4313725490196076
91463.56254362245,5,Maharashtra,6.8,65000,75,35,58,0.7179478351270778,0.5457497284476666,0.5031441848101972,0.7717670450074636,0.6716851477268156,0,105000,30600.0,3.4313725490196076
55717.149774141515,5,Maharashtra,6.8,65000,75,35,58,0.732934825439131,0.6604653309068247,0.3377356838241985,0.5541371312537573,0.593707095241864,0,105000,30600.0,3.4313725490196076
36466.5927109561,4,Maharashtra,6.8,65000,75,35,58,0.6986066260239959,0.7612239214561584,0.3435455188841403,0.6619049222075709,0.7505316367841631,0,105000,30600.0,3.4313725490196076
10172.98431384181,1,Maharashtra,6.8,65000,75,35,58,0.6022026222184876,0.3403089981919795,0.5846254628410745,0.33576617183158247,0.42790631335272544,0,105000,30600.0,3.4313725490196076
33400.73584878517,4,Maharashtra,6.8,65000,75,35,58,0.68103012371916,0.5946010815444385,0.5543844695046974,0.515779340710935,0.5802824834098237,0,105000,30600.0,3.4313725490196076
22811.090647946017,3,Maharashtra,6.8,65000,75,35,58,0.6503207758461225,0.6653212203043152,0.4697277448939414,0.5724201010707753,0.5799632358523251,0,105000,30600.0,3.4313725490196076
23046.52494661669,3,Maharashtra,6.8,65000,75,35,58,0.6624698482992858,0.3465942893255251,0.4802533949137454,0.4324833553094968,0.3875698541820229,0,105000,30600.0,3.4313725490196076
143555.4634938852,5,Maharashtra,6.8,65000,75,35,58,0.7268990812169688,0.7189581706991965,0.5070953360647187,0.5774616098943474,0.6635667785101047,1,105000,30600.0,3.4313725490196076
42335.53048602516,4,Tamil Nadu,6.5,60000,68,45,55,0.6624902411938844,0.5839345723068575,0.32878377777377404,0.47585169096274993,0.5344700380838509,1,110000,29250.0,3.7606837606837606
19367.814672903587,2,Tamil Nadu,6.5,60000,68,45,55,0.588225448975362,0.37863739872138524,0.41211016819782464,0.3471725092365502,0.34670551138063577,1,110000,29250.0,3.7606837606837606
22970.282394371032,3,Tamil Nadu,6.5,60000,68,45,55,0.6350781048593495,0.5732783717905405,0.45175234570577255,0.6762990310649237,0.6446807733804132,0,110000,29250.0,3.7606837606837606
29075.344116583285,3,Tamil Nadu,6.5,60000,68,45,55,0.6328305382424426,0.650346926580281,0.6424115303220873,0.5200498850538101,0.633700728789628,1,110000,29250.0,3.7606837606837606
34995.98476329838,4,Tamil Nadu,6.5,60000,68,45,55,0.6478647645095268,0.517707039590984,0.5475304115146453,0.6926807473756434,0.6053082998642242,1,110000,29250.0,3.7606837606837606
17668.751689396482,2,Tamil Nadu,6.5,60000,68,45,55,0.590728218868426,0.5521293351834706,0.5878066831617642,0.44246682777612767,0.5732889291784727,0,110000,29250.0,3.7606837606837606
34218.8794930599,4,Tamil Nadu,6.5,60000,68,45,55,0.6654563883170442,0.40902936065351053,0.45076285614933387,0.44777759084542645,0.4578607828314862,0,110000,29250.0,3.7606837606837606
51631.957098451756,5,Tamil Nadu,6.5,60000,68,45,55,0.6862263532199697,0.5893082472763673,0.4615517854432601,0.6936961313391653,0.687281618950466,1,110000,29250.0,3.7606837606837606
19236.75466444932,2,Tamil Nadu,6.5,60000,68,45,55,0.6144629015877932,0.5729984496491624,0.46237226572917856,0.34662625736838115,0.42984719193115495,1,110000,29250.0,3.7606837606837606
12401.410786121536,1,Tamil Nadu,6.5,60000,68,45,55,0.5735827213320743,0.16822526491987855,0.3194551159816259,0.45083466654029325,0.45892150409869154,0,110000,29250.0,3.7606837606837606
8000.0,1,Tamil Nadu,6.5,60000,68,45,55,0.5637051166895359,0.3293697965254621,0.4222959381408209,0.3267336051664619,0.3223853867767476,0,110000,29250.0,3.7606837606837606
18935.05167661909,2,Tamil Nadu,6.5,60000,68,45,55,0.5984693725675192,0.45903370159383994,0.6736254511651727,0.5362450919759398,0.5308982028902781,0,110000,29250.0,3.7606837606837606
18567.496988716066,2,Tamil Nadu,6.5,60000,68,45,55,0.5992052624978057,0.4459469089653795,0.5133802879742535,0.6028111707541498,0.4620953498333246,0,110000,29250.0,3.7606837606837606
26408.475708820304,3,Tamil Nadu,6.5,60000,68,45,55,0.6212875254390114,0.3324277126596405,0.4334793180217742,0.6717291417050353,0.5580182766692018,0,110000,29250.0,3.7606837606837606
26257.36397887183,3,Tamil Nadu,6.5,60000,68,45,55,0.6194455465896523,0.4292412299831116,0.5731550130091416,0.5433329054051462,0.4431819997798566,1,110000,29250.0,3.7606837606837606
14234.56985229467,1,Tamil Nadu,6.5,60000,68,45,55,0.5755853275095236,0.32263553154136654,0.7268284503694308,0.44481111644761573,0.4630886675659653,1,110000,29250.0,3.7606837606837606
46503.18157693147,4,Tamil Nadu,6.5,60000,68,45,55,0.6670241615418495,0.7454283923498389,0.6291531931188686,0.4464837140478156,0.5128203137360495,0,110000,29250.0,3.7606837606837606
33119.88947092922,4,Tamil Nadu,6.5,60000,68,45,55,0.6646092432669581,0.4906125083637275,0.4246429639516194,0.6659628428636708,0.6169361423326115,1,110000,29250.0,3.7606837606837606
16713.67782961808,2,Tamil Nadu,6.5,60000,68,45,55,0.6137246095146666,0.4651353541463322,0.4646770574835436,0.6218625246586189,0.5780602471453058,0,110000,29250.0,3.7606837606837606
99314.032852821,5,Tamil Nadu,6.5,60000,68,45,55,0.6831536962113126,0.8336204837429659,0.5590434397965925,0.6164702371461726,0.6939988736263281,1,110000,29250.0,3.7606837606837606
47831.61550092355,4,Tamil Nadu,6.5,60000,68,45,55,0.6753141362321399,0.4929236554558237,0.633339425167088,0.6731076290732917,0.5929980057173483,0,110000,29250.0,3.7606837606837606
57419.306172357275,5,Tamil Nadu,6.5,60000,68,45,55,0.6795622173858871,0.526328010597649,0.42789781909463454,0.7242369470758837,0.6659412511742008,1,110000,29250.0,3.7606837606837606
38581.70118227076,4,Tamil Nadu,6.5,60000,68,45,55,0.6484445729377437,0.5671248276102396,0.33350869378082737,0.6707102570337031,0.502354472170724,0,110000,29250.0,3.7606837606837606
42445.402242219694,4,Tamil Nadu,6.5,60000,68,45,55,0.6409718397499361,0.3797338672243804,0.4697405548177994,0.6626042899196372,0.49180178050541123,0,110000,29250.0,3.7606837606837606
17049.561376732745,2,Tamil Nadu,6.5,60000,68,45,55,0.5941134754331604,0.5755713481522071,0.49878497824892293,0.39952902100207865,0.536012097932237,0,110000,29250.0,3.7606837606837606
35720.755939008166,4,Tamil Nadu,6.5,60000,68,45,55,0.6535342052031341,0.6749560913524255,0.36749181199476294,0.6604274610489318,0.6446456206273844,0,110000,29250.0,3.7606837606837606
11129.797298900952,1,Tamil Nadu,6.5,60000,68,45,55,0.5738308013739751,0.37898382613728215,0.6318495180221652,0.32831861434279763,0.46484763013868785,1,110000,29250.0,3.7606837606837606
9287.651710751443,1,Tamil Nadu,6.5,60000,68,45,55,0.5710103379876331,0.21254571422985813,0.4343900703645728,0.49875091092736834,0.5655987865989188,1,110000,29250.0,3.7606837606837606
8000.0,1,Tamil Nadu,6.5,60000,68,45,55,0.5566416948612373,0.5299195692033767,0.5132970036750688,0.2860616363464905,0.4277341477028477,0,110000,29250.0,3.7606837606837606
24191.350562280422,3,Tamil Nadu,6.5,60000,68,45,55,0.6246441661871703,0.45591447852607636,0.5237654076014959,0.6606475114503739,0.5378114317835304,1,110000,29250.0,3.7606837606837606
34541.29487619306,4,Tamil Nadu,6.5,60000,68,45,55,0.6548568083605517,0.6401510830854422,0.42837046483906616,0.6832166435380777,0.6086941741518124,0,110000,29250.0,3.7606837606837606
41243.92820108811,4,Tamil Nadu,6.5,60000,68,45,55,0.6408116061018096,0.832705325385747,0.7039487935361557,0.6398890382187074,0.5550280359145873,0,110000,29250.0,3.7606837606837606
65799.3623838818,5,Tamil Nadu,6.5,60000,68,45,55,0.678761961301295,0.6169258728130167,0.5818371809616161,0.5133403337209265,0.6304601804292371,0,110000,29250.0,3.7606837606837606
23352.635901419744,3,Tamil Nadu,6.5,60000,68,45,55,0.6208632922652877,0.47777615525666994,0.39009887460315695,0.6324965654677949,0.6345799724452368,1,110000,29250.0,3.7606837606837606
24560.62578895106,3,Tamil Nadu,6.5,60000,68,45,55,0.6429076787696381,0.5182154903565862,0.48389144050131266,0.6475521443182194,0.5529505658969953,0,110000,29250.0,3.7606837606837606
11499.60505880015,1,Tamil Nadu,6.5,60000,68,45,55,0.5704859357310021,0.2566454648998199,0.4016899826430628,0.4913963410570453,0.49348665975336653,1,110000,29250.0,3.7606837606837606
28806.98780996921,3,Tamil Nadu,6.5,60000,68,45,55,0.6351931161109036,0.6869960685307955,0.402703044791343,0.6777659902320318,0.5401282416881048,1,110000,29250.0,3.7606837606837606
15278.336672010519,2,Tamil Nadu,6.5,60000,68,45,55,0.5835850735999364,0.5709585171028162,0.5008915309655942,0.36286381053718664,0.4085755704966045,1,110000,29250.0,3.7606837606837606
17684.169647723844,2,Tamil Nadu,6.5,60000,68,45,55,0.6105135734015684,0.6123011593756605,0.5889954714618864,0.5475948745780627,0.5153408097908841,1,110000,29250.0,3.7606837606837606
100039.42001573608,5,Tamil Nadu,6.5,60000,68,45,55,0.7015824492016696,0.7984649709995006,0.49740698910076797,0.6424388103952765,0.5791761785287394,0,110000,29250.0,3.7606837606837606
61427.204405625525,5,Tamil Nadu,6.5,60000,68,45,55,0.6685879788999823,0.7042190338630303,0.5682286030749422,0.5286818386432305,0.7189613878747311,1,110000,29250.0,3.7606837606837606
29266.738406473152,3,Tamil Nadu,6.5,60000,68,45,55,0.6215182613322701,0.7091131516488647,0.570161510740985,0.582524233983048,0.6505701766146508,1,110000,29250.0,3.7606837606837606
65799.91169748225,5,Tamil Nadu,6.5,60000,68,45,55,0.6935290843015837,0.7426158820871953,0.5476757679488078,0.7248584675380282,0.7373427635414282,1,110000,29250.0,3.7606837606837606
28205.23666387354,3,Tamil Nadu,6.5,60000,68,45,55,0.6350153131068104,0.45406720443066306,0.48029503193615974,0.43442447234235604,0.428866812211966,0,110000,29250.0,3.7606837606837606
8165.165645417547,1,Tamil Nadu,6.5,60000,68,45,55,0.5617864812665564,0.31686700455091266,0.589289485466411,0.523047213163253,0.5203441874958252,1,110000,29250.0,3.7606837606837606
26294.4633326962,3,Tamil Nadu,6.5,60000,68,45,55,0.6255164339408921,0.6907537254295818,0.5483852955916755,0.41289118680091164,0.5109954502422714,1,110000,29250.0,3.7606837606837606
42992.062481426205,4,Tamil Nadu,6.5,60000,68,45,55,0.6525976179609771,0.5892261219416766,0.5164150539621812,0.6124200333121962,0.5664125502667816,1,110000,29250.0,3.7606837606837606
18259.586088983586,2,Tamil Nadu,6.5,60000,68,45,55,0.5996756090408897,0.5965255843804539,0.5449218032662932,0.5745410328313647,0.6408857675846935,1,110000,29250.0,3.7606837606837606
45718.36687073462,4,Tamil Nadu,6.5,60000,68,45,55,0.6705432138860478,0.5772547245418813,0.3909803127663074,0.47878705024289747,0.4677299632686437,0,110000,29250.0,3.7606837606837606
18557.86925488748,2,Tamil Nadu,6.5,60000,68,45,55,0.5908610070000165,0.5492425089368335,0.46914300381929974,0.5064557284143614,0.43231739221781773,0,110000,29250.0,3.7606837606837606
8000.0,1,Tamil Nadu,6.5,60000,68,45,55,0.5785796335491128,0.5175265193406583,0.41206074343359866,0.41246346417977253,0.3626488396228905,0,110000,29250.0,3.7606837606837606
150000.0,5,Tamil Nadu,6.5,60000,68,45,55,0.6807547078479598,0.8864535134219577,0.377855223874085,0.6671826161538842,0.6676864030081259,1,110000,29250.0,3.7606837606837606
15844.131815643972,2,Tamil Nadu,6.5,60000,68,45,55,0.5900951564464597,0.5482544580806258,0.7078423476442379,0.46226651012298947,0.6890932102418992,1,110000,29250.0,3.7606837606837606
14722.041316637882,1,Tamil Nadu,6.5,60000,68,45,55,0.5767573747548608,0.49317543253216334,0.5032202540986659,0.3602735606766314,0.4188806183487826,0,110000,29250.0,3.7606837606837606
32510.545026523967,4,Tamil Nadu,6.5,60000,68,45,55,0.6677907923515047,0.6242859426101285,0.6997970203293974,0.5111432697079125,0.5257282697840288,0,110000,29250.0,3.7606837606837606
25973.532646634805,3,Tamil Nadu,6.5,60000,68,45,55,0.6370855279390552,0.4671156117395745,0.39166476556310226,0.6444100561092168,0.49420670859529525,1,110000,29250.0,3.7606837606837606
17964.91002766396,2,Tamil Nadu,6.5,60000,68,45,55,0.5854134544892471,0.44796997072193,0.5235745417348908,0.38193629538593676,0.4118126192871322,1,110000,29250.0,3.7606837606837606
23338.700556685468,3,Tamil Nadu,6.5,60000,68,45,55,0.6239119187907081,0.6209873714800543,0.42403492188099434,0.4219342753639984,0.5085249806936607,0,110000,29250.0,3.7606837606837606
34075.088829821216,4,Tamil Nadu,6.5,60000,68,45,55,0.6668013144914618,0.8210515150241118,0.3882840458925798,0.4641237431116386,0.6137375735969052,0,110000,29250.0,3.7606837606837606
35458.43695894776,4,Tamil Nadu,6.5,60000,68,45,55,0.6589868469770676,0.7532169394001388,0.45976366966646653,0.4572464299041862,0.4240831189679698,0,110000,29250.0,3.7606837606837606
21413.64313361627,2,Tamil Nadu,6.5,60000,68,45,55,0.5878345001094539,0.5842505398916066,0.5466660257932985,0.3393476567335454,0.3837268399944987,1,110000,29250.0,3.7606837606837606
23077.87464247183,3,Tamil Nadu,6.5,60000,68,45,55,0.633154607962683,0.6831388128411569,0.7921430014924009,0.4331217507894366,0.5150287248356898,0,110000,29250.0,3.7606837606837606
48078.1892268377,4,Tamil Nadu,6.5,60000,68,45,55,0.6514233559815139,0.6846655774049881,0.566974333869251,0.49281823047100515,0.6655477113088863,1,110000,29250.0,3.7606837606837606
131858.54530157652,5,Tamil Nadu,6.5,60000,68,45,55,0.7065166770553507,0.8422713015574137,0.6952253055777884,0.5659172180783821,0.641107837137468,1,110000,29250.0,3.7606837606837606
28285.267528610835,3,Tamil Nadu,6.5,60000,68,45,55,0.6440198431956111,0.3990499279029864,0.634805552859752,0.42221184404127376,0.5235777771052,0,110000,29250.0,3.7606837606837606
22272.04414672226,2,Tamil Nadu,6.5,60000,68,45,55,0.6046124028349842,0.5151617230330021,0.3176348951782621,0.3632467561760869,0.454524005342065,1,110000,29250.0,3.7606837606837606
35035.26291507457,4,Tamil Nadu,6.5,60000,68,45,55,0.6721814956191263,0.6640592156379858,0.6077741459599189,0.5974430177100467,0.6060396498595072,1,110000,29250.0,3.7606837606837606
49450.336608438105,5,Tamil Nadu,6.5,60000,68,45,55,0.6892193420726624,0.7578637058860478,0.6370065922604538,0.7006059328144717,0.5429466077684844,0,110000,29250.0,3.7606837606837606
29450.16604848929,3,Tamil Nadu,6.5,60000,68,45,55,0.6362258035151788,0.41249496358554416,0.7423797193206708,0.5740561532099715,0.6621512296363508,1,110000,29250.0,3.7606837606837606
29044.265920044494,3,Tamil Nadu,6.5,60000,68,45,55,0.6433486315244493,0.6177582092016412,0.7192795550912567,0.5520119106883592,0.7096724237214475,1,110000,29250.0,3.7606837606837606
19953.967027306382,2,Tamil Nadu,6.5,60000,68,45,55,0.6010264153893716,0.5694293991764138,0.487047022496159,0.46716913164349905,0.5054122202841891,0,110000,29250.0,3.7606837606837606
28319.97250764342,3,Tamil Nadu,6.5,60000,68,45,55,0.6260195568562857,0.3701388609941834,0.4420203564974797,0.5751940744317379,0.4461627801968689,0,110000,29250.0,3.7606837606837606
10866.553446030557,1,Tamil Nadu,6.5,60000,68,45,55,0.5515252089896574,0.33327388738258407,0.5280718308699133,0.555560031218399,0.5915672165901323,1,110000,29250.0,3.7606837606837606
98151.67511650703,5,Tamil Nadu,6.5,60000,68,45,55,0.6877400933142137,0.6326356201960011,0.6218406729626607,0.6732255264442063,0.6219518773108629,0,110000,29250.0,3.7606837606837606
59195.18722447328,5,Tamil Nadu,6.5,60000,68,45,55,0.6968056604170517,0.8896301597576544,0.4328514326957056,0.5032583245984127,0.6966522442364911,1,110000,29250.0,3.7606837606837606
36716.60257696759,4,Tamil Nadu,6.5,60000,68,45,55,0.6680277628471049,0.5433213952396599,0.6600503131704458,0.606125666493967,0.5142095560738734,0,110000,29250.0,3.7606837606837606
51370.47722866995,5,Tamil Nadu,6.5,60000,68,45,55,0.6936150792286128,0.6306619763283015,0.7118536623268943,0.6422643374214871,0.7101270065284975,1,110000,29250.0,3.7606837606837606
56067.21165037586,5,Tamil Nadu,6.5,60000,68,45,55,0.6831584376218062,0.7236376120143979,0.34930615237814744,0.620606974254704,0.522936327155842,1,110000,29250.0,3.7606837606837606
35574.88819109537,4,Tamil Nadu,6.5,60000,68,45,55,0.6388032128819526,0.7850684002946966,0.4420627691418256,0.6056385930009462,0.6516114200626041,0,110000,29250.0,3.7606837606837606
29887.966883957288,3,Tamil Nadu,6.5,60000,68,45,55,0.6236192775913812,0.5438527091652313,0.32654341139944504,0.5867852988416302,0.5206904907028884,0,110000,29250.0,3.7606837606837606
20857.553743048677,2,Tamil Nadu,6.5,60000,68,45,55,0.595527979860889,0.25205103594754696,0.4111982915493846,0.3461780279293355,0.33887875035245263,0,110000,29250.0,3.7606837606837606
13563.519197600124,1,Tamil Nadu,6.5,60000,68,45,55,0.5654421388995284,0.4732537041689324,0.5661531252648488,0.42906026819775045,0.4363688114132212,1,110000,29250.0,3.7606837606837606
37452.10657469947,4,Tamil Nadu,6.5,60000,68,45,55,0.6647569921412079,0.7427728599572838,0.43537896921001923,0.6801684099309563,0.7188480126892891,1,110000,29250.0,3.7606837606837606
30660.692393649864,3,Tamil Nadu,6.5,60000,68,45,55,0.6484281926815769,0.6784583478051658,0.5325160580159456,0.5442331609248251,0.5914587752748955,1,110000,29250.0,3.7606837606837606
15854.869361366684,2,Tamil Nadu,6.5,60000,68,45,55,0.5998067205898394,0.5964362767298308,0.30936823638571886,0.35535733685531506,0.463952340291421,1,110000,29250.0,3.7606837606837606
53145.46814419817,5,Tamil Nadu,6.5,60000,68,45,55,0.686404110679864,0.7753719665820595,0.3940888390859638,0.7175209973288287,0.828265151978563,1,110000,29250.0,3.7606837606837606
16171.471930752516,2,Tamil Nadu,6.5,60000,68,45,55,0.5959792104413876,0.5911580446989725,0.34940356326619737,0.6173994672188141,0.43885417023486833,0,110000,29250.0,3.7606837606837606
25613.734793835865,3,Tamil Nadu,6.5,60000,68,45,55,0.6298152762405057,0.43304579954272926,0.3591837678027567,0.6405531873997983,0.4623313004282285,0,110000,29250.0,3.7606837606837606
8411.2665873065,1,Tamil Nadu,6.5,60000,68,45,55,0.5602884909679446,0.38832876008682904,0.5308590502957786,0.39377063986922534,0.30701953333341414,0,110000,29250.0,3.7606837606837606
56230.07287675792,5,Tamil Nadu,6.5,60000,68,45,55,0.6897734141588892,0.6900817236462318,0.5111570886365729,0.6454471516056349,0.5322543112914323,1,110000,29250.0,3.7606837606837606
27441.80510239964,3,Tamil Nadu,6.5,60000,68,45,55,0.6330795519347465,0.47350268268400164,0.6035016462537854,0.5623936469091191,0.6922537418421225,1,110000,29250.0,3.7606837606837606
74078.78878171893,5,Tamil Nadu,6.5,60000,68,45,55,0.6906682892071735,0.3801847318297899,0.6088196083408921,0.6997395758986021,0.586368446799077,0,110000,29250.0,3.7606837606837606
72152.93251899125,5,Tamil Nadu,6.5,60000,68,45,55,0.6931468479114764,0.5827869215467455,0.6312419690088464,0.6848206375120522,0.4759682852216052,0,110000,29250.0,3.7606837606837606
74411.74966688284,5,Tamil Nadu,6.5,60000,68,45,55,0.692908904664914,0.7540563389721504,0.39762086423076815,0.5447214399704807,0.5947027251646914,0,110000,29250.0,3.7606837606837606
14142.555300730348,1,Tamil Nadu,6.5,60000,68,45,55,0.5508524617489642,0.48769887904491105,0.618694471936044,0.5379115169292663,0.4758867272220051,0,110000,29250.0,3.7606837606837606
26257.858084695115,3,Tamil Nadu,6.5,60000,68,45,55,0.6349401301553826,0.38593279986710427,0.44352992538726843,0.6397547179683637,0.45000720801324406,0,110000,29250.0,3.7606837606837606
23160.599327301185,3,Tamil Nadu,6.5,60000,68,45,55,0.621861280114804,0.7549882722833899,0.6539751761994218,0.5063054720735389,0.5871538047391676,0,110000,29250.0,3.7606837606837606
37976.236385178825,4,Tamil Nadu,6.5,60000,68,45,55,0.647613036941389,0.5279177180257444,0.6303366680016178,0.4742744097627879,0.5711959276847347,0,110000,29250.0,3.7606837606837606
18042.359800016322,2,Tamil Nadu,6.5,60000,68,45,55,0.5875269102928786,0.29909340102892584,0.45671841149833114,0.5175700238775972,0.4100595455597506,1,110000,29250.0,3.7606837606837606
15385.671432465771,2,Tamil Nadu,6.5,60000,68,45,55,0.6029068446761539,0.6954922385400607,0.5748911293897171,0.4421779783811032,0.614173746684586,0,110000,29250.0,3.7606837606837606
26286.508953049906,3,Tamil Nadu,6.5,60000,68,45,55,0.6263456792991801,0.6846094957694755,0.5737361131855132,0.607417188614336,0.6152679305822287,1,110000,29250.0,3.7606837606837606
60992.54443520339,5,Tamil Nadu,6.5,60000,68,45,55,0.6717517407315745,0.48983181616166827,0.34832628470719634,0.5796971315327246,0.5392965757125052,0,110000,29250.0,3.7606837606837606
42365.80886911776,4,Tamil Nadu,6.5,60000,68,45,55,0.6633518067233514,0.4671981229095358,0.3892772465847393,0.5138997827486737,0.4961547330357255,0,110000,29250.0,3.7606837606837606
15186.23994883163,2,Tamil Nadu,6.5,60000,68,45,55,0.5841753472634402,0.3333735155092715,0.39156283418100524,0.5953131114728233,0.37060140549701953,0,110000,29250.0,3.7606837606837606
65835.61971005381,5,Tamil Nadu,6.5,60000,68,45,55,0.6899696421566107,0.6298785458676766,0.5691626555997056,0.6697461606672974,0.5751790250974828,0,110000,29250.0,3.7606837606837606
16480.20807909743,2,Tamil Nadu,6.5,60000,68,45,55,0.6009564178281591,0.5585274241034275,0.40560004693977625,0.36079749300467456,0.4574199629391277,0,110000,29250.0,3.7606837606837606
9763.344254164354,1,Tamil Nadu,6.5,60000,68,45,55,0.577427199388379,0.4946163411869628,0.3241826171989787,0.49180885417462894,0.3893491403812608,0,110000,29250.0,3.7606837606837606
31909.546254754532,3,Tamil Nadu,6.5,60000,68,45,55,0.6463882764360971,0.5685696087724954,0.510100382456932,0.6108200654203916,0.6289852958431087,0,110000,29250.0,3.7606837606837606
37039.02084748678,4,Tamil Nadu,6.5,60000,68,45,55,0.6449246653124232,0.5251046351624282,0.571220741374354,0.5055610840299921,0.5304279240814685,0,110000,29250.0,3.7606837606837606
68214.11389943521,5,Tamil Nadu,6.5,60000,68,45,55,0.6880466900107981,0.7617727901063812,0.38520147842770197,0.7752969042884071,0.633951061319552,1,110000,29250.0,3.7606837606837606
73723.88065149174,5,Tamil Nadu,6.5,60000,68,45,55,0.6858080756209864,0.6377489206889386,0.5944482125466245,0.5968574739672254,0.6592126305146898,1,110000,29250.0,3.7606837606837606
13672.156887293242,1,Tamil Nadu,6.5,60000,68,45,55,0.5729089254310382,0.34380195785174034,0.5240712812708026,0.56717215492122,0.47574721854876334,1,110000,29250.0,3.7606837606837606
77063.02027614789,5,Tamil Nadu,6.5,60000,68,45,55,0.6907281162807648,0.875477749401014,0.592106263916585,0.573085077025918,0.5771996704649467,0,110000,29250.0,3.7606837606837606
41966.21887687664,4,Tamil Nadu,6.5,60000,68,45,55,0.6550459661440624,0.5713712382170362,0.6895022502075938,0.6177587943547219,0.5021059431002698,0,110000,29250.0,3.7606837606837606
67654.95299645363,5,Tamil Nadu,6.5,60000,68,45,55,0.68416240668532,0.5747290309876818,0.34129038962932284,0.6402709596909387,0.6263821564426199,0,110000,29250.0,3.7606837606837606
30894.075814292864,3,Tamil Nadu,6.5,60000,68,45,55,0.6174069200195881,0.43597834415347336,0.5219557596583948,0.6826475631811475,0.5109279276532104,0,110000,29250.0,3.7606837606837606
17051.737735176634,2,Tamil Nadu,6.5,60000,68,45,55,0.6084500443954937,0.5394727073805061,0.4348867922331224,0.4575066828021783,0.4986235753591602,1,110000,29250.0,3.7606837606837606
36513.106918587706,4,Tamil Nadu,6.5,60000,68,45,55,0.6631634703874238,0.44366990975244813,0.29380171655625104,0.4887871990436121,0.4913474573574029,0,110000,29250.0,3.7606837606837606
41334.905062894344,4,Tamil Nadu,6.5,60000,68,45,55,0.6677491105493799,0.781378609357299,0.7628857416549261,0.6849626589300487,0.789632310109732,1,110000,29250.0,3.7606837606837606
22467.754429502227,2,Tamil Nadu,6.5,60000,68,45,55,0.5954674672066734,0.5344958949586546,0.3725874713108729,0.347613248559137,0.5508468083804798,0,110000,29250.0,3.7606837606837606
19511.923436935074,2,Tamil Nadu,6.5,60000,68,45,55,0.5920030738844843,0.5874736819462495,0.46833027791607895,0.6004868086526011,0.46463222613191313,0,110000,29250.0,3.7606837606837606
23840.971949485902,3,Tamil Nadu,6.5,60000,68,45,55,0.6177882779051362,0.5801995987132847,0.3851272581903348,0.41817684802553545,0.4701219653061706,0,110000,29250.0,3.7606837606837606
32288.668785796955,3,Tamil Nadu,6.5,60000,68,45,55,0.6321606044088351,0.3821991784234765,0.429206200520871,0.5566037313910077,0.48453328589729894,1,110000,29250.0,3.7606837606837606
60632.040361104686,5,Tamil Nadu,6.5,60000,68,45,55,0.6781734963261463,0.8316376019062446,0.6617194094085466,0.6990245953164939,0.8076203391420468,1,110000,29250.0,3.7606837606837606
54034.9735161416,5,Tamil Nadu,6.5,60000,68,45,55,0.7070580592610941,0.4878955471016985,0.5475826347480854,0.585897002178346,0.4929754942371409,0,110000,29250.0,3.7606837606837606
19041.391559579788,2,Tamil Nadu,6.5,60000,68,45,55,0.5854950027604942,0.46260274396335277,0.6723643732104188,0.5884224319721857,0.6579357948252413,1,110000,29250.0,3.7606837606837606
76920.81949014614,5,Tamil Nadu,6.5,60000,68,45,55,0.6913080297635537,0.6335652648028571,0.5166301465751206,0.6631114908186995,0.6856176074078864,1,110000,29250.0,3.7606837606837606
31797.800869143255,3,Tamil Nadu,6.5,60000,68,45,55,0.6442399756435664,0.4892764720278887,0.3738608641766583,0.5035467671116571,0.4555600237873249,0,110000,29250.0,3.7606837606837606
22441.573958399076,2,Tamil Nadu,6.5,60000,68,45,55,0.6045623261640666,0.3608165953352843,0.6340867907764195,0.43260905903687163,0.5393410157945,0,110000,29250.0,3.7606837606837606
25425.25865002446,3,Tamil Nadu,6.5,60000,68,45,55,0.6303281656963463,0.46606785990386557,0.7658906483547172,0.4186024709066968,0.514324544529284,1,110000,29250.0,3.7606837606837606
34733.94402340099,4,Tamil Nadu,6.5,60000,68,45,55,0.6488865921018097,0.660739800642872,0.6098817842851791,0.6271090682882602,0.5237431514874179,0,110000,29250.0,3.7606837606837606
61754.443652955444,5,Tamil Nadu,6.5,60000,68,45,55,0.6747537366857516,0.4857681143853056,0.6807991311707045,0.5942128838999381,0.6249408958668958,0,110000,29250.0,3.7606837606837606
84406.7009530526,5,Tamil Nadu,6.5,60000,68,45,55,0.6962719296606045,0.648017116896304,0.37011847744243753,0.581168164561699,0.576593511653502,0,110000,29250.0,3.7606837606837606
43950.57207908746,4,Tamil Nadu,6.5,60000,68,45,55,0.673632900979178,0.5914081959859061,0.41499303148036804,0.719984394715741,0.5892474181634793,1,110000,29250.0,3.7606837606837606
29375.125313536104,3,Tamil Nadu,6.5,60000,68,45,55,0.6241829286666468,0.2854445819419246,0.4402440170912646,0.46683927670726133,0.37849445139283516,0,110000,29250.0,3.7606837606837606
12489.04874853714,1,Tamil Nadu,6.5,60000,68,45,55,0.5571808134952652,0.18587590747082516,0.3173788186937161,0.5479695332090624,0.4181558902143525,0,110000,29250.0,3.7606837606837606
9817.918192503772,1,Tamil Nadu,6.5,60000,68,45,55,0.5439897342659384,0.23621035482359126,0.35732228111013076,0.5774688066307797,0.39833343567176543,0,110000,29250.0,3.7606837606837606
82137.795124786,5,Tamil Nadu,6.5,60000,68,45,55,0.6787637801348032,0.6716755200925528,0.700997370115225,0.7318219846480621,0.6788879792409059,1,110000,29250.0,3.7606837606837606
13440.466931229143,1,Tamil Nadu,6.5,60000,68,45,55,0.5674348601464382,0.391361409944297,0.6400993125250278,0.29085511897874006,0.37022492965864234,0,110000,29250.0,3.7606837606837606
45763.861702769325,4,Tamil Nadu,6.5,60000,68,45,55,0.6745626609797959,0.6910232544132515,0.6251747429169898,0.6955871970117412,0.652715606016021,0,110000,29250.0,3.7606837606837606
29307.778925980932,3,Tamil Nadu,6.5,60000,68,45,55,0.6353027654937582,0.5400053294388611,0.6816107366741186,0.4490246011654315,0.5124246618669315,1,110000,29250.0,3.7606837606837606
64435.4644587626,5,Tamil Nadu,6.5,60000,68,45,55,0.6916222826184961,0.7195000006381984,0.43301512213532745,0.5909832877552459,0.5996831539292797,0,110000,29250.0,3.7606837606837606
32705.414151314093,4,Tamil Nadu,6.5,60000,68,45,55,0.6545702319584172,0.4748685609191108,0.341436324054054,0.7324749578585458,0.6264927140652399,0,110000,29250.0,3.7606837606837606
120765.31423567045,5,Tamil Nadu,6.5,60000,68,45,55,0.6827397713988691,0.7105758794415908,0.3332725099743008,0.6064933578336829,0.5795919907768401,1,110000,29250.0,3.7606837606837606
33915.118335404935,4,Tamil Nadu,6.5,60000,68,45,55,0.6726279045465082,0.6750585708502814,0.5012021455185113,0.631450467202446,0.6439654486804327,1,110000,29250.0,3.7606837606837606
21668.578072691947,2,Tamil Nadu,6.5,60000,68,45,55,0.6005788139790125,0.5306399261787259,0.619949981101762,0.42821575613936436,0.4837829203189468,0,110000,29250.0,3.7606837606837606
52558.99971901439,5,Tamil Nadu,6.5,60000,68,45,55,0.6675454216522184,0.437465493108286,0.5045524053439112,0.5958286006004991,0.4307479516717496,1,110000,29250.0,3.7606837606837606
150000.0,5,Tamil Nadu,6.5,60000,68,45,55,0.6818360320924561,0.6504486011009114,0.3982265198064973,0.6642875985368817,0.6392892338610595,1,110000,29250.0,3.7606837606837606
28489.205809337967,3,Tamil Nadu,6.5,60000,68,45,55,0.6199892682537123,0.6171432462473296,0.44593483452556343,0.6694857237254749,0.540443272767077,1,110000,29250.0,3.7606837606837606
39165.70970356509,4,Tamil Nadu,6.5,60000,68,45,55,0.6531087884796539,0.4734586224097707,0.49536607094679763,0.5197366694393268,0.5827733652020227,1,110000,29250.0,3.7606837606837606
27439.169357634048,3,Tamil Nadu,6.5,60000,68,45,55,0.6342005351742794,0.5028648450329664,0.43541782983020877,0.45920980211294316,0.6159159321036453,1,110000,29250.0,3.7606837606837606
25607.763734228392,3,Tamil Nadu,6.5,60000,68,45,55,0.6274969797534861,0.3692486519762296,0.3383177167683327,0.39288236809413435,0.3640578032434473,1,110000,29250.0,3.7606837606837606
51741.93936162077,5,Tamil Nadu,6.5,60000,68,45,55,0.687802774501392,0.8602992890551419,0.5205068254436069,0.545632640993593,0.7222064250693987,0,110000,29250.0,3.7606837606837606
26616.40690534011,3,Tamil Nadu,6.5,60000,68,45,55,0.641706160184681,0.4176398948808364,0.4222236852721062,0.4637237664608832,0.44264679784503946,0,110000,29250.0,3.7606837606837606
55711.021628394235,5,Tamil Nadu,6.5,60000,68,45,55,0.6816068176735617,0.5725606320761791,0.43644557255478245,0.5038627270935059,0.5348685548752802,1,110000,29250.0,3.7606837606837606
121797.57803448079,5,Tamil Nadu,6.5,60000,68,45,55,0.7072134238303021,0.5696001317244763,0.43183634394146275,0.6540826336107713,0.6447705068842471,1,110000,29250.0,3.7606837606837606
16740.718113359566,2,Tamil Nadu,6.5,60000,68,45,55,0.5918583526577177,0.2973451139973446,0.42888911605033964,0.37302930817252045,0.25861198571990657,1,110000,29250.0,3.7606837606837606
21463.822293948702,2,Tamil Nadu,6.5,60000,68,45,55,0.5994634105375543,0.5380992900873447,0.6222907962166022,0.4883229196975959,0.407550659587781,0,110000,29250.0,3.7606837606837606
32468.14049983406,4,Tamil Nadu,6.5,60000,68,45,55,0.6557593926174009,0.5934456437403861,0.7699498645250471,0.4916943957233555,0.6204341715765157,1,110000,29250.0,3.7606837606837606
35588.6329333039,4,Tamil Nadu,6.5,60000,68,45,55,0.6598056199064382,0.8453511432450536,0.6040470398045634,0.7157176504840478,0.5324791145040271,1,110000,29250.0,3.7606837606837606
27306.774585830815,3,Tamil Nadu,6.5,60000,68,45,55,0.6330173485221599,0.44421990419535545,0.5942985057199706,0.47712926851038984,0.599885452061202,0,110000,29250.0,3.7606837606837606
45585.23434188117,4,Tamil Nadu,6.5,60000,68,45,55,0.6629097809723173,0.38047887921585916,0.47983479535599716,0.4628785424448737,0.5889007336921903,0,110000,29250.0,3.7606837606837606
36086.4493913794,4,Tamil Nadu,6.5,60000,68,45,55,0.6510402552652228,0.7578358726122207,0.7358618953457277,0.6858462976174202,0.7289427622133946,1,110000,29250.0,3.7606837606837606
9968.087179708225,1,Tamil Nadu,6.5,60000,68,45,55,0.5573422817969529,0.32182258451028056,0.3967136531668731,0.40561091315709985,0.3685862218401454,1,110000,29250.0,3.7606837606837606
9246.871710076734,1,Tamil Nadu,6.5,60000,68,45,55,0.5936031464804857,0.32651512028482593,0.3874613089202804,0.531036274646646,0.5182108314756636,0,110000,29250.0,3.7606837606837606
109564.0974381318,5,Tamil Nadu,6.5,60000,68,45,55,0.6837315851754231,0.7815880598618072,0.7259564590914985,0.5787468749410452,0.66480588932471,0,110000,29250.0,3.7606837606837606
40731.98212473607,4,Tamil Nadu,6.5,60000,68,45,55,0.6655635529581484,0.7037012865820537,0.616693346958211,0.5850113327321365,0.6200322243423287,1,110000,29250.0,3.7606837606837606
19589.331101708147,2,Tamil Nadu,6.5,60000,68,45,55,0.5824950154661965,0.6628460031640772,0.7022507832425937,0.46860719064203726,0.5616969166590501,1,110000,29250.0,3.7606837606837606
52507.6234179681,5,Tamil Nadu,6.5,60000,68,45,55,0.6857753013723819,0.47421568060619246,0.5245824904004044,0.6523719051892859,0.5436596096056182,0,110000,29250.0,3.7606837606837606
23492.544124758522,3,Tamil Nadu,6.5,60000,68,45,55,0.6272994347316041,0.7685945345191458,0.3854835412681811,0.5054953556054231,0.6578236168207707,1,110000,29250.0,3.7606837606837606
13135.440303743282,1,Tamil Nadu,6.5,60000,68,45,55,0.573299579270707,0.19321333750468822,0.4406220138299745,0.43404064518787266,0.4627815259553306,1,110000,29250.0,3.7606837606837606
98505.2176116497,5,Tamil Nadu,6.5,60000,68,45,55,0.6613468871615092,0.8035633302198029,0.3537666264252005,0.6887982552777402,0.5853046221059557,0,110000,29250.0,3.7606837606837606
63241.979161193245,5,Tamil Nadu,6.5,60000,68,45,55,0.690232834702212,0.49750487067713356,0.6491818535893388,0.6094048334884072,0.5702735826128458,0,110000,29250.0,3.7606837606837606
37352.00906166138,4,Tamil Nadu,6.5,60000,68,45,55,0.6470740140177497,0.6477773092459576,0.49122991388528814,0.6403214239261419,0.5914126758068221,1,110000,29250.0,3.7606837606837606
15080.89141434683,2,Tamil Nadu,6.5,60000,68,45,55,0.6018148856833778,0.34427647048504606,0.5975035656710657,0.5492905757654791,0.5903453081857202,1,110000,29250.0,3.7606837606837606
15333.185332430681,2,Tamil Nadu,6.5,60000,68,45,55,0.5882081366030469,0.42194577986443194,0.6244196410554047,0.5596780296931878,0.49878955804390446,0,110000,29250.0,3.7606837606837606
76487.45338094934,5,Tamil Nadu,6.5,60000,68,45,55,0.6800166016121728,0.7816479338369178,0.5563670044554536,0.6262810508121801,0.6854660128251541,0,110000,29250.0,3.7606837606837606
15945.817124891131,2,Tamil Nadu,6.5,60000,68,45,55,0.5958351524674959,0.5588798886302266,0.38690257270888456,0.3361370241315338,0.35718447818498816,0,110000,29250.0,3.7606837606837606
10408.652774543496,1,Tamil Nadu,6.5,60000,68,45,55,0.5580481338753966,0.5150395728515929,0.45966730668529576,0.5110533217993449,0.5913370775959379,1,110000,29250.0,3.7606837606837606
26240.281276824786,3,Tamil Nadu,6.5,60000,68,45,55,0.623816084104075,0.37873884097332144,0.31517232806426776,0.657725535376986,0.41224249378208433,0,110000,29250.0,3.7606837606837606
28090.19592268294,3,Tamil Nadu,6.5,60000,68,45,55,0.6166376708859954,0.5672499821316686,0.328810260458681,0.5807853626363679,0.49101422431700686,0,110000,29250.0,3.7606837606837606
15376.037888582556,2,Tamil Nadu,6.5,60000,68,45,55,0.5802397240544412,0.3966134074172578,0.481335902955209,0.49236410723382074,0.33728902929160987,1,110000,29250.0,3.7606837606837606
65953.91062574755,5,Tamil Nadu,6.5,60000,68,45,55,0.6987509990957222,0.6511980615232742,0.582413581345405,0.6528773977332752,0.7424085949292865,1,110000,29250.0,3.7606837606837606
17145.9130380931,2,Tamil Nadu,6.5,60000,68,45,55,0.5856109416431893,0.5199633543248423,0.6949038195448447,0.5272435276176953,0.5521630628852122,1,110000,29250.0,3.7606837606837606
61769.82379548171,5,Tamil Nadu,6.5,60000,68,45,55,0.6867846196953488,0.5107325275452583,0.5077904396702497,0.7845573934848115,0.7628958145229252,0,110000,29250.0,3.7606837606837606
33794.63772201091,4,Tamil Nadu,6.5,60000,68,45,55,0.6661003393863665,0.4633798364182863,0.5781339744467446,0.4536167813526374,0.45861735924779407,0,110000,29250.0,3.7606837606837606
24769.09612507966,3,Tamil Nadu,6.5,60000,68,45,55,0.6224219875462681,0.36608685377310146,0.3399758046761212,0.39135486917614637,0.48553418086722444,0,110000,29250.0,3.7606837606837606
21469.22238526561,2,Tamil Nadu,6.5,60000,68,45,55,0.5903197695739731,0.4671708958263945,0.6218003857686706,0.6242503939564614,0.5890536962199914,1,110000,29250.0,3.7606837606837606
35689.47346044224,4,Tamil Nadu,6.5,60000,68,45,55,0.6608338094581028,0.6844094690448803,0.4666456216791337,0.5671423913517171,0.5437504211111873,1,110000,29250.0,3.7606837606837606
14291.33512798104,1,Tamil Nadu,6.5,60000,68,45,55,0.5797507667987002,0.3768602581088859,0.592571979470979,0.46870610799586043,0.41765925392237696,0,110000,29250.0,3.7606837606837606
11786.052810712543,1,Tamil Nadu,6.5,60000,68,45,55,0.5568782759205639,0.593284017255412,0.6840838313588784,0.5110322834458014,0.5891173136630005,0,110000,29250.0,3.7606837606837606
30971.160967631517,3,Tamil Nadu,6.5,60000,68,45,55,0.6270699502512541,0.3296807532858459,0.5455817535319918,0.6076288690500149,0.5187888559360851,0,110000,29250.0,3.7606837606837606
22443.728912597508,2,Tamil Nadu,6.5,60000,68,45,55,0.5812464826217553,0.4667486726587977,0.48537719126303136,0.5291582579404166,0.4410386378131492,1,110000,29250.0,3.7606837606837606
24517.842028025523,3,Tamil Nadu,6.5,60000,68,45,55,0.6246394185346067,0.7095957443276812,0.6043365883312964,0.5265674614041675,0.7210422609257372,1,110000,29250.0,3.7606837606837606
45123.900812884,4,Tamil Nadu,6.5,60000,68,45,55,0.6589134754168093,0.357486241390205,0.620701898717607,0.6078234752733337,0.5674258787062528,0,110000,29250.0,3.7606837606837606
23007.46051057499,3,Tamil Nadu,6.5,60000,68,45,55,0.6200251821538779,0.3413491393806142,0.37858989340191807,0.6038938048947963,0.4546586635939884,1,110000,29250.0,3.7606837606837606
26539.946070572747,3,Tamil Nadu,6.5,60000,68,45,55,0.6240015102331763,0.394872320892225,0.5392368460187434,0.6402443549307157,0.4665777997651048,0,110000,29250.0,3.7606837606837606
47096.75263076912,4,Tamil Nadu,6.5,60000,68,45,55,0.6444891608883541,0.5497759777897109,0.5209937267323874,0.47319121411504983,0.5002392516345433,0,110000,29250.0,3.7606837606837606
8678.314216422299,1,Tamil Nadu,6.5,60000,68,45,55,0.5693422146852436,0.2157982126618998,0.6019748319281015,0.36838758138609473,0.24962361213633932,0,110000,29250.0,3.7606837606837606
60676.68564960134,5,Tamil Nadu,6.5,60000,68,45,55,0.6991283710602602,0.5172783077628094,0.540268925474323,0.6042784277319994,0.608369609576046,0,110000,29250.0,3.7606837606837606
70372.72102501117,5,Tamil Nadu,6.5,60000,68,45,55,0.6775999898737239,0.8307787991135869,0.43093791113383784,0.6846494788009754,0.7249194849702199,1,110000,29250.0,3.7606837606837606
28361.944615019063,3,Tamil Nadu,6.5,60000,68,45,55,0.6223447109059047,0.5883696517023345,0.4959631798828539,0.5037014244063894,0.6440160453374779,0,110000,29250.0,3.7606837606837606
88127.1316097553,5,Tamil Nadu,6.5,60000,68,45,55,0.6935968910359704,0.8282696185947545,0.4045503018971441,0.5566655142351489,0.6097481568206309,1,110000,29250.0,3.7606837606837606
15998.825463743757,2,Tamil Nadu,6.5,60000,68,45,55,0.6106923357646559,0.36406146321849375,0.31413093157107896,0.3449428939334819,0.4116953673170496,0,110000,29250.0,3.7606837606837606
19920.177521841626,2,Tamil Nadu,6.5,60000,68,45,55,0.5836395304493392,0.6041263388246186,0.5262746626329888,0.5877523823670127,0.5335388909642551,1,110000,29250.0,3.7606837606837606
22985.085147952665,3,Tamil Nadu,6.5,60000,68,45,55,0.6268835811972691,0.3905082929266774,0.5037535183779802,0.5106801288763365,0.36349375152090124,0,110000,29250.0,3.7606837606837606
12540.524579274741,1,Tamil Nadu,6.5,60000,68,45,55,0.5714027367946238,0.381646640882787,0.5099090378221491,0.38376869967469285,0.2785592667645531,0,110000,29250.0,3.7606837606837606
72233.02756782793,5,Tamil Nadu,6.5,60000,68,45,55,0.6875508646651401,0.590542150540863,0.5554435555933706,0.6442478663380912,0.6303971319469942,0,110000,29250.0,3.7606837606837606
52427.977193816274,5,Tamil Nadu,6.5,60000,68,45,55,0.6638035079026577,0.8171824774171879,0.5447978303810523,0.5218759360078766,0.49371514609298306,1,110000,29250.0,3.7606837606837606
12081.029059140454,1,Tamil Nadu,6.5,60000,68,45,55,0.5735823286645163,0.45002854500684386,0.6473562135500552,0.4042075074291469,0.45360730336995286,0,110000,29250.0,3.7606837606837606
8402.25674085972,1,Tamil Nadu,6.5,60000,68,45,55,0.583764792082335,0.3268544106933964,0.48108273724293105,0.510535721399871,0.41327320214709173,1,110000,29250.0,3.7606837606837606
20764.3380850116,2,Tamil Nadu,6.5,60000,68,45,55,0.5997380460831235,0.3921957478585608,0.7264324947489416,0.5558352347447746,0.41312211951517563,1,110000,29250.0,3.7606837606837606
12225.298995616587,1,Tamil Nadu,6.5,60000,68,45,55,0.558260368038486,0.4811832538122653,0.614864829346083,0.516568908989937,0.31217593888427136,0,110000,29250.0,3.7606837606837606
23915.912873928,3,Tamil Nadu,6.5,60000,68,45,55,0.6234401561077857,0.5486866426531913,0.5055803546248812,0.5252251276306688,0.4849627136783563,1,110000,29250.0,3.7606837606837606
20452.205474194652,2,Tamil Nadu,6.5,60000,68,45,55,0.6162705592479845,0.24535847369483132,0.5721551682210968,0.44567411727126427,0.549176485191207,1,110000,29250.0,3.7606837606837606
8000.0,1,Tamil Nadu,6.5,60000,68,45,55,0.5776710539800342,0.5965525897351823,0.455481923683947,0.5344321495666611,0.534685910575732,0,110000,29250.0,3.7606837606837606
42579.59996803187,4,Tamil Nadu,6.5,60000,68,45,55,0.6649716947552718,0.5878337511083576,0.6099273964292207,0.4869873113663359,0.5274576125370538,0,110000,29250.0,3.7606837606837606
26553.155490863803,3,Tamil Nadu,6.5,60000,68,45,55,0.6321355544067723,0.28360015198658683,0.44078379701633635,0.602541334043625,0.42546538475004075,0,110000,29250.0,3.7606837606837606
49201.30520413877,5,Tamil Nadu,6.5,60000,68,45,55,0.6819600574495189,0.6805966514599726,0.5516266929766536,0.7513841880489586,0.7107135098407587,1,110000,29250.0,3.7606837606837606
38612.24762001197,4,Tamil Nadu,6.5,60000,68,45,55,0.6565657167648709,0.36112043326662907,0.6338879944045182,0.5208456834882341,0.5418413534310614,0,110000,29250.0,3.7606837606837606
44170.51186480991,4,Tamil Nadu,6.5,60000,68,45,55,0.6577922012146434,0.4634680584024773,0.5515659010152028,0.4943386266650597,0.5847786587329686,0,110000,29250.0,3.7606837606837606
14511.369783438453,1,Tamil Nadu,6.5,60000,68,45,55,0.5740671717320731,0.5421908216250475,0.5616904659088281,0.43875738141112386,0.618711948902621,1,110000,29250.0,3.7606837606837606
15971.611572908501,2,Tamil Nadu,6.5,60000,68,45,55,0.6136606175140976,0.5498443633181666,0.6465069997516293,0.3999172045746193,0.5998977243990352,0,110000,29250.0,3.7606837606837606
24314.713270973938,3,Tamil Nadu,6.5,60000,68,45,55,0.6397548099393598,0.4307058480397402,0.5988454662453211,0.6462305554608704,0.6545008385866161,0,110000,29250.0,3.7606837606837606
15449.100418640599,2,Tamil Nadu,6.5,60000,68,45,55,0.5843775850134681,0.7121689642661245,0.7367005343373842,0.40832507030225573,0.5619548675303182,1,110000,29250.0,3.7606837606837606
15184.614013934903,2,Tamil Nadu,6.5,60000,68,45,55,0.6008113782604391,0.2983023745943866,0.5915934725334655,0.42918977643913014,0.28812623691899686,0,110000,29250.0,3.7606837606837606
15702.894778694117,2,Tamil Nadu,6.5,60000,68,45,55,0.6059390620231075,0.37054103654081216,0.6168487504557578,0.6015258624773643,0.37313432446535255,0,110000,29250.0,3.7606837606837606
64039.953887819516,5,Tamil Nadu,6.5,60000,68,45,55,0.6947600318728749,0.7092012988702461,0.5176615545594553,0.5466864859907874,0.6612363904134347,1,110000,29250.0,3.7606837606837606
47334.07977314481,4,Tamil Nadu,6.5,60000,68,45,55,0.6522790909375544,0.7588681000108114,0.43341771243450683,0.7004352077599992,0.6117899234754736,1,110000,29250.0,3.7606837606837606
150000.0,5,Tamil Nadu,6.5,60000,68,45,55,0.7177125207291122,0.6985407148951301,0.4908256696800968,0.5479408878190518,0.7356109451401112,0,110000,29250.0,3.7606837606837606
29930.952075777925,3,Tamil Nadu,6.5,60000,68,45,55,0.6158005829481173,0.4399952183166238,0.38317177646043554,0.6585416984332063,0.6309569909910001,1,110000,29250.0,3.7606837606837606
29990.426069703903,3,Tamil Nadu,6.5,60000,68,45,55,0.6177395441047681,0.34880408720265965,0.6137662151957166,0.48029257092884436,0.4991109056071477,0,110000,29250.0,3.7606837606837606
24436.66013159174,3,Tamil Nadu,6.5,60000,68,45,55,0.6309073793840443,0.5587282182270578,0.6985979145218928,0.4588703774404497,0.5270056996252317,0,110000,29250.0,3.7606837606837606
32394.814561692387,3,Tamil Nadu,6.5,60000,68,45,55,0.6497394591210671,0.5708097293699357,0.7596240631584289,0.5281569313041948,0.5446005071590432,1,110000,29250.0,3.7606837606837606
72832.94661997077,5,Tamil Nadu,6.5,60000,68,45,55,0.6802094800643869,0.9031515320828846,0.6102133956912323,0.5957670509968951,0.7922599503549979,1,110000,29250.0,3.7606837606837606
17459.57823788332,2,Tamil Nadu,6.5,60000,68,45,55,0.5959131449149586,0.37047806399521843,0.5456147381415695,0.3955249061114732,0.44929223873443547,1,110000,29250.0,3.7606837606837606
62487.33067762223,5,Tamil Nadu,6.5,60000,68,45,55,0.6993443653015855,0.42115254803703156,0.5614452254770858,0.5865061394268042,0.5272479942787662,1,110000,29250.0,3.7606837606837606
35013.41904466698,4,Tamil Nadu,6.5,60000,68,45,55,0.6583928070225512,0.4439125439898782,0.627573657248449,0.6489688029665566,0.5924771910693514,1,110000,29250.0,3.7606837606837606
59148.372195696,5,Tamil Nadu,6.5,60000,68,45,55,0.6852253900261257,0.5062278640425837,0.6398327648322131,0.7345701914271817,0.6440486167484407,0,110000,29250.0,3.7606837606837606
42060.92106811064,4,Tamil Nadu,6.5,60000,68,45,55,0.6642277575902957,0.5587816199672961,0.40817025270475304,0.6812285494632518,0.71565086074795,0,110000,29250.0,3.7606837606837606
13412.67504546784,1,Tamil Nadu,6.5,60000,68,45,55,0.5712966084737245,0.31931716152097783,0.4680940618183522,0.5120451745201475,0.44753246710391653,1,110000,29250.0,3.7606837606837606
36568.15348189448,4,Tamil Nadu,6.5,60000,68,45,55,0.6688758164277965,0.5368490820990981,0.3580951249774371,0.4366305457455575,0.49863388996162256,1,110000,29250.0,3.7606837606837606
28891.404470153255,3,Tamil Nadu,6.5,60000,68,45,55,0.6414861174620822,0.41742451468497976,0.4031256265066172,0.5129811841366224,0.3856094643340934,0,110000,29250.0,3.7606837606837606
20689.10544650533,2,Tamil Nadu,6.5,60000,68,45,55,0.6016414591714822,0.3780130207770618,0.5140936562744107,0.3856916532893976,0.46850687248436834,0,110000,29250.0,3.7606837606837606
81338.8044032417,5,Tamil Nadu,6.5,60000,68,45,55,0.6914887558252117,0.8251111449814263,0.6495761688299488,0.5070427477651188,0.6743409617450988,1,110000,29250.0,3.7606837606837606
23711.746156585636,3,Tamil Nadu,6.5,60000,68,45,55,0.6307125383942899,0.6823985389351577,0.6837911562059966,0.6057646144702199,0.6790061446159683,1,110000,29250.0,3.7606837606837606
8000.0,1,Tamil Nadu,6.5,60000,68,45,55,0.5734627341379215,0.43117991368148917,0.34701619294496505,0.5230439611276617,0.4459935746956821,0,110000,29250.0,3.7606837606837606
78700.40581774845,5,Tamil Nadu,6.5,60000,68,45,55,0.6891231349501432,0.677945370704951,0.41570999080719395,0.7293849940474251,0.6347882491584863,1,110000,29250.0,3.7606837606837606
22322.342674800828,2,Tamil Nadu,6.5,60000,68,45,55,0.5985653437482057,0.41388971000513675,0.572142201559771,0.6020932386089336,0.5347766133475822,0,110000,29250.0,3.7606837606837606
8789.498659086556,1,Tamil Nadu,6.5,60000,68,45,55,0.580537699779701,0.23134919876623372,0.4644745448767573,0.462014457282369,0.3442246362958319,1,110000,29250.0,3.7606837606837606
44526.088709484764,4,Tamil Nadu,6.5,60000,68,45,55,0.673732590374979,0.44451500422675994,0.37242632124963004,0.7344389399415653,0.5935604411706651,1,110000,29250.0,3.7606837606837606
25686.148835105087,3,Tamil Nadu,6.5,60000,68,45,55,0.6134958991250944,0.43432925102069375,0.4655398466445597,0.5301167920935523,0.5937299915820213,1,110000,29250.0,3.7606837606837606
116985.49741938851,5,Tamil Nadu,6.5,60000,68,45,55,0.6886716400888343,0.9162748133952585,0.3653816672285846,0.7500496996642242,0.7609271796600717,1,110000,29250.0,3.7606837606837606
8000.0,1,Tamil Nadu,6.5,60000,68,45,55,0.5616844842369763,0.23741746635029076,0.3668832306452029,0.31888222947089445,0.3063068751265248,0,110000,29250.0,3.7606837606837606
8000.0,1,Tamil Nadu,6.5,60000,68,45,55,0.5654617139065679,0.4219945416345563,0.48678020437204106,0.3296770501786285,0.38551429439776386,1,110000,29250.0,3.7606837606837606
23567.306822372364,3,Tamil Nadu,6.5,60000,68,45,55,0.6325965906687818,0.6124589942761492,0.5019902876399579,0.5621048333722493,0.6153443866094505,1,110000,29250.0,3.7606837606837606
51285.07629191043,5,Tamil Nadu,6.5,60000,68,45,55,0.6952658122868532,0.9400052053871442,0.5072139889725524,0.5222404315765214,0.7004001874410658,1,110000,29250.0,3.7606837606837606
50052.1716327648,5,Tamil Nadu,6.5,60000,68,45,55,0.6874501641353151,0.9078347731167539,0.34810351532180944,0.5075901914517789,0.6282771043816596,1,110000,29250.0,3.7606837606837606
43310.538762714656,4,Tamil Nadu,6.5,60000,68,45,55,0.6394380252242006,0.7811472820194867,0.5693807815547087,0.49381938966188477,0.574353449555295,1,110000,29250.0,3.7606837606837606
18902.96596866604,2,Tamil Nadu,6.5,60000,68,45,55,0.5889209727656667,0.40379757514673864,0.4134010703000699,0.5712610594511469,0.4118096519898548,1,110000,29250.0,3.7606837606837606
25410.91611091087,3,Tamil Nadu,6.5,60000,68,45,55,0.6375364252734302,0.5314064380021216,0.4382385646981537,0.6632374016040384,0.5079110408866965,1,110000,29250.0,3.7606837606837606
12568.234557020514,1,Tamil Nadu,6.5,60000,68,45,55,0.5411671643510793,0.20038842288829106,0.37761390133049577,0.3850401967321603,0.3203080422291778,0,110000,29250.0,3.7606837606837606
71762.62060319775,5,Tamil Nadu,6.5,60000,68,45,55,0.7004457000882486,0.49582719068840175,0.7638097608223361,0.777426752143768,0.7242174798432279,0,110000,29250.0,3.7606837606837606
13377.875788543066,1,Tamil Nadu,6.5,60000,68,45,55,0.5737837284778741,0.34388385347156214,0.7990269467801214,0.5278651398989651,0.3948472169078867,1,110000,29250.0,3.7606837606837606
150000.0,5,Tamil Nadu,6.5,60000,68,45,55,0.7017331893867288,0.7724498728530473,0.39606705213863025,0.552832314988868,0.6755269878311482,1,110000,29250.0,3.7606837606837606
50079.08816857346,5,Tamil Nadu,6.5,60000,68,45,55,0.686585736702619,0.7699246601420533,0.5248588934117643,0.6608344996960956,0.6063144382175779,1,110000,29250.0,3.7606837606837606
21494.076448036314,2,Tamil Nadu,6.5,60000,68,45,55,0.5779573743311994,0.6231877337980204,0.4621744164716658,0.6295380243804035,0.5109721654077848,1,110000,29250.0,3.7606837606837606
36138.37602356848,4,Tamil Nadu,6.5,60000,68,45,55,0.6628750549864936,0.75871226087719,0.3984377887407745,0.6896357438472093,0.6297226144840881,0,110000,29250.0,3.7606837606837606
12455.18195920824,1,Tamil Nadu,6.5,60000,68,45,55,0.581317959811812,0.3258900193041311,0.5111906753740652,0.39400772483689406,0.43803259735243133,1,110000,29250.0,3.7606837606837606
26798.006698726713,3,Tamil Nadu,6.5,60000,68,45,55,0.6378186466265627,0.5223417104545662,0.3050133201447103,0.47689688054865664,0.5897390070019319,1,110000,29250.0,3.7606837606837606
42964.056892829845,4,Tamil Nadu,6.5,60000,68,45,55,0.6519445137365483,0.5938853260032494,0.3218622398287605,0.6807762444747116,0.5476196001175817,0,110000,29250.0,3.7606837606837606
20517.43329287489,2,Tamil Nadu,6.5,60000,68,45,55,0.599439039326055,0.32397925135104144,0.4583622811097978,0.49974955901947127,0.5270043706984668,0,110000,29250.0,3.7606837606837606
38195.233333638724,4,Tamil Nadu,6.5,60000,68,45,55,0.6532430658836293,0.4613643996997818,0.2974593331782035,0.4840327545992442,0.44334186463694325,0,110000,29250.0,3.7606837606837606
62840.860750568914,5,Tamil Nadu,6.5,60000,68,45,55,0.6803787639295349,0.7436829037233148,0.5101555077025102,0.5833497675151434,0.7288757709601015,0,110000,29250.0,3.7606837606837606
9268.23804325134,1,Tamil Nadu,6.5,60000,68,45,55,0.5781253142832271,0.23536514517955337,0.3945069892762313,0.48354389321212576,0.385367726791287,1,110000,29250.0,3.7606837606837606
10633.520690465288,1,Tamil Nadu,6.5,60000,68,45,55,0.556596105458777,0.22550995011506697,0.48749688511764727,0.3309476652417911,0.25498237481203384,0,110000,29250.0,3.7606837606837606
26002.380068254042,3,Tamil Nadu,6.5,60000,68,45,55,0.6196332642656124,0.6182533992199821,0.5008622643153866,0.5946148622220252,0.5268888576791207,1,110000,29250.0,3.7606837606837606
8000.0,1,Tamil Nadu,6.5,60000,68,45,55,0.5575311722367048,0.20754993314531472,0.6438631243183139,0.49797862844027696,0.4341704588161538,0,110000,29250.0,3.7606837606837606
13322.769455243542,1,Tamil Nadu,6.5,60000,68,45,55,0.5536689533384381,0.33533818331030424,0.48136589427282317,0.36622390648840164,0.3697511955052038,0,110000,29250.0,3.7606837606837606
68756.23733272756,5,Tamil Nadu,6.5,60000,68,45,55,0.6900355714898546,0.8175509752760601,0.5997620157784791,0.6044091715495353,0.6205421495320586,1,110000,29250.0,3.7606837606837606
10832.358967580993,1,Tamil Nadu,6.5,60000,68,45,55,0.5801864590562483,0.44616673512709115,0.3515397049185418,0.5656351993713798,0.3689026144268936,1,110000,29250.0,3.7606837606837606
26096.75184362325,3,Tamil Nadu,6.5,60000,68,45,55,0.6267226610089759,0.3269080390445461,0.5208988053340509,0.609752736344489,0.5753657842798439,1,110000,29250.0,3.7606837606837606
47965.29559755065,4,Tamil Nadu,6.5,60000,68,45,55,0.643513950565787,0.5460575452250377,0.5065732992395333,0.6713431966698667,0.4315884347381323,0,110000,29250.0,3.7606837606837606
16591.092988423337,2,Tamil Nadu,6.5,60000,68,45,55,0.6069708739688489,0.21380735021071196,0.5690579808964662,0.4898795569317098,0.4793614722676563,0,110000,29250.0,3.7606837606837606
14166.930068797381,1,Tamil Nadu,6.5,60000,68,45,55,0.5854284461117784,0.5632822084992178,0.4792940017228242,0.3489419792552535,0.37144017022058406,0,110000,29250.0,3.7606837606837606
38169.02406179263,4,Tamil Nadu,6.5,60000,68,45,55,0.6521090053299626,0.5684179935951861,0.6836725035569673,0.6123767737850542,0.7505756183423283,1,110000,29250.0,3.7606837606837606
37436.50547799901,4,Tamil Nadu,6.5,60000,68,45,55,0.6537858859042514,0.7262588404074752,0.5819587549400642,0.6666312870450006,0.5204894471419637,0,110000,29250.0,3.7606837606837606
11312.191358063612,1,Tamil Nadu,6.5,60000,68,45,55,0.5737280348722625,0.30813743277374955,0.5679008203157899,0.28616497927139345,0.24432633756591293,1,110000,29250.0,3.7606837606837606
15767.398907584155,2,Tamil Nadu,6.5,60000,68,45,55,0.614790166049279,0.7198701957988847,0.4513031731055439,0.36913287597965294,0.47875441790069256,0,110000,29250.0,3.7606837606837606
57015.85314148379,5,Tamil Nadu,6.5,60000,68,45,55,0.6833730871141763,0.7734681586527481,0.5857568559652344,0.6272882347274235,0.7430354291768478,0,110000,29250.0,3.7606837606837606
44582.36934054812,4,Tamil Nadu,6.5,60000,68,45,55,0.6452469307614466,0.5691863843358156,0.6891398685093331,0.5661588442329796,0.7528753499282074,0,110000,29250.0,3.7606837606837606
47536.04910572085,4,Tamil Nadu,6.5,60000,68,45,55,0.6648856146341526,0.6683736911832696,0.5321762802784902,0.7296849137384958,0.7286614870479137,1,110000,29250.0,3.7606837606837606
39506.428509454985,4,Tamil Nadu,6.5,60000,68,45,55,0.6665621093028515,0.7432770774412314,0.4500259150231535,0.4626458701791669,0.590955522393447,1,110000,29250.0,3.7606837606837606
33843.95454304265,4,Tamil Nadu,6.5,60000,68,45,55,0.6586327430757809,0.3064022132783452,0.5709482399860132,0.5321059087646346,0.44034516821668396,1,110000,29250.0,3.7606837606837606
22905.68148603155,3,Tamil Nadu,6.5,60000,68,45,55,0.622990095974854,0.2851942329436964,0.4835518748935004,0.6295331282638549,0.4446122473848802,0,110000,29250.0,3.7606837606837606
37479.23981644815,4,Tamil Nadu,6.5,60000,68,45,55,0.6685152158813491,0.6767226514878857,0.6296620397411554,0.6187282780909092,0.6084274109820997,1,110000,29250.0,3.7606837606837606
36427.2309789691,4,Tamil Nadu,6.5,60000,68,45,55,0.6638517886169082,0.5129739737146329,0.5264708864524588,0.6034843323699411,0.5546524420316188,1,110000,29250.0,3.7606837606837606
26966.829552284846,3,Tamil Nadu,6.5,60000,68,45,55,0.6208870734023937,0.3666176852846693,0.41121498751081287,0.6073603115751479,0.47933328412603093,0,110000,29250.0,3.7606837606837606
92137.22666889578,5,Tamil Nadu,6.5,60000,68,45,55,0.6890623758844854,0.6328462060134339,0.7559808829416602,0.4969949031667207,0.6564157786797064,0,110000,29250.0,3.7606837606837606
25921.17659826956,3,Tamil Nadu,6.5,60000,68,45,55,0.6150543532511821,0.4988556827467733,0.6752780786767543,0.669247509510167,0.5678611262246045,1,110000,29250.0,3.7606837606837606
17377.96367657002,2,Tamil Nadu,6.5,60000,68,45,55,0.6054303331358077,0.48440277418692446,0.6350020251899587,0.3923791848130207,0.5053864472641827,1,110000,29250.0,3.7606837606837606
71851.65886180567,5,Tamil Nadu,6.5,60000,68,45,55,0.6859490928776001,0.533085552622234,0.5052671699498883,0.5095512580407978,0.594134313012439,1,110000,29250.0,3.7606837606837606
13059.005710836638,1,Tamil Nadu,6.5,60000,68,45,55,0.5642143202475812,0.2246833267858348,0.49960439058767603,0.38668607327172566,0.29878753274445385,0,110000,29250.0,3.7606837606837606
50170.03678000451,5,Tamil Nadu,6.5,60000,68,45,55,0.6882426837199043,0.9283467040879265,0.6372815336708813,0.6957068697900995,0.6677646338064246,0,110000,29250.0,3.7606837606837606
11352.958839744842,1,Tamil Nadu,6.5,60000,68,45,55,0.5689745055647311,0.48773951361537143,0.3546848543599994,0.3544449754975191,0.47949271042141245,1,110000,29250.0,3.7606837606837606
32283.436774672788,3,Tamil Nadu,6.5,60000,68,45,55,0.6375207291870841,0.7050631302439654,0.5051529972788121,0.3999583711389906,0.5531599780600455,1,110000,29250.0,3.7606837606837606
37364.91019338937,4,Tamil Nadu,6.5,60000,68,45,55,0.6644823338846808,0.7524873630504405,0.5625797072537577,0.45222385395027265,0.5918955726811094,1,110000,29250.0,3.7606837606837606
24485.888497986572,3,Tamil Nadu,6.5,60000,68,45,55,0.6270073357835005,0.49528252918661675,0.42257375458580637,0.4619731060303397,0.38209637936125396,0,110000,29250.0,3.7606837606837606
41583.094989518075,4,Tamil Nadu,6.5,60000,68,45,55,0.6662081100686186,0.5489167710014036,0.4097060151665844,0.4755821566657561,0.5816884010652452,0,110000,29250.0,3.7606837606837606
21036.41021212429,2,Tamil Nadu,6.5,60000,68,45,55,0.6025788011083446,0.3753456242052028,0.6993353237143916,0.4467299331444893,0.49647379492294835,1,110000,29250.0,3.7606837606837606
19154.365177573454,2,Tamil Nadu,6.5,60000,68,45,55,0.5943054322085681,0.45252057537136126,0.6675808916322477,0.38692192521483737,0.5961464126041282,0,110000,29250.0,3.7606837606837606
21277.459526592225,2,Tamil Nadu,6.5,60000,68,45,55,0.5973242469890637,0.4784784449912741,0.44657372469924383,0.43829430130522895,0.47627401121415625,0,110000,29250.0,3.7606837606837606
21859.147846494434,2,Tamil Nadu,6.5,60000,68,45,55,0.5970891996829973,0.6540273864709679,0.34647770444905157,0.4683461392428492,0.47705140529097406,0,110000,29250.0,3.7606837606837606
25546.017281144283,3,Tamil Nadu,6.5,60000,68,45,55,0.6336240420031706,0.41631490657886683,0.3200174061268524,0.6077617624751923,0.4508666591241973,1,110000,29250.0,3.7606837606837606
30838.44758870592,3,Tamil Nadu,6.5,60000,68,45,55,0.6249012024242121,0.2793437109739607,0.5418271294736259,0.45321985806164833,0.5700697271014726,1,110000,29250.0,3.7606837606837606
22718.884817427468,2,Tamil Nadu,6.5,60000,68,45,55,0.5946673367072122,0.2534776005749693,0.8225069556278994,0.4775191321760306,0.5729259405241184,0,110000,29250.0,3.7606837606837606
37631.96354973566,4,Tamil Nadu,6.5,60000,68,45,55,0.6782590016657681,0.4159857640028176,0.5111917379444452,0.6796065577533696,0.6045179119518476,1,110000,29250.0,3.7606837606837606
21028.944506219064,2,Tamil Nadu,6.5,60000,68,45,55,0.6079687833888996,0.2554661704428353,0.3635539511453865,0.6309131568642229,0.5270738681236136,0,110000,29250.0,3.7606837606837606
40803.39738170052,4,Tamil Nadu,6.5,60000,68,45,55,0.6509654219271772,0.7253473662510281,0.5756825579195883,0.60219185102896,0.6654077529462725,1,110000,29250.0,3.7606837606837606
34367.27275775349,4,Tamil Nadu,6.5,60000,68,45,55,0.6642808385108505,0.7078350388201491,0.4433667554880262,0.5646961101851241,0.46925261579736366,1,110000,29250.0,3.7606837606837606
25164.134535853864,3,Tamil Nadu,6.5,60000,68,45,55,0.6297549292279804,0.47201258852360317,0.4861350007261716,0.5744599387536132,0.6047182582261138,0,110000,29250.0,3.7606837606837606
18312.182134817795,2,Tamil Nadu,6.5,60000,68,45,55,0.6024869403240295,0.7054941599472526,0.5745154099403524,0.480888698166405,0.6185576104908667,0,110000,29250.0,3.7606837606837606
17242.102835854246,2,Tamil Nadu,6.5,60000,68,45,55,0.5999448418170796,0.3114269190312114,0.34004740377071146,0.38442699276302816,0.30460239153962043,1,110000,29250.0,3.7606837606837606
90870.97718560754,5,Tamil Nadu,6.5,60000,68,45,55,0.700467855026281,0.956193809626087,0.7488183304009327,0.6228341546222174,0.7857177668692821,1,110000,29250.0,3.7606837606837606
47567.557060496,4,Tamil Nadu,6.5,60000,68,45,55,0.662027632017943,0.5639740019020104,0.5267172264575294,0.7287300917759882,0.5788229340089843,0,110000,29250.0,3.7606837606837606
34825.78024455644,4,Tamil Nadu,6.5,60000,68,45,55,0.6579505415892857,0.7933141375331634,0.5522608586271969,0.627128593897386,0.6358888054607935,1,110000,29250.0,3.7606837606837606
10060.449325686868,1,Tamil Nadu,6.5,60000,68,45,55,0.5789933343412588,0.3556379401748188,0.42117189668112237,0.370029677671614,0.39978778919238306,1,110000,29250.0,3.7606837606837606
31311.568053876148,3,Tamil Nadu,6.5,60000,68,45,55,0.6309042789823073,0.4625960874163316,0.34422004142329354,0.6691438019096925,0.5424862200914594,1,110000,29250.0,3.7606837606837606
12480.069747590105,1,Tamil Nadu,6.5,60000,68,45,55,0.5697862143647192,0.6315629312754476,0.49274610989754497,0.4015744959259915,0.47734757546769735,0,110000,29250.0,3.7606837606837606
21688.426802878083,2,Tamil Nadu,6.5,60000,68,45,55,0.6017116545962897,0.31984121716366354,0.4659720702988098,0.45203641292970875,0.31792067622360703,0,110000,29250.0,3.7606837606837606
14462.62991576965,1,Tamil Nadu,6.5,60000,68,45,55,0.5676353383377649,0.39381757815408425,0.6364488941922626,0.4699798476096204,0.4791395753671829,1,110000,29250.0,3.7606837606837606
16857.556807561938,2,Tamil Nadu,6.5,60000,68,45,55,0.5986636985013832,0.6163678818152524,0.3720565278488241,0.5056921149185949,0.6285550477506305,1,110000,29250.0,3.7606837606837606
29699.336903534284,3,Tamil Nadu,6.5,60000,68,45,55,0.6227044826838098,0.3858328623513899,0.664187838267035,0.47213097144077565,0.5338237365129445,1,110000,29250.0,3.7606837606837606
38399.051884846456,4,Tamil Nadu,6.5,60000,68,45,55,0.6510597563751898,0.6127421894280414,0.3187041413222939,0.5751240973985875,0.5358924135751768,0,110000,29250.0,3.7606837606837606
89975.04695666402,5,Tamil Nadu,6.5,60000,68,45,55,0.6785857247066042,0.5061832793005634,0.5801086455156208,0.5847539076831395,0.6470873451329556,0,110000,29250.0,3.7606837606837606
18053.898976864715,2,Tamil Nadu,6.5,60000,68,45,55,0.5846515957034578,0.5693250716689604,0.36476262849079755,0.5563341352069896,0.5145959485924452,1,110000,29250.0,3.7606837606837606
19633.46916567228,2,Tamil Nadu,6.5,60000,68,45,55,0.589774254957583,0.599327469758755,0.3309932938132067,0.3717508599324886,0.4104613063193758,1,110000,29250.0,3.7606837606837606
18495.180046410882,2,Tamil Nadu,6.5,60000,68,45,55,0.5968287582267593,0.365607365135534,0.5359701954608844,0.5600753389858201,0.5628150476407715,1,110000,29250.0,3.7606837606837606
34576.08484961043,4,Tamil Nadu,6.5,60000,68,45,55,0.6596026043958849,0.5592707190766839,0.4897905946819432,0.4833501075938982,0.5645377343663867,1,110000,29250.0,3.7606837606837606
28687.786082097104,3,Tamil Nadu,6.5,60000,68,45,55,0.6258584629399522,0.6595031408589409,0.8104576144949132,0.47679459742267105,0.6483287011187412,1,110000,29250.0,3.7606837606837606
33753.51772489805,4,Tamil Nadu,6.5,60000,68,45,55,0.635014393670155,0.5437591653011892,0.48276435396517303,0.5349995362114102,0.5315525423940746,0,110000,29250.0,3.7606837606837606
37297.05646521505,4,Tamil Nadu,6.5,60000,68,45,55,0.674317292149052,0.4588692815440293,0.5746577114047611,0.7321236526381198,0.621895407883656,1,110000,29250.0,3.7606837606837606
22444.523464604314,2,Tamil Nadu,6.5,60000,68,45,55,0.6094362298003324,0.570630525550687,0.39689944468274374,0.5119465954209553,0.5660587186795145,0,110000,29250.0,3.7606837606837606
28720.33426918579,3,Tamil Nadu,6.5,60000,68,45,55,0.6330290270835999,0.5540835614164484,0.5502134401237828,0.618266257696677,0.5507495072818507,1,110000,29250.0,3.7606837606837606
32222.710504511924,3,Tamil Nadu,6.5,60000,68,45,55,0.6476463352969613,0.48671643070200676,0.49757638556706474,0.5516133951488438,0.7037564648306,0,110000,29250.0,3.7606837606837606
100849.1747231966,5,Tamil Nadu,6.5,60000,68,45,55,0.6787977873965915,0.7697419949487907,0.32445174664586535,0.779947390702539,0.6335724929292611,1,110000,29250.0,3.7606837606837606
30739.28394632119,3,Tamil Nadu,6.5,60000,68,45,55,0.6474476797776886,0.5927827840422412,0.6381704465538928,0.4382144053738545,0.5164493627869856,1,110000,29250.0,3.7606837606837606
30027.865294244042,3,Tamil Nadu,6.5,60000,68,45,55,0.6189192878039231,0.5612415833732061,0.6987262129882905,0.5664622387993946,0.6701182983336186,1,110000,29250.0,3.7606837606837606
21982.80669393051,2,Tamil Nadu,6.5,60000,68,45,55,0.6009588078243421,0.5770808232189203,0.4966771633014352,0.5742146201728178,0.5469339929079822,0,110000,29250.0,3.7606837606837606
21311.40633250413,2,Tamil Nadu,6.5,60000,68,45,55,0.5858330553200864,0.4604034934825809,0.7542076775012182,0.5235668428140607,0.5947883657644627,1,110000,29250.0,3.7606837606837606
25200.75412810081,3,Tamil Nadu,6.5,60000,68,45,55,0.6287183695268722,0.5648294637633607,0.519648797741796,0.6540808553293858,0.6978997890550032,0,110000,29250.0,3.7606837606837606
43691.372177488396,4,Tamil Nadu,6.5,60000,68,45,55,0.6624330935514124,0.6103777569478225,0.5135884746657865,0.6152123944161597,0.6386706298523428,1,110000,29250.0,3.7606837606837606
31691.922543644596,3,Tamil Nadu,6.5,60000,68,45,55,0.627024525260083,0.5306203137376263,0.4751291426364887,0.6329315646929827,0.5922011207858158,1,110000,29250.0,3.7606837606837606
63150.72149772949,5,Tamil Nadu,6.5,60000,68,45,55,0.69571020301233,0.6494701613520077,0.4221872051915361,0.5377391373109861,0.5520281367609654,1,110000,29250.0,3.7606837606837606
25181.85312210599,3,Tamil Nadu,6.5,60000,68,45,55,0.6295615730663011,0.6412494257619279,0.5959902836174452,0.4636191683050982,0.5025474598914081,1,110000,29250.0,3.7606837606837606
36879.91559406669,4,Tamil Nadu,6.5,60000,68,45,55,0.6533472812876535,0.5968598712258625,0.5254576086171432,0.5682205732168781,0.4749855667584939,1,110000,29250.0,3.7606837606837606
35322.84181418599,4,Tamil Nadu,6.5,60000,68,45,55,0.6529032953934052,0.428941827877817,0.7366355109670106,0.6904853135504122,0.5817121279996486,1,110000,29250.0,3.7606837606837606
67697.98043733656,5,Tamil Nadu,6.5,60000,68,45,55,0.6966805662975856,0.4630255387884399,0.31378629212299586,0.6129678176205923,0.5109156815580314,1,110000,29250.0,3.7606837606837606
27692.805870844364,3,Tamil Nadu,6.5,60000,68,45,55,0.6220340082733589,0.3943628254908918,0.5821656031066845,0.5732376813202544,0.476900948339988,0,110000,29250.0,3.7606837606837606
33497.60195122748,4,Tamil Nadu,6.5,60000,68,45,55,0.6677254582762779,0.42377383669348756,0.37662409733454694,0.5537434805760882,0.49312406545204845,0,110000,29250.0,3.7606837606837606
17596.365046537983,2,Tamil Nadu,6.5,60000,68,45,55,0.6107985464997479,0.6824871030312715,0.5143587857916223,0.5767161167351292,0.5504196726293352,0,110000,29250.0,3.7606837606837606
37017.01447560606,4,Tamil Nadu,6.5,60000,68,45,55,0.6418842899479673,0.6762874860930042,0.48631660818158656,0.495086275874404,0.6317092087943363,1,110000,29250.0,3.7606837606837606
20106.99715106353,2,Tamil Nadu,6.5,60000,68,45,55,0.6099006924444389,0.4260759783045439,0.2984566199714239,0.5131308434119867,0.3528431211118583,0,110000,29250.0,3.7606837606837606
53364.20481787823,5,Tamil Nadu,6.5,60000,68,45,55,0.7091756555558756,0.8935676444057379,0.37059235010037783,0.6583670565014801,0.7462938745951475,1,110000,29250.0,3.7606837606837606
96832.1301474501,5,Tamil Nadu,6.5,60000,68,45,55,0.6910914661834479,0.7963718062578722,0.717143399099833,0.6059725475527962,0.7480756798666837,1,110000,29250.0,3.7606837606837606
20730.817970394957,2,Tamil Nadu,6.5,60000,68,45,55,0.6045622704243767,0.33562992617556464,0.48584297270656773,0.5465384169823341,0.40592215708327506,1,110000,29250.0,3.7606837606837606
36538.40692709577,4,Tamil Nadu,6.5,60000,68,45,55,0.6689414818151201,0.4152839481785941,0.6247968786536862,0.4435429824073649,0.4323739840904657,0,110000,29250.0,3.7606837606837606
48104.656892718165,4,Tamil Nadu,6.5,60000,68,45,55,0.6558166054196384,0.5633516389124722,0.5193622305488999,0.6874499965669597,0.6593803046413367,0,110000,29250.0,3.7606837606837606
86427.12723028322,5,Tamil Nadu,6.5,60000,68,45,55,0.6903942308068073,0.6372769560806717,0.4535598067571741,0.5893895688716766,0.6502691147751736,1,110000,29250.0,3.7606837606837606
12713.29158834031,1,Tamil Nadu,6.5,60000,68,45,55,0.5554294332751976,0.43222790891255486,0.3439491491836937,0.522906770872456,0.3763330063879631,1,110000,29250.0,3.7606837606837606
10978.357352762763,1,Tamil Nadu,6.5,60000,68,45,55,0.5699577788567332,0.522112264497893,0.758254168577146,0.3765178474756057,0.4070932532439167,1,110000,29250.0,3.7606837606837606
33147.113774358535,4,Tamil Nadu,6.5,60000,68,45,55,0.663552548527874,0.6364948532225885,0.6174276755023498,0.49137194012884866,0.568553420324322,0,110000,29250.0,3.7606837606837606
22772.81307763033,2,Tamil Nadu,6.5,60000,68,45,55,0.6037330588006933,0.754986326537707,0.6163620581160068,0.45184684192546176,0.3456773294471831,0,110000,29250.0,3.7606837606837606
14602.196428394429,1,Tamil Nadu,6.5,60000,68,45,55,0.5792256758074045,0.5028869409009339,0.4116278986329992,0.5242100858971126,0.5193993382687151,0,110000,29250.0,3.7606837606837606
9017.791554131685,1,Tamil Nadu,6.5,60000,68,45,55,0.5608234067900734,0.45764697803978,0.606164271730232,0.49605541058564173,0.4446786696302406,0,110000,29250.0,3.7606837606837606
31308.267617497804,3,Tamil Nadu,6.5,60000,68,45,55,0.6232453610046936,0.5257929222582701,0.32026727715395154,0.5053093605597916,0.5002359339308499,0,110000,29250.0,3.7606837606837606
58138.01192407256,5,Tamil Nadu,6.5,60000,68,45,55,0.7075265020313422,0.8478656650003356,0.32048644325592995,0.7663606173232852,0.7981899110734036,1,110000,29250.0,3.7606837606837606
71662.0251934678,5,Tamil Nadu,6.5,60000,68,45,55,0.6870681448337915,0.7255647161810358,0.5283500833933601,0.6076328557552623,0.6261267540882935,1,110000,29250.0,3.7606837606837606
24443.09782223123,3,Tamil Nadu,6.5,60000,68,45,55,0.6305717664445518,0.4430450678918309,0.40113854116856373,0.4902258184880026,0.5303643548737084,1,110000,29250.0,3.7606837606837606
23958.01045734299,3,Tamil Nadu,6.5,60000,68,45,55,0.6279013281541763,0.5386004952332711,0.4146716111209878,0.4284156732862361,0.46588678570750186,0,110000,29250.0,3.7606837606837606
37075.7234643599,4,Tamil Nadu,6.5,60000,68,45,55,0.6503546203083783,0.6796567042509892,0.42313809946912706,0.45608359372356866,0.515253059107877,1,110000,29250.0,3.7606837606837606
11652.713676574003,1,Tamil Nadu,6.5,60000,68,45,55,0.5848067206803467,0.3251244835828848,0.4302664889141437,0.38997072115544495,0.5051980776238965,1,110000,29250.0,3.7606837606837606
38337.19632973474,4,Tamil Nadu,6.5,60000,68,45,55,0.6532944144522226,0.5233917986517137,0.3755741536402385,0.46260065586018806,0.4582819106823424,0,110000,29250.0,3.7606837606837606
16158.628498246075,2,Tamil Nadu,6.5,60000,68,45,55,0.5872985733343592,0.48953450823439093,0.7511789037692276,0.4737904873666261,0.5815643688049345,1,110000,29250.0,3.7606837606837606
18128.430999981156,2,Tamil Nadu,6.5,60000,68,45,55,0.594064025798401,0.5037658739415042,0.4412196603793934,0.593002863114509,0.5438571050828868,0,110000,29250.0,3.7606837606837606
38327.09894699026,4,Tamil Nadu,6.5,60000,68,45,55,0.6385543685541732,0.6797297451452932,0.45366676479755524,0.5778349958084181,0.6217403611430976,1,110000,29250.0,3.7606837606837606
48460.976145434535,5,Tamil Nadu,6.5,60000,68,45,55,0.6820585539215968,0.827592947099504,0.3790445946424558,0.6291742934814757,0.6935610036079224,0,110000,29250.0,3.7606837606837606
11010.30474677536,1,Tamil Nadu,6.5,60000,68,45,55,0.5588901425929054,0.3930973262081203,0.48955610430678076,0.36103218628996947,0.43915916171030744,0,110000,29250.0,3.7606837606837606
33021.060620264834,4,Tamil Nadu,6.5,60000,68,45,55,0.6647457148807018,0.5941609556203564,0.7678104366410214,0.48488867278451897,0.5770193163678031,0,110000,29250.0,3.7606837606837606
30021.99653403371,3,Tamil Nadu,6.5,60000,68,45,55,0.6218372861758298,0.6076303482613465,0.4821632331835498,0.4516986575532028,0.49168578113925754,0,110000,29250.0,3.7606837606837606
8000.0,1,Tamil Nadu,6.5,60000,68,45,55,0.5774494679272171,0.29298827125316,0.6961537006454224,0.4553965438653479,0.48224551332907123,0,110000,29250.0,3.7606837606837606
14084.147032944355,1,Tamil Nadu,6.5,60000,68,45,55,0.5825562685021218,0.2267718004287715,0.5171472751406471,0.4625379343183179,0.284506198696588,1,110000,29250.0,3.7606837606837606
21398.75191698938,2,Tamil Nadu,6.5,60000,68,45,55,0.6063831819343045,0.4282727822728264,0.447270747632626,0.40105633780268557,0.4671498339898546,0,110000,29250.0,3.7606837606837606
38485.99557306332,4,Tamil Nadu,6.5,60000,68,45,55,0.6564175456828278,0.5631133625405423,0.29667701044899747,0.5546761122695048,0.48322762087419413,0,110000,29250.0,3.7606837606837606
18517.653244152232,2,Tamil Nadu,6.5,60000,68,45,55,0.5999825735384845,0.4338744594291455,0.4830979048990587,0.5056048053159519,0.5610895233953718,1,110000,29250.0,3.7606837606837606
8000.0,1,Tamil Nadu,6.5,60000,68,45,55,0.553321579169988,0.362751000066481,0.5100442517215522,0.5131386115529851,0.3105055891141062,0,110000,29250.0,3.7606837606837606
76741.82754071952,5,Tamil Nadu,6.5,60000,68,45,55,0.6872336348462162,0.715010212738656,0.40779298837342803,0.5809308080127309,0.6492604763210845,1,110000,29250.0,3.7606837606837606
70512.6577342023,5,Tamil Nadu,6.5,60000,68,45,55,0.6799670438907602,0.7042181323190979,0.45860062134669377,0.5664070760045719,0.6360480372676246,1,110000,29250.0,3.7606837606837606
15202.83283478,2,Tamil Nadu,6.5,60000,68,45,55,0.6055146923829215,0.39586698170169254,0.3915526860229566,0.5541400997965324,0.4835865957264032,1,110000,29250.0,3.7606837606837606
11429.73402153404,1,Tamil Nadu,6.5,60000,68,45,55,0.5942989524638733,0.2363543253211332,0.4238110485864953,0.4391436512213033,0.4862043142997941,0,110000,29250.0,3.7606837606837606
56832.60851677866,5,Tamil Nadu,6.5,60000,68,45,55,0.6935696449311667,0.4639706938547761,0.39253185213884434,0.7420239773583402,0.6079240232272621,0,110000,29250.0,3.7606837606837606
15112.011333071152,2,Tamil Nadu,6.5,60000,68,45,55,0.5786600270818819,0.28414484865660383,0.5014126730410352,0.3983009061161954,0.41952694955488623,0,110000,29250.0,3.7606837606837606
35492.39924507809,4,Tamil Nadu,6.5,60000,68,45,55,0.6549591266422848,0.5319336017546704,0.3811303810398293,0.6662828628273749,0.48435493730964996,1,110000,29250.0,3.7606837606837606
15002.526033744185,1,Tamil Nadu,6.5,60000,68,45,55,0.5697963378251731,0.28465376144396254,0.6792005008131612,0.33361005222525286,0.4195622319320591,0,110000,29250.0,3.7606837606837606
9136.557381133342,1,Tamil Nadu,6.5,60000,68,45,55,0.5694450028240312,0.3670888359946071,0.5471477547563153,0.46043137334903383,0.42722382523843255,1,110000,29250.0,3.7606837606837606
24671.083392203058,3,Tamil Nadu,6.5,60000,68,45,55,0.621263297315341,0.3704980708660408,0.386134881025092,0.4700901124944059,0.42575332299618296,1,110000,29250.0,3.7606837606837606
18999.113181804503,2,Tamil Nadu,6.5,60000,68,45,55,0.6010243459977979,0.3747832596018338,0.3980712180207954,0.3653272872798766,0.2927444431045393,0,110000,29250.0,3.7606837606837606
29868.34304891991,3,Tamil Nadu,6.5,60000,68,45,55,0.6161464202022346,0.3608353077167651,0.44178234889025386,0.5700293813701428,0.6159542438711294,0,110000,29250.0,3.7606837606837606
27038.7128368278,3,Tamil Nadu,6.5,60000,68,45,55,0.6191223413445779,0.36682224811953706,0.6233258306622065,0.5370396879688184,0.4490778477611804,0,110000,29250.0,3.7606837606837606
24355.12123707997,3,Tamil Nadu,6.5,60000,68,45,55,0.6350294049874656,0.6024507444681245,0.5922376186694027,0.5307940565638727,0.5590495978219205,1,110000,29250.0,3.7606837606837606
24083.742551966734,3,Tamil Nadu,6.5,60000,68,45,55,0.6184147962626303,0.6387925005327373,0.3708201248563648,0.5627558282361366,0.4337517287931378,1,110000,29250.0,3.7606837606837606
135339.45399150386,5,Tamil Nadu,6.5,60000,68,45,55,0.6939535446263512,0.5208127608639116,0.7212747874622638,0.596731165236517,0.5379184273408074,1,110000,29250.0,3.7606837606837606
24973.339085645737,3,Tamil Nadu,6.5,60000,68,45,55,0.614876790824868,0.4581945908720565,0.4490848501652641,0.5860502685256435,0.41451021423421935,0,110000,29250.0,3.7606837606837606
54009.05840945198,5,Tamil Nadu,6.5,60000,68,45,55,0.7062196874093459,0.6962346696374312,0.4638174982625193,0.5242531192815529,0.7163571915408666,1,110000,29250.0,3.7606837606837606
38750.3835776153,4,Tamil Nadu,6.5,60000,68,45,55,0.650828729347388,0.8040428968336715,0.4437935718405127,0.6494914450909983,0.5339287351610991,1,110000,29250.0,3.7606837606837606
30483.281498568464,3,Tamil Nadu,6.5,60000,68,45,55,0.6263347628533941,0.49562906593479494,0.4847993089427043,0.5589441142842094,0.4916125347336724,1,110000,29250.0,3.7606837606837606
33873.04163835863,4,Tamil Nadu,6.5,60000,68,45,55,0.6618775611823327,0.4499329522772446,0.5148823637634452,0.5809417920107374,0.5271246446738772,0,110000,29250.0,3.7606837606837606
11385.425119466445,1,Tamil Nadu,6.5,60000,68,45,55,0.5629179290464177,0.543586847449112,0.41364310977099805,0.32329511999037747,0.3601000248039905,0,110000,29250.0,3.7606837606837606
40551.0137923305,4,Tamil Nadu,6.5,60000,68,45,55,0.6600054881821417,0.41716443519606816,0.434413069674608,0.518479343848987,0.44255744311461515,0,110000,29250.0,3.7606837606837606
31209.110898660776,3,Tamil Nadu,6.5,60000,68,45,55,0.6343249958166298,0.50806879734218,0.40968033445788066,0.4735889735858746,0.46250137341155634,1,110000,29250.0,3.7606837606837606
38543.01329035846,4,Tamil Nadu,6.5,60000,68,45,55,0.6681775608964634,0.8078581782175267,0.38790249479980726,0.5051437961729804,0.5071481679163059,0,110000,29250.0,3.7606837606837606
11744.949639323748,1,Tamil Nadu,6.5,60000,68,45,55,0.5764864029311582,0.212555948611944,0.46213002132465497,0.5712539179561207,0.497770314252961,0,110000,29250.0,3.7606837606837606
11809.725482341655,1,Tamil Nadu,6.5,60000,68,45,55,0.5668533239334019,0.3609274269513808,0.4585798609855758,0.559692467354713,0.5743398512950317,0,110000,29250.0,3.7606837606837606
23347.21633125002,3,Tamil Nadu,6.5,60000,68,45,55,0.6271051108309925,0.4948937091810478,0.6071313707696775,0.5488399641517752,0.6479710724278642,1,110000,29250.0,3.7606837606837606
55562.36462080669,5,Tamil Nadu,6.5,60000,68,45,55,0.712062514151679,0.9429811444571108,0.5546039805481792,0.546701774972067,0.5672518160867454,0,110000,29250.0,3.7606837606837606
9935.977625579679,1,Tamil Nadu,6.5,60000,68,45,55,0.5780703192539215,0.47545750365876416,0.5238430415066722,0.5583415095218968,0.3620235321208055,1,110000,29250.0,3.7606837606837606
16369.051141618424,2,Tamil Nadu,6.5,60000,68,45,55,0.5893531920082264,0.5917464534724638,0.561394337318369,0.5598219598568522,0.43948258302338344,0,110000,29250.0,3.7606837606837606
48038.631212673135,4,Tamil Nadu,6.5,60000,68,45,55,0.6595713102090841,0.7038378038999653,0.6603057200484321,0.44663155168621116,0.6451885588877945,1,110000,29250.0,3.7606837606837606
9865.447006851262,1,Tamil Nadu,6.5,60000,68,45,55,0.5652199971836467,0.5375569836111668,0.615016040641994,0.4322134565209481,0.45567370194205997,1,110000,29250.0,3.7606837606837606
44239.98829463869,4,Tamil Nadu,6.5,60000,68,45,55,0.6572180862321975,0.5729684802500097,0.5675892151934594,0.6164833869322981,0.7627336771166927,1,110000,29250.0,3.7606837606837606
68036.69536770757,5,Tamil Nadu,6.5,60000,68,45,55,0.6762764769943477,0.7919397880114137,0.3390194915701504,0.5049420092190283,0.5931198936430636,0,110000,29250.0,3.7606837606837606
39490.828706639484,4,Tamil Nadu,6.5,60000,68,45,55,0.654452196227569,0.48787666152182396,0.4124084630227862,0.4499493093467174,0.5742814037203637,1,110000,29250.0,3.7606837606837606
43048.033105693205,4,Tamil Nadu,6.5,60000,68,45,55,0.6766869863033678,0.385072734743216,0.4926815050502593,0.5740571875455541,0.6183687608667569,1,110000,29250.0,3.7606837606837606
45825.34759815491,4,Tamil Nadu,6.5,60000,68,45,55,0.6643621915801836,0.867862147563204,0.5936484286521614,0.4355855140012883,0.5608084665853473,1,110000,29250.0,3.7606837606837606
35306.360251805476,4,Tamil Nadu,6.5,60000,68,45,55,0.6336598144899139,0.7997360015809738,0.5798709071611429,0.4490506678233409,0.5424991783853705,0,110000,29250.0,3.7606837606837606
15665.276841913397,2,Tamil Nadu,6.5,60000,68,45,55,0.610738663496408,0.6621412858277524,0.42718646699835183,0.3845412991435819,0.6076161777801342,1,110000,29250.0,3.7606837606837606
8000.0,1,Tamil Nadu,6.5,60000,68,45,55,0.5794677238005203,0.4738338353099223,0.35554343363944646,0.5579912322087337,0.3469120257196222,1,110000,29250.0,3.7606837606837606
20159.793488016636,2,Tamil Nadu,6.5,60000,68,45,55,0.5949785755283644,0.7353666880703651,0.502863067778893,0.5648850581038123,0.5737560971296977,1,110000,29250.0,3.7606837606837606
38588.362684400156,4,Tamil Nadu,6.5,60000,68,45,55,0.6657440640092608,0.6447114626230798,0.3583343146181436,0.570127801271186,0.6215230742886517,1,110000,29250.0,3.7606837606837606
58793.3271069377,5,Tamil Nadu,6.5,60000,68,45,55,0.6799774364632566,0.9414904615344213,0.47991052889606733,0.6287617002420989,0.7270112396000679,1,110000,29250.0,3.7606837606837606
69828.25434574425,5,Tamil Nadu,6.5,60000,68,45,55,0.6838688714087651,0.7821217357615896,0.5027951855973993,0.6908073647317805,0.6599236555731399,0,110000,29250.0,3.7606837606837606
8246.728650038303,1,Tamil Nadu,6.5,60000,68,45,55,0.5835568921781271,0.5509328022902524,0.36754209209534694,0.42731596089744384,0.4170437529442376,1,110000,29250.0,3.7606837606837606
8000.0,1,Tamil Nadu,6.5,60000,68,45,55,0.5658541281727315,0.4055756078656241,0.6089760417838455,0.304177532654069,0.32651397270962007,1,110000,29250.0,3.7606837606837606
26321.925965487942,3,Tamil Nadu,6.5,60000,68,45,55,0.6098741119518787,0.6789794380532744,0.684161683854847,0.6066194125201029,0.5681510483307775,0,110000,29250.0,3.7606837606837606
41912.05520492218,4,Tamil Nadu,6.5,60000,68,45,55,0.6579383963436152,0.48257646522851694,0.5000392442566901,0.4523249476932899,0.6343731604022773,0,110000,29250.0,3.7606837606837606
27332.76915990025,3,Tamil Nadu,6.5,60000,68,45,55,0.627785544642285,0.6774566873484468,0.4500483928221831,0.5308279397344087,0.5805214344647339,1,110000,29250.0,3.7606837606837606
30917.449328329632,3,Tamil Nadu,6.5,60000,68,45,55,0.6405551142651632,0.6325237103604171,0.6215255981529739,0.6435122528792969,0.5909591863409805,1,110000,29250.0,3.7606837606837606
18725.007314101207,2,Tamil Nadu,6.5,60000,68,45,55,0.5987147927931862,0.6569698208751102,0.5556826827050718,0.3702139100084101,0.5566220175837362,0,110000,29250.0,3.7606837606837606
23038.930994690203,3,Tamil Nadu,6.5,60000,68,45,55,0.6243556054570256,0.6860458425321848,0.3931320602209217,0.5969883737416205,0.542623400568389,1,110000,29250.0,3.7606837606837606
16610.33083446252,2,Tamil Nadu,6.5,60000,68,45,55,0.6090219900237406,0.4996246960163453,0.6026008440140111,0.3488983776653223,0.39597957187078486,0,110000,29250.0,3.7606837606837606
33622.96865591273,4,Tamil Nadu,6.5,60000,68,45,55,0.6597793308964397,0.7179653562046082,0.41901064682546185,0.7329178855438152,0.6136969773055125,0,110000,29250.0,3.7606837606837606
87122.65839880315,5,Tamil Nadu,6.5,60000,68,45,55,0.6810712017557714,0.6807252809932709,0.7826842591384571,0.6896259140966448,0.6212256734004445,1,110000,29250.0,3.7606837606837606
22993.72704149344,3,Tamil Nadu,6.5,60000,68,45,55,0.6401214041768447,0.47346261553061897,0.5124656044084417,0.6756968856660209,0.6916439896734254,1,110000,29250.0,3.7606837606837606
17802.134956709837,2,Tamil Nadu,6.5,60000,68,45,55,0.6005080462165965,0.4466048186764102,0.597915508833412,0.5354671893821719,0.5696434949400381,0,110000,29250.0,3.7606837606837606
69268.8801675491,5,Tamil Nadu,6.5,60000,68,45,55,0.688600688238223,0.5551342336866448,0.7475986457636767,0.5576849420756551,0.683077944870325,0,110000,29250.0,3.7606837606837606
80109.71640618824,5,Tamil Nadu,6.5,60000,68,45,55,0.6903505124855451,0.6906473382685328,0.4807688797959011,0.7629093540828806,0.6493954569827797,0,110000,29250.0,3.7606837606837606
12992.602399474628,1,Tamil Nadu,6.5,60000,68,45,55,0.5578647448572627,0.49934469835651724,0.3233170759132199,0.4730010554487579,0.42597496012313746,1,110000,29250.0,3.7606837606837606
22694.029716279674,2,Tamil Nadu,6.5,60000,68,45,55,0.5932948908096451,0.27862855807796294,0.39464338472820565,0.5077811151823541,0.38446915258058406,0,110000,29250.0,3.7606837606837606
26982.961798549186,3,Tamil Nadu,6.5,60000,68,45,55,0.6286072545897564,0.6629996590379249,0.5787973247971547,0.5137335678990782,0.47940025627743715,0,110000,29250.0,3.7606837606837606
35133.723391529165,4,Tamil Nadu,6.5,60000,68,45,55,0.6566247916211818,0.526483155901795,0.5382662174086886,0.5203781728225609,0.6240578448450675,1,110000,29250.0,3.7606837606837606
16344.04256671709,2,Tamil Nadu,6.5,60000,68,45,55,0.6112957123995945,0.5573564959945665,0.35731029503636075,0.49402087089408764,0.5481273199014537,1,110000,29250.0,3.7606837606837606
9136.546489237113,1,Tamil Nadu,6.5,60000,68,45,55,0.5707454870986987,0.41077111934678,0.5656951942910365,0.3948173126433654,0.4690729030795507,0,110000,29250.0,3.7606837606837606
33352.45797011997,4,Tamil Nadu,6.5,60000,68,45,55,0.6671204677977927,0.6665121421094846,0.616928080205077,0.6912073213070649,0.6734682678964089,1,110000,29250.0,3.7606837606837606
21162.473980051695,2,Tamil Nadu,6.5,60000,68,45,55,0.598665382117187,0.2224790620477552,0.4794432175097626,0.34363956259032713,0.311702448502553,0,110000,29250.0,3.7606837606837606
16297.542272644245,2,Tamil Nadu,6.5,60000,68,45,55,0.6091343134088898,0.4364615054237705,0.7785526489248149,0.4940274454630996,0.5747523848764496,1,110000,29250.0,3.7606837606837606
20097.732687530246,2,Tamil Nadu,6.5,60000,68,45,55,0.6025467061371601,0.5149137183330734,0.4270161573589987,0.5859694665718191,0.44864101138758017,0,110000,29250.0,3.7606837606837606
40127.8378976877,4,Tamil Nadu,6.5,60000,68,45,55,0.6587056334253132,0.714127689392652,0.5447585443103521,0.44328191141489504,0.5215315749619257,1,110000,29250.0,3.7606837606837606
13645.69540940078,1,Tamil Nadu,6.5,60000,68,45,55,0.5684385976818385,0.43083039436806403,0.3865442408728489,0.3696908028794538,0.3290641938968206,0,110000,29250.0,3.7606837606837606
12231.406514741308,1,Tamil Nadu,6.5,60000,68,45,55,0.559027042308519,0.4992490841560784,0.3830347300248497,0.3004567669903164,0.3399106833430032,0,110000,29250.0,3.7606837606837606
27773.678467045833,3,Tamil Nadu,6.5,60000,68,45,55,0.6336405857727917,0.2860114632575664,0.39071568343755003,0.563501130943463,0.4074013276069554,0,110000,29250.0,3.7606837606837606
39768.701850694764,4,Tamil Nadu,6.5,60000,68,45,55,0.6581693812260648,0.5560473492173523,0.5685804161983684,0.5300208223175197,0.6295426708808414,1,110000,29250.0,3.7606837606837606
69487.42326746415,5,Tamil Nadu,6.5,60000,68,45,55,0.6835515089696166,0.8860050781752362,0.4480032361098716,0.7729190113747777,0.6579867998848496,0,110000,29250.0,3.7606837606837606
27382.177027512065,3,Tamil Nadu,6.5,60000,68,45,55,0.6396360462795493,0.5630662276477081,0.49217212156235635,0.569888081780702,0.5628388992214872,1,110000,29250.0,3.7606837606837606
30182.161069114554,3,Tamil Nadu,6.5,60000,68,45,55,0.6160692683124805,0.46192259374652855,0.5577942280057449,0.5535406014071528,0.5803905575872103,1,110000,29250.0,3.7606837606837606
14984.27345159551,1,Tamil Nadu,6.5,60000,68,45,55,0.5643464696171043,0.41767295520017833,0.3697445199086871,0.560171929603669,0.5431503672211315,0,110000,29250.0,3.7606837606837606
21933.4677581823,2,Tamil Nadu,6.5,60000,68,45,55,0.6088486160592239,0.4347150591983857,0.44419522533141476,0.4020726218212749,0.47088650766256773,0,110000,29250.0,3.7606837606837606
12272.660967186695,1,Tamil Nadu,6.5,60000,68,45,55,0.5717266579806312,0.4824285510862868,0.6156347893482228,0.4536726778568423,0.35241819765406496,0,110000,29250.0,3.7606837606837606
19999.86880551324,2,Tamil Nadu,6.5,60000,68,45,55,0.598092839294901,0.5969215046739524,0.7239644987321584,0.49783479048749746,0.5595274474984905,1,110000,29250.0,3.7606837606837606
17309.011041412454,2,Tamil Nadu,6.5,60000,68,45,55,0.6010814640029299,0.5008274579333586,0.6233863699192923,0.3596342702932809,0.5350731326811162,1,110000,29250.0,3.7606837606837606
26531.51246827988,3,Tamil Nadu,6.5,60000,68,45,55,0.630365570281917,0.5792495191925202,0.4917394464721002,0.6646179359121868,0.523705121625562,1,110000,29250.0,3.7606837606837606
63208.75047871732,5,Tamil Nadu,6.5,60000,68,45,55,0.6734048031085694,0.5987438245418739,0.5737069229225564,0.6950704196785724,0.7381308062011869,1,110000,29250.0,3.7606837606837606
15775.865206566172,2,Tamil Nadu,6.5,60000,68,45,55,0.5950788097179489,0.4275303392591445,0.5628255090349794,0.6014317549039638,0.6260417272449555,0,110000,29250.0,3.7606837606837606
50532.55970473786,5,Tamil Nadu,6.5,60000,68,45,55,0.7047366451165661,0.7386566301837174,0.5725296328285188,0.7797612160704871,0.7526184697156688,1,110000,29250.0,3.7606837606837606
17022.15701395335,2,Tamil Nadu,6.5,60000,68,45,55,0.5919781872236568,0.30621179615368216,0.4937241309605065,0.47889618868943895,0.510092635461146,1,110000,29250.0,3.7606837606837606
13928.895279008677,1,Tamil Nadu,6.5,60000,68,45,55,0.5653884184303852,0.3738393594705291,0.427885433732111,0.526097952625829,0.5328084730497641,0,110000,29250.0,3.7606837606837606
8000.0,1,Tamil Nadu,6.5,60000,68,45,55,0.5631552209383367,0.5159081001971499,0.5265167499517598,0.4582679206756044,0.4819702860164467,0,110000,29250.0,3.7606837606837606
15104.853948571383,2,Tamil Nadu,6.5,60000,68,45,55,0.5977012763382472,0.7030440455083766,0.8068756628214695,0.6281369146408856,0.7195186288831026,1,110000,29250.0,3.7606837606837606
116839.62387991259,5,Tamil Nadu,6.5,60000,68,45,55,0.6827402002581856,0.8279557042494865,0.6295636064376579,0.5591670752323062,0.6014622004792758,1,110000,29250.0,3.7606837606837606
47760.18763881447,4,Tamil Nadu,6.5,60000,68,45,55,0.6634388435930092,0.7627079475991538,0.49913692782061825,0.4391451512971094,0.638339804551846,1,110000,29250.0,3.7606837606837606
56974.03436935385,5,Tamil Nadu,6.5,60000,68,45,55,0.6905445626943313,0.45247669678179014,0.6615677022025073,0.5407842713801674,0.6209305524696431,1,110000,29250.0,3.7606837606837606
39286.48961262305,4,Tamil Nadu,6.5,60000,68,45,55,0.6663069047224988,0.732758752815447,0.33377659130291604,0.47340563460262697,0.725346457607734,0,110000,29250.0,3.7606837606837606
12824.229066404276,1,Tamil Nadu,6.5,60000,68,45,55,0.558062016909539,0.4685584219512934,0.49251200340285023,0.4160856933985675,0.41182134125868597,0,110000,29250.0,3.7606837606837606
30955.98828622888,3,Tamil Nadu,6.5,60000,68,45,55,0.6251680237425995,0.4573605056281218,0.6236346972938462,0.40822306112481754,0.5965675343292938,1,110000,29250.0,3.7606837606837606
12173.911435186868,1,Tamil Nadu,6.5,60000,68,45,55,0.5663142022553073,0.4084177823012975,0.6610157248431691,0.351059321141932,0.513889154018661,0,110000,29250.0,3.7606837606837606
31529.5025048911,3,Tamil Nadu,6.5,60000,68,45,55,0.6331278976723145,0.5911302522452837,0.4419005469065672,0.4138797641574451,0.4943670086741534,0,110000,29250.0,3.7606837606837606
18266.73870857126,2,Tamil Nadu,6.5,60000,68,45,55,0.5906392165993581,0.38044893070082253,0.3593526669655801,0.48102583347741157,0.3033300327697666,0,110000,29250.0,3.7606837606837606
61169.84349101134,5,Tamil Nadu,6.5,60000,68,45,55,0.697727966614012,0.8581924790327691,0.5701234425267845,0.5650331216258905,0.6574212093201476,1,110000,29250.0,3.7606837606837606
61822.19838763957,5,Tamil Nadu,6.5,60000,68,45,55,0.7004355844766047,0.7692895897620193,0.5060833076332409,0.6263021894535846,0.663088428203201,1,110000,29250.0,3.7606837606837606
39631.21277453322,4,Tamil Nadu,6.5,60000,68,45,55,0.6486827050950728,0.5997228993591255,0.6163456762322765,0.46166643001334307,0.6396376135967832,1,110000,29250.0,3.7606837606837606
26271.824755791215,3,Tamil Nadu,6.5,60000,68,45,55,0.6236626996224929,0.6801086730091271,0.5691310697896534,0.5400611998045111,0.6137252226345378,1,110000,29250.0,3.7606837606837606
35921.78584599742,4,Tamil Nadu,6.5,60000,68,45,55,0.6532521134885076,0.5816953989713591,0.5896607828574424,0.4740207605573642,0.5695895861216608,1,110000,29250.0,3.7606837606837606
35086.923083907976,4,Tamil Nadu,6.5,60000,68,45,55,0.6848952906182035,0.6337425722962089,0.5538388727603796,0.4648039354261079,0.6421907090789964,0,110000,29250.0,3.7606837606837606
12989.081463647142,1,Tamil Nadu,6.5,60000,68,45,55,0.5642724275193497,0.21876252720869233,0.5572613505089752,0.3780058651967255,0.4358059482177412,1,110000,29250.0,3.7606837606837606
27170.972243016477,3,Tamil Nadu,6.5,60000,68,45,55,0.64534768299299,0.6827598355221263,0.33892014095299444,0.6473252429387781,0.658410688997217,1,110000,29250.0,3.7606837606837606
17721.112678387566,2,Tamil Nadu,6.5,60000,68,45,55,0.5859051086203624,0.21389742833053893,0.40550334400097565,0.5715564208782091,0.3636217420907919,1,110000,29250.0,3.7606837606837606
21819.792709102298,2,Tamil Nadu,6.5,60000,68,45,55,0.5886749189097849,0.6081027501195134,0.5459660699294591,0.6227449406898052,0.6478989349142803,0,110000,29250.0,3.7606837606837606
13505.147184178937,1,Tamil Nadu,6.5,60000,68,45,55,0.5617053832529466,0.31370527468213955,0.4390637623772013,0.4230585793155479,0.48837979172194973,0,110000,29250.0,3.7606837606837606
30864.70751349454,3,Tamil Nadu,6.5,60000,68,45,55,0.6201145354569634,0.5204348275326199,0.6913558202715204,0.47873242690891016,0.7365623999475542,0,110000,29250.0,3.7606837606837606
36143.27037811663,4,Tamil Nadu,6.5,60000,68,45,55,0.6558924412298436,0.34839946768544017,0.510288249355587,0.726272019556979,0.6128098444000459,1,110000,29250.0,3.7606837606837606
19583.73255045812,2,Tamil Nadu,6.5,60000,68,45,55,0.5914836465442136,0.32588963326483633,0.6898181090511208,0.4495304234803553,0.5587702775896568,0,110000,29250.0,3.7606837606837606
16864.525984804885,2,Tamil Nadu,6.5,60000,68,45,55,0.5903780126440829,0.5796869281936464,0.34996881145848324,0.33773102186513926,0.4629880309686794,0,110000,29250.0,3.7606837606837606
8000.0,1,Tamil Nadu,6.5,60000,68,45,55,0.5801561485361619,0.30505134574551424,0.7195134233616909,0.5310325841435247,0.545254764768188,1,110000,29250.0,3.7606837606837606
22972.210689060103,3,Tamil Nadu,6.5,60000,68,45,55,0.6408093647965603,0.5635245576548168,0.4098689292631783,0.4357631622899748,0.5802533745029258,1,110000,29250.0,3.7606837606837606
13922.814569489223,1,Tamil Nadu,6.5,60000,68,45,55,0.5780643935551818,0.34552051428496433,0.3188956635945762,0.5003737285702088,0.29770002528815354,1,110000,29250.0,3.7606837606837606
13834.981454923802,1,Tamil Nadu,6.5,60000,68,45,55,0.5738114181272719,0.5225286266663113,0.36292524088415967,0.2895365671357081,0.41068878538442655,1,110000,29250.0,3.7606837606837606
9793.527786024086,1,Tamil Nadu,6.5,60000,68,45,55,0.5694988592292242,0.565306430777431,0.7574704465884723,0.31829704923283986,0.5204128964723274,0,110000,29250.0,3.7606837606837606
31893.713786268738,3,Tamil Nadu,6.5,60000,68,45,55,0.6236011216647694,0.7120046346881107,0.46990423934340586,0.5300690659887448,0.5319578431135744,0,110000,29250.0,3.7606837606837606
38449.85593991779,4,Tamil Nadu,6.5,60000,68,45,55,0.6490398535238777,0.4874887581360101,0.5152336440733671,0.45536940794394787,0.4032953604644978,0,110000,29250.0,3.7606837606837606
35837.32700876147,4,Tamil Nadu,6.5,60000,68,45,55,0.6622013856057555,0.730088692711341,0.4605221107873251,0.7015892687060958,0.6246227024624053,1,110000,29250.0,3.7606837606837606
38685.10132870218,4,Tamil Nadu,6.5,60000,68,45,55,0.6468351246459606,0.8303299271026561,0.5312797556704691,0.6599607183805692,0.6957062389316016,1,110000,29250.0,3.7606837606837606
22807.812949827447,3,Tamil Nadu,6.5,60000,68,45,55,0.6186322192796746,0.3973493498564883,0.6836274376214253,0.48345559360605095,0.507271335031194,1,110000,29250.0,3.7606837606837606
16885.39610124467,2,Tamil Nadu,6.5,60000,68,45,55,0.6101005611334767,0.3958956439050918,0.544910229961701,0.514256124319011,0.5158250745594246,0,110000,29250.0,3.7606837606837606
62424.67279648547,5,Tamil Nadu,6.5,60000,68,45,55,0.7075779189886495,0.6577169846873917,0.6833732573150537,0.6996580205759306,0.6430019795449313,0,110000,29250.0,3.7606837606837606
13562.315654471056,1,Tamil Nadu,6.5,60000,68,45,55,0.5725043799530934,0.3926215393864521,0.5711542877955458,0.5116197565883736,0.48898783714734806,0,110000,29250.0,3.7606837606837606
24828.59805443308,3,Tamil Nadu,6.5,60000,68,45,55,0.639636000094375,0.4258985872042263,0.4223308897374882,0.5037027863463635,0.5143392178346045,1,110000,29250.0,3.7606837606837606
45685.75621126641,4,Tamil Nadu,6.5,60000,68,45,55,0.6561129453969887,0.5904559105401507,0.5139796483567978,0.7046400662208578,0.5405846218268454,1,110000,29250.0,3.7606837606837606
14587.131955705172,1,Tamil Nadu,6.5,60000,68,45,55,0.5551946867105517,0.3640148044857819,0.37169428471380134,0.5675354190140923,0.34002184121426393,0,110000,29250.0,3.7606837606837606
40599.0165218394,4,Tamil Nadu,6.5,60000,68,45,55,0.6646931447576144,0.4602541055971453,0.45654752311713986,0.4937145753678053,0.5767846618526132,0,110000,29250.0,3.7606837606837606
16632.10479311518,2,Tamil Nadu,6.5,60000,68,45,55,0.6042643218041291,0.5776914491315273,0.5395464991023501,0.6083716399217328,0.5813584153870213,1,110000,29250.0,3.7606837606837606
53941.076301318884,5,Tamil Nadu,6.5,60000,68,45,55,0.689288114110231,0.5222507151582836,0.49449023644547074,0.6988041533007024,0.5532022133721602,1,110000,29250.0,3.7606837606837606
14814.019334873461,1,Tamil Nadu,6.5,60000,68,45,55,0.5661476739903775,0.3704569491653831,0.5011745797457439,0.5514414192412146,0.4362797152780526,1,110000,29250.0,3.7606837606837606
37524.747494476986,4,Tamil Nadu,6.5,60000,68,45,55,0.6681935343572396,0.5481287984101624,0.6695189602847462,0.5624262804731666,0.6455702816145034,1,110000,29250.0,3.7606837606837606
19304.148064609795,2,Tamil Nadu,6.5,60000,68,45,55,0.5887140982371538,0.4892538961658769,0.43928653206391705,0.5333592624710781,0.424191713443068,0,110000,29250.0,3.7606837606837606
31547.420736544314,3,Tamil Nadu,6.5,60000,68,45,55,0.620833622782522,0.44019104560518196,0.5738008980685051,0.4556139334756738,0.6147719776139725,0,110000,29250.0,3.7606837606837606
41989.607471755575,4,Tamil Nadu,6.5,60000,68,45,55,0.6484903635038243,0.5979434433897329,0.4923026608469079,0.6603305257190072,0.6505414305106061,1,110000,29250.0,3.7606837606837606
24666.097990839175,3,Tamil Nadu,6.5,60000,68,45,55,0.6294211581977869,0.6041424831369758,0.6893946349965394,0.5595200509441274,0.6667502750083462,0,110000,29250.0,3.7606837606837606
13105.896388729327,1,Tamil Nadu,6.5,60000,68,45,55,0.5576924984503361,0.4233258882911904,0.368927322830976,0.4292835335668206,0.4180994242414332,1,110000,29250.0,3.7606837606837606
11998.720544699589,1,Tamil Nadu,6.5,60000,68,45,55,0.5617290067662761,0.24701097602038002,0.7241954132470021,0.4928044830818792,0.507383058534757,0,110000,29250.0,3.7606837606837606
18717.66768507457,2,Tamil Nadu,6.5,60000,68,45,55,0.5915138729491566,0.29211487818743265,0.4232367701877508,0.5007035813379672,0.584189471254237,1,110000,29250.0,3.7606837606837606
31792.58824804992,3,Tamil Nadu,6.5,60000,68,45,55,0.625965345248089,0.4992556828353262,0.3964980252402914,0.6146064616519252,0.5021693246501056,0,110000,29250.0,3.7606837606837606
46767.50043510309,4,Tamil Nadu,6.5,60000,68,45,55,0.6436976841073888,0.7688140696739387,0.6967712402851456,0.6925308200445729,0.6768866354755602,1,110000,29250.0,3.7606837606837606
21522.97351733207,2,Tamil Nadu,6.5,60000,68,45,55,0.5994434784918012,0.3818446707462966,0.5039885192396459,0.575181891336471,0.6512340531221672,1,110000,29250.0,3.7606837606837606
17000.849567984507,2,Tamil Nadu,6.5,60000,68,45,55,0.6110444650780753,0.29672419003649453,0.6780270469952556,0.4272519894532767,0.5650693225116751,0,110000,29250.0,3.7606837606837606
70610.11881644087,5,Tamil Nadu,6.5,60000,68,45,55,0.6899263422945963,0.718554401236227,0.38910412505511005,0.7778357640690906,0.6668581390310135,0,110000,29250.0,3.7606837606837606
50058.91263485301,5,Tamil Nadu,6.5,60000,68,45,55,0.7039846400194418,0.7398341274033307,0.3605435084831154,0.6799223788737555,0.5974619507601727,1,110000,29250.0,3.7606837606837606
8000.0,1,Tamil Nadu,6.5,60000,68,45,55,0.5819114104301979,0.503359299344047,0.4379251185200914,0.3820399428251602,0.4056644860849736,1,110000,29250.0,3.7606837606837606
22836.2423609284,3,Karnataka,6.0,65000,83,30,65,0.6474202076153356,0.5634647230603265,0.39418387398713167,0.45944092924964813,0.6542105931912103,1,105000,27000.0,3.888888888888889
31868.507967092668,3,Karnataka,6.0,65000,83,30,65,0.640389715569226,0.30983432889413265,0.5131488586570786,0.7430955895775141,0.5691414605090382,0,105000,27000.0,3.888888888888889
21934.46394902638,2,Karnataka,6.0,65000,83,30,65,0.6098678610253115,0.40505460352618305,0.7697559215942724,0.5763718846994985,0.6441504572463995,1,105000,27000.0,3.888888888888889
9557.052157246388,1,Karnataka,6.0,65000,83,30,65,0.5872808548664897,0.16996159372080472,0.6236626061186297,0.4149287454187197,0.42150614022683275,0,105000,27000.0,3.888888888888889
8000.0,1,Karnataka,6.0,65000,83,30,65,0.5757261510478168,0.3692264653069577,0.5480214891362993,0.4940038070019706,0.4855086127802444,0,105000,27000.0,3.888888888888889
21389.09512171676,2,Karnataka,6.0,65000,83,30,65,0.5908176496281825,0.45255631960697273,0.5398684988811462,0.5159288107509521,0.5447401410731485,0,105000,27000.0,3.888888888888889
32218.15116553607,3,Karnataka,6.0,65000,83,30,65,0.6445628976838866,0.5789080994935222,0.4842735847312343,0.7320762385759104,0.6148427475709589,0,105000,27000.0,3.888888888888889
46803.92579658925,4,Karnataka,6.0,65000,83,30,65,0.6583321708435074,0.587608073193594,0.5937947783574967,0.6444649502189513,0.6112531848804815,1,105000,27000.0,3.888888888888889
15548.550461690935,2,Karnataka,6.0,65000,83,30,65,0.6000214448609533,0.5974171960213858,0.4602805701093032,0.5420669663138474,0.6483476375297849,1,105000,27000.0,3.888888888888889
32270.79614066366,3,Karnataka,6.0,65000,83,30,65,0.639645096622815,0.731160882476606,0.6163697422355173,0.6850465789833521,0.6557564483665143,1,105000,27000.0,3.888888888888889
11317.828473420537,1,Karnataka,6.0,65000,83,30,65,0.5786916083673225,0.4879097627633267,0.6446453765216515,0.46394013606576356,0.5447573240947103,0,105000,27000.0,3.888888888888889
33029.3134100238,4,Karnataka,6.0,65000,83,30,65,0.6555221010797008,0.6328622010825803,0.3875002703627703,0.5556221711796923,0.6420941474086277,1,105000,27000.0,3.888888888888889
56255.63182703856,5,Karnataka,6.0,65000,83,30,65,0.7012977727841885,0.7021707736243127,0.6585030946940641,0.7771862772454458,0.7616767505943632,1,105000,27000.0,3.888888888888889
15662.464769115591,2,Karnataka,6.0,65000,83,30,65,0.6193042537514677,0.5116233507267959,0.5100162260598958,0.6696992580518187,0.6304057783183006,1,105000,27000.0,3.888888888888889
12652.102115007036,1,Karnataka,6.0,65000,83,30,65,0.5683594414401993,0.37861290690277144,0.38413477506623506,0.36038454131554687,0.27234625140679014,0,105000,27000.0,3.888888888888889
13133.593959670787,1,Karnataka,6.0,65000,83,30,65,0.5923676904513447,0.45471960860190525,0.5982675619169213,0.604636684940596,0.5592322707647456,0,105000,27000.0,3.888888888888889
11232.332992840413,1,Karnataka,6.0,65000,83,30,65,0.5640411488915577,0.3597158928331119,0.6972339508302458,0.4780256254119109,0.577402765166435,1,105000,27000.0,3.888888888888889
47524.63481125431,4,Karnataka,6.0,65000,83,30,65,0.6908160985865667,0.7577112098278086,0.4946299021102193,0.583406710030501,0.7809336583611597,1,105000,27000.0,3.888888888888889
18176.28991571456,2,Karnataka,6.0,65000,83,30,65,0.6055302528380223,0.44239882159190647,0.38211106655734306,0.4084207678163095,0.5184414576039145,0,105000,27000.0,3.888888888888889
13303.571778770138,1,Karnataka,6.0,65000,83,30,65,0.581099027111126,0.3753951131250929,0.41547011803685574,0.40832349762395015,0.4255066000453443,0,105000,27000.0,3.888888888888889
15130.165164839664,2,Karnataka,6.0,65000,83,30,65,0.5907225214180004,0.45312643112030093,0.428717128631954,0.4965276069422047,0.5127150812092078,1,105000,27000.0,3.888888888888889
43612.574520862254,4,Karnataka,6.0,65000,83,30,65,0.669021496478164,0.419597824828757,0.4702454035773781,0.5178719394442464,0.5742084729867486,1,105000,27000.0,3.888888888888889
52328.51318787934,5,Karnataka,6.0,65000,83,30,65,0.701927678920039,0.5079250353376985,0.7866877070086385,0.6033036861527663,0.5111218387095028,1,105000,27000.0,3.888888888888889
12742.086604556074,1,Karnataka,6.0,65000,83,30,65,0.5787812361018622,0.2260424125817206,0.6435515358801787,0.5677187993873052,0.3875297786116453,1,105000,27000.0,3.888888888888889
91925.94531934586,5,Karnataka,6.0,65000,83,30,65,0.6940120463723334,0.7260098367931831,0.589036584555743,0.7527249115365505,0.7208506737259751,0,105000,27000.0,3.888888888888889
84122.62896632453,5,Karnataka,6.0,65000,83,30,65,0.690177211957579,0.46634520566033594,0.48874601384707367,0.7776183418384428,0.6326943313549152,0,105000,27000.0,3.888888888888889
102394.84498009556,5,Karnataka,6.0,65000,83,30,65,0.7109481233382302,0.7774397418492294,0.5790972863760538,0.596244000763711,0.656857025636295,0,105000,27000.0,3.888888888888889
22759.464667271688,2,Karnataka,6.0,65000,83,30,65,0.6099509284928366,0.48999804940835223,0.6983763340635212,0.40957571662504944,0.5461712272426803,0,105000,27000.0,3.888888888888889
8361.693883641592,1,Karnataka,6.0,65000,83,30,65,0.5950503809080249,0.4411253675568626,0.7014960734695234,0.487243628038395,0.5589576066203927,1,105000,27000.0,3.888888888888889
40111.528591188646,4,Karnataka,6.0,65000,83,30,65,0.6643780335949079,0.6489988446233059,0.559428930348717,0.5995020871988128,0.5127687451833849,0,105000,27000.0,3.888888888888889
25687.098500019398,3,Karnataka,6.0,65000,83,30,65,0.6352949102091349,0.6035222473303492,0.49434408076560654,0.6796865906528021,0.5090613889702255,1,105000,27000.0,3.888888888888889
14731.018391463074,1,Karnataka,6.0,65000,83,30,65,0.5877987995888188,0.5033236680426278,0.5883414362590553,0.5083146944355073,0.4855318844884822,0,105000,27000.0,3.888888888888889
13284.318817981693,1,Karnataka,6.0,65000,83,30,65,0.5634131075228215,0.4081069028964569,0.5699552547835031,0.626020759637994,0.5594495137407225,1,105000,27000.0,3.888888888888889
41896.069979578846,4,Karnataka,6.0,65000,83,30,65,0.6575082235413279,0.6992237411233302,0.4650756547658343,0.5150285839552103,0.5711921965911171,1,105000,27000.0,3.888888888888889
48109.50624419,4,Karnataka,6.0,65000,83,30,65,0.6806177068563888,0.3709045772017212,0.562347878921972,0.6057695762546058,0.5234998051474021,1,105000,27000.0,3.888888888888889
19257.190207807544,2,Karnataka,6.0,65000,83,30,65,0.5979235178506253,0.6119397955189138,0.6065176390082658,0.5182388470972644,0.6627779788424262,0,105000,27000.0,3.888888888888889
33981.22596869386,4,Karnataka,6.0,65000,83,30,65,0.6514523469898316,0.4140990227633876,0.6591415910683869,0.5344334968846753,0.6073150998025768,1,105000,27000.0,3.888888888888889
24635.632658380608,3,Karnataka,6.0,65000,83,30,65,0.658328129023588,0.5597024296652614,0.5120974070104631,0.6215714311141918,0.5805894674923753,1,105000,27000.0,3.888888888888889
8447.284685307915,1,Karnataka,6.0,65000,83,30,65,0.5657046806641151,0.4278297417181872,0.4450582864712266,0.3587274000853916,0.5370155222277162,0,105000,27000.0,3.888888888888889
24317.407032178002,3,Karnataka,6.0,65000,83,30,65,0.6414840511261387,0.5687367430207704,0.5216791252248643,0.6604842052322583,0.6107457977859753,0,105000,27000.0,3.888888888888889
18390.74191552637,2,Karnataka,6.0,65000,83,30,65,0.6103337090700999,0.4737674032956112,0.5662823932792386,0.40789961489632354,0.5541535073565261,1,105000,27000.0,3.888888888888889
44252.71381652144,4,Karnataka,6.0,65000,83,30,65,0.6415365739766763,0.5190396295149016,0.4082077306401519,0.758708283449719,0.532680516189887,1,105000,27000.0,3.888888888888889
33802.60385281638,4,Karnataka,6.0,65000,83,30,65,0.666969686911179,0.6882582234768643,0.4169287758427338,0.516174758140262,0.4732435432109828,0,105000,27000.0,3.888888888888889
11206.177822757954,1,Karnataka,6.0,65000,83,30,65,0.5841269896376482,0.3907734515044961,0.5755521000843749,0.4835714911201834,0.41386325154513764,1,105000,27000.0,3.888888888888889
10978.55883990281,1,Karnataka,6.0,65000,83,30,65,0.5831859509580457,0.17665100800806216,0.3763697394466128,0.39328228631322437,0.3819428996753537,0,105000,27000.0,3.888888888888889
15602.503985037887,2,Karnataka,6.0,65000,83,30,65,0.6186780639808922,0.5615994091921347,0.6675967371878199,0.43660334021179503,0.5331448057460143,1,105000,27000.0,3.888888888888889
32183.874495199303,3,Karnataka,6.0,65000,83,30,65,0.6357679439938028,0.6624108725410144,0.5955416227645272,0.6630313734260571,0.6290545694571787,0,105000,27000.0,3.888888888888889
8000.0,1,Karnataka,6.0,65000,83,30,65,0.5867679015637788,0.29332803887532044,0.5062184898263318,0.5789419792494195,0.4843421061706285,0,105000,27000.0,3.888888888888889
10985.111371616844,1,Karnataka,6.0,65000,83,30,65,0.5727495664620564,0.430384007747576,0.5014128090239628,0.5684263927921513,0.5034106587889751,0,105000,27000.0,3.888888888888889
17534.708488858498,2,Karnataka,6.0,65000,83,30,65,0.5955381829787294,0.42025701559013817,0.6236436585313738,0.5178642220461016,0.6040166561652699,1,105000,27000.0,3.888888888888889
10444.39527371002,1,Karnataka,6.0,65000,83,30,65,0.5666655733860448,0.4498168328361765,0.5039323647103878,0.6439024778053398,0.4798992052725905,1,105000,27000.0,3.888888888888889
43924.03377180126,4,Karnataka,6.0,65000,83,30,65,0.6550217525909029,0.7202186000955904,0.5019828223501466,0.5986573419426184,0.5225850693354427,1,105000,27000.0,3.888888888888889
92926.15690295263,5,Karnataka,6.0,65000,83,30,65,0.709738716821769,0.6152653228710157,0.5434387413835383,0.6202505350102459,0.7464037216513191,1,105000,27000.0,3.888888888888889
41250.14973512553,4,Karnataka,6.0,65000,83,30,65,0.6544971220522715,0.6792092233257153,0.7878712348740506,0.7956182931605453,0.70411296435209,0,105000,27000.0,3.888888888888889
18746.61890830816,2,Karnataka,6.0,65000,83,30,65,0.6123832455493502,0.2351891542765036,0.4072690045400532,0.6898497082507066,0.5734566394030601,1,105000,27000.0,3.888888888888889
30871.488774429316,3,Karnataka,6.0,65000,83,30,65,0.6369836152021328,0.43057084784123034,0.5103149486986818,0.6242174590120881,0.5804334703655837,0,105000,27000.0,3.888888888888889
20868.852340606656,2,Karnataka,6.0,65000,83,30,65,0.6086163714083508,0.3072963540761682,0.5248731828491887,0.4593784201526181,0.556416265977682,0,105000,27000.0,3.888888888888889
81283.6771252845,5,Karnataka,6.0,65000,83,30,65,0.7132789300948541,0.9161578370740441,0.6298829022876118,0.6182163213425784,0.6907363614428628,0,105000,27000.0,3.888888888888889
17392.626508372006,2,Karnataka,6.0,65000,83,30,65,0.6052585834707044,0.48212492327646583,0.6767776562964418,0.5529323001944997,0.6214064781089641,0,105000,27000.0,3.888888888888889
61840.364146776745,5,Karnataka,6.0,65000,83,30,65,0.7057588727583539,0.5625214039715845,0.5441739689738865,0.7794976279464775,0.6606274060746522,1,105000,27000.0,3.888888888888889
61813.39029485249,5,Karnataka,6.0,65000,83,30,65,0.7000184906566682,0.7525914944324081,0.42758594240369835,0.5699029099875776,0.5845305322372508,1,105000,27000.0,3.888888888888889
34824.32153074141,4,Karnataka,6.0,65000,83,30,65,0.6681226680865301,0.4509866186838051,0.5970720869302182,0.702967786827874,0.7293381065694697,1,105000,27000.0,3.888888888888889
13162.629935132352,1,Karnataka,6.0,65000,83,30,65,0.6026425483867218,0.4596780680421492,0.48118863091109193,0.3775999214640212,0.38765407478021935,0,105000,27000.0,3.888888888888889
25098.83965970871,3,Karnataka,6.0,65000,83,30,65,0.6252294396857033,0.4793120214179284,0.5921541184581145,0.6998998899896162,0.5441428679330901,1,105000,27000.0,3.888888888888889
97992.46796836567,5,Karnataka,6.0,65000,83,30,65,0.7125341754972315,0.7806618287551716,0.46469230576247744,0.7063021333405609,0.61888353620095,1,105000,27000.0,3.888888888888889
16575.224361200213,2,Karnataka,6.0,65000,83,30,65,0.6162069227977569,0.2539208611273559,0.4442356504852809,0.693574893807469,0.46649898489537617,1,105000,27000.0,3.888888888888889
44192.15794703937,4,Karnataka,6.0,65000,83,30,65,0.6648476071965392,0.3363340945992692,0.4407703785945931,0.7225613363351178,0.5728462542147309,0,105000,27000.0,3.888888888888889
16690.767920320843,2,Karnataka,6.0,65000,83,30,65,0.6259360423172733,0.5573069895346223,0.6622824076849014,0.5458352638809771,0.5695125675091822,0,105000,27000.0,3.888888888888889
8366.501943965362,1,Karnataka,6.0,65000,83,30,65,0.5611617560189718,0.3652433699044645,0.42067185602947876,0.3890198114990562,0.4179663923635957,0,105000,27000.0,3.888888888888889
80966.49728302813,5,Karnataka,6.0,65000,83,30,65,0.6944251905698664,0.7755811916149242,0.5612601768038293,0.7093853624874497,0.5984460747048864,0,105000,27000.0,3.888888888888889
9652.165601829,1,Karnataka,6.0,65000,83,30,65,0.5675580351001663,0.4643161335080709,0.6064691791692565,0.381000087500337,0.45351799661815567,0,105000,27000.0,3.888888888888889
57243.91247233885,5,Karnataka,6.0,65000,83,30,65,0.7037636917915717,0.8099244089899494,0.6597262553626652,0.8182153866312937,0.6771875841389329,1,105000,27000.0,3.888888888888889
18302.380133429044,2,Karnataka,6.0,65000,83,30,65,0.5985122161309854,0.5647351655090385,0.5038553366938211,0.46568699145385845,0.4748427762935474,1,105000,27000.0,3.888888888888889
10869.575935658879,1,Karnataka,6.0,65000,83,30,65,0.5839734966102703,0.37982807155587317,0.5670669440699918,0.6062766707219013,0.4939035940269446,0,105000,27000.0,3.888888888888889
10958.880850066636,1,Karnataka,6.0,65000,83,30,65,0.5777784929846416,0.551438125101159,0.5805300670256437,0.43783743366685857,0.4959530959108592,1,105000,27000.0,3.888888888888889
58438.36988870433,5,Karnataka,6.0,65000,83,30,65,0.6948493177162963,0.756884948490236,0.42693075179093054,0.6132362368455754,0.6693741217101468,0,105000,27000.0,3.888888888888889
12869.41835591676,1,Karnataka,6.0,65000,83,30,65,0.5835293296031903,0.5941673167831532,0.39007550242269107,0.43793750828516775,0.37738272489627234,0,105000,27000.0,3.888888888888889
25839.686929106512,3,Karnataka,6.0,65000,83,30,65,0.6369566409034765,0.3625690561802648,0.52549666342529,0.6589329138386749,0.5147927183453779,1,105000,27000.0,3.888888888888889
58329.78612311718,5,Karnataka,6.0,65000,83,30,65,0.6887565087122667,0.5486738790651275,0.7277925041882813,0.7042313373649082,0.8099171459405404,1,105000,27000.0,3.888888888888889
83249.54050275672,5,Karnataka,6.0,65000,83,30,65,0.7276565870392069,0.6570783192676799,0.47704508731782835,0.5789084128815998,0.6281794315967169,1,105000,27000.0,3.888888888888889
17201.068390812383,2,Karnataka,6.0,65000,83,30,65,0.6047711853125657,0.491766392153535,0.697517520950276,0.4377843718444706,0.5105557202564527,0,105000,27000.0,3.888888888888889
28938.864780755473,3,Karnataka,6.0,65000,83,30,65,0.6174667663413369,0.6917146270048793,0.6557250599766125,0.560225568457617,0.4773907089777631,1,105000,27000.0,3.888888888888889
13466.847790689455,1,Karnataka,6.0,65000,83,30,65,0.5712218702456432,0.32754380775443753,0.43980486379170275,0.4482297221607717,0.4209851418481199,1,105000,27000.0,3.888888888888889
13659.06771592468,1,Karnataka,6.0,65000,83,30,65,0.5669700902591298,0.4668899575308914,0.7953276468834636,0.6021872900884708,0.45810018736657954,0,105000,27000.0,3.888888888888889
28962.66466854422,3,Karnataka,6.0,65000,83,30,65,0.6479043133032623,0.5004512900622052,0.7393437716329747,0.6183426238136136,0.4381439021587717,0,105000,27000.0,3.888888888888889
17659.7381937863,2,Karnataka,6.0,65000,83,30,65,0.612859383738773,0.43977635562464723,0.4203196032812854,0.4526811624931205,0.4907364897796348,1,105000,27000.0,3.888888888888889
16458.6395434728,2,Karnataka,6.0,65000,83,30,65,0.6136299851607606,0.6745793369834352,0.6623759785420196,0.4051695664119253,0.5898737282625187,0,105000,27000.0,3.888888888888889
14991.775994807098,1,Karnataka,6.0,65000,83,30,65,0.5759426324844846,0.44295377557494287,0.6270317716784399,0.3773755983405746,0.3423130329680636,0,105000,27000.0,3.888888888888889
20632.248281773904,2,Karnataka,6.0,65000,83,30,65,0.606849354672288,0.6175452382460093,0.5199694765473266,0.6067901716896551,0.4736029540340755,1,105000,27000.0,3.888888888888889
24888.017881497733,3,Karnataka,6.0,65000,83,30,65,0.6359335461067804,0.6830210801726083,0.5892316750276674,0.7007958467749978,0.6021760343618119,1,105000,27000.0,3.888888888888889
41208.37060126523,4,Karnataka,6.0,65000,83,30,65,0.6688309253015023,0.455840989260281,0.4405011255035334,0.7314280675381564,0.7261610891121778,0,105000,27000.0,3.888888888888889
25103.868651028795,3,Karnataka,6.0,65000,83,30,65,0.6479961914965054,0.46528707060891283,0.3770203982056271,0.683629309339194,0.5764130952785509,1,105000,27000.0,3.888888888888889
53875.42115704133,5,Karnataka,6.0,65000,83,30,65,0.7030036112679106,0.762472920177384,0.709631010948089,0.624954950490987,0.7431298437904322,1,105000,27000.0,3.888888888888889
39754.05845813136,4,Karnataka,6.0,65000,83,30,65,0.6746439854390658,0.7156724125650649,0.7142698175143439,0.7933924762211568,0.7993158067000331,1,105000,27000.0,3.888888888888889
37818.40434984171,4,Karnataka,6.0,65000,83,30,65,0.6746384462253491,0.8822291616399556,0.4875395441151983,0.5225892277098418,0.7430826175660289,1,105000,27000.0,3.888888888888889
8000.0,1,Karnataka,6.0,65000,83,30,65,0.5884872815166745,0.6095610286716221,0.8398268765850059,0.5929952677252261,0.6387025208623093,0,105000,27000.0,3.888888888888889
78552.74450300295,5,Karnataka,6.0,65000,83,30,65,0.7025243575582597,0.7164416907298926,0.7569495707103563,0.575711848851024,0.7210741099414882,1,105000,27000.0,3.888888888888889
30311.769719531752,3,Karnataka,6.0,65000,83,30,65,0.6432313378696463,0.30261617359449333,0.365703099461131,0.5269260580754872,0.45431627412484754,0,105000,27000.0,3.888888888888889
8000.0,1,Karnataka,6.0,65000,83,30,65,0.5915309195547886,0.22636279083267552,0.5259605531469064,0.4952908751167381,0.2914640456980314,0,105000,27000.0,3.888888888888889
35392.7686836483,4,Karnataka,6.0,65000,83,30,65,0.6629923979628259,0.7789824222548474,0.8216200079852913,0.5126688978958657,0.7000357722616705,0,105000,27000.0,3.888888888888889
26393.86358999147,3,Karnataka,6.0,65000,83,30,65,0.631085431343342,0.5946549809209344,0.44486214472600905,0.5649180702996341,0.5153057409488472,0,105000,27000.0,3.888888888888889
16986.496854222398,2,Karnataka,6.0,65000,83,30,65,0.5977836411509886,0.6712161011788995,0.4996776354785048,0.501700981325127,0.33456302116585246,0,105000,27000.0,3.888888888888889
54026.685535465476,5,Karnataka,6.0,65000,83,30,65,0.7014720027790596,0.4791484872601066,0.38403047064956336,0.7408182911956837,0.5551410891908732,1,105000,27000.0,3.888888888888889
22570.90323945241,2,Karnataka,6.0,65000,83,30,65,0.591105534730666,0.4893222724294327,0.5888749160278424,0.6120706957325472,0.5179780632783695,0,105000,27000.0,3.888888888888889
12947.183643189856,1,Karnataka,6.0,65000,83,30,65,0.5842643981034539,0.3202097226683289,0.3847414969111745,0.373815256795899,0.4421020669000627,1,105000,27000.0,3.888888888888889
22164.13431625316,2,Karnataka,6.0,65000,83,30,65,0.6085509261978517,0.3492687689860654,0.36222273135632077,0.40808721031693856,0.3927653570950208,1,105000,27000.0,3.888888888888889
150000.0,5,Karnataka,6.0,65000,83,30,65,0.7109892541410677,0.3984509737324348,0.3688464350925727,0.7794340633761908,0.550603957456197,1,105000,27000.0,3.888888888888889
46390.62884719423,4,Karnataka,6.0,65000,83,30,65,0.6629236840382072,0.4777920102201928,0.444661890423,0.6550640827964368,0.47618909508309687,0,105000,27000.0,3.888888888888889
75680.14023614793,5,Karnataka,6.0,65000,83,30,65,0.697609674288682,0.8527134750508258,0.5223371344786563,0.7070576927265871,0.7012201228471938,0,105000,27000.0,3.888888888888889
79242.69174753793,5,Karnataka,6.0,65000,83,30,65,0.7108648904757908,0.6992221668941728,0.5657294029083988,0.8408816680291825,0.741488678911236,0,105000,27000.0,3.888888888888889
86067.00933807601,5,Karnataka,6.0,65000,83,30,65,0.7134742136106387,0.7005520393129578,0.4339946628882783,0.6779891261915475,0.6973188261525152,1,105000,27000.0,3.888888888888889
45061.82559685055,4,Karnataka,6.0,65000,83,30,65,0.6628413334853389,0.47995560199758797,0.7030512625371776,0.5555244231082609,0.6547816094820874,0,105000,27000.0,3.888888888888889
36321.73314153758,4,Karnataka,6.0,65000,83,30,65,0.6714606694687287,0.6130368606861076,0.6443764340974485,0.7008590084883582,0.5683599522632972,1,105000,27000.0,3.888888888888889
41498.31000853262,4,Karnataka,6.0,65000,83,30,65,0.6725870469196976,0.6536534034506521,0.3938088190340442,0.7413700850906061,0.6582519368577854,1,105000,27000.0,3.888888888888889
70432.74017923867,5,Karnataka,6.0,65000,83,30,65,0.7033793911990686,0.8164366382587149,0.6556596974689166,0.697374900118397,0.7208788916892732,1,105000,27000.0,3.888888888888889
13803.396640360426,1,Karnataka,6.0,65000,83,30,65,0.5770171005497009,0.2153377653459343,0.6044258942429112,0.5542110436570069,0.4355200732614997,0,105000,27000.0,3.888888888888889
21932.659619977003,2,Karnataka,6.0,65000,83,30,65,0.6224566911240935,0.5029397241011209,0.442689944912267,0.5508460882133062,0.533294392504699,0,105000,27000.0,3.888888888888889
33160.909478751666,4,Karnataka,6.0,65000,83,30,65,0.6507458223066417,0.5085087491637865,0.5726255431204781,0.6188723441942046,0.708372757385005,1,105000,27000.0,3.888888888888889
28211.891639075966,3,Karnataka,6.0,65000,83,30,65,0.6354315547948463,0.47690522314669603,0.5521994594336372,0.4569500438477632,0.4906064644525382,0,105000,27000.0,3.888888888888889
20281.12796492409,2,Karnataka,6.0,65000,83,30,65,0.6141221644705867,0.6246381994707464,0.7216108567056834,0.44878944126728637,0.5807774941589668,0,105000,27000.0,3.888888888888889
63070.660025967365,5,Karnataka,6.0,65000,83,30,65,0.7042151052623505,0.7286914719876175,0.5255775998426662,0.6905969133893496,0.618175296696859,0,105000,27000.0,3.888888888888889
26451.365866710843,3,Karnataka,6.0,65000,83,30,65,0.6531704474490047,0.6523048055685593,0.6949871033269522,0.5656252387942692,0.5547920143007031,0,105000,27000.0,3.888888888888889
104532.18562118155,5,Karnataka,6.0,65000,83,30,65,0.71162511107487,0.8736204970207987,0.5845145160924609,0.7995317971158867,0.6919005207633516,1,105000,27000.0,3.888888888888889
13977.342553685992,1,Karnataka,6.0,65000,83,30,65,0.5767874408897848,0.34352943632078964,0.5792942389033227,0.379200444435127,0.3114599052561909,1,105000,27000.0,3.888888888888889
21758.813047137555,2,Karnataka,6.0,65000,83,30,65,0.6226415695781632,0.6830680493185738,0.8352050512228961,0.411704927044509,0.5550447130753892,0,105000,27000.0,3.888888888888889
25006.361888671054,3,Karnataka,6.0,65000,83,30,65,0.6325024397050825,0.5790626976802652,0.4154556002476272,0.47280784699664047,0.6418126042196847,1,105000,27000.0,3.888888888888889
23904.566670983342,3,Karnataka,6.0,65000,83,30,65,0.6489517309707754,0.2601661030264619,0.42356485828635815,0.6500944675634465,0.44082803179470204,1,105000,27000.0,3.888888888888889
24435.347713901156,3,Karnataka,6.0,65000,83,30,65,0.657748081927067,0.6652935621431527,0.5678367099659604,0.6250087099684987,0.6086032584097097,1,105000,27000.0,3.888888888888889
8765.89525300265,1,Karnataka,6.0,65000,83,30,65,0.5917922982114068,0.3549567616623085,0.3823616112358866,0.5363327650904478,0.3416580189303451,0,105000,27000.0,3.888888888888889
39578.43836516872,4,Karnataka,6.0,65000,83,30,65,0.6707005609780984,0.5442753305716419,0.4910540959826911,0.5437431044016205,0.5508485896430161,0,105000,27000.0,3.888888888888889
9698.378158666981,1,Karnataka,6.0,65000,83,30,65,0.576325069425136,0.43632565102610776,0.7473284802777185,0.5015724970651533,0.4454282815171719,0,105000,27000.0,3.888888888888889
15892.80019582687,2,Karnataka,6.0,65000,83,30,65,0.5943569441802643,0.33757942502859645,0.6546308577219166,0.6269676759744633,0.5102708484605704,0,105000,27000.0,3.888888888888889
32434.847233484466,4,Karnataka,6.0,65000,83,30,65,0.6727482535219992,0.5375384282697482,0.7418823438328958,0.7018295754217493,0.6480159452560197,0,105000,27000.0,3.888888888888889
26284.613437110238,3,Karnataka,6.0,65000,83,30,65,0.6284906848631479,0.5498337437047507,0.49672309859542596,0.5782730081231555,0.5503270015469256,0,105000,27000.0,3.888888888888889
46884.485699352175,4,Karnataka,6.0,65000,83,30,65,0.6617115105067177,0.3853430135833747,0.4615287767131103,0.5277168206700557,0.5911462832031443,0,105000,27000.0,3.888888888888889
19821.646490958923,2,Karnataka,6.0,65000,83,30,65,0.5977353991354905,0.4363751244240929,0.6273476696487388,0.6578617308444598,0.6921131317469333,1,105000,27000.0,3.888888888888889
82376.29721452107,5,Karnataka,6.0,65000,83,30,65,0.6950389338162906,0.6459977176765923,0.6145936206603722,0.7045279692198619,0.7874117373844045,1,105000,27000.0,3.888888888888889
61156.24405146401,5,Karnataka,6.0,65000,83,30,65,0.6993631629979873,0.7806527200425757,0.6090650648137348,0.8135648946052766,0.7520318033963921,1,105000,27000.0,3.888888888888889
128272.23269230312,5,Karnataka,6.0,65000,83,30,65,0.7023790029545142,0.678792640344833,0.513469179885941,0.6782767000650701,0.6790751957641071,1,105000,27000.0,3.888888888888889
17420.56495400568,2,Karnataka,6.0,65000,83,30,65,0.6036377907887175,0.5826178682795364,0.41518818477512176,0.4677705741479483,0.5027339786369259,0,105000,27000.0,3.888888888888889
12696.477629658799,1,Karnataka,6.0,65000,83,30,65,0.590335694206809,0.5436035107692951,0.6011156283911087,0.4388905697390149,0.5642680087609077,0,105000,27000.0,3.888888888888889
19424.349370873337,2,Karnataka,6.0,65000,83,30,65,0.6075608045629575,0.6175838890601272,0.6261700013314782,0.5221114648865014,0.5216803592092668,0,105000,27000.0,3.888888888888889
37323.753284767045,4,Karnataka,6.0,65000,83,30,65,0.661765632810202,0.5948152928459434,0.7154712414644682,0.6809336066236696,0.5983756822665082,1,105000,27000.0,3.888888888888889
59173.86036901832,5,Karnataka,6.0,65000,83,30,65,0.7019057798152915,0.3627272226782498,0.635291700862171,0.7773399631434622,0.5020632242004136,0,105000,27000.0,3.888888888888889
25889.019482015632,3,Karnataka,6.0,65000,83,30,65,0.6592783854782952,0.42069035992494364,0.41076158426821796,0.5194588562223557,0.5656342975536489,1,105000,27000.0,3.888888888888889
32855.94075293026,4,Karnataka,6.0,65000,83,30,65,0.6729944628082083,0.7041761550119106,0.49873857756547846,0.5529832428653256,0.6301245226137625,1,105000,27000.0,3.888888888888889
52222.489973342985,5,Karnataka,6.0,65000,83,30,65,0.6960143008691211,0.6323743681931454,0.555125751527717,0.6074643003689666,0.5812912959641786,0,105000,27000.0,3.888888888888889
56903.10379228268,5,Karnataka,6.0,65000,83,30,65,0.68436824358167,0.43067781457043636,0.6707451934186459,0.8270166003701219,0.7744324282093175,1,105000,27000.0,3.888888888888889
13933.730430340007,1,Karnataka,6.0,65000,83,30,65,0.5774487339331364,0.23140741019767097,0.567930824081005,0.3958513227784924,0.3505212015119071,1,105000,27000.0,3.888888888888889
37550.81789886552,4,Karnataka,6.0,65000,83,30,65,0.6719921383937383,0.6015625179765789,0.4251802341434601,0.6003896448285959,0.6916024423788323,1,105000,27000.0,3.888888888888889
26425.850125139816,3,Karnataka,6.0,65000,83,30,65,0.6357670482303014,0.6946988529836964,0.6771954209527664,0.5924269527514108,0.5808630516388489,1,105000,27000.0,3.888888888888889
18641.361388676305,2,Karnataka,6.0,65000,83,30,65,0.5929890107604472,0.5769987399261807,0.4919136187684049,0.5635277123530158,0.5537310512673375,1,105000,27000.0,3.888888888888889
16971.970321515622,2,Karnataka,6.0,65000,83,30,65,0.6011372032478228,0.5203701049600391,0.6620833765001564,0.6540922096879037,0.6291414053211477,1,105000,27000.0,3.888888888888889
10486.986154383205,1,Karnataka,6.0,65000,83,30,65,0.5941882417517347,0.5889536900540003,0.6596179837821277,0.38053181969841243,0.47354474290602083,1,105000,27000.0,3.888888888888889
48806.97800465693,5,Karnataka,6.0,65000,83,30,65,0.7139828671801617,0.7556251880722953,0.6045183789045957,0.5790706846156275,0.5879689364363622,0,105000,27000.0,3.888888888888889
8000.0,1,Karnataka,6.0,65000,83,30,65,0.5707764654508112,0.6247156416751817,0.49520057512837645,0.44158956163189866,0.4990949921996066,0,105000,27000.0,3.888888888888889
40980.21729528403,4,Karnataka,6.0,65000,83,30,65,0.6763704250148513,0.5403759778095882,0.645243133183715,0.6206271039237257,0.5723785398720577,1,105000,27000.0,3.888888888888889
18299.41196688055,2,Karnataka,6.0,65000,83,30,65,0.5978571292951554,0.5191700245703222,0.43266534139875623,0.5087993652564015,0.3783075555914334,1,105000,27000.0,3.888888888888889
25513.550940379497,3,Karnataka,6.0,65000,83,30,65,0.6536860199628066,0.5140131403883951,0.7364784957601653,0.5642372084572558,0.47439910563756077,1,105000,27000.0,3.888888888888889
14635.94609525192,1,Karnataka,6.0,65000,83,30,65,0.5820952156217994,0.43947322140523665,0.6695155657691629,0.6021031669899213,0.5620062081702942,1,105000,27000.0,3.888888888888889
145630.92586786428,5,Karnataka,6.0,65000,83,30,65,0.7091392721290225,0.6090673755878095,0.8087885515679423,0.7976671625754569,0.5937766072450781,1,105000,27000.0,3.888888888888889
25510.216129655317,3,Karnataka,6.0,65000,83,30,65,0.6224919236710317,0.5356976568631877,0.5438573277051776,0.6883170583594794,0.5797466616756495,1,105000,27000.0,3.888888888888889
10360.732280744196,1,Karnataka,6.0,65000,83,30,65,0.586419228162106,0.5671829465911873,0.5538201131345237,0.5732508670021932,0.6033423183506057,1,105000,27000.0,3.888888888888889
13773.400845722428,1,Karnataka,6.0,65000,83,30,65,0.5795661165060121,0.4400778034893599,0.5955640770082596,0.3587834461373522,0.3376735605413936,1,105000,27000.0,3.888888888888889
19817.014874732362,2,Karnataka,6.0,65000,83,30,65,0.6181621478507656,0.454845798908068,0.7669291184497291,0.4414829774844403,0.43712140390997467,0,105000,27000.0,3.888888888888889
17098.067699138548,2,Karnataka,6.0,65000,83,30,65,0.6187915351238357,0.5894021250501673,0.5811665601297986,0.6163244596983555,0.6154530643650741,1,105000,27000.0,3.888888888888889
16764.257086995854,2,Karnataka,6.0,65000,83,30,65,0.6103007040376046,0.5112975917400372,0.609863261043924,0.5751198436653596,0.3655178553062134,0,105000,27000.0,3.888888888888889
72813.66358557975,5,Karnataka,6.0,65000,83,30,65,0.693634560751898,0.6720671327610626,0.4708440524513967,0.7488500400346355,0.671308942604178,0,105000,27000.0,3.888888888888889
20562.413681389342,2,Karnataka,6.0,65000,83,30,65,0.617439818964652,0.3547730250524844,0.6336989550151315,0.6117460824424121,0.5041693417282607,0,105000,27000.0,3.888888888888889
32052.810332183206,3,Karnataka,6.0,65000,83,30,65,0.6390413121488058,0.5282033228986055,0.6241725269352306,0.7200760795818718,0.7271534237433398,1,105000,27000.0,3.888888888888889
17464.451820260816,2,Karnataka,6.0,65000,83,30,65,0.6009150076075808,0.2470105011004039,0.6719981534661514,0.5872095502553709,0.6221537324048396,1,105000,27000.0,3.888888888888889
14706.678144790427,1,Karnataka,6.0,65000,83,30,65,0.5704413348282803,0.33443508591354504,0.5894177169461665,0.42933689526933483,0.4608063810936214,1,105000,27000.0,3.888888888888889
20446.99387844625,2,Karnataka,6.0,65000,83,30,65,0.5948712129797333,0.49856120591896724,0.6968580631594401,0.4215714477731178,0.46354986618363553,0,105000,27000.0,3.888888888888889
35812.668125018434,4,Karnataka,6.0,65000,83,30,65,0.6645399455472265,0.8105542244843469,0.710705919671841,0.6262920853930003,0.7068192978813211,0,105000,27000.0,3.888888888888889
10437.191375520375,1,Karnataka,6.0,65000,83,30,65,0.590669777603601,0.5672010898041043,0.3906438483346068,0.5596215363001926,0.5733393937714417,1,105000,27000.0,3.888888888888889
58622.96907431766,5,Karnataka,6.0,65000,83,30,65,0.7014211551399114,0.43440977265055136,0.656998573351393,0.6312370868875302,0.6698708203447373,1,105000,27000.0,3.888888888888889
22244.307735952734,2,Karnataka,6.0,65000,83,30,65,0.6043451800836267,0.3185934409434721,0.5577081209898037,0.43269046138408307,0.2836429579143052,0,105000,27000.0,3.888888888888889
86804.73615946164,5,Karnataka,6.0,65000,83,30,65,0.707691416524658,0.8466502771590035,0.5117769093817324,0.8462893898070601,0.6632840547026198,1,105000,27000.0,3.888888888888889
54850.30502647422,5,Karnataka,6.0,65000,83,30,65,0.6913180909256232,0.7095561599218687,0.7305891687360417,0.6723289762449812,0.7543605921314146,1,105000,27000.0,3.888888888888889
17604.281622907914,2,Karnataka,6.0,65000,83,30,65,0.610596359886185,0.48369634893832203,0.708719753735599,0.461561104109328,0.4400531731147833,1,105000,27000.0,3.888888888888889
108527.70307125173,5,Karnataka,6.0,65000,83,30,65,0.697846553415602,0.7653211102565372,0.6041692584678309,0.5960334483037198,0.6998876754038139,1,105000,27000.0,3.888888888888889
52983.1523797786,5,Karnataka,6.0,65000,83,30,65,0.7074341633987407,0.5584834624602231,0.5941584140803349,0.8055013806365202,0.7453799221326475,1,105000,27000.0,3.888888888888889
12586.683027055884,1,Karnataka,6.0,65000,83,30,65,0.5638705734336621,0.43725111637211694,0.4225894665847731,0.5925478301452107,0.5248475300900907,1,105000,27000.0,3.888888888888889
34795.284921870334,4,Karnataka,6.0,65000,83,30,65,0.6611408796847106,0.5577893477285056,0.5385162034863937,0.6806628433854921,0.6561989216602258,0,105000,27000.0,3.888888888888889
21601.74159196045,2,Karnataka,6.0,65000,83,30,65,0.5932604005519118,0.6124271360146215,0.6819835410396958,0.5608223199903872,0.5543116280287754,0,105000,27000.0,3.888888888888889
41142.437701309675,4,Karnataka,6.0,65000,83,30,65,0.6670468899247644,0.5437079891901142,0.45168809611043464,0.7820983681031691,0.53701828530563,0,105000,27000.0,3.888888888888889
39690.1709318012,4,Karnataka,6.0,65000,83,30,65,0.6817571321791814,0.6093614775304201,0.6073750951107733,0.5651469536739873,0.7374241102557442,1,105000,27000.0,3.888888888888889
147075.52957526015,5,Karnataka,6.0,65000,83,30,65,0.6945883850463218,0.5077830049852464,0.6674983762537339,0.6712847454562211,0.5115926063874855,0,105000,27000.0,3.888888888888889
28566.243799274955,3,Karnataka,6.0,65000,83,30,65,0.6345360177609005,0.68270199391223,0.6634326378376454,0.45406616721308835,0.5985108041695671,1,105000,27000.0,3.888888888888889
49065.71404907648,5,Karnataka,6.0,65000,83,30,65,0.7083601013846985,0.7180857247020407,0.47671414422214964,0.6722435968165549,0.6312278719549432,1,105000,27000.0,3.888888888888889
22828.512936614337,3,Karnataka,6.0,65000,83,30,65,0.6503283527274101,0.4797284073824212,0.7752071967578231,0.5619316227358744,0.695739058623025,1,105000,27000.0,3.888888888888889
27633.01676814262,3,Karnataka,6.0,65000,83,30,65,0.6387571464701691,0.40616728776640054,0.5922015602521741,0.7315146384836991,0.6019898454491158,1,105000,27000.0,3.888888888888889
9759.398122768926,1,Karnataka,6.0,65000,83,30,65,0.5864900056833561,0.2820115030570623,0.38885815632129983,0.4541363973277308,0.33376365921868134,0,105000,27000.0,3.888888888888889
63354.309970242924,5,Karnataka,6.0,65000,83,30,65,0.6888733117340776,0.519821617454692,0.5486597837544975,0.7971034444707897,0.63643650941938,1,105000,27000.0,3.888888888888889
10684.26058114071,1,Karnataka,6.0,65000,83,30,65,0.5934226004821113,0.34053782290094414,0.7405077669017021,0.5766447645210809,0.5989421095195345,0,105000,27000.0,3.888888888888889
25733.085018788348,3,Karnataka,6.0,65000,83,30,65,0.6611299200822276,0.6442997065120362,0.530206051509061,0.49084828166156264,0.6510486274258419,0,105000,27000.0,3.888888888888889
63972.37920590986,5,Karnataka,6.0,65000,83,30,65,0.7048550150547443,0.8401760452780234,0.4326219923943367,0.8354818335382556,0.7711961553593265,1,105000,27000.0,3.888888888888889
62321.09615326411,5,Karnataka,6.0,65000,83,30,65,0.6787995409294291,0.5262054680033312,0.6401757058176077,0.7359563917184304,0.6721642773329927,1,105000,27000.0,3.888888888888889
19066.121330540256,2,Karnataka,6.0,65000,83,30,65,0.6040605545188793,0.5293142416572372,0.470647979463029,0.5756318248560678,0.4589716660393538,1,105000,27000.0,3.888888888888889
26780.65504933435,3,Karnataka,6.0,65000,83,30,65,0.6457711103595503,0.7910060401203494,0.7302278176148125,0.4501782998944466,0.5829913799842492,0,105000,27000.0,3.888888888888889
44053.257464334325,4,Karnataka,6.0,65000,83,30,65,0.6654280271711934,0.45477184870420045,0.7778581805695877,0.7064299047597248,0.6878393819864017,1,105000,27000.0,3.888888888888889
28529.064098487037,3,Karnataka,6.0,65000,83,30,65,0.652364842685358,0.5840861136987104,0.7562729048401194,0.46335532599623963,0.6664735419297618,1,105000,27000.0,3.888888888888889
33110.40563498993,4,Karnataka,6.0,65000,83,30,65,0.6755244297872157,0.5272019581827543,0.34649434572121046,0.5522809102217132,0.42479344517576806,1,105000,27000.0,3.888888888888889
30887.430059813454,3,Karnataka,6.0,65000,83,30,65,0.632578102135199,0.4947211013913978,0.342741863876483,0.4762529614428402,0.352108274588204,0,105000,27000.0,3.888888888888889
56958.61363773062,5,Karnataka,6.0,65000,83,30,65,0.6999655052505697,0.5999194366755759,0.7029887584860626,0.6601284435811897,0.6660043717741935,0,105000,27000.0,3.888888888888889
14863.38745102513,1,Karnataka,6.0,65000,83,30,65,0.5707045249364662,0.24774580979840144,0.663778511883472,0.5853801173065272,0.5018239893295829,1,105000,27000.0,3.888888888888889
15532.139376391302,2,Karnataka,6.0,65000,83,30,65,0.6078170083587328,0.4004121366648521,0.7842704103068774,0.6088811304746125,0.5926351093250531,0,105000,27000.0,3.888888888888889
20757.114429921363,2,Karnataka,6.0,65000,83,30,65,0.6040969247385316,0.6569404289478278,0.3534654151177255,0.4286752096590061,0.5275455615870547,1,105000,27000.0,3.888888888888889
55348.58703216846,5,Karnataka,6.0,65000,83,30,65,0.7113904751451875,0.5315464067644755,0.4399281456999153,0.7862050245018309,0.6177596388356088,1,105000,27000.0,3.888888888888889
39601.01215460536,4,Karnataka,6.0,65000,83,30,65,0.690802977711167,0.412979449464954,0.5841429418123174,0.634920808818647,0.6788506685281176,1,105000,27000.0,3.888888888888889
40433.68877200793,4,Karnataka,6.0,65000,83,30,65,0.6553309738104995,0.7049488810548121,0.4637354673351305,0.5064559000330812,0.6876692958075908,1,105000,27000.0,3.888888888888889
18449.834895312488,2,Karnataka,6.0,65000,83,30,65,0.5904106942807597,0.3582855100717555,0.6623524961933998,0.46381460474563846,0.5234964236188256,1,105000,27000.0,3.888888888888889
78641.70276738811,5,Karnataka,6.0,65000,83,30,65,0.6971911329243433,0.6825436514167503,0.3848675013924179,0.782222325057007,0.6380131066230238,0,105000,27000.0,3.888888888888889
17771.491141391638,2,Karnataka,6.0,65000,83,30,65,0.5944587001545704,0.5819757864019122,0.5164113298138868,0.6166565883436033,0.3604734879025214,1,105000,27000.0,3.888888888888889
24207.398822971125,3,Karnataka,6.0,65000,83,30,65,0.6401049731795663,0.6729371705714182,0.7399720538801753,0.5031720036104346,0.5746071333376344,1,105000,27000.0,3.888888888888889
32119.405739433692,3,Karnataka,6.0,65000,83,30,65,0.6471322182809164,0.6033781135793354,0.45039050577400797,0.458066386129984,0.5389716989834022,1,105000,27000.0,3.888888888888889
49620.62991238106,5,Karnataka,6.0,65000,83,30,65,0.7145842761155253,0.6247420696797208,0.5776606363485695,0.6352272498624342,0.7002331291335747,1,105000,27000.0,3.888888888888889
18211.414791723866,2,Karnataka,6.0,65000,83,30,65,0.61165680273001,0.3324294491884352,0.5950327781896356,0.635144735825517,0.5050138817813765,0,105000,27000.0,3.888888888888889
13321.862773948302,1,Karnataka,6.0,65000,83,30,65,0.5777113048943613,0.6005413735207854,0.5921256139406261,0.6281838112738014,0.5718063183025063,1,105000,27000.0,3.888888888888889
48611.26532453671,5,Karnataka,6.0,65000,83,30,65,0.6798590079771263,0.5550838076736163,0.5483763340478078,0.7185323571452334,0.7535516184693167,0,105000,27000.0,3.888888888888889
88687.46696182337,5,Karnataka,6.0,65000,83,30,65,0.6999047086347151,0.6565161334239626,0.48580699882719713,0.5739978231575127,0.5413118704002685,1,105000,27000.0,3.888888888888889
43345.217679453985,4,Karnataka,6.0,65000,83,30,65,0.6703557297483517,0.5442724429511976,0.4698082782899441,0.6472925132209996,0.4737337216051237,0,105000,27000.0,3.888888888888889
14957.826313728174,1,Karnataka,6.0,65000,83,30,65,0.5860324252849846,0.18917173343950233,0.3649015426495396,0.6463040783234427,0.269033044870071,0,105000,27000.0,3.888888888888889
17868.016189629456,2,Karnataka,6.0,65000,83,30,65,0.6025579761275662,0.5969797334171556,0.3744024934217391,0.6782673704140249,0.6317654548263227,1,105000,27000.0,3.888888888888889
18961.93593160515,2,Karnataka,6.0,65000,83,30,65,0.6052923311404985,0.65576139849309,0.46312361378120637,0.6946299678371334,0.5055176816785856,1,105000,27000.0,3.888888888888889
98127.81899735218,5,Karnataka,6.0,65000,83,30,65,0.6848628345898152,0.8222826466988069,0.7916112362413744,0.7564910798821306,0.7446669630155258,1,105000,27000.0,3.888888888888889
31266.39720835398,3,Karnataka,6.0,65000,83,30,65,0.6167299290740165,0.5144036054959814,0.6906470542368847,0.5744932360440986,0.6437045326119331,0,105000,27000.0,3.888888888888889
62579.69613478006,5,Karnataka,6.0,65000,83,30,65,0.6885578862348893,0.7211637654661824,0.37352102002996407,0.8146055346949977,0.776409271989862,1,105000,27000.0,3.888888888888889
44924.76460682919,4,Karnataka,6.0,65000,83,30,65,0.6539395990003269,0.45484359375268424,0.3571430947076399,0.7652208055800751,0.5865023573933977,0,105000,27000.0,3.888888888888889
24688.76958336931,3,Karnataka,6.0,65000,83,30,65,0.6430099800970632,0.667098375367175,0.4417154195681998,0.48997611657749396,0.4778756479821526,0,105000,27000.0,3.888888888888889
8000.0,1,Karnataka,6.0,65000,83,30,65,0.5744615165761886,0.31237676627258193,0.4915099067008626,0.5792824237101548,0.4884441469332829,0,105000,27000.0,3.888888888888889
13526.340019331044,1,Karnataka,6.0,65000,83,30,65,0.5742604858421092,0.40888436218884483,0.5299617333520823,0.6224595225026477,0.4326741838139274,1,105000,27000.0,3.888888888888889
60557.696181410116,5,Karnataka,6.0,65000,83,30,65,0.689798726681105,0.8013605676792526,0.6616066794306661,0.8162225697303044,0.7519715353352482,1,105000,27000.0,3.888888888888889
62340.84830420291,5,Karnataka,6.0,65000,83,30,65,0.6673172028177328,0.7994239093802509,0.5819134557501205,0.7587167518942075,0.6259842296921877,1,105000,27000.0,3.888888888888889
25858.329638736337,3,Karnataka,6.0,65000,83,30,65,0.6547259646303326,0.5607997367258503,0.5333367134708402,0.6078741672850156,0.5296119435924722,1,105000,27000.0,3.888888888888889
32081.394364337535,3,Karnataka,6.0,65000,83,30,65,0.6296401519150892,0.39550807018860523,0.5876656499141306,0.6796914459630071,0.7258008208738507,1,105000,27000.0,3.888888888888889
16393.855412305445,2,Karnataka,6.0,65000,83,30,65,0.6055186564443581,0.2866545659418551,0.571448160151804,0.5515134190847817,0.5622358689302724,1,105000,27000.0,3.888888888888889
14362.13402981237,1,Karnataka,6.0,65000,83,30,65,0.565093935489964,0.5734895252338513,0.6151868869350796,0.4430368874916167,0.4570693376894617,1,105000,27000.0,3.888888888888889
68189.68457145507,5,Karnataka,6.0,65000,83,30,65,0.7093621605772634,0.7922618497237197,0.3831391291381469,0.624348214780627,0.6232917831926124,1,105000,27000.0,3.888888888888889
41182.65016642608,4,Karnataka,6.0,65000,83,30,65,0.6710771465132304,0.6776102878566896,0.542225417166346,0.658863834065064,0.6977765164468182,0,105000,27000.0,3.888888888888889
53248.170221013264,5,Karnataka,6.0,65000,83,30,65,0.6913792042901984,0.6784368416176112,0.398158356861831,0.683453130820859,0.6118645412006608,0,105000,27000.0,3.888888888888889
68282.0659053987,5,Karnataka,6.0,65000,83,30,65,0.6957205610294169,0.6464311413750965,0.7266990670013159,0.7040152470768165,0.7760319247830518,1,105000,27000.0,3.888888888888889
30626.559707692057,3,Karnataka,6.0,65000,83,30,65,0.6564246563641057,0.36344335042959824,0.44368845840859117,0.5248757392278354,0.3764097931230527,1,105000,27000.0,3.888888888888889
65854.69936511872,5,Karnataka,6.0,65000,83,30,65,0.6989131628240444,0.7840591406488353,0.5252103954666038,0.7238416031096658,0.7018905368261497,0,105000,27000.0,3.888888888888889
18636.667771141932,2,Karnataka,6.0,65000,83,30,65,0.6078255217666981,0.4862583647482007,0.673334787835453,0.5952889925935343,0.5145574715704397,1,105000,27000.0,3.888888888888889
16079.293054958593,2,Karnataka,6.0,65000,83,30,65,0.6002290422814645,0.5357865597817355,0.5055530401970351,0.6387213347714086,0.5805195949796934,0,105000,27000.0,3.888888888888889
43767.29071533216,4,Karnataka,6.0,65000,83,30,65,0.650697045638134,0.6733744099610148,0.3973700312283961,0.6736628934655468,0.6238985016671621,1,105000,27000.0,3.888888888888889
20079.673585349938,2,Karnataka,6.0,65000,83,30,65,0.6080424704070637,0.7205025681216128,0.3931289063082081,0.6234879073767692,0.5850484982499806,0,105000,27000.0,3.888888888888889
72618.27868205597,5,Karnataka,6.0,65000,83,30,65,0.7028977082661033,0.5492254902328121,0.44451104095593474,0.5974822644566866,0.6252634935724459,1,105000,27000.0,3.888888888888889
115871.01765416475,5,Karnataka,6.0,65000,83,30,65,0.7106387017861339,0.6997716184629457,0.6562532353175081,0.5829854750954216,0.692294352253712,1,105000,27000.0,3.888888888888889
9097.251668715824,1,Karnataka,6.0,65000,83,30,65,0.5571578917978606,0.5428921549823502,0.7678052930088706,0.40055899378765686,0.43046155711159256,0,105000,27000.0,3.888888888888889
94603.7671424476,5,Karnataka,6.0,65000,83,30,65,0.6883918938726268,0.7456931957878574,0.4653964197627902,0.8005462032119591,0.6980517960150363,1,105000,27000.0,3.888888888888889
20270.497924986972,2,Karnataka,6.0,65000,83,30,65,0.6038354462372927,0.3228158652886648,0.5487855352298845,0.563511632447834,0.48211748490523787,0,105000,27000.0,3.888888888888889
25104.649804354183,3,Karnataka,6.0,65000,83,30,65,0.6396080486571251,0.5065523775712732,0.7480352878995106,0.5832612361255674,0.6058447869337124,1,105000,27000.0,3.888888888888889
36052.95212589372,4,Karnataka,6.0,65000,83,30,65,0.6681925202275729,0.4662826261590223,0.5163751293062142,0.7253144938007036,0.754194377810924,1,105000,27000.0,3.888888888888889
37293.775611293786,4,Karnataka,6.0,65000,83,30,65,0.6684259702859844,0.6607343676415955,0.7678463175691823,0.5338900413248175,0.6534656732453867,0,105000,27000.0,3.888888888888889
81800.51755348295,5,Karnataka,6.0,65000,83,30,65,0.7037238177285565,0.6757508038520629,0.46588791778762584,0.548529055785631,0.7235772006592343,1,105000,27000.0,3.888888888888889
11847.142246870133,1,Karnataka,6.0,65000,83,30,65,0.570609926035066,0.14061358703787621,0.4245304353367069,0.4399561096287082,0.23490287875830337,1,105000,27000.0,3.888888888888889
101529.23711110739,5,Karnataka,6.0,65000,83,30,65,0.7089842715651941,0.8126922673785075,0.5900627812038679,0.6213349668816941,0.6603083574786943,1,105000,27000.0,3.888888888888889
25422.377052737098,3,Karnataka,6.0,65000,83,30,65,0.6439773815598518,0.34756139362087113,0.39131496204834076,0.538865915597128,0.45622016163868784,1,105000,27000.0,3.888888888888889
21774.037291731136,2,Karnataka,6.0,65000,83,30,65,0.6064445345015763,0.3139547186742224,0.4995026158172459,0.688737470804618,0.6344257895640597,1,105000,27000.0,3.888888888888889
13260.981041718775,1,Karnataka,6.0,65000,83,30,65,0.5956519370617462,0.5684979843501038,0.5884379935095224,0.5169903895054948,0.37870492579313864,1,105000,27000.0,3.888888888888889
89181.43764946554,5,Karnataka,6.0,65000,83,30,65,0.7152070174985747,0.7384511274828416,0.6504108592414626,0.7234002380656691,0.7793335610154375,1,105000,27000.0,3.888888888888889
36473.41963809994,4,Karnataka,6.0,65000,83,30,65,0.6789718106947952,0.7396468680930708,0.43134804483006695,0.6933674530055447,0.6923749019557349,1,105000,27000.0,3.888888888888889
36209.46242102533,4,Karnataka,6.0,65000,83,30,65,0.6394572894371792,0.6901762110631506,0.45423832878089104,0.615984306316435,0.6454978280457307,1,105000,27000.0,3.888888888888889
25995.519140815286,3,Karnataka,6.0,65000,83,30,65,0.6554323080700368,0.7303182906215151,0.5718168779430084,0.7403594415926077,0.6711417795241236,1,105000,27000.0,3.888888888888889
17209.24625678935,2,Karnataka,6.0,65000,83,30,65,0.6175904423675765,0.5105713719864682,0.4640540358271692,0.6886450930704194,0.5824511220387262,1,105000,27000.0,3.888888888888889
16531.345516538164,2,Karnataka,6.0,65000,83,30,65,0.6297069435199866,0.5033566599356779,0.6647072592843423,0.6274402605082214,0.5937332474507053,1,105000,27000.0,3.888888888888889
14147.75327918351,1,Karnataka,6.0,65000,83,30,65,0.5920175030601925,0.3804719636329904,0.4254985098475268,0.4101743170559116,0.3668796714910563,0,105000,27000.0,3.888888888888889
101563.23736836316,5,Karnataka,6.0,65000,83,30,65,0.71542628391783,0.8857255968706921,0.7046337673249693,0.8107257154354163,0.8277258525183131,0,105000,27000.0,3.888888888888889
13856.020328284032,1,Karnataka,6.0,65000,83,30,65,0.588429405644661,0.3872591729125212,0.5335875571957911,0.37694263173717213,0.4338385328030107,0,105000,27000.0,3.888888888888889
26251.9269513395,3,Karnataka,6.0,65000,83,30,65,0.6531297891293122,0.5944755964601814,0.6920568687468283,0.635635114322625,0.5869172822951351,1,105000,27000.0,3.888888888888889
12334.647913837038,1,Karnataka,6.0,65000,83,30,65,0.5995840945502016,0.4894227985926807,0.7338742170386133,0.48383120913491723,0.5725911589528866,1,105000,27000.0,3.888888888888889
40672.01093616712,4,Karnataka,6.0,65000,83,30,65,0.6718084045266391,0.6279454057994194,0.7610421811709548,0.508431368584767,0.6206259347981693,1,105000,27000.0,3.888888888888889
49544.21419909259,5,Karnataka,6.0,65000,83,30,65,0.6839205517020758,0.5792137133765247,0.801304245261275,0.8178387697371007,0.7066179609967079,1,105000,27000.0,3.888888888888889
27656.41352022363,3,Karnataka,6.0,65000,83,30,65,0.6365682481427056,0.4906965677019519,0.6822095502135674,0.734994520023165,0.5170908733512803,1,105000,27000.0,3.888888888888889
38093.97885619066,4,Karnataka,6.0,65000,83,30,65,0.6735423131366914,0.6625222752374809,0.4576956562978095,0.7688850272163573,0.6299602358656581,1,105000,27000.0,3.888888888888889
19526.07693037807,2,Karnataka,6.0,65000,83,30,65,0.6103917329865727,0.5335349429250668,0.4320083977742979,0.45440670617351475,0.44194804063790905,0,105000,27000.0,3.888888888888889
13405.174427431491,1,Karnataka,6.0,65000,83,30,65,0.5671772374812628,0.5260236733858521,0.6064671002710792,0.4465612370486543,0.5183932366718502,1,105000,27000.0,3.888888888888889
9586.465199266662,1,Karnataka,6.0,65000,83,30,65,0.5633321808909073,0.25248434457654984,0.5992989023206146,0.6333865498412173,0.45650874196036023,1,105000,27000.0,3.888888888888889
33706.89239504738,4,Karnataka,6.0,65000,83,30,65,0.6622312304565088,0.6724572307075456,0.6477001705133489,0.5285938498927927,0.7886889573458702,0,105000,27000.0,3.888888888888889
27236.936110616967,3,Karnataka,6.0,65000,83,30,65,0.6477202527026986,0.7212113356182716,0.6666313836056956,0.6216580897230857,0.5520214596095414,0,105000,27000.0,3.888888888888889
21403.56232132101,2,Karnataka,6.0,65000,83,30,65,0.6254462548510868,0.5758647421538359,0.6038048207048028,0.5423234123506573,0.47905119703063925,0,105000,27000.0,3.888888888888889
32210.226660116434,3,Karnataka,6.0,65000,83,30,65,0.648808533280634,0.29747692074758747,0.5838573716150364,0.49223625578761426,0.4506267370183034,0,105000,27000.0,3.888888888888889
23979.7584578398,3,Karnataka,6.0,65000,83,30,65,0.6502171300139984,0.6028880855139683,0.5685826931817237,0.7126399145005066,0.6675707854918838,0,105000,27000.0,3.888888888888889
8776.300362795064,1,Karnataka,6.0,65000,83,30,65,0.5788347014112215,0.2722114673501073,0.5186020133192399,0.38691299559154446,0.37108036396754984,0,105000,27000.0,3.888888888888889
42552.03287283814,4,Karnataka,6.0,65000,83,30,65,0.6522220325657975,0.560432833062163,0.6406248080618745,0.6744787549125352,0.5962516807216629,0,105000,27000.0,3.888888888888889
61096.05277065969,5,Karnataka,6.0,65000,83,30,65,0.69509065133403,0.5301523603143763,0.46663648873145586,0.6421209313695789,0.5186315753480546,1,105000,27000.0,3.888888888888889
53381.66911360182,5,Karnataka,6.0,65000,83,30,65,0.6970552130241333,0.6467908137950957,0.6598673434840008,0.6720610087197506,0.7121120025947445,1,105000,27000.0,3.888888888888889
24222.60329429713,3,Karnataka,6.0,65000,83,30,65,0.6346723322745003,0.7854683834552368,0.3587060759802,0.5100745509353817,0.7503007655643119,1,105000,27000.0,3.888888888888889
20829.923134427623,2,Karnataka,6.0,65000,83,30,65,0.6101898057966034,0.4535837833906532,0.4690473391329196,0.5840673862863106,0.43828511193582204,1,105000,27000.0,3.888888888888889
9567.742380640733,1,Karnataka,6.0,65000,83,30,65,0.5840570547417866,0.3816192253496508,0.7570299201871378,0.6432699121443644,0.6093227121820343,1,105000,27000.0,3.888888888888889
31891.77139308542,3,Karnataka,6.0,65000,83,30,65,0.6481730090252921,0.3499768631793515,0.6635715888697853,0.6967295959689394,0.7003596496813881,0,105000,27000.0,3.888888888888889
33229.39006504567,4,Karnataka,6.0,65000,83,30,65,0.6668616584991938,0.5393740261660811,0.4155356067269078,0.7016284236396465,0.6120029542752048,1,105000,27000.0,3.888888888888889
35092.67695303315,4,Karnataka,6.0,65000,83,30,65,0.6506052630864112,0.7679256026429517,0.5784936831584309,0.7235810508584273,0.7121965290610368,0,105000,27000.0,3.888888888888889
98602.54191761914,5,Karnataka,6.0,65000,83,30,65,0.6948140799499458,0.5158213379062663,0.6353443863849593,0.7984526701430258,0.682490600896473,0,105000,27000.0,3.888888888888889
35080.72744824801,4,Karnataka,6.0,65000,83,30,65,0.6700799611127769,0.570633577415093,0.6739791468859133,0.6384307951851941,0.756421585174065,1,105000,27000.0,3.888888888888889
124103.07054173197,5,Karnataka,6.0,65000,83,30,65,0.7118709363641912,0.49134969862901856,0.7516856200771134,0.7167799283995143,0.7356656660841554,1,105000,27000.0,3.888888888888889
27444.47925923498,3,Karnataka,6.0,65000,83,30,65,0.633964778721016,0.4125083735092969,0.5848902779979752,0.7153114932623427,0.6716567208770853,0,105000,27000.0,3.888888888888889
25454.628216107485,3,Karnataka,6.0,65000,83,30,65,0.644768293426851,0.5137900146969331,0.4359581156759703,0.6554508668968041,0.5607868773259664,1,105000,27000.0,3.888888888888889
46560.73020405035,4,Karnataka,6.0,65000,83,30,65,0.6725437361392114,0.5950929893945511,0.44033864076250717,0.5374736282830216,0.6172775659410062,1,105000,27000.0,3.888888888888889
12018.379528653388,1,Karnataka,6.0,65000,83,30,65,0.580081862474091,0.5931898416279411,0.4118174928117975,0.5805273948251317,0.5171368274126764,1,105000,27000.0,3.888888888888889
8000.0,1,Karnataka,6.0,65000,83,30,65,0.588948190336103,0.167713553728634,0.5543860352618222,0.35347856173272685,0.4242298227149616,1,105000,27000.0,3.888888888888889
74872.14145320166,5,Karnataka,6.0,65000,83,30,65,0.6930344451753313,0.832396269670163,0.3974229416141297,0.8009247646542818,0.6879394201124828,0,105000,27000.0,3.888888888888889
32711.68023218124,4,Karnataka,6.0,65000,83,30,65,0.6638909926464219,0.442866235780974,0.44493586107955435,0.7331564633519797,0.6741200769531808,1,105000,27000.0,3.888888888888889
16427.139523829224,2,Karnataka,6.0,65000,83,30,65,0.6095238489119149,0.6255026133963718,0.625732420244917,0.6458904623184322,0.6553956076499006,1,105000,27000.0,3.888888888888889
9169.982368262516,1,Karnataka,6.0,65000,83,30,65,0.5732413920919202,0.4237501589180972,0.5418434546438686,0.3537444304756563,0.39137489432135064,0,105000,27000.0,3.888888888888889
49104.669477744595,5,Karnataka,6.0,65000,83,30,65,0.7047229800534032,0.6372169696823369,0.4093005580935878,0.8384013169033685,0.7411611396266522,1,105000,27000.0,3.888888888888889
40816.57910012378,4,Karnataka,6.0,65000,83,30,65,0.6625109340991958,0.5116930326020903,0.4222922578566725,0.6809062749866152,0.5642419795283595,1,105000,27000.0,3.888888888888889
24895.222779589192,3,Karnataka,6.0,65000,83,30,65,0.6419058992203084,0.7617274634118718,0.5413146841310191,0.6866811846217776,0.5769861973893974,0,105000,27000.0,3.888888888888889
28574.717655199533,3,Karnataka,6.0,65000,83,30,65,0.6386411294549895,0.6236417454504865,0.4217633095627278,0.6166343976779789,0.5591145054648171,0,105000,27000.0,3.888888888888889
17070.740245731675,2,Karnataka,6.0,65000,83,30,65,0.6117921167906242,0.5063956280727766,0.626751732021219,0.4985914615190985,0.5172124109838511,1,105000,27000.0,3.888888888888889
37642.12036072353,4,Karnataka,6.0,65000,83,30,65,0.6650454431922267,0.6844494715676963,0.726262391704319,0.585511176878726,0.5825850732742306,0,105000,27000.0,3.888888888888889
95739.41847837469,5,Karnataka,6.0,65000,83,30,65,0.6962519741975889,0.39373385965818275,0.6074589283787482,0.5676468539213977,0.6134357265887754,0,105000,27000.0,3.888888888888889
32690.638917027813,4,Karnataka,6.0,65000,83,30,65,0.6706029498228276,0.8345305915840682,0.8542135707114935,0.659421149647731,0.7678351626463076,0,105000,27000.0,3.888888888888889
35491.87919046308,4,Karnataka,6.0,65000,83,30,65,0.6716636022044702,0.8283996799137914,0.6161829794805207,0.5397434132295642,0.6632429876888094,1,105000,27000.0,3.888888888888889
8000.0,1,Karnataka,6.0,65000,83,30,65,0.5796008379889456,0.33555523632550865,0.7388313725973408,0.5169218820495123,0.5660930485340389,1,105000,27000.0,3.888888888888889
17354.017359535224,2,Karnataka,6.0,65000,83,30,65,0.626696480707988,0.3308779600084634,0.5207585850872096,0.5841415332514444,0.47658272190749074,0,105000,27000.0,3.888888888888889
98681.54286893475,5,Karnataka,6.0,65000,83,30,65,0.6897354879554443,0.43085689182073345,0.7976599788397143,0.6792908760573299,0.5552520092501916,1,105000,27000.0,3.888888888888889
19201.88672729439,2,Karnataka,6.0,65000,83,30,65,0.60900081919333,0.7191905506638805,0.3734924391209037,0.44356411876095087,0.4678672811476004,1,105000,27000.0,3.888888888888889
38297.437980361035,4,Karnataka,6.0,65000,83,30,65,0.6539065669216872,0.435776816004545,0.43332769417465933,0.6264788796765084,0.4850795398739203,0,105000,27000.0,3.888888888888889
9008.068776528571,1,Karnataka,6.0,65000,83,30,65,0.583363671929531,0.4563422990119134,0.4362055942156483,0.6102682589407544,0.47635666987622766,0,105000,27000.0,3.888888888888889
55537.313630219134,5,Karnataka,6.0,65000,83,30,65,0.688490391779089,0.47966245932504037,0.48573293133259315,0.6840810044797762,0.616412426117834,1,105000,27000.0,3.888888888888889
22009.82084951319,2,Karnataka,6.0,65000,83,30,65,0.6068597545840914,0.6738744058471616,0.3663828687750652,0.49948550410978465,0.6667446041056267,1,105000,27000.0,3.888888888888889
24526.375972897487,3,Karnataka,6.0,65000,83,30,65,0.6359222138895438,0.2919361977782204,0.581182942858717,0.6355958541501524,0.4189598128557327,0,105000,27000.0,3.888888888888889
19529.017696814542,2,Karnataka,6.0,65000,83,30,65,0.6124517684088688,0.6003651541807312,0.6289826188935188,0.5823253464097016,0.6542933439416394,0,105000,27000.0,3.888888888888889
10773.46184349838,1,Karnataka,6.0,65000,83,30,65,0.5741149479674054,0.2691063512857795,0.48927896372641266,0.373851616099632,0.3128159842673799,0,105000,27000.0,3.888888888888889
88398.04987157439,5,Karnataka,6.0,65000,83,30,65,0.6936898001659173,0.6785389958572846,0.42926795043297966,0.6176138371917648,0.6588377663884378,0,105000,27000.0,3.888888888888889
30771.013789583776,3,Karnataka,6.0,65000,83,30,65,0.654001421783716,0.5197025899883786,0.4867842339890842,0.5949880758603727,0.5189968395058866,0,105000,27000.0,3.888888888888889
31454.256196814684,3,Karnataka,6.0,65000,83,30,65,0.6424885250476023,0.42953490193083765,0.8146616309471149,0.5565659885041319,0.6131915477024253,1,105000,27000.0,3.888888888888889
8000.0,1,Karnataka,6.0,65000,83,30,65,0.5740323486226344,0.4800186268570456,0.5747049585791432,0.4426537401347684,0.5990548612848288,0,105000,27000.0,3.888888888888889
18528.996293565786,2,Karnataka,6.0,65000,83,30,65,0.6071345204247448,0.44101499409754086,0.9012717158145505,0.5303807785782151,0.47983816163910764,0,105000,27000.0,3.888888888888889
13698.75114009394,1,Karnataka,6.0,65000,83,30,65,0.5960964066655646,0.3450718422150677,0.6361277944149617,0.43376089409401614,0.4861070848542897,0,105000,27000.0,3.888888888888889
49678.047635552415,5,Karnataka,6.0,65000,83,30,65,0.6972912083603462,0.6392167763425125,0.41097817691379435,0.6509081779138505,0.650549191438337,1,105000,27000.0,3.888888888888889
41201.656851787855,4,Karnataka,6.0,65000,83,30,65,0.6627500909113332,0.42373030172341203,0.3680097845803543,0.728755604566702,0.6423036629667889,1,105000,27000.0,3.888888888888889
8000.0,1,Karnataka,6.0,65000,83,30,65,0.5727928956415932,0.28967060495281916,0.7874156648111219,0.4997359636909573,0.5001445352365005,0,105000,27000.0,3.888888888888889
19187.62245704204,2,Karnataka,6.0,65000,83,30,65,0.6041515923329613,0.5050789884291015,0.3942028027422114,0.6585234349813657,0.7656879951900601,1,105000,27000.0,3.888888888888889
8000.0,1,Karnataka,6.0,65000,83,30,65,0.5736978799185899,0.5185299888521498,0.5905540250851353,0.6312347438019313,0.642766708117307,1,105000,27000.0,3.888888888888889
18158.781966355116,2,Karnataka,6.0,65000,83,30,65,0.5968463786593647,0.6167372729157793,0.8139236819386513,0.6732898570035498,0.6993947191425822,1,105000,27000.0,3.888888888888889
39377.672492034064,4,Karnataka,6.0,65000,83,30,65,0.6584008561733873,0.6352766041533835,0.5325019125378085,0.5727799944606669,0.6305409660055208,0,105000,27000.0,3.888888888888889
48633.214908941554,5,Karnataka,6.0,65000,83,30,65,0.6913496533992434,0.8586960698505438,0.6825326718381127,0.6885324456117213,0.7708728006594622,1,105000,27000.0,3.888888888888889
56259.156363054906,5,Karnataka,6.0,65000,83,30,65,0.7055585673273881,0.9275902376132088,0.39460137501855225,0.7071823215412057,0.7197045062149798,1,105000,27000.0,3.888888888888889
13750.838467213498,1,Karnataka,6.0,65000,83,30,65,0.5758304842701284,0.1719415490817388,0.5619070809178617,0.6023238930779159,0.46106977498446333,0,105000,27000.0,3.888888888888889
11720.616078636262,1,Karnataka,6.0,65000,83,30,65,0.5775712402519168,0.48010679700670367,0.5609051410520081,0.5143728672918247,0.38975788927195665,1,105000,27000.0,3.888888888888889
20086.40973154547,2,Karnataka,6.0,65000,83,30,65,0.6223437373954062,0.5099269767797894,0.45577938726802,0.47248131383821945,0.5394893226752373,0,105000,27000.0,3.888888888888889
114983.68498025123,5,Karnataka,6.0,65000,83,30,65,0.7125929286422413,0.5959818246491584,0.7254596875435706,0.7109284008125679,0.7383317208201889,1,105000,27000.0,3.888888888888889
17217.62281506887,2,Karnataka,6.0,65000,83,30,65,0.6068216077114797,0.6189136702248351,0.5991186786218698,0.40995201493971273,0.5542338039008431,0,105000,27000.0,3.888888888888889
31309.541905318136,3,Karnataka,6.0,65000,83,30,65,0.633334222036023,0.7473208299891656,0.4219834892015144,0.6969078778100007,0.661680595582226,1,105000,27000.0,3.888888888888889
25843.812973356744,3,Karnataka,6.0,65000,83,30,65,0.6309985540061217,0.5743888696236024,0.5782138640918568,0.6164664790080288,0.6511417753431292,1,105000,27000.0,3.888888888888889
18465.288836727737,2,Karnataka,6.0,65000,83,30,65,0.6165706148399396,0.38360498675972515,0.5521990877515215,0.5921818295213062,0.5576144753090053,1,105000,27000.0,3.888888888888889
18043.696869330244,2,Karnataka,6.0,65000,83,30,65,0.6075957848076343,0.4001239622480436,0.5031048260697961,0.45694840565116474,0.47153309186247955,1,105000,27000.0,3.888888888888889
74345.79469999335,5,Karnataka,6.0,65000,83,30,65,0.6957779082396293,0.7443452410713434,0.42814022140658886,0.7141070097198349,0.6960085271752227,1,105000,27000.0,3.888888888888889
26791.279012253563,3,Karnataka,6.0,65000,83,30,65,0.6315062113914816,0.7410992667339723,0.4332819072472543,0.6058577337700274,0.6895710584263138,1,105000,27000.0,3.888888888888889
62017.94527678533,5,Karnataka,6.0,65000,83,30,65,0.6919461930527432,0.49621887519111824,0.6690571572872538,0.732555950843616,0.757870715678521,1,105000,27000.0,3.888888888888889
39420.8719313962,4,Karnataka,6.0,65000,83,30,65,0.6728434390577895,0.4702996972383138,0.6071182594237836,0.750892682047024,0.5738681639917198,0,105000,27000.0,3.888888888888889
12525.237459302372,1,Karnataka,6.0,65000,83,30,65,0.5664884744839845,0.33867359936091035,0.3681275098088418,0.5760282048391865,0.40901939283533983,0,105000,27000.0,3.888888888888889
18443.85422932789,2,Karnataka,6.0,65000,83,30,65,0.6195915440807366,0.6209769908769412,0.68549443485497,0.5607289893865717,0.6709648001794557,1,105000,27000.0,3.888888888888889
83400.53722770938,5,Karnataka,6.0,65000,83,30,65,0.6943044107047079,0.6622334959862177,0.6052664517009341,0.814687592868279,0.7517204764300452,1,105000,27000.0,3.888888888888889
121594.87170766764,5,Karnataka,6.0,65000,83,30,65,0.6981464977003392,0.8005941224941424,0.4811214573863915,0.6541921711296025,0.637730635829141,1,105000,27000.0,3.888888888888889
17168.528113627333,2,Karnataka,6.0,65000,83,30,65,0.5962730775614516,0.5716086551416996,0.42538785967677367,0.544431912688776,0.5234325758015589,1,105000,27000.0,3.888888888888889
42472.5942665905,4,Karnataka,6.0,65000,83,30,65,0.6695191977604334,0.6472066170594857,0.5764030687088358,0.6914968677621102,0.7109091804792375,0,105000,27000.0,3.888888888888889
13426.609483631897,1,Karnataka,6.0,65000,83,30,65,0.5763596477159515,0.41203238727149577,0.7460392581723578,0.4788966735670919,0.6512752985740731,0,105000,27000.0,3.888888888888889
40301.92314737309,4,Karnataka,6.0,65000,83,30,65,0.6691420511542925,0.5407939104122752,0.5716097079839079,0.6050921307816046,0.7558119066068903,1,105000,27000.0,3.888888888888889
54448.47063295827,5,Karnataka,6.0,65000,83,30,65,0.714359946126476,0.3961338459098503,0.6376614941952328,0.5803849421754816,0.46200064766475013,0,105000,27000.0,3.888888888888889
12578.08874400923,1,Karnataka,6.0,65000,83,30,65,0.5814198376007595,0.35729779376348014,0.42481604963020303,0.5374365099941447,0.5121935530056921,0,105000,27000.0,3.888888888888889
20235.228080836012,2,Karnataka,6.0,65000,83,30,65,0.6016962653013991,0.6614989317580396,0.4046680166574753,0.4544485762594366,0.4618781462486149,1,105000,27000.0,3.888888888888889
8000.0,1,Karnataka,6.0,65000,83,30,65,0.5725296580373914,0.20577802811850793,0.6665167800017553,0.3881431595522053,0.49235884773664573,1,105000,27000.0,3.888888888888889
17060.789892813427,2,Karnataka,6.0,65000,83,30,65,0.6155941690019948,0.5160854720619718,0.6465001767530352,0.45131253438054597,0.42740549869100847,1,105000,27000.0,3.888888888888889
22619.6280751122,2,Karnataka,6.0,65000,83,30,65,0.6226297900527914,0.5827996788411512,0.6209794045935038,0.6032108157382986,0.5469770406219903,0,105000,27000.0,3.888888888888889
15298.899085833744,2,Karnataka,6.0,65000,83,30,65,0.6124620373503676,0.38779811816162185,0.4522097605706305,0.4381744366916639,0.4331383744990437,1,105000,27000.0,3.888888888888889
43473.76024920601,4,Karnataka,6.0,65000,83,30,65,0.6765299845884047,0.5558612295502728,0.43849045261101777,0.7895374702100088,0.6887204150152223,1,105000,27000.0,3.888888888888889
18571.308696265354,2,Karnataka,6.0,65000,83,30,65,0.6157402343762242,0.5554716805136568,0.4520859464880599,0.6242290795861023,0.5295462559610584,0,105000,27000.0,3.888888888888889
29858.169388761635,3,Karnataka,6.0,65000,83,30,65,0.6538335012764322,0.5443020957882495,0.7427671427054555,0.5644870790308063,0.5651066875741511,1,105000,27000.0,3.888888888888889
61518.75714330422,5,Karnataka,6.0,65000,83,30,65,0.6801469554155968,0.7586606548373536,0.7507388435363388,0.7246514922897621,0.6243591077658357,1,105000,27000.0,3.888888888888889
52269.54503465688,5,Karnataka,6.0,65000,83,30,65,0.7063150465359024,0.6705394311735664,0.49039434541052895,0.548954659598247,0.5729386708824515,0,105000,27000.0,3.888888888888889
30749.88603043861,3,Karnataka,6.0,65000,83,30,65,0.6494802175818927,0.6717315249767506,0.5081040323255639,0.7000262475353595,0.6879528225847182,1,105000,27000.0,3.888888888888889
26718.42373467501,3,Karnataka,6.0,65000,83,30,65,0.6262556200815014,0.6746366370158327,0.5277804109992553,0.5280301373756279,0.6836225529881944,1,105000,27000.0,3.888888888888889
12282.94267208086,1,Karnataka,6.0,65000,83,30,65,0.570786175302793,0.5572724238972567,0.6869262097419309,0.3682317781241493,0.4186238779197848,1,105000,27000.0,3.888888888888889
19653.68269871801,2,Karnataka,6.0,65000,83,30,65,0.6011350296565756,0.22753396023567754,0.5780436212063068,0.6241023368223055,0.42124907222303887,0,105000,27000.0,3.888888888888889
23296.548661117267,3,Karnataka,6.0,65000,83,30,65,0.6323549551790832,0.3588639288591409,0.6485336909574326,0.5455411654600755,0.47788621213103505,0,105000,27000.0,3.888888888888889
33819.70096402755,4,Karnataka,6.0,65000,83,30,65,0.6648256866335018,0.6947484775638681,0.5442212126980099,0.6669290141276248,0.6472174537970778,0,105000,27000.0,3.888888888888889
11630.933391883178,1,Karnataka,6.0,65000,83,30,65,0.5820688852734065,0.5019069502814759,0.7071983540182615,0.5998761314572383,0.5862837461768914,0,105000,27000.0,3.888888888888889
39950.22770868423,4,Karnataka,6.0,65000,83,30,65,0.6782996036545308,0.7420005321714898,0.5934877914076504,0.7294460748645002,0.6807418723463169,1,105000,27000.0,3.888888888888889
84546.62736509115,5,Karnataka,6.0,65000,83,30,65,0.7104560267205425,0.7702349378338325,0.602576938370728,0.6477177043767157,0.5921071778068872,0,105000,27000.0,3.888888888888889
81263.23431909613,5,Delhi,7.0,70000,62,28,70,0.7566217693883222,0.7604140250973156,0.6368196324023018,0.8228311981810844,0.6429779137826646,1,100000,31500.0,3.1746031746031744
9923.651920205637,1,Delhi,7.0,70000,62,28,70,0.6365529700129702,0.44094387485155595,0.48058564510765267,0.47887719657018435,0.4507828312643432,0,100000,31500.0,3.1746031746031744
47847.8487884935,4,Delhi,7.0,70000,62,28,70,0.7481582184001622,0.5256514797377628,0.34510230503267925,0.6622293687889719,0.6428134829119129,1,100000,31500.0,3.1746031746031744
21667.123333192998,2,Delhi,7.0,70000,62,28,70,0.6814674393541865,0.31329870893116996,0.6057293246412858,0.5959598232668925,0.5478330765516873,0,100000,31500.0,3.1746031746031744
47513.44847197219,4,Delhi,7.0,70000,62,28,70,0.73582864841869,0.7049208628069014,0.5940536304089011,0.5335164685028406,0.7584477924995309,0,100000,31500.0,3.1746031746031744
124656.71247294848,5,Delhi,7.0,70000,62,28,70,0.7697333667555497,0.6461884924560257,0.5219077381682578,0.7413713731083093,0.6050014228457495,1,100000,31500.0,3.1746031746031744
14134.911881393398,1,Delhi,7.0,70000,62,28,70,0.6447019621814856,0.28538057686815543,0.5198226793850982,0.5354473944701374,0.4863538194099909,0,100000,31500.0,3.1746031746031744
34159.85428977673,4,Delhi,7.0,70000,62,28,70,0.7402458468304761,0.48941624565423253,0.4687953077571696,0.7742705646980946,0.7431564871351071,1,100000,31500.0,3.1746031746031744
34559.962997519644,4,Delhi,7.0,70000,62,28,70,0.7316393330349426,0.5652922745043747,0.49529378599553725,0.6183213841182659,0.6043893743374552,1,100000,31500.0,3.1746031746031744
16134.955682249034,2,Delhi,7.0,70000,62,28,70,0.6776880493443923,0.7284185246643783,0.5013114694887738,0.48487882562456097,0.4977728017634921,0,100000,31500.0,3.1746031746031744
92579.03287840469,5,Delhi,7.0,70000,62,28,70,0.749894539496305,0.7005317804058137,0.6343583965117594,0.7051765801040658,0.5355961917023234,1,100000,31500.0,3.1746031746031744
19051.466243178736,2,Delhi,7.0,70000,62,28,70,0.6681221570517457,0.6498038395681001,0.589169853557166,0.6184217170829468,0.609396970252112,0,100000,31500.0,3.1746031746031744
48762.72499556076,5,Delhi,7.0,70000,62,28,70,0.7582298882320966,0.7183525226424383,0.41001859331581525,0.7307904934150923,0.6612053416070198,1,100000,31500.0,3.1746031746031744
50499.56052767338,5,Delhi,7.0,70000,62,28,70,0.7612560996679308,0.6891965473957351,0.4184207270706714,0.6036842238171231,0.6059950952384716,1,100000,31500.0,3.1746031746031744
47944.11996340227,4,Delhi,7.0,70000,62,28,70,0.7257348674522025,0.6552477784399466,0.48329511595604424,0.6165897111558795,0.6626242413835358,0,100000,31500.0,3.1746031746031744
19346.62347986977,2,Delhi,7.0,70000,62,28,70,0.6696645637417692,0.41604890164535147,0.49241259101720697,0.43135795125192,0.6197932843044747,1,100000,31500.0,3.1746031746031744
16270.176447645896,2,Delhi,7.0,70000,62,28,70,0.6598558593760189,0.4238263323403252,0.5445281920774905,0.6340201162742207,0.4637148388402776,1,100000,31500.0,3.1746031746031744
26556.791778047787,3,Delhi,7.0,70000,62,28,70,0.710487004763949,0.6535536586957663,0.3276718495300327,0.7271067190716406,0.5663422396325344,0,100000,31500.0,3.1746031746031744
38697.97530576713,4,Delhi,7.0,70000,62,28,70,0.734174864810886,0.5704458167669613,0.5217544932688168,0.5259241236865033,0.5921922278326022,0,100000,31500.0,3.1746031746031744
74295.11826035504,5,Delhi,7.0,70000,62,28,70,0.7479479239222399,0.6666230612374988,0.38406134503664885,0.7198504695379877,0.7162642676531896,0,100000,31500.0,3.1746031746031744
44273.00554521875,4,Delhi,7.0,70000,62,28,70,0.7266517008945332,0.6759269591648385,0.42478939819718,0.6820162322347766,0.630144796386489,1,100000,31500.0,3.1746031746031744
28400.380312741017,3,Delhi,7.0,70000,62,28,70,0.7083660142756216,0.7204983531216771,0.46955747733604924,0.593870586522657,0.6764605459680139,0,100000,31500.0,3.1746031746031744
37619.80344231307,4,Delhi,7.0,70000,62,28,70,0.7295697805361421,0.41887140583583704,0.49468645603002703,0.6630423429525617,0.4961098323962561,0,100000,31500.0,3.1746031746031744
15651.899472178515,2,Delhi,7.0,70000,62,28,70,0.668030585398619,0.41287282521722035,0.36852955032127205,0.6253292422708829,0.5283513908046246,1,100000,31500.0,3.1746031746031744
37422.51658587294,4,Delhi,7.0,70000,62,28,70,0.7342540732299192,0.38817071621251675,0.5555473926110338,0.6573399143186204,0.6069978155199811,0,100000,31500.0,3.1746031746031744
24086.203122292227,3,Delhi,7.0,70000,62,28,70,0.7084359753517822,0.48469864697426823,0.356087711446086,0.7381178624076908,0.7075047928071314,1,100000,31500.0,3.1746031746031744
18005.57291202567,2,Delhi,7.0,70000,62,28,70,0.6606364754296085,0.2526555864831658,0.5846259458796228,0.574484361526525,0.5935164852434871,1,100000,31500.0,3.1746031746031744
40748.3603307748,4,Delhi,7.0,70000,62,28,70,0.7405012848121788,0.6800156681236114,0.38857598312138153,0.5337612200924295,0.6155833235426516,1,100000,31500.0,3.1746031746031744
10037.437108137823,1,Delhi,7.0,70000,62,28,70,0.6369970671839262,0.45813446526148194,0.2770210508021708,0.6482196204115772,0.43529108379633286,0,100000,31500.0,3.1746031746031744
27252.587593579974,3,Delhi,7.0,70000,62,28,70,0.704820720317502,0.5097322273988405,0.4943319579430784,0.5062654327296385,0.3847757561638533,1,100000,31500.0,3.1746031746031744
14097.274047659193,1,Delhi,7.0,70000,62,28,70,0.6446457985930849,0.17146772519765854,0.37749936597799666,0.5975601922268656,0.3745624477186496,1,100000,31500.0,3.1746031746031744
37999.28149930051,4,Delhi,7.0,70000,62,28,70,0.7297293388176023,0.5442987202198494,0.5183677008171756,0.6702939281637629,0.7751211441997318,1,100000,31500.0,3.1746031746031744
35106.39180929523,4,Delhi,7.0,70000,62,28,70,0.7247634025386929,0.4761674783243556,0.36984775320212177,0.7344899585029735,0.4782816647926466,1,100000,31500.0,3.1746031746031744
26168.49256704873,3,Delhi,7.0,70000,62,28,70,0.7021431345190773,0.3398814138509175,0.509518837046387,0.6162511874766313,0.48492064578550736,1,100000,31500.0,3.1746031746031744
28775.6419851405,3,Delhi,7.0,70000,62,28,70,0.7212533030907519,0.7262195937840028,0.47071446148227336,0.4799132823220045,0.6156354142303442,1,100000,31500.0,3.1746031746031744
18657.397234533615,2,Delhi,7.0,70000,62,28,70,0.6613832496953638,0.650558003886745,0.614644626621163,0.5247000011290863,0.6899024370036079,0,100000,31500.0,3.1746031746031744
27449.998054253363,3,Delhi,7.0,70000,62,28,70,0.7219231301910487,0.35262817822703396,0.5855803102942883,0.64842801683438,0.49837200211282273,1,100000,31500.0,3.1746031746031744
21688.88585044903,2,Delhi,7.0,70000,62,28,70,0.6724027882892347,0.5248623028503718,0.3413755024765312,0.6008868877820255,0.5760902503259258,0,100000,31500.0,3.1746031746031744
18192.318197591598,2,Delhi,7.0,70000,62,28,70,0.6753537141708864,0.4135468556073053,0.3320876710635074,0.7041355548773595,0.48886393372099096,1,100000,31500.0,3.1746031746031744
36236.43173495526,4,Delhi,7.0,70000,62,28,70,0.7241328918861527,0.5558612277315742,0.27080356463054545,0.694119631734288,0.5071814306994081,1,100000,31500.0,3.1746031746031744
28049.925611310093,3,Delhi,7.0,70000,62,28,70,0.6972873058332252,0.7895917308158863,0.6305304922457996,0.5481539616410125,0.6266570260147233,1,100000,31500.0,3.1746031746031744
50344.02662255068,5,Delhi,7.0,70000,62,28,70,0.7599709034996198,0.7482744632622942,0.36321084408351795,0.5752498692467699,0.64166398965466,0,100000,31500.0,3.1746031746031744
19182.80293892757,2,Delhi,7.0,70000,62,28,70,0.664543050291221,0.3476720598624592,0.3241997801920133,0.6487467825563816,0.40996006404516766,0,100000,31500.0,3.1746031746031744
75627.72629068595,5,Delhi,7.0,70000,62,28,70,0.7629108204262913,0.6938249677848229,0.5640349286295179,0.8290093591615791,0.8047501902692052,1,100000,31500.0,3.1746031746031744
60122.29340492321,5,Delhi,7.0,70000,62,28,70,0.7609298410819323,0.6050583374218315,0.48005608131597877,0.7463136343338482,0.7731914497894979,1,100000,31500.0,3.1746031746031744
12286.189108032106,1,Delhi,7.0,70000,62,28,70,0.6635078114243573,0.4547247647661426,0.32175119368823346,0.5069353030284066,0.4249866123415423,0,100000,31500.0,3.1746031746031744
26033.920329785982,3,Delhi,7.0,70000,62,28,70,0.6933402581431953,0.5428985299401005,0.3487545515192211,0.7205181775379746,0.6568741668125823,1,100000,31500.0,3.1746031746031744
36352.89612248582,4,Delhi,7.0,70000,62,28,70,0.7360269051674858,0.712759082683608,0.7703942436608818,0.5843290459331362,0.6034535836788555,0,100000,31500.0,3.1746031746031744
44772.11002896956,4,Delhi,7.0,70000,62,28,70,0.7374784628190182,0.6194416162106089,0.7070679608187576,0.6318418473095655,0.6761009104225247,0,100000,31500.0,3.1746031746031744
27899.446253428036,3,Delhi,7.0,70000,62,28,70,0.6942967945134816,0.26038711637770173,0.62469868770677,0.6145191884882495,0.6147658215366323,0,100000,31500.0,3.1746031746031744
49466.32487468994,5,Delhi,7.0,70000,62,28,70,0.7718682749545284,0.5326130142744723,0.4968862888365251,0.577034007286488,0.6739971956017757,1,100000,31500.0,3.1746031746031744
36146.829797671846,4,Delhi,7.0,70000,62,28,70,0.7310167298711837,0.5277613965162368,0.5456784461402266,0.7187959207681919,0.668822340615107,1,100000,31500.0,3.1746031746031744
21844.523920991414,2,Delhi,7.0,70000,62,28,70,0.6500761034841693,0.453915664289671,0.5595310980025102,0.46879018207644507,0.6038684188569281,0,100000,31500.0,3.1746031746031744
14870.38687370312,1,Delhi,7.0,70000,62,28,70,0.6515984961210457,0.22490052852468334,0.5746449600794308,0.4621681777183876,0.39847020916696235,0,100000,31500.0,3.1746031746031744
8503.39587270949,1,Delhi,7.0,70000,62,28,70,0.6338305911589763,0.23603852263022462,0.4008394723614971,0.4865700663931035,0.4238306657605451,1,100000,31500.0,3.1746031746031744
16790.299082223635,2,Delhi,7.0,70000,62,28,70,0.664522250538609,0.529337040019533,0.6340791889598411,0.6037753211065564,0.6085287798820399,0,100000,31500.0,3.1746031746031744
24566.168476356746,3,Delhi,7.0,70000,62,28,70,0.711879020828924,0.6170121472399125,0.521880073856552,0.48186743359446504,0.6164201209852513,1,100000,31500.0,3.1746031746031744
17077.305861484125,2,Delhi,7.0,70000,62,28,70,0.6715283851758156,0.3958832214336957,0.2787181491413071,0.5144807432483102,0.5080890442922863,0,100000,31500.0,3.1746031746031744
9053.195313176677,1,Delhi,7.0,70000,62,28,70,0.654177721505515,0.3137158732760745,0.5298299140997751,0.44453074316395047,0.36695352496697536,0,100000,31500.0,3.1746031746031744
30289.384295490094,3,Delhi,7.0,70000,62,28,70,0.7171016609536531,0.4550666204122612,0.6249971025211383,0.462678048855517,0.6121030134361555,1,100000,31500.0,3.1746031746031744
63912.17936834833,5,Delhi,7.0,70000,62,28,70,0.758550715396777,0.8510059444361334,0.43914989563372386,0.7697182545877473,0.6644659665033054,1,100000,31500.0,3.1746031746031744
38391.59862528255,4,Delhi,7.0,70000,62,28,70,0.7429326249595503,0.4301418430452639,0.3382889219481457,0.5830027029871601,0.6166347086679139,1,100000,31500.0,3.1746031746031744
8000.0,1,Delhi,7.0,70000,62,28,70,0.6374453919860712,0.6520610339044117,0.26590011167578387,0.4121537311039096,0.6022849336745459,1,100000,31500.0,3.1746031746031744
32440.879512907104,4,Delhi,7.0,70000,62,28,70,0.7573311591713218,0.4650132520357243,0.7392122199628826,0.7516118010425668,0.6704869136668206,1,100000,31500.0,3.1746031746031744
37507.221359872834,4,Delhi,7.0,70000,62,28,70,0.7280704299546878,0.6237498188290702,0.4232620905381489,0.5239817143341312,0.5223944417909532,1,100000,31500.0,3.1746031746031744
38979.25763250769,4,Delhi,7.0,70000,62,28,70,0.7452608744096,0.5745461842147672,0.5160218094283442,0.7822942065341723,0.7852377435151384,1,100000,31500.0,3.1746031746031744
63141.48595905259,5,Delhi,7.0,70000,62,28,70,0.7734379002588158,0.6013541488476526,0.7068702845579435,0.7682927209133815,0.7359982655730832,1,100000,31500.0,3.1746031746031744
30587.660159459258,3,Delhi,7.0,70000,62,28,70,0.7081608782210893,0.32745645095903303,0.5573082118975123,0.5137461264485919,0.4271902156260375,0,100000,31500.0,3.1746031746031744
40356.35062221929,4,Delhi,7.0,70000,62,28,70,0.7282945683858332,0.49226815018419157,0.44497476581868967,0.6172531302003921,0.5267305063501717,0,100000,31500.0,3.1746031746031744
61697.14325560358,5,Delhi,7.0,70000,62,28,70,0.7634860250805859,0.6445818159275988,0.64160403614132,0.8472171618168679,0.7039723165989562,1,100000,31500.0,3.1746031746031744
122455.33637100314,5,Delhi,7.0,70000,62,28,70,0.7434641188705545,0.8443608462394043,0.35489081647793125,0.747875596889413,0.7799395804977143,1,100000,31500.0,3.1746031746031744
51507.77724193815,5,Delhi,7.0,70000,62,28,70,0.7672442003838225,0.694824084159939,0.37595000667545875,0.7448375132887333,0.6222822648613046,1,100000,31500.0,3.1746031746031744
23043.118644637674,3,Delhi,7.0,70000,62,28,70,0.7084961533102838,0.5448140437730209,0.3292681159045684,0.6581435498560178,0.41038767163571976,0,100000,31500.0,3.1746031746031744
35130.00436167333,4,Delhi,7.0,70000,62,28,70,0.7363349941906137,0.5340647658977526,0.42623607333264707,0.6510435488806804,0.6124499922274523,0,100000,31500.0,3.1746031746031744
18291.10213712126,2,Delhi,7.0,70000,62,28,70,0.6452669382870745,0.581016521923869,0.36116412458586733,0.4624132461788575,0.5223034661811184,1,100000,31500.0,3.1746031746031744
24705.390659593686,3,Delhi,7.0,70000,62,28,70,0.6923436355491018,0.5204142175666835,0.7769629545744328,0.507489555712766,0.6563713310882884,1,100000,31500.0,3.1746031746031744
26389.97722457383,3,Delhi,7.0,70000,62,28,70,0.6975190901715134,0.6633647723717626,0.3170036939007644,0.6684154155358809,0.41006244704909384,1,100000,31500.0,3.1746031746031744
30958.362579985187,3,Delhi,7.0,70000,62,28,70,0.7079165893318904,0.39990277569164,0.3324000329418702,0.7274046177707917,0.5572454356357062,1,100000,31500.0,3.1746031746031744
29123.167993428502,3,Delhi,7.0,70000,62,28,70,0.7078933890564298,0.530073408372544,0.3675579497465462,0.5522854882176964,0.519903759852894,1,100000,31500.0,3.1746031746031744
23599.92975430605,3,Delhi,7.0,70000,62,28,70,0.7032977620802882,0.7031351994427122,0.7042801295028386,0.6132432931850349,0.7108127505239734,1,100000,31500.0,3.1746031746031744
34096.11374733655,4,Delhi,7.0,70000,62,28,70,0.7413524553660396,0.5927448536615285,0.3322078250766278,0.8098935752930396,0.521825452877976,1,100000,31500.0,3.1746031746031744
26475.958039596764,3,Delhi,7.0,70000,62,28,70,0.694737576246971,0.2988610334932966,0.47979830393691497,0.5393705811261229,0.5166812778453916,1,100000,31500.0,3.1746031746031744
20450.63670426839,2,Delhi,7.0,70000,62,28,70,0.68110235005694,0.45773386583642484,0.3513704944099607,0.5292864007888133,0.5186293962609894,1,100000,31500.0,3.1746031746031744
54112.345073609176,5,Delhi,7.0,70000,62,28,70,0.7697474210483989,0.6213861331667658,0.3656156331358503,0.6712787010397782,0.7225033946691816,1,100000,31500.0,3.1746031746031744
30740.91479767135,3,Delhi,7.0,70000,62,28,70,0.7087755473283791,0.5110550412448714,0.5765586988689709,0.47199797307009994,0.5917804380895713,0,100000,31500.0,3.1746031746031744
12740.45897655699,1,Delhi,7.0,70000,62,28,70,0.6431795956891435,0.4206157584352757,0.43992191696751215,0.5150773144174514,0.5408968098625134,1,100000,31500.0,3.1746031746031744
30721.16567277797,3,Delhi,7.0,70000,62,28,70,0.7233074382483126,0.721034258982183,0.6959150944028631,0.5248255881727198,0.5806798477496576,0,100000,31500.0,3.1746031746031744
54216.04976928341,5,Delhi,7.0,70000,62,28,70,0.7699319568848988,0.5899009615760075,0.37304408229963715,0.6008015013383171,0.6126221949952135,1,100000,31500.0,3.1746031746031744
26214.664373062704,3,Delhi,7.0,70000,62,28,70,0.6953166413674644,0.5350241658713363,0.6890261224745458,0.6753470220368388,0.7396769394359436,1,100000,31500.0,3.1746031746031744
15890.719142944978,2,Delhi,7.0,70000,62,28,70,0.6774830547573599,0.49646367638408606,0.32279469658803867,0.6419503553647974,0.5094593296516879,1,100000,31500.0,3.1746031746031744
57136.875740741365,5,Delhi,7.0,70000,62,28,70,0.7725248337707422,0.7806354703756055,0.36778932333534675,0.8288896827253543,0.7767320325898078,1,100000,31500.0,3.1746031746031744
31673.99549699578,3,Delhi,7.0,70000,62,28,70,0.6991189140107569,0.4415696095051447,0.38313372790452194,0.7424619400813385,0.5224088970215314,0,100000,31500.0,3.1746031746031744
24489.111788894963,3,Delhi,7.0,70000,62,28,70,0.7158927224693109,0.4558244315628587,0.4689412889750497,0.7229420102620528,0.6000314731487691,0,100000,31500.0,3.1746031746031744
12535.545137154517,1,Delhi,7.0,70000,62,28,70,0.6488203370571601,0.20714474740370659,0.3833117609227149,0.39897062342985523,0.2762935356219632,1,100000,31500.0,3.1746031746031744
36805.47344690042,4,Delhi,7.0,70000,62,28,70,0.7115752166233466,0.6673436751554076,0.5720466958087816,0.5793108724360264,0.6392351348699891,1,100000,31500.0,3.1746031746031744
29734.40780940262,3,Delhi,7.0,70000,62,28,70,0.7079967197733792,0.6162243900798406,0.6084742880995225,0.4989648106354989,0.5469245646711655,0,100000,31500.0,3.1746031746031744
11376.61582048268,1,Delhi,7.0,70000,62,28,70,0.6409397084558729,0.23413945681657666,0.5502108161489688,0.46827958150560034,0.5319479112501486,0,100000,31500.0,3.1746031746031744
24980.134100682208,3,Delhi,7.0,70000,62,28,70,0.7103717981454173,0.5911641384466565,0.352327036923119,0.49944377590773403,0.6896702706567032,1,100000,31500.0,3.1746031746031744
70411.1327445187,5,Delhi,7.0,70000,62,28,70,0.7744421484025181,0.7748840010119254,0.4627741456683371,0.7582054112065396,0.6173415080274677,0,100000,31500.0,3.1746031746031744
38528.74226446624,4,Delhi,7.0,70000,62,28,70,0.7369516204714182,0.6241669399921217,0.5325606721023581,0.7272368699335124,0.5985803067953144,0,100000,31500.0,3.1746031746031744
26907.085851134758,3,Delhi,7.0,70000,62,28,70,0.7216525223394469,0.2845325843273734,0.5052948088526676,0.5101003300916085,0.5774980583660358,1,100000,31500.0,3.1746031746031744
14322.191775436266,1,Delhi,7.0,70000,62,28,70,0.6432129311543651,0.48361494041583664,0.3245477034084231,0.5486950373365191,0.4339664794052331,1,100000,31500.0,3.1746031746031744
41037.07485155976,4,Delhi,7.0,70000,62,28,70,0.7412481782305388,0.4089479508223206,0.28620957940125724,0.5191190442040698,0.5023949154886127,1,100000,31500.0,3.1746031746031744
45187.557067012,4,Delhi,7.0,70000,62,28,70,0.7430494257363734,0.5758487988412866,0.4421379593998973,0.6425333030604184,0.7277625801670478,1,100000,31500.0,3.1746031746031744
22924.925772118226,3,Delhi,7.0,70000,62,28,70,0.7040265403110726,0.5581070073549874,0.27870782293724544,0.5478239384470316,0.6468931000301427,1,100000,31500.0,3.1746031746031744
27878.78798306762,3,Delhi,7.0,70000,62,28,70,0.7127877430797778,0.5374158904829436,0.6598282307367307,0.7617706853125573,0.5963615084287155,1,100000,31500.0,3.1746031746031744
30373.906046349046,3,Delhi,7.0,70000,62,28,70,0.6990532701283783,0.35114645872889816,0.45105307273328843,0.7390576079171501,0.7147363480841705,1,100000,31500.0,3.1746031746031744
116154.57256563469,5,Delhi,7.0,70000,62,28,70,0.7607743158097878,0.6547083068054,0.6544310309252672,0.6064918590571022,0.7317814356816861,0,100000,31500.0,3.1746031746031744
30617.236241525257,3,Delhi,7.0,70000,62,28,70,0.6918751130966369,0.5904686246183627,0.5349577616713641,0.7374334596418336,0.7222189602058312,1,100000,31500.0,3.1746031746031744
110970.17342473804,5,Delhi,7.0,70000,62,28,70,0.7674140911637005,0.562837544144798,0.4014726896231037,0.6878591734402265,0.5995018245993847,0,100000,31500.0,3.1746031746031744
37447.0942013685,4,Delhi,7.0,70000,62,28,70,0.7382525167585434,0.6844061673060504,0.3098934446941532,0.6852166604967495,0.5858813454032983,0,100000,31500.0,3.1746031746031744
34507.409364521794,4,Delhi,7.0,70000,62,28,70,0.7467926315857922,0.4087971585207793,0.4312786810518132,0.6723515500401628,0.46719766394452006,0,100000,31500.0,3.1746031746031744
22631.137657935724,2,Delhi,7.0,70000,62,28,70,0.6829114000435589,0.4923749612435837,0.46991290845156575,0.6300691877489502,0.48353576480634525,0,100000,31500.0,3.1746031746031744
72672.77456078137,5,Delhi,7.0,70000,62,28,70,0.7621520444335257,0.8630365214113347,0.4303304973389057,0.6627092603314687,0.7521314259432789,1,100000,31500.0,3.1746031746031744
28973.18764066733,3,Delhi,7.0,70000,62,28,70,0.6932182031266572,0.513792337092122,0.6594982351289074,0.4831269980904308,0.6146939574515285,1,100000,31500.0,3.1746031746031744
26676.484780832336,3,Delhi,7.0,70000,62,28,70,0.7093285040251996,0.3337425958945482,0.5947259295098867,0.5875103041609312,0.6205239653969409,1,100000,31500.0,3.1746031746031744
12711.500631970726,1,Delhi,7.0,70000,62,28,70,0.6561075317241465,0.5045109431137631,0.5665960211717262,0.5255738873815974,0.5661995809255937,1,100000,31500.0,3.1746031746031744
34316.224488593274,4,Delhi,7.0,70000,62,28,70,0.7425518497380394,0.573464895046742,0.5169477067596608,0.6786964095864702,0.6543610733068868,1,100000,31500.0,3.1746031746031744
15278.684939552259,2,Delhi,7.0,70000,62,28,70,0.6858447752485729,0.6730193623170093,0.4371772922624109,0.6500015113847125,0.572715658626126,1,100000,31500.0,3.1746031746031744
15043.31394636232,2,Delhi,7.0,70000,62,28,70,0.6728811046880177,0.4177530992155123,0.5442397703848754,0.4254899770517502,0.47597741401327853,1,100000,31500.0,3.1746031746031744
32301.707508821655,3,Delhi,7.0,70000,62,28,70,0.7003338103182435,0.45340215881845136,0.6972969123106271,0.7586505308189372,0.7249119748536594,0,100000,31500.0,3.1746031746031744
20913.746477617977,2,Delhi,7.0,70000,62,28,70,0.667630986477682,0.6103425340108878,0.44388594508355717,0.7093917230897554,0.6766428893053869,1,100000,31500.0,3.1746031746031744
13766.51343477893,1,Delhi,7.0,70000,62,28,70,0.6444410353338641,0.4814260801238498,0.5901381502951564,0.391927268853973,0.5146682974157979,1,100000,31500.0,3.1746031746031744
38560.29230472527,4,Delhi,7.0,70000,62,28,70,0.7342140920403117,0.8338649536930647,0.5487676689091627,0.6154274678315049,0.6377454123783073,0,100000,31500.0,3.1746031746031744
22831.913239979425,3,Delhi,7.0,70000,62,28,70,0.7070667762853912,0.4102620498406011,0.4811067752751363,0.6393154249301374,0.5396497421558641,0,100000,31500.0,3.1746031746031744
16300.776237972583,2,Delhi,7.0,70000,62,28,70,0.673707025429645,0.41159968359195653,0.42582008365705903,0.5242199711142073,0.4040002479298172,1,100000,31500.0,3.1746031746031744
43405.01623962954,4,Delhi,7.0,70000,62,28,70,0.7336637227027323,0.7037529006122885,0.5809071081212185,0.6585096285638977,0.6659017161469939,1,100000,31500.0,3.1746031746031744
10540.454474554803,1,Delhi,7.0,70000,62,28,70,0.6372330594702785,0.22510351484530078,0.4122036888979517,0.4600007292389158,0.29565638409339146,0,100000,31500.0,3.1746031746031744
26643.848508001127,3,Delhi,7.0,70000,62,28,70,0.7144161901355148,0.7477812267979949,0.4093464507764297,0.6758622193089278,0.6368782428054978,1,100000,31500.0,3.1746031746031744
39461.680186851016,4,Delhi,7.0,70000,62,28,70,0.7357651806224371,0.5666805520725551,0.3793611808474945,0.6214273955784396,0.5551120328568374,0,100000,31500.0,3.1746031746031744
8000.0,1,Delhi,7.0,70000,62,28,70,0.6432555606571472,0.3263473613104782,0.5928998177353,0.491188147746473,0.48867640631132725,1,100000,31500.0,3.1746031746031744
12190.083779677741,1,Delhi,7.0,70000,62,28,70,0.6375257074675079,0.4204873074197287,0.4361103722677572,0.5349945430108168,0.4341316708500022,0,100000,31500.0,3.1746031746031744
53266.969216604564,5,Delhi,7.0,70000,62,28,70,0.7516808688960892,0.6020233879544787,0.5919847573660921,0.8529826010420595,0.7758383392501222,1,100000,31500.0,3.1746031746031744
116065.4971106397,5,Delhi,7.0,70000,62,28,70,0.7780796419254935,0.8138808032074993,0.3600062209985593,0.7547635627403028,0.611907406842105,1,100000,31500.0,3.1746031746031744
8000.0,1,Delhi,7.0,70000,62,28,70,0.6505463870813181,0.5078981325462545,0.5468519089375908,0.39129856703638566,0.3787012768607915,1,100000,31500.0,3.1746031746031744
31191.427754733497,3,Delhi,7.0,70000,62,28,70,0.6887608215743003,0.40210209504256017,0.5784514065996293,0.5578924084486616,0.5384552594383977,1,100000,31500.0,3.1746031746031744
19232.46321763733,2,Delhi,7.0,70000,62,28,70,0.6826314230070966,0.4520521073165463,0.5503299360276854,0.5381365855016111,0.5713277725380339,1,100000,31500.0,3.1746031746031744
50594.29094067279,5,Delhi,7.0,70000,62,28,70,0.7742248117023312,0.7135923727127795,0.406294915854849,0.784274368278768,0.6888174594405448,0,100000,31500.0,3.1746031746031744
44905.227529575255,4,Delhi,7.0,70000,62,28,70,0.7362437612230093,0.610468669801076,0.6475598257087685,0.6462848877543612,0.6565351325433668,1,100000,31500.0,3.1746031746031744
15693.513508832044,2,Delhi,7.0,70000,62,28,70,0.6909811089575176,0.43235896993671297,0.41974797062459324,0.6099534881952426,0.5533576476760143,0,100000,31500.0,3.1746031746031744
30597.823606050133,3,Delhi,7.0,70000,62,28,70,0.7071671964212288,0.3193031698933415,0.41734622088406254,0.7140706491226617,0.5998598995395228,0,100000,31500.0,3.1746031746031744
25997.924101553763,3,Delhi,7.0,70000,62,28,70,0.6908317647205081,0.5018669876993657,0.6801494486879008,0.4935234973372956,0.5543134788286227,1,100000,31500.0,3.1746031746031744
14971.689023424226,1,Delhi,7.0,70000,62,28,70,0.6486516900104832,0.5940677116337775,0.49083058033746924,0.5919440962053358,0.5892149331292049,1,100000,31500.0,3.1746031746031744
12436.556199303948,1,Delhi,7.0,70000,62,28,70,0.6474489730171273,0.4332407545974032,0.3662022948647785,0.5858961615727225,0.5756190510917956,0,100000,31500.0,3.1746031746031744
37081.396933968696,4,Delhi,7.0,70000,62,28,70,0.7289670315122184,0.6115535685110718,0.3420040984912647,0.7581359360414206,0.5513222872065511,1,100000,31500.0,3.1746031746031744
33882.573830418456,4,Delhi,7.0,70000,62,28,70,0.7407355883687743,0.5847286226518288,0.47437571865734574,0.79904216312309,0.7623701842482918,1,100000,31500.0,3.1746031746031744
45497.17054882124,4,Delhi,7.0,70000,62,28,70,0.7183233473380913,0.5183850474659186,0.33075239382970795,0.6051016148458651,0.6523060573172141,0,100000,31500.0,3.1746031746031744
20103.795691261148,2,Delhi,7.0,70000,62,28,70,0.6849056682744279,0.5057842303346965,0.6073812163151882,0.5409283700362533,0.5185105273414493,1,100000,31500.0,3.1746031746031744
24801.010314585354,3,Delhi,7.0,70000,62,28,70,0.6962187829639455,0.641903137891257,0.529533466748715,0.54102682194505,0.6439658761769769,1,100000,31500.0,3.1746031746031744
17627.46651180692,2,Delhi,7.0,70000,62,28,70,0.6651505387488297,0.27564956143780117,0.42222456980719697,0.5103539103297455,0.34850898663828006,0,100000,31500.0,3.1746031746031744
13817.028752208847,1,Delhi,7.0,70000,62,28,70,0.6438617522769252,0.32304049528683304,0.3619732127264915,0.4611700099247157,0.4494511850917147,1,100000,31500.0,3.1746031746031744
39719.089191699655,4,Delhi,7.0,70000,62,28,70,0.7393297292804364,0.45206505831890376,0.34634898609217557,0.7731547278729843,0.7110255305915523,0,100000,31500.0,3.1746031746031744
10926.928236292051,1,Delhi,7.0,70000,62,28,70,0.6466392406359344,0.27703051223072545,0.5412140979410605,0.38109171752667215,0.35378609039882325,0,100000,31500.0,3.1746031746031744
60338.79328845499,5,Delhi,7.0,70000,62,28,70,0.7575734083422763,0.8599762708380982,0.33275782843559076,0.6230318039846698,0.6278063383821721,1,100000,31500.0,3.1746031746031744
41239.4795784672,4,Delhi,7.0,70000,62,28,70,0.7299391070880811,0.7299898025198011,0.5193797527337416,0.6953896865138308,0.7158812613946905,1,100000,31500.0,3.1746031746031744
9319.560813678665,1,Delhi,7.0,70000,62,28,70,0.6336695765262254,0.48709339968325227,0.4705517049132795,0.5917806568433962,0.5100617250732083,1,100000,31500.0,3.1746031746031744
96051.84202554476,5,Delhi,7.0,70000,62,28,70,0.7627532009837014,0.6459179530033708,0.33574562679039854,0.7714353384172988,0.6902252946639856,1,100000,31500.0,3.1746031746031744
37943.19173428502,4,Delhi,7.0,70000,62,28,70,0.7457502121451091,0.43759067302860666,0.7825564304771075,0.5261949249267844,0.7799329206164531,1,100000,31500.0,3.1746031746031744
24402.038662570565,3,Delhi,7.0,70000,62,28,70,0.7049573706235612,0.4457326051429757,0.38077624832637014,0.5983605366099322,0.516502267001237,1,100000,31500.0,3.1746031746031744
36684.202482824454,4,Delhi,7.0,70000,62,28,70,0.7435941425475945,0.7279912975391287,0.37718368817136794,0.5675642986694988,0.5150273958446048,1,100000,31500.0,3.1746031746031744
18939.75625210179,2,Delhi,7.0,70000,62,28,70,0.689554013377262,0.36730026102766167,0.6323105275827929,0.7086648842067703,0.5613810189350563,1,100000,31500.0,3.1746031746031744
50291.35047593854,5,Delhi,7.0,70000,62,28,70,0.7591198148096303,0.4381809818482011,0.4685037078840718,0.8618898111817271,0.6939217399946289,1,100000,31500.0,3.1746031746031744
70219.07668857613,5,Delhi,7.0,70000,62,28,70,0.7631342674694463,0.5785686155090242,0.3912305933053436,0.5774917850975021,0.5164607956149565,0,100000,31500.0,3.1746031746031744
14871.53591623372,1,Delhi,7.0,70000,62,28,70,0.666711928610625,0.2699658489799078,0.5410233738293461,0.5625394607530844,0.44778966887253546,1,100000,31500.0,3.1746031746031744
31634.77109588119,3,Delhi,7.0,70000,62,28,70,0.7194434341197994,0.4728098371032423,0.5479445594023817,0.7061417043645831,0.711558235757591,1,100000,31500.0,3.1746031746031744
14166.115075019383,1,Delhi,7.0,70000,62,28,70,0.6282759547418765,0.2167511483457853,0.6618013212610279,0.4596561829104763,0.5799330144371403,1,100000,31500.0,3.1746031746031744
14717.725325446005,1,Delhi,7.0,70000,62,28,70,0.648871483160609,0.2688844124093922,0.29691096351054913,0.5703131530958443,0.4097423830359591,0,100000,31500.0,3.1746031746031744
12673.662812488212,1,Delhi,7.0,70000,62,28,70,0.645005599923397,0.39864605519518553,0.4317897412074396,0.4185227826668727,0.42106250763296355,1,100000,31500.0,3.1746031746031744
13879.180409911227,1,Delhi,7.0,70000,62,28,70,0.6532645311085876,0.43528772784319,0.3361250514538514,0.40060996820406847,0.3467360850192498,0,100000,31500.0,3.1746031746031744
26897.279567920814,3,Delhi,7.0,70000,62,28,70,0.6975502123251494,0.6235583888666509,0.4866530432300451,0.7398127672576885,0.6762900238347804,0,100000,31500.0,3.1746031746031744
10514.50042238493,1,Delhi,7.0,70000,62,28,70,0.6366039162795933,0.30459458260105493,0.2944366065516794,0.5549829395668794,0.6135176096294578,1,100000,31500.0,3.1746031746031744
37949.082914430925,4,Delhi,7.0,70000,62,28,70,0.7282392928470639,0.5350510422671471,0.46929570749503924,0.7573063942889654,0.6310555647831851,1,100000,31500.0,3.1746031746031744
29387.495289626437,3,Delhi,7.0,70000,62,28,70,0.6992807145380157,0.7444358388578317,0.5493498784108368,0.6220361742702625,0.6417559229679847,1,100000,31500.0,3.1746031746031744
112735.938656157,5,Delhi,7.0,70000,62,28,70,0.7731532416680902,0.776783286120093,0.4282180862439029,0.6086398292832235,0.7119535686742533,1,100000,31500.0,3.1746031746031744
24883.09213290505,3,Delhi,7.0,70000,62,28,70,0.6931879882685111,0.5322421852921916,0.46107070524378735,0.575218777713142,0.5412104279692589,1,100000,31500.0,3.1746031746031744
29506.01962925238,3,Delhi,7.0,70000,62,28,70,0.6987738610004067,0.6562080760391136,0.4744834163463746,0.7267193081071056,0.6313281444682504,1,100000,31500.0,3.1746031746031744
71000.66896944965,5,Delhi,7.0,70000,62,28,70,0.7471098760949856,0.6235025637583339,0.3432422180802883,0.5669041955014686,0.6952504320776386,0,100000,31500.0,3.1746031746031744
78522.19786947109,5,Delhi,7.0,70000,62,28,70,0.7750711782341237,0.7136339389261479,0.3867300027365636,0.6243755118357569,0.5718251693395647,1,100000,31500.0,3.1746031746031744
18495.41793505489,2,Delhi,7.0,70000,62,28,70,0.6877103009943114,0.43919672316696945,0.29356744410639646,0.48820820164446255,0.3959738627999669,1,100000,31500.0,3.1746031746031744
8000.0,1,Delhi,7.0,70000,62,28,70,0.6417292656913621,0.2572252895254388,0.4984283151416402,0.44112095484165537,0.4801240478513058,0,100000,31500.0,3.1746031746031744
26236.89997561179,3,Delhi,7.0,70000,62,28,70,0.7020205063518677,0.5734818168342557,0.5373374234780479,0.49179823068711603,0.5663581831700296,1,100000,31500.0,3.1746031746031744
15839.54936982175,2,Delhi,7.0,70000,62,28,70,0.679532219022829,0.7319403469676304,0.3682384175858291,0.6666881302633766,0.5485844273355868,1,100000,31500.0,3.1746031746031744
16262.601822511464,2,Delhi,7.0,70000,62,28,70,0.6897448200737826,0.6400856364085963,0.48637631638567835,0.46007639822351476,0.5844836943027895,1,100000,31500.0,3.1746031746031744
57376.458440093455,5,Delhi,7.0,70000,62,28,70,0.7690861074756392,0.5480433109598899,0.37070425251297373,0.8111245379648785,0.6544045194065186,1,100000,31500.0,3.1746031746031744
44992.28374974527,4,Delhi,7.0,70000,62,28,70,0.7280245805752489,0.4589090797398523,0.2750904501875052,0.6187407555218137,0.5615463983085733,0,100000,31500.0,3.1746031746031744
8000.0,1,Delhi,7.0,70000,62,28,70,0.6288117742801356,0.25694104158305714,0.6025063047737593,0.49941764971650116,0.4487888690271273,0,100000,31500.0,3.1746031746031744
63116.42389305025,5,Delhi,7.0,70000,62,28,70,0.7538487373733651,0.5284848322661198,0.4125062578567765,0.7010774741037108,0.5321359757059166,1,100000,31500.0,3.1746031746031744
56396.242547282505,5,Delhi,7.0,70000,62,28,70,0.7657321945031247,0.5503619975092882,0.4391254852689405,0.7761668688883113,0.7436599310907525,1,100000,31500.0,3.1746031746031744
51698.789724519345,5,Delhi,7.0,70000,62,28,70,0.758446724767992,0.6639645834516307,0.47878577715731535,0.7816121724489589,0.8031269004960461,1,100000,31500.0,3.1746031746031744
8000.0,1,Delhi,7.0,70000,62,28,70,0.6469496770599076,0.25249474369376784,0.3010234697229725,0.5544286306333303,0.3629390019221226,1,100000,31500.0,3.1746031746031744
49050.70984290381,5,Delhi,7.0,70000,62,28,70,0.7594707598376377,0.4256926064886726,0.587935357278194,0.7943527672875726,0.7765916287393193,1,100000,31500.0,3.1746031746031744
8000.0,1,Delhi,7.0,70000,62,28,70,0.6344185356870559,0.3306122953416136,0.5733960071600475,0.3647131759316429,0.43050344155330256,1,100000,31500.0,3.1746031746031744
22732.124467402646,2,Delhi,7.0,70000,62,28,70,0.6632296836854693,0.45024409569478174,0.38685904945531413,0.5636653515819531,0.2996701419833772,1,100000,31500.0,3.1746031746031744
82962.71749144669,5,Delhi,7.0,70000,62,28,70,0.7806235450937323,0.687549359232906,0.46791992560672735,0.7194298254281072,0.7298566343743909,1,100000,31500.0,3.1746031746031744
25723.122256560935,3,Delhi,7.0,70000,62,28,70,0.7138898774918364,0.7114090566196339,0.4669832850961191,0.5340241744894769,0.4541110998472003,0,100000,31500.0,3.1746031746031744
9420.927539886137,1,Delhi,7.0,70000,62,28,70,0.6623051795182796,0.5772977040690924,0.2937164794516095,0.5291334946518341,0.4746185144275421,1,100000,31500.0,3.1746031746031744
22384.820139567008,2,Delhi,7.0,70000,62,28,70,0.6803995090075511,0.32144885554627345,0.4285386956608167,0.5523694331363849,0.5467940052729922,0,100000,31500.0,3.1746031746031744
21258.86232952452,2,Delhi,7.0,70000,62,28,70,0.6707000859138517,0.41366100845605414,0.307602424614067,0.5538559148320881,0.5229839380499537,1,100000,31500.0,3.1746031746031744
52691.706877712175,5,Delhi,7.0,70000,62,28,70,0.7782334092248994,0.5210887480099711,0.4497441416420095,0.5977573815296122,0.5698008125200382,1,100000,31500.0,3.1746031746031744
22750.642246244508,2,Delhi,7.0,70000,62,28,70,0.6746693199863824,0.22174503654740735,0.3037560467757547,0.5428009837123948,0.480461703693914,0,100000,31500.0,3.1746031746031744
21499.641441224703,2,Delhi,7.0,70000,62,28,70,0.6772084177029035,0.5375509528610248,0.5632707593224557,0.6421514407877776,0.6721645761342838,1,100000,31500.0,3.1746031746031744
17936.860553029892,2,Delhi,7.0,70000,62,28,70,0.6745717562092448,0.32298663713510806,0.563842320024643,0.5352192195882355,0.47093613088985603,1,100000,31500.0,3.1746031746031744
41921.861220019986,4,Delhi,7.0,70000,62,28,70,0.7055309578071598,0.5634559890181501,0.4441192272348323,0.6584717492862707,0.5919634910930894,1,100000,31500.0,3.1746031746031744
25749.031555022448,3,Delhi,7.0,70000,62,28,70,0.7210473501229485,0.5557505480703078,0.45222441558210275,0.7524783457337568,0.6632566502852948,1,100000,31500.0,3.1746031746031744
15612.699937672296,2,Delhi,7.0,70000,62,28,70,0.6799100394595776,0.3094468421138491,0.5796563763790572,0.6737575074970222,0.4804470514700251,0,100000,31500.0,3.1746031746031744
8000.0,1,Delhi,7.0,70000,62,28,70,0.6482982306086851,0.5307145246089824,0.48627059478486573,0.640832269427735,0.5143694657830686,1,100000,31500.0,3.1746031746031744
34600.83377445191,4,Delhi,7.0,70000,62,28,70,0.7343822393772944,0.4766216470463347,0.3054883705685128,0.5355251874392696,0.6074051295828804,0,100000,31500.0,3.1746031746031744
32979.05494523735,4,Delhi,7.0,70000,62,28,70,0.7366342782038613,0.4447349071919819,0.5443439038592071,0.6977964252108716,0.7754874981941945,1,100000,31500.0,3.1746031746031744
41106.61608535313,4,Delhi,7.0,70000,62,28,70,0.7290272106415375,0.4494922718617855,0.48235221436744896,0.5792457846024073,0.6227086645981694,0,100000,31500.0,3.1746031746031744
35186.03401726277,4,Delhi,7.0,70000,62,28,70,0.7411657935230727,0.7033841238481965,0.31061505619979823,0.6334953181069787,0.6484508484804168,0,100000,31500.0,3.1746031746031744
12525.416260298707,1,Delhi,7.0,70000,62,28,70,0.6319290165560087,0.517328045766281,0.567443655385705,0.566147273889012,0.6842207022975807,1,100000,31500.0,3.1746031746031744
17584.43471741508,2,Delhi,7.0,70000,62,28,70,0.6768606843247055,0.5766945142448627,0.4249557642607231,0.5858966918793292,0.5017675093686707,0,100000,31500.0,3.1746031746031744
29794.691801210876,3,Delhi,7.0,70000,62,28,70,0.710615734705711,0.4292831640808623,0.36677331407544117,0.6139419166370127,0.5541295338220481,1,100000,31500.0,3.1746031746031744
8000.0,1,Delhi,7.0,70000,62,28,70,0.643013308661771,0.19222466766658558,0.301028968818065,0.6065567531636111,0.49108769060831686,1,100000,31500.0,3.1746031746031744
43787.54465713842,4,Delhi,7.0,70000,62,28,70,0.7387086779247103,0.44370896123312,0.6013020964949429,0.7170018110391551,0.5943922646425661,1,100000,31500.0,3.1746031746031744
49851.44214045167,5,Delhi,7.0,70000,62,28,70,0.7550866560776575,0.6463923888324572,0.6219677790789119,0.8085357541434731,0.6337516732378679,0,100000,31500.0,3.1746031746031744
8879.389886483137,1,Delhi,7.0,70000,62,28,70,0.6353417322910404,0.1594877177959395,0.5137495084868349,0.6418018961977562,0.5386512620561837,1,100000,31500.0,3.1746031746031744
22885.329836830584,3,Delhi,7.0,70000,62,28,70,0.7073671712102639,0.506654774673004,0.569644213400933,0.6758134628094735,0.6951707557898098,0,100000,31500.0,3.1746031746031744
11379.530856190364,1,Delhi,7.0,70000,62,28,70,0.6517854965462105,0.555859499039962,0.4722959326593511,0.4808408465673031,0.5863260960608171,1,100000,31500.0,3.1746031746031744
23038.554674286395,3,Delhi,7.0,70000,62,28,70,0.6862513434449828,0.3522476822382361,0.583755837655423,0.5260557270552214,0.5977701446674721,0,100000,31500.0,3.1746031746031744
22526.02858805062,2,Delhi,7.0,70000,62,28,70,0.6802202063511077,0.7347995376172552,0.658777004803599,0.49349681849639193,0.6379364137835075,1,100000,31500.0,3.1746031746031744
14954.613524692557,1,Delhi,7.0,70000,62,28,70,0.6395679849962367,0.47756472767206465,0.2925255345790159,0.4812112447368351,0.4679739818526383,1,100000,31500.0,3.1746031746031744
35258.70956902908,4,Delhi,7.0,70000,62,28,70,0.7330719391269258,0.6295727825421851,0.3694910666450226,0.7342495533533256,0.6689335268834934,0,100000,31500.0,3.1746031746031744
11450.349322579263,1,Delhi,7.0,70000,62,28,70,0.6316048207643497,0.508005443620334,0.39153591906876306,0.3742686241235207,0.5294253874618433,1,100000,31500.0,3.1746031746031744
42029.51035826915,4,Delhi,7.0,70000,62,28,70,0.7264838275981329,0.7572732362298841,0.369849950380414,0.7565066647455502,0.7055268755776903,1,100000,31500.0,3.1746031746031744
41622.035136582315,4,Delhi,7.0,70000,62,28,70,0.7446612532553031,0.6835682100572126,0.41915370010682895,0.7396627016964755,0.6880699705902347,0,100000,31500.0,3.1746031746031744
44020.38465358087,4,Delhi,7.0,70000,62,28,70,0.7353286337398022,0.7488232333028251,0.3657184661218638,0.6620472181468663,0.6814773449100456,0,100000,31500.0,3.1746031746031744
22064.987887083727,2,Delhi,7.0,70000,62,28,70,0.6711722159829044,0.3177079725191845,0.6588019934841314,0.5321222702515065,0.566483901537249,0,100000,31500.0,3.1746031746031744
37653.543700277376,4,Delhi,7.0,70000,62,28,70,0.7338351164736896,0.42553771500945864,0.44779955272080674,0.546031337867744,0.4766466842328103,1,100000,31500.0,3.1746031746031744
13713.613322934763,1,Delhi,7.0,70000,62,28,70,0.6498921182466431,0.3057115963454555,0.3662883883167404,0.4491326949967728,0.525639992991997,0,100000,31500.0,3.1746031746031744
22881.622122640347,3,Delhi,7.0,70000,62,28,70,0.7094049449616333,0.3859670566379002,0.3386323966907656,0.4951106442289456,0.43854389298983637,0,100000,31500.0,3.1746031746031744
24586.145877192543,3,Delhi,7.0,70000,62,28,70,0.704249729996032,0.6864045391719722,0.3806276397345578,0.7078875768024985,0.6504094358419747,0,100000,31500.0,3.1746031746031744
143180.3631134068,5,Delhi,7.0,70000,62,28,70,0.7759295911089668,0.5787620320642877,0.4850751658160097,0.7150235811396607,0.6153189396536615,1,100000,31500.0,3.1746031746031744
27270.66513838225,3,Delhi,7.0,70000,62,28,70,0.7147046263690666,0.5479950270248388,0.4387182410287626,0.5362582562007285,0.5550019638974839,1,100000,31500.0,3.1746031746031744
8000.0,1,Delhi,7.0,70000,62,28,70,0.649133720291304,0.47583365514646986,0.4796058731708165,0.36764902677851197,0.5034752679845919,1,100000,31500.0,3.1746031746031744
10129.285347922785,1,Delhi,7.0,70000,62,28,70,0.6455461178291008,0.48800123565566017,0.2730436626561584,0.5193985128240448,0.4952372487099322,1,100000,31500.0,3.1746031746031744
20058.2470657533,2,Delhi,7.0,70000,62,28,70,0.6815732109511954,0.5301666045469762,0.5527124026004129,0.6378483510756614,0.5673674108650895,1,100000,31500.0,3.1746031746031744
14883.802600586165,1,Delhi,7.0,70000,62,28,70,0.6481426742180119,0.4089440240240711,0.5817701921684488,0.5921703579101127,0.4954527713960096,1,100000,31500.0,3.1746031746031744
26638.977022622817,3,Delhi,7.0,70000,62,28,70,0.7156080007180594,0.5427155515532348,0.6399227067884401,0.5265500834823031,0.6278764491213028,0,100000,31500.0,3.1746031746031744
15817.37533366604,2,Delhi,7.0,70000,62,28,70,0.6839956137673832,0.6584726708615809,0.6159598929576324,0.7107408257336915,0.742072176848612,1,100000,31500.0,3.1746031746031744
18155.16787289668,2,Delhi,7.0,70000,62,28,70,0.6648174609858227,0.5156936553435695,0.4790073287650403,0.5828561970993491,0.6621101407958496,1,100000,31500.0,3.1746031746031744
150000.0,5,Delhi,7.0,70000,62,28,70,0.7541403682925829,0.4294075231009075,0.7101835268025021,0.661824333234462,0.7832585529747714,0,100000,31500.0,3.1746031746031744
10529.641407853356,1,Delhi,7.0,70000,62,28,70,0.6379875045559592,0.518833913686478,0.2786935077505416,0.48006454634366647,0.4122677306973092,1,100000,31500.0,3.1746031746031744
70385.32506584558,5,Delhi,7.0,70000,62,28,70,0.7747613869006692,0.5186501342061819,0.3693011631648061,0.5995532769935885,0.5467091531247407,1,100000,31500.0,3.1746031746031744
57964.32318471058,5,Delhi,7.0,70000,62,28,70,0.7492369100322875,0.8798506585314985,0.6117610589281368,0.7102289767261442,0.7493083451641429,1,100000,31500.0,3.1746031746031744
24677.795610475114,3,Delhi,7.0,70000,62,28,70,0.7089475738910799,0.512518523903521,0.45933358879530967,0.6882108535644095,0.6019572545714827,0,100000,31500.0,3.1746031746031744
46037.16621339292,4,Madhya Pradesh,5.1,60000,55,60,40,0.5721968594823581,0.5850215883790428,0.6383203477081527,0.4861563625806116,0.439651132699077,0,110000,22950.0,4.793028322440088
12830.781269701165,1,Madhya Pradesh,5.1,60000,55,60,40,0.4901979091582905,0.37537724406640766,0.40922714959533824,0.4733891305884433,0.4488040356465779,0,110000,22950.0,4.793028322440088
30331.977463700983,3,Madhya Pradesh,5.1,60000,55,60,40,0.5403748154780674,0.6648434344449938,0.3527771335831995,0.45635904673936184,0.4173698771023032,0,110000,22950.0,4.793028322440088
11645.269943836902,1,Madhya Pradesh,5.1,60000,55,60,40,0.46513933466558954,0.48165597413570893,0.3869175885919687,0.48351628065324753,0.3566626676046288,0,110000,22950.0,4.793028322440088
28593.44994759121,3,Madhya Pradesh,5.1,60000,55,60,40,0.5289778789649474,0.6063085584022472,0.7106377305545697,0.5242944628316648,0.5897368894568084,0,110000,22950.0,4.793028322440088
23513.907289783816,3,Madhya Pradesh,5.1,60000,55,60,40,0.5267514733524503,0.8436717955611337,0.45356302368617074,0.3298362438101414,0.4057808937236135,0,110000,22950.0,4.793028322440088
79614.7044077084,5,Madhya Pradesh,5.1,60000,55,60,40,0.5931919889080971,0.7838832483958016,0.43621459577608596,0.4334385727454288,0.5300861325118326,0,110000,22950.0,4.793028322440088
25489.67643301241,3,Madhya Pradesh,5.1,60000,55,60,40,0.5367424128971893,0.414370916151084,0.4894322285193708,0.5533652535582967,0.5268831738399213,1,110000,22950.0,4.793028322440088
27149.15833460543,3,Madhya Pradesh,5.1,60000,55,60,40,0.526917013309218,0.6039420120327508,0.419729796739725,0.4203804470704036,0.45861559824465115,1,110000,22950.0,4.793028322440088
41687.93942097893,4,Madhya Pradesh,5.1,60000,55,60,40,0.5832780484779514,0.6655699291226923,0.37143331378611355,0.42010685546457033,0.5457744617355016,0,110000,22950.0,4.793028322440088
48995.27559551932,5,Madhya Pradesh,5.1,60000,55,60,40,0.5853186148519042,0.6778165250294307,0.5352041957181665,0.67292947763151,0.687881113934395,1,110000,22950.0,4.793028322440088
11248.41889289378,1,Madhya Pradesh,5.1,60000,55,60,40,0.49203246281005336,0.5361805884402215,0.6253202654238568,0.5083253332015669,0.48377759281740923,1,110000,22950.0,4.793028322440088
16393.355414590817,2,Madhya Pradesh,5.1,60000,55,60,40,0.520423058885822,0.5017808159281093,0.37742381001149283,0.5059578039057122,0.22436386611483955,0,110000,22950.0,4.793028322440088
13533.778416050625,1,Madhya Pradesh,5.1,60000,55,60,40,0.4875544540683189,0.21198021356429236,0.45362284881851545,0.4308721874579475,0.4286122093598974,1,110000,22950.0,4.793028322440088
47546.1808055258,4,Madhya Pradesh,5.1,60000,55,60,40,0.561633762496461,0.4509560922872844,0.2639848187823921,0.3636209012663018,0.37785930395391654,1,110000,22950.0,4.793028322440088
27301.657377885214,3,Madhya Pradesh,5.1,60000,55,60,40,0.5419959373631976,0.37159503124857163,0.26742626823034255,0.34512551120313467,0.3997830499392976,0,110000,22950.0,4.793028322440088
18131.26024719619,2,Madhya Pradesh,5.1,60000,55,60,40,0.49579771723592236,0.5712634848733408,0.356586375779985,0.4646164708893546,0.5318105013354093,0,110000,22950.0,4.793028322440088
9762.862847666278,1,Madhya Pradesh,5.1,60000,55,60,40,0.487680498921766,0.4633496558780217,0.45724147194105813,0.33620268459265473,0.2561357701301164,0,110000,22950.0,4.793028322440088
30587.276597849643,3,Madhya Pradesh,5.1,60000,55,60,40,0.5378315807560659,0.6523223056996283,0.4338778446188085,0.31917593062922367,0.4401892266839504,0,110000,22950.0,4.793028322440088
124599.77172265244,5,Madhya Pradesh,5.1,60000,55,60,40,0.5944782264255617,0.5974112547317418,0.507430109381767,0.6355942332929494,0.6925925850191146,1,110000,22950.0,4.793028322440088
34174.3001527833,4,Madhya Pradesh,5.1,60000,55,60,40,0.5563339801048658,0.7557653209387021,0.5713758648673689,0.4889628561215709,0.555145838840741,1,110000,22950.0,4.793028322440088
24351.15012573677,3,Madhya Pradesh,5.1,60000,55,60,40,0.5137963673851385,0.44791821785993335,0.4400875944676254,0.5109808418940998,0.516997585134676,1,110000,22950.0,4.793028322440088
113837.07601772415,5,Madhya Pradesh,5.1,60000,55,60,40,0.588186020001071,0.4831222239763461,0.46115951078698947,0.5538340568834557,0.43312258937861736,1,110000,22950.0,4.793028322440088
13493.883228526576,1,Madhya Pradesh,5.1,60000,55,60,40,0.4896994105275576,0.3865679589273866,0.3527536301990946,0.2212826476512716,0.3298675735068567,1,110000,22950.0,4.793028322440088
18561.03309318241,2,Madhya Pradesh,5.1,60000,55,60,40,0.5045430942866805,0.47038856053731815,0.5326027822947752,0.4541107037529572,0.3530057739237219,1,110000,22950.0,4.793028322440088
8738.445354951029,1,Madhya Pradesh,5.1,60000,55,60,40,0.47687814000027806,0.45190379914415557,0.34171304276839765,0.4497591284965841,0.44421709851873353,1,110000,22950.0,4.793028322440088
54415.53524598223,5,Madhya Pradesh,5.1,60000,55,60,40,0.6051269721543131,0.6776332295280878,0.5060792122730724,0.46012636999319373,0.5174937882431705,1,110000,22950.0,4.793028322440088
33821.40488432547,4,Madhya Pradesh,5.1,60000,55,60,40,0.5866281173525911,0.5216607062401653,0.5275999680114423,0.6306579804087513,0.6633784033445275,0,110000,22950.0,4.793028322440088
100083.1949698746,5,Madhya Pradesh,5.1,60000,55,60,40,0.6118214751208849,0.6930537699661259,0.46607990149289313,0.4678018622685591,0.6567575348697037,1,110000,22950.0,4.793028322440088
8227.806713605838,1,Madhya Pradesh,5.1,60000,55,60,40,0.46884807853326665,0.47880673098973764,0.6668367289272139,0.34018432380141156,0.37207661277024506,1,110000,22950.0,4.793028322440088
86535.93738191968,5,Madhya Pradesh,5.1,60000,55,60,40,0.5791457228570545,0.6317558998478019,0.4207366442073265,0.5714894403560418,0.6667263549138877,1,110000,22950.0,4.793028322440088
25899.87945520298,3,Madhya Pradesh,5.1,60000,55,60,40,0.5621675711624297,0.40971064807656443,0.4410939470757349,0.4074930607003988,0.3780090179721809,0,110000,22950.0,4.793028322440088
22887.491757552645,3,Madhya Pradesh,5.1,60000,55,60,40,0.5612613446880231,0.4451384646354037,0.5696927267637152,0.46347049301964666,0.5280221647413432,0,110000,22950.0,4.793028322440088
22505.521268610486,2,Madhya Pradesh,5.1,60000,55,60,40,0.5104559645357214,0.5885135827570208,0.45686069415302577,0.47884025011925996,0.4657988439835188,0,110000,22950.0,4.793028322440088
65518.54861500189,5,Madhya Pradesh,5.1,60000,55,60,40,0.5858665461156103,0.4521396859187918,0.4465735205477167,0.6276698935215383,0.4965899761515515,1,110000,22950.0,4.793028322440088
23636.99868994554,3,Madhya Pradesh,5.1,60000,55,60,40,0.5482036939103679,0.5424348686677352,0.5086559859570408,0.5900181514636935,0.5870798158261367,1,110000,22950.0,4.793028322440088
17980.68709379896,2,Madhya Pradesh,5.1,60000,55,60,40,0.5074915917113024,0.3900881286542034,0.5008271922100428,0.5219606126202732,0.4019937027482074,1,110000,22950.0,4.793028322440088
51885.70845008863,5,Madhya Pradesh,5.1,60000,55,60,40,0.5974416173403624,0.5182157743546886,0.35826616195989824,0.7088650078475178,0.5172633224816716,0,110000,22950.0,4.793028322440088
56717.39668773455,5,Madhya Pradesh,5.1,60000,55,60,40,0.6075160170024798,0.6187710747123258,0.6980122825571022,0.5919472622706485,0.6242041918035106,1,110000,22950.0,4.793028322440088
10497.418431778005,1,Madhya Pradesh,5.1,60000,55,60,40,0.48191517604016154,0.40778714434693797,0.5649701991800828,0.33348773262682435,0.4446026859925682,0,110000,22950.0,4.793028322440088
47778.81057749498,4,Madhya Pradesh,5.1,60000,55,60,40,0.556713279461279,0.7329334571334256,0.6381150256444754,0.4353627676475316,0.5781648656277839,0,110000,22950.0,4.793028322440088
20428.0213187396,2,Madhya Pradesh,5.1,60000,55,60,40,0.5053240092206088,0.48178120372019717,0.41275661791985196,0.33652414444684114,0.3547988950708228,0,110000,22950.0,4.793028322440088
31363.661647430425,3,Madhya Pradesh,5.1,60000,55,60,40,0.545182957858042,0.43062731341719346,0.5896512633354266,0.35861053292970224,0.3965183007126908,0,110000,22950.0,4.793028322440088
25167.106602975033,3,Madhya Pradesh,5.1,60000,55,60,40,0.5436739507954788,0.5635168197286191,0.42361747207395817,0.5313334255484892,0.47597752174046803,1,110000,22950.0,4.793028322440088
73912.35089810463,5,Madhya Pradesh,5.1,60000,55,60,40,0.6011915943150133,0.8410306402353998,0.48219874436063365,0.6096060225098641,0.6736863431541994,0,110000,22950.0,4.793028322440088
29427.15276198975,3,Madhya Pradesh,5.1,60000,55,60,40,0.5479056581161872,0.7521363095995651,0.3503134848815808,0.40102159216529915,0.40209862360484033,0,110000,22950.0,4.793028322440088
22097.721772611225,2,Madhya Pradesh,5.1,60000,55,60,40,0.5049542586932559,0.5263375778359668,0.5119278585400232,0.5309745784649333,0.43069458981516695,0,110000,22950.0,4.793028322440088
29261.324165766528,3,Madhya Pradesh,5.1,60000,55,60,40,0.5403581263236193,0.338574346290319,0.629056432205403,0.4790192369254023,0.5172723315040523,1,110000,22950.0,4.793028322440088
19936.73696254755,2,Madhya Pradesh,5.1,60000,55,60,40,0.47481563756965256,0.6921908703159843,0.29840152910112394,0.28403904210993675,0.3214827267951392,0,110000,22950.0,4.793028322440088
33689.78823929314,4,Madhya Pradesh,5.1,60000,55,60,40,0.5640749266330004,0.7333266271115502,0.47517680905837945,0.3817686108131539,0.4658924367600153,1,110000,22950.0,4.793028322440088
53489.24266017963,5,Madhya Pradesh,5.1,60000,55,60,40,0.606210457657185,0.619483157325317,0.4373601482725436,0.4562894183576555,0.5173025688730384,1,110000,22950.0,4.793028322440088
133740.9235053786,5,Madhya Pradesh,5.1,60000,55,60,40,0.5946674839002571,0.6662371262466316,0.34294725056588216,0.4767123437522232,0.45193990134614415,1,110000,22950.0,4.793028322440088
148423.75699015165,5,Madhya Pradesh,5.1,60000,55,60,40,0.5939091546542574,0.7133991492309104,0.33021544826332444,0.6795645357618123,0.558735373734572,0,110000,22950.0,4.793028322440088
15870.618533763834,2,Madhya Pradesh,5.1,60000,55,60,40,0.4981568990536804,0.685270944463673,0.30869593509197746,0.49686784708842374,0.47129060386407645,0,110000,22950.0,4.793028322440088
12425.26871818359,1,Madhya Pradesh,5.1,60000,55,60,40,0.48860508749872,0.5127704301788022,0.46136800813440815,0.2738505750384949,0.4175125696115579,0,110000,22950.0,4.793028322440088
31468.423511659268,3,Madhya Pradesh,5.1,60000,55,60,40,0.5440560613068343,0.29966885137433447,0.41537311406287725,0.38788103900853066,0.32031145617198187,0,110000,22950.0,4.793028322440088
16270.597345930917,2,Madhya Pradesh,5.1,60000,55,60,40,0.5168255745496594,0.5028703892789136,0.4931999609342809,0.45436974020702264,0.3881786787138468,1,110000,22950.0,4.793028322440088
25290.966766412803,3,Madhya Pradesh,5.1,60000,55,60,40,0.5213092889518497,0.44353270886939977,0.5038747186276975,0.5747902552086457,0.5679425671513971,0,110000,22950.0,4.793028322440088
11536.270261553225,1,Madhya Pradesh,5.1,60000,55,60,40,0.4769669281387722,0.567561285625959,0.2989172147280365,0.30835207040529566,0.30933050563935244,1,110000,22950.0,4.793028322440088
15518.79854874655,2,Madhya Pradesh,5.1,60000,55,60,40,0.5057703184939285,0.5873104295563449,0.28725517714633,0.420982305389845,0.355265923846426,0,110000,22950.0,4.793028322440088
45771.12039759464,4,Madhya Pradesh,5.1,60000,55,60,40,0.565765711505443,0.5490975672004793,0.5297354735972,0.6304465979637941,0.4117943313205717,1,110000,22950.0,4.793028322440088
8695.031255954393,1,Madhya Pradesh,5.1,60000,55,60,40,0.472411153134249,0.42059803625120007,0.5777337284207363,0.44452286349529574,0.5003151984038481,0,110000,22950.0,4.793028322440088
17556.016084258168,2,Madhya Pradesh,5.1,60000,55,60,40,0.5051103858536284,0.6338900182859161,0.6404945250315501,0.5307861708196773,0.6369266176836869,0,110000,22950.0,4.793028322440088
65108.401319633194,5,Madhya Pradesh,5.1,60000,55,60,40,0.607067876398495,0.7777580583891891,0.7313072950764372,0.4967554885274231,0.63740899836552,1,110000,22950.0,4.793028322440088
26839.71251096473,3,Madhya Pradesh,5.1,60000,55,60,40,0.5194429150379503,0.5855790924111453,0.48406714913878945,0.5206135777278149,0.5109592269942824,1,110000,22950.0,4.793028322440088
28620.680228033554,3,Madhya Pradesh,5.1,60000,55,60,40,0.5563443762517332,0.503806179067742,0.3596227067804756,0.3475371114911972,0.40368396047165733,1,110000,22950.0,4.793028322440088
12098.268475016235,1,Madhya Pradesh,5.1,60000,55,60,40,0.48340983982169317,0.3685020429708039,0.6101538331969378,0.3981956907244109,0.32499985566620126,0,110000,22950.0,4.793028322440088
19414.479811680107,2,Madhya Pradesh,5.1,60000,55,60,40,0.5081481096148265,0.6652306143536727,0.6125389310229963,0.3545409942882724,0.5252888002999526,0,110000,22950.0,4.793028322440088
63503.68766880155,5,Madhya Pradesh,5.1,60000,55,60,40,0.6076397700351578,0.6393952216914791,0.4923558065984588,0.6237774276660804,0.6894767921488046,0,110000,22950.0,4.793028322440088
22252.585414985813,2,Madhya Pradesh,5.1,60000,55,60,40,0.4940530811197442,0.6446044773866222,0.3075859903638244,0.30589570522796594,0.3831816821875797,0,110000,22950.0,4.793028322440088
12701.846957663345,1,Madhya Pradesh,5.1,60000,55,60,40,0.47192441951991837,0.19433844981118165,0.379218445785505,0.4130074140489561,0.3586138866696631,0,110000,22950.0,4.793028322440088
8000.0,1,Madhya Pradesh,5.1,60000,55,60,40,0.477360674247523,0.4845924085230814,0.4806558535955467,0.4258890739126589,0.34744910555667685,1,110000,22950.0,4.793028322440088
8000.0,1,Madhya Pradesh,5.1,60000,55,60,40,0.4922270322757503,0.1959228778579078,0.3790946293205544,0.4704802279810198,0.2757063032411929,0,110000,22950.0,4.793028322440088
9830.110116636844,1,Madhya Pradesh,5.1,60000,55,60,40,0.47810646276016294,0.5108137902556819,0.34435637138783237,0.4194563106429339,0.4183564558856688,0,110000,22950.0,4.793028322440088
21010.626132404537,2,Madhya Pradesh,5.1,60000,55,60,40,0.5130719752832801,0.5867352362129384,0.5104522356138621,0.420192617865858,0.5741484804551763,0,110000,22950.0,4.793028322440088
83346.59059211213,5,Madhya Pradesh,5.1,60000,55,60,40,0.5926756386120673,0.5478514617696054,0.4885260931265836,0.6485812290399282,0.5281590844280561,0,110000,22950.0,4.793028322440088
61782.50865566543,5,Madhya Pradesh,5.1,60000,55,60,40,0.6034398492611034,0.8729456258495051,0.5567383337449965,0.49866328641003904,0.6120066369416208,1,110000,22950.0,4.793028322440088
40566.004247826684,4,Madhya Pradesh,5.1,60000,55,60,40,0.5853438245011731,0.739635890919291,0.7287496277029368,0.5665732789691229,0.6742758239772098,1,110000,22950.0,4.793028322440088
37889.56377837839,4,Madhya Pradesh,5.1,60000,55,60,40,0.5785266954881696,0.5640816518381592,0.5207898945956985,0.5806916512694431,0.5174322743460933,1,110000,22950.0,4.793028322440088
52324.2552670964,5,Madhya Pradesh,5.1,60000,55,60,40,0.5977568686936497,0.8319307123311133,0.3826412209648325,0.5310956936589637,0.6203273655818837,1,110000,22950.0,4.793028322440088
38477.99581707869,4,Madhya Pradesh,5.1,60000,55,60,40,0.5753263370440832,0.33587436740145343,0.4130271065611547,0.6600232886593251,0.4216528254657462,0,110000,22950.0,4.793028322440088
24050.403263426,3,Madhya Pradesh,5.1,60000,55,60,40,0.5443465981175007,0.7286730972403785,0.5553295970124655,0.42016024771227084,0.5587252201989569,1,110000,22950.0,4.793028322440088
14417.030238209945,1,Madhya Pradesh,5.1,60000,55,60,40,0.4836373052884013,0.2823175492497992,0.4686149178116783,0.2386806841518047,0.2859512607606231,0,110000,22950.0,4.793028322440088
19332.378188791652,2,Madhya Pradesh,5.1,60000,55,60,40,0.5196909621800326,0.3309956152507124,0.47302566383392725,0.354375647190536,0.26415441397719597,1,110000,22950.0,4.793028322440088
25952.53037535993,3,Madhya Pradesh,5.1,60000,55,60,40,0.5496162056098033,0.25577153074352865,0.3855653230998994,0.34316447476630557,0.2771272848774826,0,110000,22950.0,4.793028322440088
31453.553351330425,3,Madhya Pradesh,5.1,60000,55,60,40,0.5372998426026797,0.5249956778860365,0.5592415167836273,0.4151245805789658,0.4926738968292012,0,110000,22950.0,4.793028322440088
42262.3082617652,4,Madhya Pradesh,5.1,60000,55,60,40,0.5749902191862062,0.41069623053131105,0.5096375522206757,0.4016951983086124,0.5445005781065735,0,110000,22950.0,4.793028322440088
13627.434545675678,1,Madhya Pradesh,5.1,60000,55,60,40,0.4747404793598306,0.5244445179075965,0.33844800803716385,0.3451937924910961,0.27594782518604816,0,110000,22950.0,4.793028322440088
17349.135252649332,2,Madhya Pradesh,5.1,60000,55,60,40,0.4993407046082728,0.48094785634182924,0.3250322846101219,0.49672597449193384,0.48747726798509616,1,110000,22950.0,4.793028322440088
36400.79089494023,4,Madhya Pradesh,5.1,60000,55,60,40,0.5658764910143886,0.399742547736232,0.5501018383672331,0.3835662492634841,0.4698313935087399,0,110000,22950.0,4.793028322440088
61835.898707522305,5,Madhya Pradesh,5.1,60000,55,60,40,0.5978086470540327,0.712442185919697,0.46807955136284796,0.5822657109739924,0.6581492770892035,0,110000,22950.0,4.793028322440088
8000.0,1,Madhya Pradesh,5.1,60000,55,60,40,0.4619556186796486,0.3147426288098126,0.38479132659018644,0.22648160850405802,0.27103599180123056,0,110000,22950.0,4.793028322440088
48080.520235296426,4,Madhya Pradesh,5.1,60000,55,60,40,0.5771747541655957,0.7899382478791404,0.5777383180711205,0.628716084098903,0.6790238128280038,0,110000,22950.0,4.793028322440088
22355.767290743494,2,Madhya Pradesh,5.1,60000,55,60,40,0.4808981743454046,0.3365071141656564,0.3241185152362174,0.5397481271578697,0.5179459761634918,0,110000,22950.0,4.793028322440088
26728.609169236748,3,Madhya Pradesh,5.1,60000,55,60,40,0.5657195979662918,0.5167970120984527,0.2834156656377157,0.46104068641303725,0.4474329017291951,0,110000,22950.0,4.793028322440088
35359.60673529093,4,Madhya Pradesh,5.1,60000,55,60,40,0.5835902199093916,0.603562855935603,0.27898881533207515,0.5941026824074624,0.44090197249742974,0,110000,22950.0,4.793028322440088
12704.352583895386,1,Madhya Pradesh,5.1,60000,55,60,40,0.4759613413297054,0.4320208031038231,0.4691455699736374,0.3912066139155574,0.4874751075031828,0,110000,22950.0,4.793028322440088
24005.66122165493,3,Madhya Pradesh,5.1,60000,55,60,40,0.5386656921770663,0.48157664743628803,0.6981667978534123,0.41553219673082314,0.5282909255862337,0,110000,22950.0,4.793028322440088
70332.82753182322,5,Madhya Pradesh,5.1,60000,55,60,40,0.6016011473073014,0.8675278539741555,0.32065729797102405,0.48687557263136744,0.5855319914384376,1,110000,22950.0,4.793028322440088
23697.932303694157,3,Madhya Pradesh,5.1,60000,55,60,40,0.5326798246915392,0.6409222597593306,0.48818143324349045,0.5409120782667778,0.6541334651131604,0,110000,22950.0,4.793028322440088
20233.088361185186,2,Madhya Pradesh,5.1,60000,55,60,40,0.5104976200472979,0.5848818096046228,0.3773790557115211,0.3923273986286218,0.5243871537154974,0,110000,22950.0,4.793028322440088
11196.142618640544,1,Madhya Pradesh,5.1,60000,55,60,40,0.47713142879441195,0.5603685829946582,0.3829126794311918,0.4894048707884307,0.46461241841572337,0,110000,22950.0,4.793028322440088
8000.0,1,Madhya Pradesh,5.1,60000,55,60,40,0.4776287013991189,0.1637552407843333,0.5830713428164658,0.5060409172769325,0.3155435687551002,0,110000,22950.0,4.793028322440088
22559.753514325243,2,Madhya Pradesh,5.1,60000,55,60,40,0.5103860392062349,0.5467164035370161,0.49198060805566907,0.32645113452009034,0.3857280479897337,0,110000,22950.0,4.793028322440088
53380.491770252265,5,Madhya Pradesh,5.1,60000,55,60,40,0.5854361505878886,0.8120865236228049,0.38479091305921576,0.581652324849856,0.6063626924922735,0,110000,22950.0,4.793028322440088
108767.43335858358,5,Madhya Pradesh,5.1,60000,55,60,40,0.598967125812765,0.6280264393138755,0.24646162556285078,0.5744136056464049,0.5151654515376,0,110000,22950.0,4.793028322440088
78716.6045029899,5,Madhya Pradesh,5.1,60000,55,60,40,0.6002059060376033,0.7414693942415601,0.39043668307436175,0.6737629918389207,0.57912947099614,0,110000,22950.0,4.793028322440088
32279.781536934323,3,Madhya Pradesh,5.1,60000,55,60,40,0.5398599247849878,0.6453348325297827,0.2941952187682629,0.5206288212828101,0.4642741038981314,1,110000,22950.0,4.793028322440088
50168.3128267748,5,Madhya Pradesh,5.1,60000,55,60,40,0.596413121017067,0.5605508845605134,0.3108361001701394,0.5955465852788064,0.5976192891204063,0,110000,22950.0,4.793028322440088
10630.361839093868,1,Madhya Pradesh,5.1,60000,55,60,40,0.48995000633112223,0.44203170993528534,0.3635108807853892,0.4170407949065444,0.39041879540065405,0,110000,22950.0,4.793028322440088
32352.32122174094,3,Madhya Pradesh,5.1,60000,55,60,40,0.535034903022613,0.7235814374515602,0.36371997447033133,0.4301705892151308,0.4460943685212499,0,110000,22950.0,4.793028322440088
23236.516941271708,3,Madhya Pradesh,5.1,60000,55,60,40,0.5408446876396605,0.5097088001316837,0.6545368534600977,0.6014207815495258,0.6005899695192317,0,110000,22950.0,4.793028322440088
22888.583733353236,3,Madhya Pradesh,5.1,60000,55,60,40,0.551544403910684,0.35928996237303856,0.4670646621329087,0.3306210252142201,0.4226682869497577,1,110000,22950.0,4.793028322440088
15096.415779249608,2,Madhya Pradesh,5.1,60000,55,60,40,0.5077776671712254,0.2895479426885014,0.4566131553317815,0.27207202907080086,0.3202479933659542,0,110000,22950.0,4.793028322440088
36100.64976957851,4,Madhya Pradesh,5.1,60000,55,60,40,0.570716061246104,0.5890784119643651,0.6518991097336583,0.4880102542117038,0.4676917522039575,1,110000,22950.0,4.793028322440088
39114.180790532235,4,Madhya Pradesh,5.1,60000,55,60,40,0.5676075822082796,0.8414867799428418,0.5334472557071747,0.40970611754696235,0.5531327844409072,1,110000,22950.0,4.793028322440088
35327.30430423195,4,Madhya Pradesh,5.1,60000,55,60,40,0.5809451265070645,0.6789426416679079,0.46167107615256153,0.5267734301529803,0.5492921626952313,1,110000,22950.0,4.793028322440088
23339.75838516199,3,Madhya Pradesh,5.1,60000,55,60,40,0.5359941829555657,0.5986141405952947,0.6120527988044261,0.3160363044824688,0.5301533335759556,1,110000,22950.0,4.793028322440088
17618.04138743513,2,Madhya Pradesh,5.1,60000,55,60,40,0.5214049743443107,0.5011886655475846,0.5586986066723618,0.4012382257631438,0.3935060643821305,0,110000,22950.0,4.793028322440088
65670.98832189835,5,Madhya Pradesh,5.1,60000,55,60,40,0.5975355496249579,0.8356966402731636,0.5951705776979168,0.5018107023499174,0.6025030076174824,0,110000,22950.0,4.793028322440088
42951.993557211215,4,Madhya Pradesh,5.1,60000,55,60,40,0.5599768313369483,0.6385748153231334,0.47344497529158025,0.4240414373059744,0.6099659079597662,1,110000,22950.0,4.793028322440088
46739.25558122059,4,Madhya Pradesh,5.1,60000,55,60,40,0.5753651602771697,0.8803532208173717,0.44922426070622057,0.49672819467718116,0.5695833888437747,1,110000,22950.0,4.793028322440088
72209.103316029,5,Madhya Pradesh,5.1,60000,55,60,40,0.595524750233872,0.729007763493958,0.3788182091850696,0.6696980218781605,0.6022343858208923,0,110000,22950.0,4.793028322440088
10736.952383270163,1,Madhya Pradesh,5.1,60000,55,60,40,0.48477643756242017,0.6015450953917789,0.5055532048361817,0.40995173860375783,0.5789184276213424,1,110000,22950.0,4.793028322440088
57738.89396701442,5,Madhya Pradesh,5.1,60000,55,60,40,0.5712773847221911,0.903068670657556,0.439286157528637,0.4613158282911746,0.514264760609715,0,110000,22950.0,4.793028322440088
105652.4490567675,5,Madhya Pradesh,5.1,60000,55,60,40,0.598623481190378,0.7548517979800649,0.398174996453025,0.5629952509266083,0.6722863045011026,0,110000,22950.0,4.793028322440088
26972.87391879883,3,Madhya Pradesh,5.1,60000,55,60,40,0.5339753755838538,0.570490497778047,0.6255053506072963,0.5928346689781918,0.5274243977827492,1,110000,22950.0,4.793028322440088
12972.265202312865,1,Madhya Pradesh,5.1,60000,55,60,40,0.46793884170611577,0.3518800805940416,0.4453805784018053,0.34510078012522355,0.35295639123911904,0,110000,22950.0,4.793028322440088
20815.33150468786,2,Madhya Pradesh,5.1,60000,55,60,40,0.5030390185530306,0.45130778163665597,0.7130566760633259,0.40449720289275126,0.4816880090581788,0,110000,22950.0,4.793028322440088
8162.37034491357,1,Madhya Pradesh,5.1,60000,55,60,40,0.472834397128502,0.41734506175654545,0.35780386921472096,0.49574063126380113,0.37070282578476577,0,110000,22950.0,4.793028322440088
21809.76888963821,2,Madhya Pradesh,5.1,60000,55,60,40,0.5080915706229228,0.5474936537872892,0.29731497925987305,0.30407578822851156,0.29997219573528583,0,110000,22950.0,4.793028322440088
61439.46412455811,5,Madhya Pradesh,5.1,60000,55,60,40,0.584898163958579,0.5618753370218179,0.5644257309712645,0.633845778960139,0.5360910602387678,0,110000,22950.0,4.793028322440088
17591.909282958462,2,Madhya Pradesh,5.1,60000,55,60,40,0.5117341663740257,0.5513281198404366,0.5007310375303841,0.3530817533545462,0.41015447865158566,0,110000,22950.0,4.793028322440088
23604.028823087432,3,Madhya Pradesh,5.1,60000,55,60,40,0.5522335764234865,0.6644776719963965,0.46845618055490956,0.5731008309712529,0.48851197206255764,0,110000,22950.0,4.793028322440088
46359.6685031461,4,Madhya Pradesh,5.1,60000,55,60,40,0.5713807135409068,0.44370427741145485,0.2877830318910044,0.37964207885695916,0.3936413195072519,0,110000,22950.0,4.793028322440088
34432.407482005154,4,Madhya Pradesh,5.1,60000,55,60,40,0.5766613146637186,0.6053887243719525,0.2388404797220477,0.6604538037803247,0.4687927692663953,0,110000,22950.0,4.793028322440088
37806.08708328128,4,Madhya Pradesh,5.1,60000,55,60,40,0.5795170531175664,0.7233119249297583,0.36165372814210683,0.5939159793089794,0.49512810273309554,1,110000,22950.0,4.793028322440088
68054.05897690258,5,Madhya Pradesh,5.1,60000,55,60,40,0.6109363236932703,0.8057544866059405,0.45598519199171583,0.49863322809515936,0.4717127362073051,0,110000,22950.0,4.793028322440088
10117.453395572524,1,Madhya Pradesh,5.1,60000,55,60,40,0.4972728154996416,0.4938880349264468,0.6266078174462673,0.4415901014382689,0.5836164772593775,0,110000,22950.0,4.793028322440088
62329.07097916378,5,Madhya Pradesh,5.1,60000,55,60,40,0.5935794085886692,0.5755085545393812,0.2880135665968396,0.6902242627863315,0.5434397348704514,0,110000,22950.0,4.793028322440088
20171.00336285828,2,Madhya Pradesh,5.1,60000,55,60,40,0.5013865887198174,0.7849631984488812,0.4870513997377281,0.297208550685793,0.40961046322445577,0,110000,22950.0,4.793028322440088
20497.033705658632,2,Madhya Pradesh,5.1,60000,55,60,40,0.5164060850546759,0.6689421022437504,0.3021029823165646,0.5374068434596269,0.40569877159718193,0,110000,22950.0,4.793028322440088
45788.97436987472,4,Madhya Pradesh,5.1,60000,55,60,40,0.5756540907680026,0.6649450766649934,0.4542590913855626,0.4713856602857153,0.4820442270922565,1,110000,22950.0,4.793028322440088
36088.40784465293,4,Madhya Pradesh,5.1,60000,55,60,40,0.5763281815675854,0.4525184383232774,0.7203806189705975,0.36527112496869324,0.3539063014632903,0,110000,22950.0,4.793028322440088
14695.284332398985,1,Madhya Pradesh,5.1,60000,55,60,40,0.49746425311393105,0.34314652797474476,0.40671804203629197,0.24705962447480714,0.27293169733662553,1,110000,22950.0,4.793028322440088
56055.356393436094,5,Madhya Pradesh,5.1,60000,55,60,40,0.5986851276594135,0.7884815301280499,0.31011608332181656,0.6787715122099343,0.6583553434508918,0,110000,22950.0,4.793028322440088
8000.0,1,Madhya Pradesh,5.1,60000,55,60,40,0.4828329941678904,0.4994097005497828,0.3370857323279156,0.5081332737804569,0.3661146325000198,0,110000,22950.0,4.793028322440088
44579.77352036795,4,Madhya Pradesh,5.1,60000,55,60,40,0.5587675460565937,0.6548380979674289,0.4358940376716012,0.6319449373811494,0.6094795550712602,1,110000,22950.0,4.793028322440088
32814.49825117223,4,Madhya Pradesh,5.1,60000,55,60,40,0.589924639811188,0.44809629749870905,0.34898099731983284,0.49579432288543407,0.5253344213892752,0,110000,22950.0,4.793028322440088
102538.47377114662,5,Madhya Pradesh,5.1,60000,55,60,40,0.5952059793593374,0.6626257200023651,0.5873881324885956,0.7017563644008953,0.6852893077434773,0,110000,22950.0,4.793028322440088
39649.770534938245,4,Madhya Pradesh,5.1,60000,55,60,40,0.5654892692898202,0.45895473828288963,0.5252844834471864,0.4853883990898515,0.4869904871988737,0,110000,22950.0,4.793028322440088
28396.1697572794,3,Madhya Pradesh,5.1,60000,55,60,40,0.5351039296613461,0.5031981058435766,0.6872525943023993,0.3474421541122826,0.5541725916035581,1,110000,22950.0,4.793028322440088
8000.0,1,Madhya Pradesh,5.1,60000,55,60,40,0.47212246998498514,0.15525334513531736,0.37849491663089513,0.31561578224741305,0.34585819319773126,0,110000,22950.0,4.793028322440088
13136.895310482156,1,Madhya Pradesh,5.1,60000,55,60,40,0.47127705808295206,0.23087728814769654,0.5830428115877211,0.5128596824101117,0.3439291070345796,0,110000,22950.0,4.793028322440088
8920.457044787518,1,Madhya Pradesh,5.1,60000,55,60,40,0.4733343857425333,0.11950722529626864,0.3775368469482346,0.401117012966223,0.24037180188453094,0,110000,22950.0,4.793028322440088
43366.76498817716,4,Madhya Pradesh,5.1,60000,55,60,40,0.554913469290919,0.43759296646840384,0.4438390508824782,0.4653329465209139,0.41628682038786474,0,110000,22950.0,4.793028322440088
10946.674757479781,1,Madhya Pradesh,5.1,60000,55,60,40,0.47071824936879614,0.26728065108808996,0.2652367874078829,0.40058706248422343,0.2822362266065099,0,110000,22950.0,4.793028322440088
18934.691829627143,2,Madhya Pradesh,5.1,60000,55,60,40,0.5280610596859048,0.3173244978604126,0.35710309090558906,0.39207408219831835,0.43922232236146497,0,110000,22950.0,4.793028322440088
63232.577188225,5,Madhya Pradesh,5.1,60000,55,60,40,0.6059279800078422,0.4342495936683531,0.6127987474808037,0.4281979109458612,0.5594130827804283,0,110000,22950.0,4.793028322440088
65884.801808517,5,Madhya Pradesh,5.1,60000,55,60,40,0.6078304703387057,0.6444278594344226,0.428044357036231,0.47367162242710364,0.5410671225450271,1,110000,22950.0,4.793028322440088
17903.519213761832,2,Madhya Pradesh,5.1,60000,55,60,40,0.5203435164455977,0.6159479450077687,0.6112612085038023,0.2691039347479921,0.45383216529210124,1,110000,22950.0,4.793028322440088
8000.0,1,Madhya Pradesh,5.1,60000,55,60,40,0.4969127742150524,0.6121442836331664,0.6699725807014322,0.28977100018241536,0.36713584145359873,1,110000,22950.0,4.793028322440088
21845.767166241072,2,Madhya Pradesh,5.1,60000,55,60,40,0.4908572030569901,0.581186369090447,0.5445200816884143,0.4852028431281697,0.5614025972530995,1,110000,22950.0,4.793028322440088
10878.511086272769,1,Madhya Pradesh,5.1,60000,55,60,40,0.46627259741856314,0.2659978367187725,0.7057400469892678,0.2713289116519401,0.35856487531435904,0,110000,22950.0,4.793028322440088
134934.8200620973,5,Madhya Pradesh,5.1,60000,55,60,40,0.5905341919624817,0.8356122733158567,0.48725362665079996,0.5717502470126374,0.5431432405218783,0,110000,22950.0,4.793028322440088
64955.861726087154,5,Madhya Pradesh,5.1,60000,55,60,40,0.5938741306065326,0.7359815754573735,0.4146645681033517,0.6238144489724138,0.4725844036179027,0,110000,22950.0,4.793028322440088
23675.63449566213,3,Madhya Pradesh,5.1,60000,55,60,40,0.5355657346655761,0.6069435451140013,0.41429514117016886,0.47793805855302623,0.3853122029290808,0,110000,22950.0,4.793028322440088
126597.96667927806,5,Madhya Pradesh,5.1,60000,55,60,40,0.5941016530433681,0.5953835959496488,0.49850668575092605,0.4179444948044914,0.5134928494367874,1,110000,22950.0,4.793028322440088
34100.97047503831,4,Madhya Pradesh,5.1,60000,55,60,40,0.570764517702749,0.4655482437311492,0.568581033762794,0.4723359246005549,0.31242874121167574,0,110000,22950.0,4.793028322440088
112358.87043738869,5,Madhya Pradesh,5.1,60000,55,60,40,0.5989243824788807,0.5840537167569437,0.450106774559917,0.5458224835882202,0.4537703064704412,0,110000,22950.0,4.793028322440088
32667.98820349281,4,Madhya Pradesh,5.1,60000,55,60,40,0.561343080619646,0.38820500488705656,0.46244714025887185,0.4661593385398732,0.4788703991860954,0,110000,22950.0,4.793028322440088
66989.73154608007,5,Madhya Pradesh,5.1,60000,55,60,40,0.5768159408015529,0.7502343027028879,0.49740718691431673,0.5772124659979654,0.564002709893623,1,110000,22950.0,4.793028322440088
20157.069051150997,2,Madhya Pradesh,5.1,60000,55,60,40,0.4986427415176416,0.4419296922032445,0.5807484260341453,0.41727943771542736,0.30732848906302174,0,110000,22950.0,4.793028322440088
14771.445437638622,1,Madhya Pradesh,5.1,60000,55,60,40,0.47307904203830276,0.42697317635720855,0.34065549824051,0.2695684056259521,0.27449188842808403,1,110000,22950.0,4.793028322440088
30569.275699342386,3,Madhya Pradesh,5.1,60000,55,60,40,0.5361006342033514,0.7628190115577702,0.30265483204480453,0.5389255433924933,0.5093097081726939,1,110000,22950.0,4.793028322440088
18633.87267511179,2,Madhya Pradesh,5.1,60000,55,60,40,0.4972747539783232,0.2993377471947543,0.5748849561849103,0.311682447580536,0.4239886686012532,0,110000,22950.0,4.793028322440088
71354.67688621188,5,Madhya Pradesh,5.1,60000,55,60,40,0.5936633639064643,0.4244238254696876,0.3480955689679848,0.5510229444049473,0.5093785411171489,1,110000,22950.0,4.793028322440088
86538.8450707902,5,Madhya Pradesh,5.1,60000,55,60,40,0.5872615546865727,0.7587024860529742,0.3051010041298037,0.6402239934894105,0.6124651129259626,0,110000,22950.0,4.793028322440088
11783.336069430225,1,Madhya Pradesh,5.1,60000,55,60,40,0.4773132350559452,0.35456607050306027,0.396280828075416,0.42251201926157783,0.40840011448670277,1,110000,22950.0,4.793028322440088
63650.05849246723,5,Madhya Pradesh,5.1,60000,55,60,40,0.5878405152878023,0.6845629126572953,0.415856919277088,0.5429890987470365,0.42914144835773493,1,110000,22950.0,4.793028322440088
36305.712371103094,4,Madhya Pradesh,5.1,60000,55,60,40,0.5600823820077239,0.6878523467685178,0.6466291231117091,0.6000094561364899,0.6932495502927754,1,110000,22950.0,4.793028322440088
46082.46432330629,4,Madhya Pradesh,5.1,60000,55,60,40,0.5554845872615372,0.8789133198420791,0.5461872850366798,0.5774607020773899,0.7086678881817936,1,110000,22950.0,4.793028322440088
34689.10499072209,4,Madhya Pradesh,5.1,60000,55,60,40,0.5670364216157306,0.7464051246423644,0.6318060011183659,0.4786941085168082,0.5372250697130108,0,110000,22950.0,4.793028322440088
37452.96814789691,4,Madhya Pradesh,5.1,60000,55,60,40,0.5599069508719046,0.5581298639124206,0.450173365804128,0.6319873472646764,0.325898380069961,0,110000,22950.0,4.793028322440088
43796.868484087485,4,Madhya Pradesh,5.1,60000,55,60,40,0.5776392712381828,0.5033214409048978,0.4244287509570608,0.4059211898133334,0.5506259990157516,0,110000,22950.0,4.793028322440088
22429.66969709659,2,Madhya Pradesh,5.1,60000,55,60,40,0.5126299312383575,0.4410393921998882,0.44192296071282366,0.3708779697914965,0.2190523864668861,0,110000,22950.0,4.793028322440088
150000.0,5,Madhya Pradesh,5.1,60000,55,60,40,0.5978729098895921,0.5474727541967948,0.3412649385556927,0.6226762347056736,0.5616902198701352,0,110000,22950.0,4.793028322440088
37130.35609015866,4,Madhya Pradesh,5.1,60000,55,60,40,0.5605965735979906,0.7483843753706076,0.36205098647325235,0.6252265686032779,0.537793441581179,0,110000,22950.0,4.793028322440088
21721.6909288146,2,Madhya Pradesh,5.1,60000,55,60,40,0.5123766316245916,0.6873779470523455,0.4164567774284307,0.3601072522165277,0.40066329610066603,0,110000,22950.0,4.793028322440088
20513.666977312743,2,Madhya Pradesh,5.1,60000,55,60,40,0.515478437464915,0.7377802502128724,0.5161078346767112,0.4317060531947244,0.47448960294938636,1,110000,22950.0,4.793028322440088
72718.63812992761,5,Madhya Pradesh,5.1,60000,55,60,40,0.5999983126934448,0.6801758394369317,0.5913786473263116,0.4168852582825912,0.5633368047387092,0,110000,22950.0,4.793028322440088
31416.576026409002,3,Madhya Pradesh,5.1,60000,55,60,40,0.5546084471260979,0.45439543282447525,0.6487873596249276,0.4245861720624204,0.327256695312751,1,110000,22950.0,4.793028322440088
21895.36492304261,2,Madhya Pradesh,5.1,60000,55,60,40,0.5131678017521767,0.5218231880225432,0.42979830674973424,0.36261383533549224,0.3920628036107844,1,110000,22950.0,4.793028322440088
22699.788279286106,2,Madhya Pradesh,5.1,60000,55,60,40,0.5177075007471089,0.4269502401466062,0.3102252612917269,0.5160746052575276,0.3113030299103653,1,110000,22950.0,4.793028322440088
20501.018822188857,2,Madhya Pradesh,5.1,60000,55,60,40,0.5099070827267883,0.2692562764680823,0.6266204487785427,0.28552634050421943,0.32329333661027676,0,110000,22950.0,4.793028322440088
31903.50454011504,3,Madhya Pradesh,5.1,60000,55,60,40,0.5453280731039983,0.5644928993174323,0.3647300060297173,0.33196770496651457,0.4219830558829125,1,110000,22950.0,4.793028322440088
18460.09342629752,2,Madhya Pradesh,5.1,60000,55,60,40,0.5006036162447368,0.3375844583209884,0.4790675712832985,0.3961439447916123,0.4388176645993289,1,110000,22950.0,4.793028322440088
48598.21413632078,5,Madhya Pradesh,5.1,60000,55,60,40,0.5939874449393006,0.6695089667635467,0.3334383929945558,0.5355500345638196,0.4767812326393569,0,110000,22950.0,4.793028322440088
8958.723058425076,1,Madhya Pradesh,5.1,60000,55,60,40,0.48206506410625233,0.38726686627382867,0.5690735466235648,0.2618013124963346,0.48083127983426804,0,110000,22950.0,4.793028322440088
11782.58926510799,1,Madhya Pradesh,5.1,60000,55,60,40,0.4819924233870024,0.6111320222545298,0.43851870515958635,0.29233659183607674,0.3277656740040574,1,110000,22950.0,4.793028322440088
43874.21941338269,4,Madhya Pradesh,5.1,60000,55,60,40,0.5736475468008609,0.7614526575307734,0.49304819490444984,0.6555916793209791,0.5559442340350336,0,110000,22950.0,4.793028322440088
25230.422390654945,3,Madhya Pradesh,5.1,60000,55,60,40,0.5495753574942159,0.4316838377609534,0.45695400126615016,0.46728810264045967,0.5213114526532745,1,110000,22950.0,4.793028322440088
12634.476356872261,1,Madhya Pradesh,5.1,60000,55,60,40,0.4643217168532744,0.48137028425989664,0.27950758213220533,0.23968925662000728,0.2865819313455687,0,110000,22950.0,4.793028322440088
38408.184783354016,4,Madhya Pradesh,5.1,60000,55,60,40,0.5588269030953256,0.7540515058365114,0.23287433075343525,0.3782573800537981,0.4699470256527242,1,110000,22950.0,4.793028322440088
8000.0,1,Madhya Pradesh,5.1,60000,55,60,40,0.4808671549821711,0.2633318342107166,0.5722921401561126,0.22591469424946886,0.2804569631686802,0,110000,22950.0,4.793028322440088
54401.508283400835,5,Madhya Pradesh,5.1,60000,55,60,40,0.5913277922533939,0.7021962202954283,0.38135689516734206,0.5300390455717225,0.5201717033571062,0,110000,22950.0,4.793028322440088
12219.06518140723,1,Madhya Pradesh,5.1,60000,55,60,40,0.5123491109843221,0.29871395129474465,0.5426877872412385,0.4730185452462919,0.4318408928070857,1,110000,22950.0,4.793028322440088
10401.837186857072,1,Madhya Pradesh,5.1,60000,55,60,40,0.4837286247631299,0.39753398575554627,0.41677966147830603,0.463208311334489,0.4820097719670484,1,110000,22950.0,4.793028322440088
25777.235335033743,3,Madhya Pradesh,5.1,60000,55,60,40,0.5377881200821271,0.6179866822460672,0.3327514593350555,0.4236992522708654,0.45571970915540794,1,110000,22950.0,4.793028322440088
11974.191786627278,1,Madhya Pradesh,5.1,60000,55,60,40,0.47341673584058996,0.548747040964031,0.601423629281262,0.44566040879470586,0.48972273639437214,1,110000,22950.0,4.793028322440088
45688.197011398246,4,Madhya Pradesh,5.1,60000,55,60,40,0.5637698057394981,0.8665082890527538,0.7718552907811369,0.5890078704380941,0.737014716299984,0,110000,22950.0,4.793028322440088
17809.1462396463,2,Madhya Pradesh,5.1,60000,55,60,40,0.5088728351845804,0.6445930026492013,0.43885855038508303,0.4082319665715815,0.4192668003545694,0,110000,22950.0,4.793028322440088
23159.320956521417,3,Madhya Pradesh,5.1,60000,55,60,40,0.5396912478976411,0.7168460501449713,0.552436510902367,0.4346496319073844,0.4522382703118629,0,110000,22950.0,4.793028322440088
43622.61032199486,4,Madhya Pradesh,5.1,60000,55,60,40,0.5640044371244933,0.6161797679368326,0.39842078576029794,0.4174979196378366,0.39777480672094184,0,110000,22950.0,4.793028322440088
25625.094381909912,3,Madhya Pradesh,5.1,60000,55,60,40,0.5358399061062296,0.40442401924862426,0.5447021756568039,0.39696462956088396,0.3628281513211424,0,110000,22950.0,4.793028322440088
25448.907733294975,3,Madhya Pradesh,5.1,60000,55,60,40,0.5520142743237746,0.3172773744750556,0.36060578035686186,0.41494196417045254,0.30700790530442845,0,110000,22950.0,4.793028322440088
13307.446397104874,1,Madhya Pradesh,5.1,60000,55,60,40,0.4924164781979389,0.5599357046569453,0.45821305116879185,0.4571486852539109,0.5234710271574871,1,110000,22950.0,4.793028322440088
47393.64791992778,4,Madhya Pradesh,5.1,60000,55,60,40,0.5710917683707772,0.7443547329340454,0.40224845681794286,0.5292192243103322,0.4102955915889823,0,110000,22950.0,4.793028322440088
18097.404083185604,2,Madhya Pradesh,5.1,60000,55,60,40,0.4951588312990612,0.5704371131637382,0.512607922118413,0.3236076914066516,0.45868233121709573,1,110000,22950.0,4.793028322440088
17509.321517562556,2,Madhya Pradesh,5.1,60000,55,60,40,0.513956460137819,0.1525949995305208,0.4669081309635523,0.29208161659232673,0.23035583073599397,0,110000,22950.0,4.793028322440088
26750.8294380078,3,Madhya Pradesh,5.1,60000,55,60,40,0.5541142529875388,0.49186866107177885,0.3683389474990495,0.4623324816074344,0.5743646460973786,0,110000,22950.0,4.793028322440088
24982.40034539765,3,Madhya Pradesh,5.1,60000,55,60,40,0.5522692395910523,0.3931549311037752,0.4948520291016607,0.5132283137743396,0.49005016763207004,1,110000,22950.0,4.793028322440088
46177.933082862764,4,Madhya Pradesh,5.1,60000,55,60,40,0.5759156870995252,0.6464568842403862,0.39165634154400586,0.6089984171916731,0.4867793284742704,1,110000,22950.0,4.793028322440088
21575.039381920862,2,Madhya Pradesh,5.1,60000,55,60,40,0.5227956581242867,0.2157435857066639,0.3812326616970637,0.5025277340796086,0.3320811685639867,0,110000,22950.0,4.793028322440088
52360.84567244575,5,Madhya Pradesh,5.1,60000,55,60,40,0.5991052712962187,0.6725554142556758,0.4527010476468961,0.6605800488976923,0.5982903846081565,1,110000,22950.0,4.793028322440088
31176.521905878595,3,Madhya Pradesh,5.1,60000,55,60,40,0.5448524582697657,0.5093738795323987,0.36308041307207817,0.4476875383137157,0.4823608041346702,0,110000,22950.0,4.793028322440088
42967.01861336748,4,Madhya Pradesh,5.1,60000,55,60,40,0.5617636729081767,0.602166220928318,0.611712021760384,0.6230305856863751,0.6119842594200281,0,110000,22950.0,4.793028322440088
22338.720740472392,2,Madhya Pradesh,5.1,60000,55,60,40,0.5114940831329857,0.5078617572112907,0.24284236775324586,0.3967158086256222,0.37200487778207253,1,110000,22950.0,4.793028322440088
32370.014347411834,3,Madhya Pradesh,5.1,60000,55,60,40,0.5518667710111338,0.504470450266811,0.4144002212562929,0.36376972050875894,0.3687077710362971,0,110000,22950.0,4.793028322440088
42685.555733937275,4,Madhya Pradesh,5.1,60000,55,60,40,0.5626771944565596,0.40458138505349484,0.49623232813376245,0.4825468982251209,0.439702324722672,0,110000,22950.0,4.793028322440088
15324.928721849086,2,Madhya Pradesh,5.1,60000,55,60,40,0.4999569942767857,0.48162650606542123,0.5601607720166683,0.3653408565798687,0.5188636515897516,0,110000,22950.0,4.793028322440088
41744.55941161798,4,Madhya Pradesh,5.1,60000,55,60,40,0.5695463179616654,0.5096990294300845,0.4451332430685333,0.48098638340414007,0.6362550323425624,1,110000,22950.0,4.793028322440088
28542.617550659386,3,Madhya Pradesh,5.1,60000,55,60,40,0.5363048065341885,0.5931967866982362,0.5924880139841766,0.5109191122496013,0.6079349631980193,1,110000,22950.0,4.793028322440088
8000.0,1,Madhya Pradesh,5.1,60000,55,60,40,0.48506290578213274,0.4097264746532357,0.3105095538033085,0.4104082883880186,0.2901283965208117,0,110000,22950.0,4.793028322440088
19282.30643144368,2,Madhya Pradesh,5.1,60000,55,60,40,0.5040388333119581,0.5313152415242881,0.4262848817917648,0.3308037891480254,0.49847597279115796,0,110000,22950.0,4.793028322440088
16697.826420138605,2,Madhya Pradesh,5.1,60000,55,60,40,0.5257558247274557,0.4550463504004414,0.42798019621190553,0.358112504009094,0.36894325707637216,1,110000,22950.0,4.793028322440088
30048.92058169771,3,Madhya Pradesh,5.1,60000,55,60,40,0.525674667591818,0.6113287223756589,0.4486155412336972,0.49193980241369856,0.488140441523447,1,110000,22950.0,4.793028322440088
24825.79284757535,3,Madhya Pradesh,5.1,60000,55,60,40,0.551108776433626,0.40854486738180346,0.5592885541922158,0.33857187149428586,0.328959478047956,0,110000,22950.0,4.793028322440088
16980.810854065192,2,Madhya Pradesh,5.1,60000,55,60,40,0.5009229362883475,0.44677510642637086,0.2549908914504396,0.4699325921983863,0.38800228449028423,0,110000,22950.0,4.793028322440088
39331.933710301426,4,Gujarat,5.5,75000,92,18,72,0.6692544583684454,0.7927508393797187,0.8164659605394127,0.5976676915840401,0.6606824825402604,1,95000,24750.0,3.8383838383838382
8043.000726578968,1,Gujarat,5.5,75000,92,18,72,0.5995930372777744,0.6013706857950143,0.7328923291594278,0.6492133412490547,0.7177817066293336,0,95000,24750.0,3.8383838383838382
13240.269917031022,1,Gujarat,5.5,75000,92,18,72,0.5946682058541468,0.4600453787308186,0.45267583023482993,0.5144762972301284,0.6643721710412055,1,95000,24750.0,3.8383838383838382
18378.413817886285,2,Gujarat,5.5,75000,92,18,72,0.6161181920352554,0.2859079058670674,0.41741414847470704,0.5102417599420498,0.4381075507670376,1,95000,24750.0,3.8383838383838382
30878.11208445679,3,Gujarat,5.5,75000,92,18,72,0.640400516797133,0.47730630745058134,0.8836922122456454,0.6943461225800386,0.6979375156428892,1,95000,24750.0,3.8383838383838382
19487.97446720013,2,Gujarat,5.5,75000,92,18,72,0.6271306778415712,0.400000862581685,0.6950835311598147,0.6102092417014959,0.5477076462699443,0,95000,24750.0,3.8383838383838382
55364.820707102335,5,Gujarat,5.5,75000,92,18,72,0.7269726546305239,0.7782492642324259,0.4997930900294968,0.6455806884102586,0.6954932711784979,0,95000,24750.0,3.8383838383838382
34653.19532483779,4,Gujarat,5.5,75000,92,18,72,0.6930638206451502,0.5088585781414375,0.5403141832574407,0.792148312144091,0.6203526046870638,1,95000,24750.0,3.8383838383838382
8000.0,1,Gujarat,5.5,75000,92,18,72,0.5977813522026784,0.1387390337410251,0.48028878853819534,0.5299867224010794,0.43130176647260343,1,95000,24750.0,3.8383838383838382
51061.26587458201,5,Gujarat,5.5,75000,92,18,72,0.722002761446463,0.8728848458294627,0.6683259744089172,0.6396734594309712,0.758686092605201,1,95000,24750.0,3.8383838383838382
20041.256925479618,2,Gujarat,5.5,75000,92,18,72,0.6269421443905071,0.3993190607979269,0.7884390903514967,0.6828545862680989,0.6361292547743901,1,95000,24750.0,3.8383838383838382
35697.48795087229,4,Gujarat,5.5,75000,92,18,72,0.6729170432839819,0.6429446070737119,0.7801709578279667,0.5840303445185483,0.7152992161050133,1,95000,24750.0,3.8383838383838382
30400.20008093283,3,Gujarat,5.5,75000,92,18,72,0.6430053458620512,0.6096958145512247,0.5484213738076543,0.7844115505391821,0.635458442356454,0,95000,24750.0,3.8383838383838382
28061.70591191508,3,Gujarat,5.5,75000,92,18,72,0.6551826004244389,0.47327487833813897,0.7022796150297874,0.6265429424952227,0.7799154311811866,1,95000,24750.0,3.8383838383838382
71822.7112472108,5,Gujarat,5.5,75000,92,18,72,0.715607752850625,0.6014134646944016,0.6613689064881423,0.8124666800802932,0.6825988244310237,1,95000,24750.0,3.8383838383838382
18912.285987777883,2,Gujarat,5.5,75000,92,18,72,0.6357241124993533,0.5962739797144353,0.745543295006126,0.5795903189119493,0.5772793642589505,1,95000,24750.0,3.8383838383838382
28225.86633299616,3,Gujarat,5.5,75000,92,18,72,0.6647873279520331,0.4350261525843011,0.6250905148432109,0.5502688004065329,0.37833929347796785,0,95000,24750.0,3.8383838383838382
67171.20435121693,5,Gujarat,5.5,75000,92,18,72,0.7232656158718752,0.5786655126501425,0.6730416270014741,0.8214342094898529,0.768882860617332,1,95000,24750.0,3.8383838383838382
10675.219189294394,1,Gujarat,5.5,75000,92,18,72,0.5944114585835139,0.5006892102757393,0.6840112684165295,0.4808071063885837,0.32411600744854147,0,95000,24750.0,3.8383838383838382
46674.778490767705,4,Gujarat,5.5,75000,92,18,72,0.6734077640131843,0.7015207394137045,0.5695563132883342,0.7487253498874941,0.668258557323695,1,95000,24750.0,3.8383838383838382
35916.30497176728,4,Gujarat,5.5,75000,92,18,72,0.691334997084946,0.5271556095457617,0.645423777474571,0.6212118155189434,0.577627885455249,1,95000,24750.0,3.8383838383838382
101494.01273156409,5,Gujarat,5.5,75000,92,18,72,0.7224659788469073,0.7429838285873651,0.798225692154805,0.666332483376708,0.6480354606901366,1,95000,24750.0,3.8383838383838382
22657.094816583543,2,Gujarat,5.5,75000,92,18,72,0.6033289710895089,0.5337644783952817,0.5566621554389459,0.5812336852625779,0.5588673896077997,0,95000,24750.0,3.8383838383838382
32652.723934203415,4,Gujarat,5.5,75000,92,18,72,0.678870903848459,0.3633287924208209,0.7529070053119473,0.7888718099902005,0.7693480453921911,0,95000,24750.0,3.8383838383838382
14872.131884749597,1,Gujarat,5.5,75000,92,18,72,0.5903037419403467,0.206518267873897,0.42310701438913156,0.5780899156011204,0.4809649742072142,0,95000,24750.0,3.8383838383838382
19681.60128793569,2,Gujarat,5.5,75000,92,18,72,0.6283977877255201,0.5673423629681936,0.8452568878390072,0.46340065784930196,0.5408233692262534,1,95000,24750.0,3.8383838383838382
29959.67453222803,3,Gujarat,5.5,75000,92,18,72,0.6491806813866287,0.36202693269032127,0.5942940027356455,0.7141594089073756,0.7215472989473467,1,95000,24750.0,3.8383838383838382
28022.025443455765,3,Gujarat,5.5,75000,92,18,72,0.6568329400260392,0.7811057342875414,0.6618182306467677,0.6679313003777482,0.6435401977034446,0,95000,24750.0,3.8383838383838382
150000.0,5,Gujarat,5.5,75000,92,18,72,0.7151089363107558,0.6129021076460706,0.5673635158238772,0.7810696589661162,0.7635202224447437,1,95000,24750.0,3.8383838383838382
22793.415406731314,2,Gujarat,5.5,75000,92,18,72,0.6256227909989085,0.7425032510830283,0.442106483971344,0.550073448222817,0.45307846719110423,0,95000,24750.0,3.8383838383838382
8000.0,1,Gujarat,5.5,75000,92,18,72,0.5900503427772782,0.3040381145900799,0.5700630211129609,0.5608484953127205,0.46168492903699054,1,95000,24750.0,3.8383838383838382
41929.43291978029,4,Gujarat,5.5,75000,92,18,72,0.6808244351736189,0.7491180599131413,0.7649262452549735,0.6555666095727047,0.6353031406716257,0,95000,24750.0,3.8383838383838382
8000.0,1,Gujarat,5.5,75000,92,18,72,0.5864116151164788,0.3126313114158226,0.7539629023573045,0.41845170134839516,0.6240782950572765,0,95000,24750.0,3.8383838383838382
16928.4255753389,2,Gujarat,5.5,75000,92,18,72,0.631014960120024,0.4881344840318218,0.7799507760770636,0.6973290841483736,0.5928910030774486,0,95000,24750.0,3.8383838383838382
17028.9401460957,2,Gujarat,5.5,75000,92,18,72,0.6329253120001994,0.4976338136491223,0.716648602368653,0.6474080168302195,0.5408200685539496,0,95000,24750.0,3.8383838383838382
51149.26301353031,5,Gujarat,5.5,75000,92,18,72,0.7095081062130323,0.7356442648536706,0.8054503928889571,0.7951317036391939,0.7921647317186876,0,95000,24750.0,3.8383838383838382
14060.836658593667,1,Gujarat,5.5,75000,92,18,72,0.6124206866744561,0.4921145219421033,0.5445253291249547,0.4521036293813374,0.4765071620520363,1,95000,24750.0,3.8383838383838382
29481.505222281594,3,Gujarat,5.5,75000,92,18,72,0.6540682712398651,0.4517214250025008,0.7232350764569491,0.6930789695725853,0.7667211432888636,1,95000,24750.0,3.8383838383838382
17673.96949312746,2,Gujarat,5.5,75000,92,18,72,0.6425161419522514,0.4725465572957691,0.5544243431223579,0.5136091871536056,0.5545179220158104,1,95000,24750.0,3.8383838383838382
28250.359424731974,3,Gujarat,5.5,75000,92,18,72,0.6507930139759696,0.5756769619312699,0.480592008076683,0.700260406131321,0.6184728043435617,1,95000,24750.0,3.8383838383838382
119745.43126375634,5,Gujarat,5.5,75000,92,18,72,0.6969485079482913,0.6563907538464153,0.6895023170050125,0.6940591453862733,0.7428356658074002,1,95000,24750.0,3.8383838383838382
45392.65213056141,4,Gujarat,5.5,75000,92,18,72,0.6912362639634092,0.5365868975306223,0.5641241532363797,0.5912541360206666,0.5906458514338729,0,95000,24750.0,3.8383838383838382
67093.0113654053,5,Gujarat,5.5,75000,92,18,72,0.7196997367654756,0.8565957189776388,0.7986332839270717,0.8658793049699981,0.8191488617775508,1,95000,24750.0,3.8383838383838382
21483.272989821486,2,Gujarat,5.5,75000,92,18,72,0.6275582236673616,0.5468172668206746,0.5417226512707596,0.47539509734428675,0.465456706500289,0,95000,24750.0,3.8383838383838382
23169.383138826925,3,Gujarat,5.5,75000,92,18,72,0.6507919609298457,0.4286808539242865,0.7530771361983077,0.7225363449846719,0.5979911701529272,1,95000,24750.0,3.8383838383838382
24053.6740020764,3,Gujarat,5.5,75000,92,18,72,0.6568685634594275,0.3539609110364602,0.534058916660459,0.5245327006745458,0.44155845763107443,1,95000,24750.0,3.8383838383838382
121446.33054421781,5,Gujarat,5.5,75000,92,18,72,0.7121016911355904,0.4923400096429985,0.5465391883242514,0.7994158929194445,0.6972887426874946,1,95000,24750.0,3.8383838383838382
14945.936120681736,1,Gujarat,5.5,75000,92,18,72,0.5941907900509682,0.5441925599458589,0.7840401218333551,0.4271156783975554,0.49597408902549306,0,95000,24750.0,3.8383838383838382
29889.892254376937,3,Gujarat,5.5,75000,92,18,72,0.6656306082719364,0.7393873155031405,0.7085399505012745,0.6466473411861721,0.7365747268118099,1,95000,24750.0,3.8383838383838382
17964.761812423472,2,Gujarat,5.5,75000,92,18,72,0.6290564580095866,0.28151648043140687,0.625136189564879,0.5003987075553935,0.42163470818078685,0,95000,24750.0,3.8383838383838382
37962.09420963837,4,Gujarat,5.5,75000,92,18,72,0.6933137995876054,0.5569474920920081,0.8206139533752415,0.803974474814844,0.6679394883227815,0,95000,24750.0,3.8383838383838382
17684.387796444367,2,Gujarat,5.5,75000,92,18,72,0.6248956006480278,0.4717550853181063,0.678544110058522,0.5644453707935551,0.5861930614514465,0,95000,24750.0,3.8383838383838382
41605.80387081509,4,Gujarat,5.5,75000,92,18,72,0.6837941122562379,0.5450172028483791,0.6187213917309747,0.5486279048500393,0.6128446825787439,1,95000,24750.0,3.8383838383838382
12243.500891449392,1,Gujarat,5.5,75000,92,18,72,0.5856794604053993,0.4329326936395983,0.57405584165777,0.5824483756570152,0.5833154043958584,1,95000,24750.0,3.8383838383838382
29172.222288595258,3,Gujarat,5.5,75000,92,18,72,0.6535139195886037,0.47596499644289314,0.6284952080939641,0.6275417416726914,0.509584441603426,1,95000,24750.0,3.8383838383838382
61421.05857360084,5,Gujarat,5.5,75000,92,18,72,0.6840031401583943,0.5479972247083268,0.5022517501896894,0.8519217891283971,0.5739418153513279,0,95000,24750.0,3.8383838383838382
77006.87145020219,5,Gujarat,5.5,75000,92,18,72,0.7113120660512293,0.5367534185705982,0.6777775966200952,0.7239432533345452,0.7576511400989797,0,95000,24750.0,3.8383838383838382
25276.135592143783,3,Gujarat,5.5,75000,92,18,72,0.6563955439423772,0.5728219463325586,0.5325451593393833,0.6173421440374258,0.4985861291516223,1,95000,24750.0,3.8383838383838382
16484.769028624,2,Gujarat,5.5,75000,92,18,72,0.6328510222569873,0.481251437295949,0.686073074783392,0.5802279645639397,0.6408833237182257,1,95000,24750.0,3.8383838383838382
24868.826870449124,3,Gujarat,5.5,75000,92,18,72,0.654527506939036,0.35588526053239994,0.4504514809460394,0.7519562054675563,0.3956972424133938,0,95000,24750.0,3.8383838383838382
23047.700460052172,3,Gujarat,5.5,75000,92,18,72,0.6606910211367356,0.3080268219878107,0.5225799625133832,0.670046768457962,0.5896062781532678,1,95000,24750.0,3.8383838383838382
22599.312677785347,2,Gujarat,5.5,75000,92,18,72,0.6054163991003833,0.4269336515479737,0.616059830694997,0.6448087260706811,0.561460464968127,0,95000,24750.0,3.8383838383838382
40279.17536834858,4,Gujarat,5.5,75000,92,18,72,0.6866459171922161,0.689945475598587,0.8705789031409938,0.7601232658467382,0.7725911483220023,1,95000,24750.0,3.8383838383838382
39231.56889303811,4,Gujarat,5.5,75000,92,18,72,0.6704192577851517,0.5401588506333992,0.5908251839672072,0.8252546567321972,0.7276657226927618,0,95000,24750.0,3.8383838383838382
14694.175374581699,1,Gujarat,5.5,75000,92,18,72,0.5851312505576923,0.4025723664064292,0.7332126822802874,0.6452561777912104,0.6368860350232205,1,95000,24750.0,3.8383838383838382
14252.754091062381,1,Gujarat,5.5,75000,92,18,72,0.595342630235647,0.29252073826889424,0.6364313647302942,0.6721852784929582,0.5669684555325669,1,95000,24750.0,3.8383838383838382
28840.404408896724,3,Gujarat,5.5,75000,92,18,72,0.6699769255930211,0.46053434015755734,0.700181848675909,0.596991482055281,0.66342332390037,1,95000,24750.0,3.8383838383838382
15767.696336278605,2,Gujarat,5.5,75000,92,18,72,0.6309263533489863,0.45910147231937604,0.6285944545647575,0.508452012639965,0.619473033556435,1,95000,24750.0,3.8383838383838382
27824.14541052111,3,Gujarat,5.5,75000,92,18,72,0.6573965956856568,0.36099814297618216,0.7443104949751832,0.5550168535792469,0.6597551988557326,0,95000,24750.0,3.8383838383838382
27810.782103103003,3,Gujarat,5.5,75000,92,18,72,0.6570189818196146,0.613849813079384,0.5818681888034365,0.7513403276451968,0.6972115781991521,1,95000,24750.0,3.8383838383838382
115010.71294519494,5,Gujarat,5.5,75000,92,18,72,0.710077996782241,0.6272640376036595,0.6267540239705232,0.8431773692642973,0.6697046926349713,0,95000,24750.0,3.8383838383838382
8000.0,1,Gujarat,5.5,75000,92,18,72,0.5917744515805589,0.6372675717174655,0.4339172147455391,0.5891234834190112,0.5288950144593301,0,95000,24750.0,3.8383838383838382
21034.948782918196,2,Gujarat,5.5,75000,92,18,72,0.6314880461689937,0.3405580363848356,0.45143598633464477,0.46288271519806634,0.44322750618537804,1,95000,24750.0,3.8383838383838382
32008.4244248341,3,Gujarat,5.5,75000,92,18,72,0.6433606805298407,0.6836026994961336,0.5232507111973764,0.5894144472148332,0.5604909323304365,1,95000,24750.0,3.8383838383838382
14775.731079021352,1,Gujarat,5.5,75000,92,18,72,0.603144826217116,0.6908413490067462,0.6321763379950016,0.6142603863305472,0.534624884404775,0,95000,24750.0,3.8383838383838382
18825.893608823473,2,Gujarat,5.5,75000,92,18,72,0.6233292150430972,0.5279934709552685,0.7421129982937316,0.5185706321206627,0.6465389775476447,0,95000,24750.0,3.8383838383838382
11256.958026408589,1,Gujarat,5.5,75000,92,18,72,0.6054698564629813,0.3164252501925737,0.6694345334616506,0.5812176762317274,0.5412964099138639,0,95000,24750.0,3.8383838383838382
12236.244252824345,1,Gujarat,5.5,75000,92,18,72,0.6068252202866066,0.4003766268157775,0.5911475162596771,0.5568223665623618,0.46551157862185444,0,95000,24750.0,3.8383838383838382
44713.763287343296,4,Gujarat,5.5,75000,92,18,72,0.6704834455892282,0.8216245370152708,0.8255536022736742,0.622801712218079,0.7290287588486708,0,95000,24750.0,3.8383838383838382
47868.809314943785,4,Gujarat,5.5,75000,92,18,72,0.6813984780820135,0.7193345647012221,0.6106378623009795,0.8243014092502777,0.7445868782677485,1,95000,24750.0,3.8383838383838382
9393.750745075082,1,Gujarat,5.5,75000,92,18,72,0.5886590088348794,0.21487966542860965,0.9028483461777459,0.47102171477794064,0.41233586167332337,0,95000,24750.0,3.8383838383838382
12399.753394819712,1,Gujarat,5.5,75000,92,18,72,0.5790870060635542,0.25310877520304303,0.4229119259951095,0.6624373465432947,0.40446092268040224,0,95000,24750.0,3.8383838383838382
26452.671630849196,3,Gujarat,5.5,75000,92,18,72,0.6468889529521915,0.7300392711676064,0.47813950444515535,0.6562795757474836,0.6135505372379261,0,95000,24750.0,3.8383838383838382
16334.062856746543,2,Gujarat,5.5,75000,92,18,72,0.6516268441669392,0.220091435382623,0.46707699926440926,0.47154840390648445,0.4231090774153171,1,95000,24750.0,3.8383838383838382
8000.0,1,Gujarat,5.5,75000,92,18,72,0.6033093846764102,0.33440930368858285,0.5869655886097315,0.6440874266014346,0.40768142968766286,1,95000,24750.0,3.8383838383838382
12205.766221251735,1,Gujarat,5.5,75000,92,18,72,0.6163871654003432,0.5951745060765399,0.6833112849824425,0.6314296132653555,0.6679451423615659,1,95000,24750.0,3.8383838383838382
20896.22258225322,2,Gujarat,5.5,75000,92,18,72,0.6355052701144691,0.5416864061154123,0.8304231656490977,0.6932923590285004,0.6677160109486068,0,95000,24750.0,3.8383838383838382
25142.145527746554,3,Gujarat,5.5,75000,92,18,72,0.6497958541042009,0.7420630189422857,0.5207562459505569,0.6854445636917651,0.6409473648734717,1,95000,24750.0,3.8383838383838382
25851.866009753496,3,Gujarat,5.5,75000,92,18,72,0.6533965737475452,0.6000893967885362,0.39881018268485435,0.7074846878974465,0.5538675838227058,1,95000,24750.0,3.8383838383838382
30856.15979377347,3,Gujarat,5.5,75000,92,18,72,0.6630986475166887,0.48080946774699684,0.7212806723201124,0.7661173940493485,0.5963499189462611,0,95000,24750.0,3.8383838383838382
53523.906779309655,5,Gujarat,5.5,75000,92,18,72,0.7215893477490161,0.7179553630758526,0.6086320445946987,0.632309504136367,0.6899771909836292,1,95000,24750.0,3.8383838383838382
10050.093653562533,1,Gujarat,5.5,75000,92,18,72,0.5914408655572023,0.2834787533708559,0.4022736026462703,0.4189113533065292,0.3996795840896032,1,95000,24750.0,3.8383838383838382
56249.32149177593,5,Gujarat,5.5,75000,92,18,72,0.7021143540084936,0.7296174847852261,0.4189021963355128,0.6315226916956994,0.766961538780889,1,95000,24750.0,3.8383838383838382
13841.419346035116,1,Gujarat,5.5,75000,92,18,72,0.6300918975881731,0.4386843575487306,0.7805787981106072,0.655021492805577,0.7450057076677,1,95000,24750.0,3.8383838383838382
29301.877464874044,3,Gujarat,5.5,75000,92,18,72,0.6558027889908575,0.2505535679071196,0.7396459699195357,0.6628802587474881,0.5366586277272728,0,95000,24750.0,3.8383838383838382
60143.660944930285,5,Gujarat,5.5,75000,92,18,72,0.7139568967824594,0.5315068629573838,0.5522137028125788,0.6468195843807975,0.565870795669863,1,95000,24750.0,3.8383838383838382
95675.16076321504,5,Gujarat,5.5,75000,92,18,72,0.7183476303533387,0.4355515956426505,0.5556134127693386,0.6365136205019655,0.5168077850328516,0,95000,24750.0,3.8383838383838382
44153.45040375461,4,Gujarat,5.5,75000,92,18,72,0.6847869998211754,0.7057430256805068,0.5722944081856226,0.677627066609393,0.6806406653858572,1,95000,24750.0,3.8383838383838382
10564.545913938175,1,Gujarat,5.5,75000,92,18,72,0.5984415747913405,0.5712942509731644,0.74447229021447,0.6387202167731791,0.5269814120523147,1,95000,24750.0,3.8383838383838382
36342.12273382115,4,Gujarat,5.5,75000,92,18,72,0.7000837585754499,0.4491034434857507,0.5283845693260822,0.7855530158684799,0.5458096349197616,0,95000,24750.0,3.8383838383838382
9510.081627863157,1,Gujarat,5.5,75000,92,18,72,0.5959688009174214,0.10540517631177074,0.7512346672703752,0.6493759206832008,0.4459441546297962,0,95000,24750.0,3.8383838383838382
22087.139030685204,2,Gujarat,5.5,75000,92,18,72,0.6155871813210081,0.5541567008460401,0.5357029401906074,0.6746834200233119,0.5476407993442389,1,95000,24750.0,3.8383838383838382
53585.06546947017,5,Gujarat,5.5,75000,92,18,72,0.7155978477694995,0.6487656489951047,0.5832819038979098,0.6124859428994035,0.607760554081237,0,95000,24750.0,3.8383838383838382
34000.13427961418,4,Gujarat,5.5,75000,92,18,72,0.6825702679001866,0.7802580043940814,0.63759075723181,0.760050071270343,0.621327903999493,1,95000,24750.0,3.8383838383838382
38372.32677109906,4,Gujarat,5.5,75000,92,18,72,0.7014532750867541,0.5032313241933002,0.6349971910934764,0.6996883871185183,0.6469034247403068,1,95000,24750.0,3.8383838383838382
70792.70896979081,5,Gujarat,5.5,75000,92,18,72,0.7289254763616614,0.6975030701533445,0.4780646697969999,0.8119236639738696,0.708797175075828,1,95000,24750.0,3.8383838383838382
23933.091067238718,3,Gujarat,5.5,75000,92,18,72,0.6582895357185936,0.3983062377844252,0.42673460674922825,0.6392848218902173,0.6353817322050602,1,95000,24750.0,3.8383838383838382
10384.823093071727,1,Gujarat,5.5,75000,92,18,72,0.5844269271660931,0.6470745243793181,0.479083338475456,0.5390617153291639,0.4466269339366709,0,95000,24750.0,3.8383838383838382
122305.6240506045,5,Gujarat,5.5,75000,92,18,72,0.7049553630798863,0.8777654954837096,0.6363912394007603,0.6318403982971406,0.7534891565718336,0,95000,24750.0,3.8383838383838382
57041.94907947091,5,Gujarat,5.5,75000,92,18,72,0.7173655183301312,0.841758432323275,0.4181693139094796,0.865567572491991,0.8336574274764162,1,95000,24750.0,3.8383838383838382
13114.047860793456,1,Gujarat,5.5,75000,92,18,72,0.6005775154074985,0.3611660591828917,0.5008776773756645,0.5063865269257659,0.35896600010737384,1,95000,24750.0,3.8383838383838382
35033.08965451381,4,Gujarat,5.5,75000,92,18,72,0.6834680575210251,0.6528376956622315,0.5924556296208925,0.7187122277051029,0.6036140021279081,0,95000,24750.0,3.8383838383838382
25693.024588389097,3,Gujarat,5.5,75000,92,18,72,0.6524125898722133,0.278845854567194,0.6493571267492164,0.5561468799313672,0.4309896989864871,0,95000,24750.0,3.8383838383838382
44172.13825603759,4,Gujarat,5.5,75000,92,18,72,0.6812862933824992,0.5112202558201134,0.4271705367878429,0.654666669597956,0.6196831894514575,1,95000,24750.0,3.8383838383838382
49549.13734389068,5,Gujarat,5.5,75000,92,18,72,0.7169803461118462,0.570637308762052,0.41347074470587675,0.8551732269553439,0.709000724656334,1,95000,24750.0,3.8383838383838382
12720.12499595296,1,Gujarat,5.5,75000,92,18,72,0.573386662193555,0.48417579718232523,0.4219165876723547,0.45687980956507745,0.5209124610162372,1,95000,24750.0,3.8383838383838382
58812.34625161974,5,Gujarat,5.5,75000,92,18,72,0.7062010194265886,0.771543092950119,0.5447408224552148,0.6558316840026879,0.6950101965320894,0,95000,24750.0,3.8383838383838382
34197.49731552346,4,Gujarat,5.5,75000,92,18,72,0.6809437772598121,0.7064682228908445,0.44913528685985676,0.622149733080247,0.7456368684236742,1,95000,24750.0,3.8383838383838382
26157.45289806884,3,Gujarat,5.5,75000,92,18,72,0.6692893176638048,0.5612469965483744,0.5718503396719541,0.6663983263826871,0.6634435145847912,1,95000,24750.0,3.8383838383838382
17037.349022582206,2,Gujarat,5.5,75000,92,18,72,0.6190761492949964,0.517418384691714,0.6721452055073531,0.6002064663079605,0.6763067294774531,1,95000,24750.0,3.8383838383838382
8877.435715971507,1,Gujarat,5.5,75000,92,18,72,0.5990189671325977,0.4355853744858802,0.5935423093459246,0.44659660056637307,0.49479377916120215,0,95000,24750.0,3.8383838383838382
46632.83151800323,4,Gujarat,5.5,75000,92,18,72,0.6894797132235956,0.6603713807656689,0.43520741059034823,0.7515907062703086,0.6354538266478628,0,95000,24750.0,3.8383838383838382
23047.78799521169,3,Gujarat,5.5,75000,92,18,72,0.6701934507708933,0.45688984682343103,0.7998447272757815,0.7662620087291913,0.668098164594513,1,95000,24750.0,3.8383838383838382
71650.02667916071,5,Gujarat,5.5,75000,92,18,72,0.7298400597839272,0.5746269445455463,0.4767228498403013,0.6536486631996867,0.7272596753493631,1,95000,24750.0,3.8383838383838382
30900.806053637814,3,Gujarat,5.5,75000,92,18,72,0.6566392560263364,0.5588980190996727,0.5307764982354527,0.6958861476387841,0.6755920233755534,1,95000,24750.0,3.8383838383838382
11406.789598347817,1,Gujarat,5.5,75000,92,18,72,0.5924594383023912,0.16682799101637913,0.7226166591364219,0.5699153772755301,0.5360916226924894,1,95000,24750.0,3.8383838383838382
55992.26369265663,5,Gujarat,5.5,75000,92,18,72,0.7105759546860287,0.7428809660333453,0.5879545831309059,0.6926816881619865,0.7623899895490475,0,95000,24750.0,3.8383838383838382
26187.672698883183,3,Gujarat,5.5,75000,92,18,72,0.6548036534896279,0.6910098410819274,0.7974583528213632,0.6793491855985013,0.7167621806452231,0,95000,24750.0,3.8383838383838382
17363.161903770586,2,Gujarat,5.5,75000,92,18,72,0.6228739521710497,0.3900907156784208,0.7516958205633464,0.5069726664623904,0.7341375893338438,1,95000,24750.0,3.8383838383838382
16812.259685509773,2,Gujarat,5.5,75000,92,18,72,0.6327505598078681,0.5547033147609526,0.7358525587830892,0.6941864500325857,0.633254726683108,1,95000,24750.0,3.8383838383838382
20755.5709167285,2,Gujarat,5.5,75000,92,18,72,0.6314173838891378,0.6254618731460324,0.7321703077075441,0.4506636259556338,0.5921464255716961,1,95000,24750.0,3.8383838383838382
20874.661646103556,2,Gujarat,5.5,75000,92,18,72,0.6331322976257359,0.25274932328458793,0.6031827123251374,0.6141188930322191,0.48155139899026767,0,95000,24750.0,3.8383838383838382
21479.525630715765,2,Gujarat,5.5,75000,92,18,72,0.6398071228286474,0.358601455137153,0.7579495858425116,0.539634054563826,0.5913651828839596,1,95000,24750.0,3.8383838383838382
25588.008900534707,3,Gujarat,5.5,75000,92,18,72,0.6758429769282874,0.4038107999292141,0.5157942707029723,0.7584082159772144,0.4780395829823656,0,95000,24750.0,3.8383838383838382
51094.35867212501,5,Gujarat,5.5,75000,92,18,72,0.7184609196483612,0.5997575390054671,0.5896633768978206,0.743809880412249,0.4789923692380386,1,95000,24750.0,3.8383838383838382
12991.698441129613,1,Gujarat,5.5,75000,92,18,72,0.6082089234282422,0.4994943978821988,0.5310529703298889,0.6347464117812659,0.5080148791377473,0,95000,24750.0,3.8383838383838382
38062.21442302751,4,Gujarat,5.5,75000,92,18,72,0.6836976838759435,0.758536054636217,0.7950578120736154,0.8211461034553461,0.796127217333604,0,95000,24750.0,3.8383838383838382
52831.40147399431,5,Gujarat,5.5,75000,92,18,72,0.7290643555501158,0.484083714617814,0.8427058882894074,0.6943048654391041,0.7624130502219758,1,95000,24750.0,3.8383838383838382
70473.69293596271,5,Gujarat,5.5,75000,92,18,72,0.7278293772860441,0.6162024815184673,0.4861004254992085,0.8581025569714255,0.6289886459191264,1,95000,24750.0,3.8383838383838382
84915.38865315806,5,Gujarat,5.5,75000,92,18,72,0.7272984454137156,0.43791338030859495,0.7060789447200273,0.8118836784223703,0.5862311554630192,1,95000,24750.0,3.8383838383838382
21431.52036405498,2,Gujarat,5.5,75000,92,18,72,0.628154984126201,0.6968972130663729,0.5313920129235887,0.47645231913238895,0.5122670465927187,0,95000,24750.0,3.8383838383838382
8000.0,1,Gujarat,5.5,75000,92,18,72,0.5905307040743768,0.6318715768509068,0.5983468223852979,0.42517598463138795,0.46958819800805657,0,95000,24750.0,3.8383838383838382
8224.97248272995,1,Gujarat,5.5,75000,92,18,72,0.583269001335631,0.3411040930445242,0.8431901187355206,0.6392036172441729,0.5901451503290023,0,95000,24750.0,3.8383838383838382
25113.535965243384,3,Gujarat,5.5,75000,92,18,72,0.6568139136390746,0.32169974324911604,0.4792549501833947,0.6344948268814877,0.536925817212005,0,95000,24750.0,3.8383838383838382
8961.111749560188,1,Gujarat,5.5,75000,92,18,72,0.6125444111367775,0.31045171799933247,0.5071346419481311,0.5425450812910249,0.5796994330794093,0,95000,24750.0,3.8383838383838382
8821.122306386325,1,Gujarat,5.5,75000,92,18,72,0.5941158367006449,0.16087219379466233,0.7044034538473438,0.6613739616144023,0.4773885570663402,0,95000,24750.0,3.8383838383838382
36619.35909495759,4,Gujarat,5.5,75000,92,18,72,0.6950655515688862,0.6094630868491624,0.7773037974887524,0.8151410010545997,0.6515477597748,0,95000,24750.0,3.8383838383838382
27678.58210371239,3,Gujarat,5.5,75000,92,18,72,0.6656537997194749,0.5236239644623358,0.8776027111360434,0.5278117954059915,0.6550195450409385,1,95000,24750.0,3.8383838383838382
91555.78340790413,5,Gujarat,5.5,75000,92,18,72,0.714377423505014,0.7853721544364042,0.4843796274808354,0.7060944968833677,0.6355760083515839,1,95000,24750.0,3.8383838383838382
27741.035734304416,3,Gujarat,5.5,75000,92,18,72,0.6703777340894809,0.528581508454986,0.8311422440957762,0.7625680307807446,0.6381129473202547,0,95000,24750.0,3.8383838383838382
10312.766928612778,1,Gujarat,5.5,75000,92,18,72,0.5681276782694806,0.2546427979234712,0.7200547338941771,0.6399563045031892,0.640962632483047,0,95000,24750.0,3.8383838383838382
150000.0,5,Gujarat,5.5,75000,92,18,72,0.704986782926904,0.5505530540294007,0.5218131646570767,0.8103026463107631,0.738574353845266,1,95000,24750.0,3.8383838383838382
40066.19159959972,4,Gujarat,5.5,75000,92,18,72,0.6780579627507011,0.4611318489892594,0.508382923811616,0.5745901611318517,0.5317899228259311,0,95000,24750.0,3.8383838383838382
27552.772033120178,3,Gujarat,5.5,75000,92,18,72,0.6490171354856118,0.5508567297414281,0.5966133705322583,0.68035836986176,0.742090944845097,0,95000,24750.0,3.8383838383838382
34955.79698124043,4,Gujarat,5.5,75000,92,18,72,0.6905769152261446,0.6646560909471593,0.5910750400942943,0.7185554204985941,0.7351099688244993,1,95000,24750.0,3.8383838383838382
16423.880799480696,2,Gujarat,5.5,75000,92,18,72,0.6301146637448247,0.5290488070407793,0.5949585827523911,0.4941501183205689,0.5718544099052253,0,95000,24750.0,3.8383838383838382
28373.2980959827,3,Gujarat,5.5,75000,92,18,72,0.6611541914360357,0.7087495337814407,0.5563971452690585,0.7261576369201809,0.6283671085344559,1,95000,24750.0,3.8383838383838382
33697.82129792016,4,Gujarat,5.5,75000,92,18,72,0.6931751006556105,0.6016827064957957,0.48587741812721497,0.6375930954786242,0.47084368758183315,0,95000,24750.0,3.8383838383838382
23802.078084274934,3,Gujarat,5.5,75000,92,18,72,0.6477132400228292,0.5054672009226624,0.49056726841007314,0.6801877168934153,0.5268056652853629,0,95000,24750.0,3.8383838383838382
15850.849726212175,2,Gujarat,5.5,75000,92,18,72,0.6150325250462125,0.6474863187552415,0.5536040887345819,0.552550645741918,0.5421817112671367,1,95000,24750.0,3.8383838383838382
27098.8571364109,3,Gujarat,5.5,75000,92,18,72,0.6611774825343643,0.5899872356683898,0.6079068089663274,0.5193185639314762,0.49959312386303434,1,95000,24750.0,3.8383838383838382
12764.465236482885,1,Gujarat,5.5,75000,92,18,72,0.5909119649778213,0.18603973908701915,0.6256920480285915,0.5514384677391765,0.4665706228672404,0,95000,24750.0,3.8383838383838382
28145.19961824665,3,Gujarat,5.5,75000,92,18,72,0.641509535260606,0.2944923881101237,0.5614278393625302,0.5859929406666965,0.3653438563559793,0,95000,24750.0,3.8383838383838382
36528.816411854554,4,Gujarat,5.5,75000,92,18,72,0.6969277285597005,0.7263754006985735,0.5243923229229184,0.5653939010042769,0.7256035848804738,0,95000,24750.0,3.8383838383838382
61910.953163615995,5,Gujarat,5.5,75000,92,18,72,0.7311653047793086,0.9009005029582051,0.5458599360003462,0.6535526748277781,0.6992136175867728,1,95000,24750.0,3.8383838383838382
10333.898750672295,1,Gujarat,5.5,75000,92,18,72,0.6127858946112723,0.13378242190501216,0.43828903327349444,0.5796567307572736,0.4765181878255688,0,95000,24750.0,3.8383838383838382
17969.707805030623,2,Gujarat,5.5,75000,92,18,72,0.6290843629290329,0.5604077703931775,0.6133997999425028,0.4744145998152185,0.6014363243005153,1,95000,24750.0,3.8383838383838382
19726.189028299093,2,Gujarat,5.5,75000,92,18,72,0.6334736066740148,0.6175866933471923,0.5323007366359241,0.47023990231563595,0.45336469228397447,1,95000,24750.0,3.8383838383838382
14481.657102629193,1,Gujarat,5.5,75000,92,18,72,0.6109129679479048,0.541521950447325,0.44002116577933764,0.6772064707092553,0.43323147830754516,1,95000,24750.0,3.8383838383838382
75343.9741390948,5,Gujarat,5.5,75000,92,18,72,0.7108001278140513,0.47529078522476553,0.7670068328253383,0.6262570137364245,0.6128777422868273,1,95000,24750.0,3.8383838383838382
17607.304479739785,2,Gujarat,5.5,75000,92,18,72,0.6383210625548267,0.4844584435664028,0.6315209599734739,0.5568179184928672,0.5924788045063096,1,95000,24750.0,3.8383838383838382
66917.70786051033,5,Gujarat,5.5,75000,92,18,72,0.7199682480557178,0.7882556505749985,0.660981760143476,0.6340232671450462,0.7226477504423867,1,95000,24750.0,3.8383838383838382
37122.57299356704,4,Gujarat,5.5,75000,92,18,72,0.6963514022377115,0.43533153012946985,0.6613634762142476,0.8257807276726751,0.7506696332363465,1,95000,24750.0,3.8383838383838382
10477.774697771358,1,Gujarat,5.5,75000,92,18,72,0.599075215923045,0.14532318653530046,0.8159568503706057,0.538348419851033,0.5177421907885317,1,95000,24750.0,3.8383838383838382
62335.71004844137,5,Gujarat,5.5,75000,92,18,72,0.7301768528117657,0.9578298688708544,0.6256201948053761,0.627335772634131,0.7710284614594375,1,95000,24750.0,3.8383838383838382
44501.01680596564,4,Gujarat,5.5,75000,92,18,72,0.689449523339701,0.4159624008210272,0.4617004323819174,0.7746449327276922,0.5560278904473812,0,95000,24750.0,3.8383838383838382
8000.0,1,Gujarat,5.5,75000,92,18,72,0.5823744951196115,0.14304877772284724,0.6515862496431608,0.6282359763120817,0.45577546537251123,0,95000,24750.0,3.8383838383838382
49135.223616610725,5,Gujarat,5.5,75000,92,18,72,0.731733552037433,0.4838277073499122,0.4153608973371742,0.8643598390025174,0.6567718116415867,0,95000,24750.0,3.8383838383838382
44999.85066695643,4,Gujarat,5.5,75000,92,18,72,0.6777389783045645,0.5348356713668174,0.6249115964850928,0.7556966160726021,0.706483009409996,1,95000,24750.0,3.8383838383838382
17052.467170845855,2,Gujarat,5.5,75000,92,18,72,0.6397448678167249,0.48813599718248957,0.5004014621059465,0.4604148821523175,0.5597749587472348,1,95000,24750.0,3.8383838383838382
40556.64075158057,4,Gujarat,5.5,75000,92,18,72,0.6863118568998825,0.527504010635891,0.540795785362616,0.7090934641308945,0.6200454641803921,1,95000,24750.0,3.8383838383838382
31841.547005749184,3,Gujarat,5.5,75000,92,18,72,0.6689743955662627,0.2932975637159368,0.6077967077695334,0.6092119576201133,0.5305859145684897,1,95000,24750.0,3.8383838383838382
43097.78772503507,4,Gujarat,5.5,75000,92,18,72,0.6985619718629533,0.5068099643913252,0.695320753105552,0.7685743150880099,0.7084766614644034,0,95000,24750.0,3.8383838383838382
17919.299316750195,2,Gujarat,5.5,75000,92,18,72,0.6315157154574395,0.5308669373936284,0.49793599992013643,0.6212787025517449,0.7003442277790611,1,95000,24750.0,3.8383838383838382
11647.907819710696,1,Gujarat,5.5,75000,92,18,72,0.602299638890557,0.3509300644097005,0.5007426099854179,0.6115601562376674,0.371814317366903,1,95000,24750.0,3.8383838383838382
36725.32563144253,4,Gujarat,5.5,75000,92,18,72,0.6914405718862113,0.6198091655914215,0.7600404048885163,0.5981331753619269,0.6060988192376969,1,95000,24750.0,3.8383838383838382
27181.224448671757,3,Gujarat,5.5,75000,92,18,72,0.6370760381514748,0.5807797847325755,0.6393404950322116,0.6251212981803359,0.5538050639007093,0,95000,24750.0,3.8383838383838382
42353.074874526836,4,Gujarat,5.5,75000,92,18,72,0.6883975879032677,0.5205793021356486,0.5680784848707044,0.6736312980947549,0.5338790007281902,0,95000,24750.0,3.8383838383838382
24719.218474794576,3,Gujarat,5.5,75000,92,18,72,0.6460536439535667,0.5279678990882469,0.5977122477997896,0.788292383474711,0.597431900874484,1,95000,24750.0,3.8383838383838382
30613.179941099825,3,Gujarat,5.5,75000,92,18,72,0.6589261571517423,0.4699275824508583,0.5330566931636962,0.4997330488409818,0.5606248711581361,1,95000,24750.0,3.8383838383838382
43803.59686593576,4,Gujarat,5.5,75000,92,18,72,0.6757848602504535,0.465648211899508,0.4654746065993961,0.7888128826242865,0.6905507633225189,1,95000,24750.0,3.8383838383838382
16288.658964367705,2,Gujarat,5.5,75000,92,18,72,0.615364766302025,0.4944967872829893,0.6149425418112644,0.4731334928962,0.5416004682930342,1,95000,24750.0,3.8383838383838382
8000.0,1,Gujarat,5.5,75000,92,18,72,0.6132636307318247,0.2526129041154032,0.5372608678174446,0.4181134167202296,0.4344240426697947,0,95000,24750.0,3.8383838383838382
20732.44734832617,2,Gujarat,5.5,75000,92,18,72,0.6379087595955276,0.36190432591623967,0.7836253963850168,0.5424529479452079,0.49286286255509104,1,95000,24750.0,3.8383838383838382
100630.47409187429,5,Gujarat,5.5,75000,92,18,72,0.7171728598648441,0.8159212915026853,0.5016949562543421,0.80423006817214,0.5593029902023553,1,95000,24750.0,3.8383838383838382
24262.28071927375,3,Gujarat,5.5,75000,92,18,72,0.6590619722167759,0.4467834358125932,0.5081261723609398,0.6975338971271153,0.6165088488552014,1,95000,24750.0,3.8383838383838382
8810.573849078719,1,Gujarat,5.5,75000,92,18,72,0.5947351254568556,0.18797070629075702,0.44910082451521055,0.5823641932373936,0.530639847157394,0,95000,24750.0,3.8383838383838382
19536.359935344048,2,Gujarat,5.5,75000,92,18,72,0.632913049474081,0.5356771431673617,0.8878250114466728,0.6763653308172803,0.7296335023753784,1,95000,24750.0,3.8383838383838382
17649.302757322956,2,Gujarat,5.5,75000,92,18,72,0.6204537420487977,0.46216763030701913,0.6155435401008403,0.5137134159599203,0.5254683434899045,0,95000,24750.0,3.8383838383838382
45993.53834618945,4,Gujarat,5.5,75000,92,18,72,0.6971516883429653,0.835894914686039,0.5161184034163268,0.7341533334541851,0.7198303079404058,1,95000,24750.0,3.8383838383838382
9011.149294983583,1,Gujarat,5.5,75000,92,18,72,0.5946834173041445,0.3970054770544459,0.4993486212667892,0.5854112637311923,0.6024253859480778,1,95000,24750.0,3.8383838383838382
60798.326817101275,5,Gujarat,5.5,75000,92,18,72,0.7130158157559734,0.7109771797481848,0.3983990350446018,0.7903006538385343,0.6448896014780584,1,95000,24750.0,3.8383838383838382
16087.307664420961,2,Gujarat,5.5,75000,92,18,72,0.6274314158991342,0.4304189999622179,0.7532108331937364,0.6223360905166102,0.5622144155838955,1,95000,24750.0,3.8383838383838382
13212.580550735735,1,Gujarat,5.5,75000,92,18,72,0.5913028174150295,0.20581841126995903,0.7864170510887498,0.46045686785127804,0.33786737181877136,1,95000,24750.0,3.8383838383838382
20807.744177890974,2,Gujarat,5.5,75000,92,18,72,0.6305011092092505,0.6463967690844615,0.7378857877819667,0.7182896694286317,0.7072948322323708,1,95000,24750.0,3.8383838383838382
150000.0,5,Gujarat,5.5,75000,92,18,72,0.7118406598211517,0.6130800224391628,0.45789702112456454,0.8868013885597131,0.6766981057166721,0,95000,24750.0,3.8383838383838382
15894.783695770475,2,Gujarat,5.5,75000,92,18,72,0.6318995217424741,0.5479111492887885,0.5231517094002474,0.6507560137259819,0.565237808939793,0,95000,24750.0,3.8383838383838382
16853.255807673966,2,Gujarat,5.5,75000,92,18,72,0.6393743511034005,0.49780921189729177,0.48428763017842,0.5772239151921662,0.5935192112043947,1,95000,24750.0,3.8383838383838382
48871.10361050547,5,Gujarat,5.5,75000,92,18,72,0.710021068846204,0.8318049147266877,0.6590484758379542,0.755157232442153,0.7085098722426756,1,95000,24750.0,3.8383838383838382
14876.682622661634,1,Gujarat,5.5,75000,92,18,72,0.595908531141334,0.45875423882681904,0.5283237652823422,0.42651145542382196,0.503502566675814,0,95000,24750.0,3.8383838383838382
13298.681903574883,1,Gujarat,5.5,75000,92,18,72,0.6018275928446399,0.5759518360483388,0.6135028989194428,0.5030187694337832,0.5864729439831139,1,95000,24750.0,3.8383838383838382
17580.1307569176,2,Gujarat,5.5,75000,92,18,72,0.6228557121644717,0.49492582880698843,0.5184556804141652,0.7368403061895038,0.5715178353765956,0,95000,24750.0,3.8383838383838382
13366.253813695026,1,Gujarat,5.5,75000,92,18,72,0.6018574913225524,0.41943649718636455,0.6585803513418345,0.558316678782146,0.5958673795500952,0,95000,24750.0,3.8383838383838382
14105.398435415242,1,Gujarat,5.5,75000,92,18,72,0.602768274320803,0.22233951389036327,0.6167287461891667,0.5621882630770502,0.46637789848278155,1,95000,24750.0,3.8383838383838382
16740.371240218545,2,Gujarat,5.5,75000,92,18,72,0.6380469034772288,0.30741502821332745,0.5027183221653262,0.7301939607060745,0.6024101988312577,0,95000,24750.0,3.8383838383838382
30506.871959292344,3,Gujarat,5.5,75000,92,18,72,0.6511543852534365,0.49824137523938994,0.42461549662645737,0.7599062541032527,0.5573605578127258,1,95000,24750.0,3.8383838383838382
43079.45976173136,4,Gujarat,5.5,75000,92,18,72,0.6777865333119809,0.4601425568491053,0.8249586684516894,0.7146149133412084,0.7132742057665494,1,95000,24750.0,3.8383838383838382
13600.060044219677,1,Gujarat,5.5,75000,92,18,72,0.5941385118186483,0.5260090081394231,0.8003154151129674,0.4746972546946462,0.5347435484581061,0,95000,24750.0,3.8383838383838382
24729.031214228224,3,Gujarat,5.5,75000,92,18,72,0.6475367623188146,0.4075930057686856,0.577567717872444,0.5290794245696755,0.5561463329376009,0,95000,24750.0,3.8383838383838382
97414.32704748314,5,Gujarat,5.5,75000,92,18,72,0.7228592677547606,0.8961131827879885,0.5853181105805187,0.8530954277084263,0.799473577964212,1,95000,24750.0,3.8383838383838382
38206.69033647855,4,Gujarat,5.5,75000,92,18,72,0.6755967727125216,0.5068232437096714,0.5186351366994912,0.820027454955275,0.630559468399242,1,95000,24750.0,3.8383838383838382
17020.044587070515,2,Gujarat,5.5,75000,92,18,72,0.6505444498968126,0.4458511277748819,0.662440191062458,0.5922854764040117,0.5478802350080474,1,95000,24750.0,3.8383838383838382
84793.58501919598,5,Gujarat,5.5,75000,92,18,72,0.7301735643300232,0.45125700360887117,0.5605521343946376,0.6223645698619136,0.6001713908563304,1,95000,24750.0,3.8383838383838382
23786.65364850309,3,Gujarat,5.5,75000,92,18,72,0.6573400434102887,0.5968064572894045,0.6633278244094399,0.6758674191600044,0.65689672679883,1,95000,24750.0,3.8383838383838382
21667.17336612578,2,Gujarat,5.5,75000,92,18,72,0.6358882306442655,0.36197875193924545,0.48637798387370895,0.5542384196825624,0.5410877639061556,0,95000,24750.0,3.8383838383838382
68755.72688576953,5,Gujarat,5.5,75000,92,18,72,0.7008462670711778,0.6612522896453248,0.484750753371964,0.6413581981942161,0.6614191789982551,0,95000,24750.0,3.8383838383838382
27307.540561297912,3,Gujarat,5.5,75000,92,18,72,0.6824480190282812,0.323843921645845,0.5559902034652174,0.769743016891678,0.38208330149540715,0,95000,24750.0,3.8383838383838382
50338.567905965196,5,Gujarat,5.5,75000,92,18,72,0.7113121395922808,0.593699606085123,0.6440054253669154,0.6658347156143122,0.7271133124372386,1,95000,24750.0,3.8383838383838382
8000.0,1,Gujarat,5.5,75000,92,18,72,0.5960093115752921,0.4472418884777186,0.8215097329084742,0.6073484547538488,0.6205917288125151,0,95000,24750.0,3.8383838383838382
44167.74702036471,4,Gujarat,5.5,75000,92,18,72,0.6686549528424013,0.5948922190294332,0.6883579594539451,0.6728133577908043,0.7377128894544822,0,95000,24750.0,3.8383838383838382
18322.63692054733,2,Gujarat,5.5,75000,92,18,72,0.6320771587616947,0.25533717357523605,0.6719947800473025,0.6923762601864804,0.619708744858814,0,95000,24750.0,3.8383838383838382
28709.73178335106,3,Gujarat,5.5,75000,92,18,72,0.6461508441435145,0.5372223208338527,0.6438413651648729,0.7042504710528319,0.6082087811864689,1,95000,24750.0,3.8383838383838382
30088.534796326836,3,Gujarat,5.5,75000,92,18,72,0.658230843329946,0.5491229447657837,0.5614664973741131,0.5309480088855673,0.4832792326090408,1,95000,24750.0,3.8383838383838382
65250.92416972254,5,Gujarat,5.5,75000,92,18,72,0.7117715413850403,0.5522091562106825,0.5198137329542205,0.7288835203970166,0.7683676304344895,0,95000,24750.0,3.8383838383838382
8000.0,1,Gujarat,5.5,75000,92,18,72,0.5864368463649823,0.4315678130372128,0.5787460357896886,0.4719365665827524,0.5775813683986328,1,95000,24750.0,3.8383838383838382
23145.491265534638,3,Gujarat,5.5,75000,92,18,72,0.6491706706966595,0.5615222247560155,0.4709266585536754,0.708075341453423,0.6618744224299571,1,95000,24750.0,3.8383838383838382
18151.02626090777,2,Gujarat,5.5,75000,92,18,72,0.6294721660551409,0.6106478709545831,0.6855572710504734,0.607406648018201,0.5648230510632718,0,95000,24750.0,3.8383838383838382
15264.38377791103,2,Gujarat,5.5,75000,92,18,72,0.6143993759855975,0.3875219503207372,0.6844369164516959,0.5460543653303557,0.43946986603477495,1,95000,24750.0,3.8383838383838382
39840.67337580627,4,Gujarat,5.5,75000,92,18,72,0.6797261690040499,0.6613097526976915,0.45714678412637544,0.6428380440984395,0.5965043287238045,0,95000,24750.0,3.8383838383838382
8958.75632706496,1,Gujarat,5.5,75000,92,18,72,0.6038470195269304,0.45691541110144906,0.4407787368417716,0.42834609785640865,0.5147265541009666,0,95000,24750.0,3.8383838383838382
15499.319111687411,2,Gujarat,5.5,75000,92,18,72,0.6532390844630288,0.3065444573850009,0.6199841118530147,0.5081465500103779,0.33147847628420674,0,95000,24750.0,3.8383838383838382
114904.64262692844,5,Gujarat,5.5,75000,92,18,72,0.7219901739098158,0.7494863872598042,0.4962094353024705,0.8080398742788254,0.6808847912803927,0,95000,24750.0,3.8383838383838382
22021.995860093088,2,Gujarat,5.5,75000,92,18,72,0.6180416692925128,0.4299476017924283,0.5021486291621008,0.6269713441447584,0.721590366890061,1,95000,24750.0,3.8383838383838382
105962.78408984387,5,Gujarat,5.5,75000,92,18,72,0.7135431440135626,0.43983888439809454,0.562535664931342,0.7006787837933492,0.6064943677869798,0,95000,24750.0,3.8383838383838382
9394.885929193895,1,Gujarat,5.5,75000,92,18,72,0.5975301757758115,0.1666850994296864,0.5284283771320561,0.6448346816870787,0.468942656203207,0,95000,24750.0,3.8383838383838382
32132.32343438707,3,Gujarat,5.5,75000,92,18,72,0.6537200362079285,0.5419594024569032,0.41768439355981923,0.6393238552892562,0.5702183483164983,1,95000,24750.0,3.8383838383838382
21157.83165926623,2,Gujarat,5.5,75000,92,18,72,0.6362448673816551,0.529258037322214,0.5681434171069076,0.6823302463065971,0.7195977843266422,1,95000,24750.0,3.8383838383838382
65078.20961960419,5,Gujarat,5.5,75000,92,18,72,0.719389020544428,0.7432064265177776,0.7956500037807113,0.8283540452986727,0.7623484103319134,0,95000,24750.0,3.8383838383838382
14271.037165953407,1,Gujarat,5.5,75000,92,18,72,0.6062928095633844,0.5042871279632432,0.6555211502737669,0.6483996851948682,0.4551159732236289,1,95000,24750.0,3.8383838383838382
8000.0,1,Gujarat,5.5,75000,92,18,72,0.5940698478113094,0.39304040082398256,0.6134848108793234,0.6489315121645925,0.6202005779519385,1,95000,24750.0,3.8383838383838382
38746.11221705014,4,Gujarat,5.5,75000,92,18,72,0.7004692879114982,0.526460926100351,0.6446027488610893,0.7477187795881334,0.601376910797856,1,95000,24750.0,3.8383838383838382
23472.01650951488,3,Gujarat,5.5,75000,92,18,72,0.6555494298714701,0.6920200372783395,0.7860907121958007,0.7188270480186801,0.6104671378000397,0,95000,24750.0,3.8383838383838382
59093.65894542646,5,Gujarat,5.5,75000,92,18,72,0.7075023870229058,0.8672328407530527,0.5116226813623069,0.8270721588142945,0.8282394003674793,1,95000,24750.0,3.8383838383838382
17170.75428526545,2,Gujarat,5.5,75000,92,18,72,0.648987489524708,0.4907608409570994,0.7714210908287773,0.4947478200667056,0.6339505974750291,0,95000,24750.0,3.8383838383838382
15773.595576319589,2,Gujarat,5.5,75000,92,18,72,0.6089645082446745,0.5899615805408852,0.7709916258309841,0.5340734485006583,0.5755005588697197,1,95000,24750.0,3.8383838383838382
23489.80327691453,3,Gujarat,5.5,75000,92,18,72,0.6498268984612363,0.6696724398140439,0.512969143840633,0.5252719214796646,0.6661664849592819,1,95000,24750.0,3.8383838383838382
69735.2367015119,5,Gujarat,5.5,75000,92,18,72,0.7109440071959817,0.7294143422275382,0.518714639105418,0.6508114087220499,0.7360958896705533,1,95000,24750.0,3.8383838383838382
38323.90421487218,4,Gujarat,5.5,75000,92,18,72,0.7122973484448513,0.8113581757668826,0.5748575877724313,0.777486175690356,0.6965651535987498,0,95000,24750.0,3.8383838383838382
21750.494673259465,2,Gujarat,5.5,75000,92,18,72,0.6452828745557508,0.4439594945879042,0.757032600877505,0.7281331301625947,0.6553178979070564,0,95000,24750.0,3.8383838383838382
15161.574280953051,2,Gujarat,5.5,75000,92,18,72,0.6421535671507077,0.35423109990236357,0.6429097443635606,0.6460906400192593,0.5582038156373561,0,95000,24750.0,3.8383838383838382
52879.88179684682,5,Gujarat,5.5,75000,92,18,72,0.7139076990905224,0.8265491458519809,0.5570379329724446,0.8598143121121952,0.7253615387624229,1,95000,24750.0,3.8383838383838382
19631.044880364534,2,Gujarat,5.5,75000,92,18,72,0.6514760657527034,0.34299263650934136,0.6194744711267521,0.5393930045823015,0.5281825677145714,0,95000,24750.0,3.8383838383838382
24259.262369653316,3,Gujarat,5.5,75000,92,18,72,0.6608978057526953,0.6146976555880329,0.5523191666264432,0.7477386740919506,0.7079056322527778,1,95000,24750.0,3.8383838383838382
33817.081891748916,4,Gujarat,5.5,75000,92,18,72,0.6969869194173169,0.3943343796303868,0.7535512446771064,0.6456357807477159,0.5643878078813728,0,95000,24750.0,3.8383838383838382
43016.387729876034,4,Gujarat,5.5,75000,92,18,72,0.6890112395253477,0.7563163029222634,0.7100426551666221,0.8122500174735887,0.7945037321631284,1,95000,24750.0,3.8383838383838382
14307.854224698094,1,Gujarat,5.5,75000,92,18,72,0.5967196200010532,0.17802911885430261,0.5976762527556216,0.6334137514531775,0.34614805115525876,0,95000,24750.0,3.8383838383838382
27684.927839693493,3,Gujarat,5.5,75000,92,18,72,0.6546964989750218,0.7482037920548923,0.48393882529566123,0.7890791556359983,0.7001727912464101,0,95000,24750.0,3.8383838383838382
18783.808044318193,2,Gujarat,5.5,75000,92,18,72,0.6251178857800941,0.6074980001535454,0.8215815415082519,0.6921818134128973,0.6246132677331395,1,95000,24750.0,3.8383838383838382
40711.66312385499,4,Gujarat,5.5,75000,92,18,72,0.6932992022010664,0.49481237162387703,0.6883476096542774,0.6634628975806148,0.7463565151881331,1,95000,24750.0,3.8383838383838382
30192.009699399816,3,Gujarat,5.5,75000,92,18,72,0.6608862837020395,0.4425354240326608,0.597718435174988,0.5270239340407301,0.42999678667649804,0,95000,24750.0,3.8383838383838382
23011.7082965005,3,Gujarat,5.5,75000,92,18,72,0.6568995720122488,0.7736996933489668,0.5701064502307404,0.7562819299676885,0.6841437863772366,0,95000,24750.0,3.8383838383838382
23787.176618108817,3,Gujarat,5.5,75000,92,18,72,0.6723095256412742,0.5983737894233215,0.6087833571753403,0.665357292060016,0.584986207493893,0,95000,24750.0,3.8383838383838382
53698.16784715345,5,Gujarat,5.5,75000,92,18,72,0.6875467550268783,0.7105013125178223,0.6820849517259849,0.8514424648034652,0.717023966575689,0,95000,24750.0,3.8383838383838382
40618.840466052534,4,Gujarat,5.5,75000,92,18,72,0.6923131581934976,0.6939590803672095,0.6165712174370998,0.6601386743727015,0.5999859490506845,0,95000,24750.0,3.8383838383838382
16926.10655479175,2,Gujarat,5.5,75000,92,18,72,0.6343916727808755,0.4055448754468345,0.5274392051595747,0.45268477004059005,0.4954750853870266,0,95000,24750.0,3.8383838383838382
19604.93828925062,2,Gujarat,5.5,75000,92,18,72,0.6386839143968375,0.4973042836613859,0.4128566320712717,0.45972497618842134,0.502640167079418,0,95000,24750.0,3.8383838383838382
32406.51496574702,3,Gujarat,5.5,75000,92,18,72,0.656565571303752,0.677893530008016,0.5403786741124297,0.6951495438197315,0.527638770957169,1,95000,24750.0,3.8383838383838382
20934.66954639442,2,Gujarat,5.5,75000,92,18,72,0.6292934863881253,0.24489923056566246,0.8373791659097731,0.4783387713513524,0.5626757697997083,0,95000,24750.0,3.8383838383838382
43495.94176080591,4,Gujarat,5.5,75000,92,18,72,0.6970737695474328,0.43556521229258593,0.5462289910523704,0.7676385986974211,0.5231773901872192,0,95000,24750.0,3.8383838383838382
9000.45915106697,1,Gujarat,5.5,75000,92,18,72,0.6121259497570875,0.3155541855492835,0.4071694401763107,0.5198327823717047,0.44348604244655376,0,95000,24750.0,3.8383838383838382
34701.64314992051,4,Gujarat,5.5,75000,92,18,72,0.6842089258624979,0.5762715039194233,0.7118413868081312,0.7129323752903566,0.7850768463419853,0,95000,24750.0,3.8383838383838382
12038.24778408948,1,Gujarat,5.5,75000,92,18,72,0.5998840435455614,0.34781422389173616,0.7466418125381457,0.634364012835829,0.49625416972473624,1,95000,24750.0,3.8383838383838382
16742.48438897942,2,Gujarat,5.5,75000,92,18,72,0.6440000253577733,0.3040444788748207,0.5070790398791514,0.5199214332909364,0.4566867707263789,1,95000,24750.0,3.8383838383838382
62061.219126731026,5,Gujarat,5.5,75000,92,18,72,0.6959740149554972,0.5270765515268517,0.6995885769168935,0.7178707644559529,0.6250964499442724,1,95000,24750.0,3.8383838383838382
17707.48771255881,2,Gujarat,5.5,75000,92,18,72,0.6203141597161399,0.37425589478329824,0.6556987562219014,0.6628671948714754,0.5203287917003305,0,95000,24750.0,3.8383838383838382
36057.80970512586,4,Gujarat,5.5,75000,92,18,72,0.7018726455003153,0.7119478333037941,0.4734712873327349,0.8195283271689603,0.7255291888601669,1,95000,24750.0,3.8383838383838382
94527.67702177828,5,Gujarat,5.5,75000,92,18,72,0.7281396640503687,0.6518805837675626,0.4865086885337066,0.6810899284484824,0.7648809455112506,1,95000,24750.0,3.8383838383838382
12529.102117490978,1,Gujarat,5.5,75000,92,18,72,0.6024387378235526,0.39109055810505033,0.6995112023795546,0.5808168833189319,0.5412516897681908,0,95000,24750.0,3.8383838383838382
27036.530473679533,3,Gujarat,5.5,75000,92,18,72,0.6527283169831944,0.43916828270555985,0.5552396428649153,0.7793641876578278,0.7022680359338356,0,95000,24750.0,3.8383838383838382
8000.0,1,Gujarat,5.5,75000,92,18,72,0.5883961007244315,0.3373507607549909,0.8026425943365296,0.5886556567122869,0.49484157250632776,0,95000,24750.0,3.8383838383838382
41435.95100302366,4,Gujarat,5.5,75000,92,18,72,0.681302129521862,0.5234986200251772,0.5815766826941761,0.8118367310423139,0.7426886101689291,1,95000,24750.0,3.8383838383838382
29743.67927748196,3,Gujarat,5.5,75000,92,18,72,0.6726943679224726,0.6749532827936756,0.7706441631347658,0.7759189554430547,0.8138701202566697,1,95000,24750.0,3.8383838383838382
30091.943529912463,3,Gujarat,5.5,75000,92,18,72,0.6509298588227321,0.5076374269153459,0.5565416239686514,0.7728027867286275,0.7165369224152068,1,95000,24750.0,3.8383838383838382
30447.97019025483,3,Gujarat,5.5,75000,92,18,72,0.6582285153566823,0.5143479816455928,0.7138088395498847,0.721543125293301,0.7048484839642049,0,95000,24750.0,3.8383838383838382
18348.882286110544,2,Gujarat,5.5,75000,92,18,72,0.6196772092656683,0.4623383739785223,0.5848149730291151,0.6096286458908515,0.6049037326474612,0,95000,24750.0,3.8383838383838382
48089.19008676039,4,Gujarat,5.5,75000,92,18,72,0.6956420260152759,0.7726878781516662,0.6573747167959058,0.5730258513679515,0.6278665640307659,1,95000,24750.0,3.8383838383838382
78948.60442936925,5,Gujarat,5.5,75000,92,18,72,0.7118270229108212,0.7192678945191082,0.454068972059063,0.66081184216947,0.5590669817413754,1,95000,24750.0,3.8383838383838382
14153.935976709558,1,Gujarat,5.5,75000,92,18,72,0.5962383468127416,0.24873656987939224,0.5540498627496697,0.47073013795034724,0.48168672209052366,1,95000,24750.0,3.8383838383838382
9211.654439216589,1,Gujarat,5.5,75000,92,18,72,0.5803804643838575,0.14389938728180163,0.61027859289661,0.40397787185108947,0.33353007989417405,0,95000,24750.0,3.8383838383838382
25667.354152349,3,Gujarat,5.5,75000,92,18,72,0.6410806033522363,0.7270579479194491,0.5391789665801809,0.5245770133724141,0.54987139943707,1,95000,24750.0,3.8383838383838382
76196.6142852225,5,Gujarat,5.5,75000,92,18,72,0.7172910176475008,0.42371502746999185,0.6180073530309008,0.6824270094834887,0.5267783203286047,1,95000,24750.0,3.8383838383838382
15518.835786320245,2,Gujarat,5.5,75000,92,18,72,0.6139627141623081,0.39602776040012366,0.7824469753259697,0.4712222826768594,0.4915412648256934,1,95000,24750.0,3.8383838383838382
18311.965998888463,2,Gujarat,5.5,75000,92,18,72,0.6482651521076308,0.519218677652337,0.3831345143559332,0.4948605023200937,0.5821994548191435,1,95000,24750.0,3.8383838383838382
26061.441073632614,3,Gujarat,5.5,75000,92,18,72,0.6365990545931631,0.6735470703659506,0.4585726694317898,0.5103252792127594,0.6321370523575897,1,95000,24750.0,3.8383838383838382
34133.54507257272,4,Gujarat,5.5,75000,92,18,72,0.6792125327276446,0.5065556142834149,0.6838560936219429,0.6689597948797269,0.550047885361753,0,95000,24750.0,3.8383838383838382
17525.88633074218,2,Gujarat,5.5,75000,92,18,72,0.6273812943869612,0.5139713857559242,0.5151388762285418,0.6903981875019206,0.5165956630169279,0,95000,24750.0,3.8383838383838382
10448.857733865743,1,Gujarat,5.5,75000,92,18,72,0.5935629563363278,0.2547357285665842,0.5587821790247859,0.6376731532609654,0.36077266922500495,1,95000,24750.0,3.8383838383838382
22505.858779849837,2,Gujarat,5.5,75000,92,18,72,0.6161728311476465,0.39634481376256125,0.655444201183464,0.7154671288794289,0.6182171166479065,1,95000,24750.0,3.8383838383838382
28570.360246558437,3,Gujarat,5.5,75000,92,18,72,0.647635007319333,0.5272402724725876,0.66455374002734,0.7176798507761144,0.6575634334451659,1,95000,24750.0,3.8383838383838382
150000.0,5,Gujarat,5.5,75000,92,18,72,0.7073077449392933,0.4477904774879127,0.6503026768748134,0.667332587012691,0.6571096860042226,1,95000,24750.0,3.8383838383838382
113502.54009907186,5,Gujarat,5.5,75000,92,18,72,0.7143470687660851,0.5518385429285004,0.4644224638994952,0.8047169689367467,0.6422819916142464,1,95000,24750.0,3.8383838383838382
51170.48145877641,5,Gujarat,5.5,75000,92,18,72,0.7367335766094599,0.5932788162495848,0.6156528253819952,0.8201465687140598,0.760991385275704,1,95000,24750.0,3.8383838383838382
27957.866212030956,3,Gujarat,5.5,75000,92,18,72,0.6579936586798677,0.48396122065221303,0.8080346942731769,0.6569322624323314,0.6284323284427364,0,95000,24750.0,3.8383838383838382
16371.44768456058,2,Gujarat,5.5,75000,92,18,72,0.639043290608161,0.3710823059905517,0.63749071704049,0.6861031788864761,0.6495116434990181,1,95000,24750.0,3.8383838383838382
10256.508405716404,1,Gujarat,5.5,75000,92,18,72,0.6022840491725672,0.2862021393496147,0.474918213906679,0.4153797527729979,0.33189221256740936,1,95000,24750.0,3.8383838383838382
35338.557390070375,4,Gujarat,5.5,75000,92,18,72,0.6983529096941079,0.5381300635680639,0.5526980072287577,0.7224341760715648,0.7074726355512431,1,95000,24750.0,3.8383838383838382
33842.57218376786,4,Gujarat,5.5,75000,92,18,72,0.6592146426883498,0.6721854885688283,0.4274827145035243,0.687968014020547,0.6597638149207534,1,95000,24750.0,3.8383838383838382
14075.665886412837,1,Gujarat,5.5,75000,92,18,72,0.5941697055028035,0.17075426516758335,0.7858693437474645,0.6355635444997065,0.5693553995958895,0,95000,24750.0,3.8383838383838382
32743.03291928717,4,Gujarat,5.5,75000,92,18,72,0.7002856399457928,0.6738261944779006,0.913219187401124,0.5823881786907612,0.6899583707712481,1,95000,24750.0,3.8383838383838382
17361.76925709649,2,Gujarat,5.5,75000,92,18,72,0.6214969274867924,0.5701458477421271,0.6195827181311555,0.5077871929924472,0.6832155994973654,1,95000,24750.0,3.8383838383838382
8000.0,1,Gujarat,5.5,75000,92,18,72,0.6148390173629819,0.4322328880610137,0.5453526613903604,0.5616075893366169,0.46555649509739055,1,95000,24750.0,3.8383838383838382
16092.012998887489,2,Gujarat,5.5,75000,92,18,72,0.6420531872519634,0.45219897763317074,0.7954109036851691,0.7281615965862384,0.7870296026067106,1,95000,24750.0,3.8383838383838382
43850.10054715628,4,Gujarat,5.5,75000,92,18,72,0.682522978553011,0.7825833861987253,0.6169153466698551,0.5689599706455796,0.6961923815422298,1,95000,24750.0,3.8383838383838382
33453.646444542705,4,Gujarat,5.5,75000,92,18,72,0.6821826505238221,0.7376400976890837,0.7279964020930118,0.7670131072011569,0.797265871680765,1,95000,24750.0,3.8383838383838382
88430.31875833118,5,Gujarat,5.5,75000,92,18,72,0.707078227290741,0.7270965618638338,0.5672096231491442,0.6556197606029986,0.7704033459564514,1,95000,24750.0,3.8383838383838382
51995.75743971078,5,Gujarat,5.5,75000,92,18,72,0.7109183433956477,0.824633287017065,0.8181676683283248,0.6256346604254652,0.7862198174086203,1,95000,24750.0,3.8383838383838382
27198.927837404866,3,Gujarat,5.5,75000,92,18,72,0.6448883950725965,0.44860470001652986,0.5460695451722875,0.6124298341530625,0.6933039927188028,0,95000,24750.0,3.8383838383838382
40866.247334366984,4,Gujarat,5.5,75000,92,18,72,0.6915023975186158,0.7198203921640378,0.6081715454880127,0.7189158498529812,0.7562377957088426,1,95000,24750.0,3.8383838383838382
34363.6649303601,4,Gujarat,5.5,75000,92,18,72,0.6726538207808214,0.5117585642562952,0.604350773744224,0.7921053823516324,0.7134368648234061,0,95000,24750.0,3.8383838383838382
8996.924359205063,1,Gujarat,5.5,75000,92,18,72,0.6032516158761879,0.42301948082059726,0.7026323116502688,0.5844075552220027,0.5891678655471455,0,95000,24750.0,3.8383838383838382
22372.465181378964,2,Gujarat,5.5,75000,92,18,72,0.6334950726832882,0.3087626430926955,0.6691877876439141,0.5915001428778484,0.56553943426633,0,95000,24750.0,3.8383838383838382
43278.01043324549,4,Gujarat,5.5,75000,92,18,72,0.6706022416624464,0.5751509362554886,0.4730243271695343,0.6297002099083912,0.678035066868791,1,95000,24750.0,3.8383838383838382
21362.376570676814,2,Gujarat,5.5,75000,92,18,72,0.6427124717775691,0.49227512150635,0.634914729926951,0.5317659129994813,0.4986746139202689,1,95000,24750.0,3.8383838383838382
22677.843474631878,2,Gujarat,5.5,75000,92,18,72,0.6323503786584379,0.40819561233047363,0.6403029934279596,0.6751730493795164,0.5741390581395266,1,95000,24750.0,3.8383838383838382
35269.22199655106,4,Gujarat,5.5,75000,92,18,72,0.6947112659287343,0.39842185919565465,0.6280566604441593,0.5782179025094601,0.6188181063689214,1,95000,24750.0,3.8383838383838382
80369.44544696102,5,Gujarat,5.5,75000,92,18,72,0.709627633698858,0.5348688995703899,0.7883231877957675,0.6379421302114942,0.6296590512848845,1,95000,24750.0,3.8383838383838382
41683.290155427625,4,Gujarat,5.5,75000,92,18,72,0.6934380768990168,0.8188116401288617,0.4569968315639404,0.7599209136988093,0.7628233887183428,1,95000,24750.0,3.8383838383838382
39895.411733671426,4,Gujarat,5.5,75000,92,18,72,0.6984782202115063,0.450970868211553,0.4960145022743779,0.8323126087847815,0.6387839057101101,0,95000,24750.0,3.8383838383838382
19610.852023942265,2,Gujarat,5.5,75000,92,18,72,0.626228201724239,0.4275301793224001,0.7455038406669898,0.48007026099992023,0.4477635722542992,0,95000,24750.0,3.8383838383838382
15320.988554026082,2,Gujarat,5.5,75000,92,18,72,0.6472335103067693,0.6551017912433607,0.7228134711078825,0.626827824858331,0.6126897791434729,0,95000,24750.0,3.8383838383838382
102017.0885156368,5,Gujarat,5.5,75000,92,18,72,0.717654932063415,0.7531737576534105,0.8038687348201788,0.6657565161804212,0.7919587007603054,1,95000,24750.0,3.8383838383838382
83966.33643320485,5,Gujarat,5.5,75000,92,18,72,0.7286221437188104,0.8243079977933269,0.4102284917226219,0.6017273444617551,0.595534988632538,1,95000,24750.0,3.8383838383838382
11879.319547294159,1,Gujarat,5.5,75000,92,18,72,0.6001443737868722,0.30091451469838476,0.7229121678777329,0.6436802968194167,0.47425826846046026,1,95000,24750.0,3.8383838383838382
17814.949106946315,2,Gujarat,5.5,75000,92,18,72,0.6330695010428544,0.5136377739308311,0.7794176519827368,0.5965813811960409,0.6520102782982204,1,95000,24750.0,3.8383838383838382
48210.578082177795,4,Gujarat,5.5,75000,92,18,72,0.6705009630379379,0.6469396145781905,0.6617546437847501,0.5511669855083254,0.5372333761761928,1,95000,24750.0,3.8383838383838382
18784.034228476405,2,Gujarat,5.5,75000,92,18,72,0.6309248230964394,0.5654696943141599,0.649725435822781,0.7126359906299876,0.6770214120780432,0,95000,24750.0,3.8383838383838382
30818.65112420624,3,Gujarat,5.5,75000,92,18,72,0.649864534701713,0.36470890414712065,0.5951431497721262,0.6547055721882117,0.4154216351711584,1,95000,24750.0,3.8383838383838382
63594.759729434445,5,Gujarat,5.5,75000,92,18,72,0.7087503026565088,0.5987426575336161,0.5485980809820946,0.8151202165218298,0.7292713621357391,1,95000,24750.0,3.8383838383838382
13966.90019694447,1,Gujarat,5.5,75000,92,18,72,0.6146553175589455,0.36877042349264266,0.6848633454889943,0.5210514433290433,0.5122692626026979,1,95000,24750.0,3.8383838383838382
33008.9795110044,4,Gujarat,5.5,75000,92,18,72,0.6850765832336622,0.7047325885201849,0.7868135052118175,0.5994649818113863,0.7863594304982601,0,95000,24750.0,3.8383838383838382
8000.0,1,Gujarat,5.5,75000,92,18,72,0.5871812674045307,0.424100627833129,0.565165826438542,0.5336719917381226,0.3568822556113853,0,95000,24750.0,3.8383838383838382
26059.5980956234,3,Gujarat,5.5,75000,92,18,72,0.6536229694331969,0.3624152300318523,0.493458719653523,0.5803017051357959,0.4726603342180032,0,95000,24750.0,3.8383838383838382
19990.942333357394,2,Gujarat,5.5,75000,92,18,72,0.6142097834250666,0.5461774938679109,0.7670725457537626,0.5330206316360798,0.628830719083063,1,95000,24750.0,3.8383838383838382
43471.26469851009,4,Gujarat,5.5,75000,92,18,72,0.7015531303962483,0.6065307781740448,0.8774849534511853,0.7371634363917444,0.7309390955691575,1,95000,24750.0,3.8383838383838382
53627.3661856325,5,Gujarat,5.5,75000,92,18,72,0.7102574782726205,0.8222715652135082,0.38446587085012696,0.6222238965165614,0.6271276363746573,0,95000,24750.0,3.8383838383838382
42122.43841391873,4,Gujarat,5.5,75000,92,18,72,0.6925072850537224,0.5524970163089631,0.8103300362607484,0.6631043596409755,0.5608534819800324,1,95000,24750.0,3.8383838383838382
23544.50704641215,3,Gujarat,5.5,75000,92,18,72,0.6707753528563889,0.34998195857026393,0.5916875457645292,0.6579936182357489,0.6049991018623053,0,95000,24750.0,3.8383838383838382
8000.0,1,Gujarat,5.5,75000,92,18,72,0.5922127589021384,0.559262738987113,0.637641038434633,0.6069572417279755,0.7304107265895884,1,95000,24750.0,3.8383838383838382
12841.143745996076,1,Gujarat,5.5,75000,92,18,72,0.6025345100370135,0.4443913619877777,0.7931449839477487,0.583869778793666,0.5250222637494981,1,95000,24750.0,3.8383838383838382
30941.923892801413,3,Gujarat,5.5,75000,92,18,72,0.6469134251652413,0.7722435859167575,0.77560169047056,0.759873971213166,0.7384013157710704,1,95000,24750.0,3.8383838383838382
57404.830723985906,5,Gujarat,5.5,75000,92,18,72,0.7416719814054226,0.6050238087763685,0.6059250015279158,0.8917152847588169,0.7649352543118683,1,95000,24750.0,3.8383838383838382
17880.758536295107,2,Gujarat,5.5,75000,92,18,72,0.6365780870604519,0.48129875388401944,0.6656889929149351,0.7252270272044344,0.5994085631819386,0,95000,24750.0,3.8383838383838382
19617.72550665717,2,Gujarat,5.5,75000,92,18,72,0.6252882213266777,0.350007355347535,0.5739553584067936,0.6732457118395551,0.5483678200303181,0,95000,24750.0,3.8383838383838382
21167.358048747177,2,Gujarat,5.5,75000,92,18,72,0.6194859484053961,0.679607538685619,0.8000801835422104,0.6498045764558332,0.600318904605474,1,95000,24750.0,3.8383838383838382
13712.830471355384,1,Gujarat,5.5,75000,92,18,72,0.5960743201858895,0.30901196061299324,0.4870593735401144,0.4046295052324883,0.3146971482527159,1,95000,24750.0,3.8383838383838382
44365.91855028569,4,Gujarat,5.5,75000,92,18,72,0.6838144484907704,0.5381288679844998,0.8517899240498861,0.7040496438030318,0.784150814398846,1,95000,24750.0,3.8383838383838382
20394.56049287231,2,Gujarat,5.5,75000,92,18,72,0.6467437312542808,0.3306309273227238,0.6282653699245935,0.6431150703416189,0.5485862021513245,1,95000,24750.0,3.8383838383838382
33597.84754958761,4,Gujarat,5.5,75000,92,18,72,0.6749589384921366,0.5391345928178053,0.5619974922018524,0.6678820143804987,0.6630425908749985,1,95000,24750.0,3.8383838383838382
18573.061831454877,2,Gujarat,5.5,75000,92,18,72,0.6285622999471877,0.5283494358915313,0.4218825596924952,0.5594389838473831,0.5589946409892373,0,95000,24750.0,3.8383838383838382
39621.53490235428,4,Gujarat,5.5,75000,92,18,72,0.6870309050479486,0.6092844891140508,0.562439064123591,0.7067579449498483,0.5933300897113242,1,95000,24750.0,3.8383838383838382
22607.341267269192,2,Gujarat,5.5,75000,92,18,72,0.6260401827108371,0.709977148092471,0.5643231814579756,0.7159919755183731,0.5624995683961985,1,95000,24750.0,3.8383838383838382
85360.3192513597,5,Gujarat,5.5,75000,92,18,72,0.7161281191649023,0.5976074779216769,0.7545052889322618,0.6722785107374006,0.6592079552360531,0,95000,24750.0,3.8383838383838382
34647.89048466063,4,Gujarat,5.5,75000,92,18,72,0.6860535776130808,0.5154487395458114,0.4789225305839899,0.6637164463218909,0.6208807110728033,1,95000,24750.0,3.8383838383838382
8000.0,1,Gujarat,5.5,75000,92,18,72,0.6059449463776067,0.6859638815434903,0.8045865160957815,0.5899263419947209,0.5878870650004818,0,95000,24750.0,3.8383838383838382
45150.52588146306,4,Gujarat,5.5,75000,92,18,72,0.69330413017921,0.6384982025519557,0.5871011241182319,0.5998021779898219,0.6077262855452971,1,95000,24750.0,3.8383838383838382
17641.78545928032,2,Gujarat,5.5,75000,92,18,72,0.6314034018280136,0.6702774108857287,0.7079708495786452,0.6944710741552961,0.526594027157095,0,95000,24750.0,3.8383838383838382
36409.465660752896,4,Gujarat,5.5,75000,92,18,72,0.6568743920928329,0.7331219194786229,0.8816373961741861,0.7438201613764449,0.7443363862678322,1,95000,24750.0,3.8383838383838382
48503.3713468789,5,Gujarat,5.5,75000,92,18,72,0.7202122344559173,0.7140518193388613,0.6651795556856093,0.6996786179149319,0.722526047311837,1,95000,24750.0,3.8383838383838382
8000.0,1,Gujarat,5.5,75000,92,18,72,0.5806578921125849,0.20307831117730746,0.5583035261520548,0.6106501014474413,0.4625632129549952,0,95000,24750.0,3.8383838383838382
8587.877795163866,1,Gujarat,5.5,75000,92,18,72,0.603677487345644,0.21368569729408277,0.6079417029630354,0.477803961203334,0.368058431957526,0,95000,24750.0,3.8383838383838382
13876.856861443233,1,Gujarat,5.5,75000,92,18,72,0.6119592593899909,0.49992465144430276,0.40833259184853815,0.6263382690204565,0.4539303823469624,1,95000,24750.0,3.8383838383838382
9635.894031893637,1,Gujarat,5.5,75000,92,18,72,0.5879518945884001,0.4800118401277901,0.48218244692042844,0.4152064159171518,0.3746965464150991,0,95000,24750.0,3.8383838383838382
50265.17191848754,5,Gujarat,5.5,75000,92,18,72,0.7145964784908586,0.6732023187208089,0.7708384152568087,0.7220255962130225,0.7067884412134813,1,95000,24750.0,3.8383838383838382
44294.93040640745,4,Gujarat,5.5,75000,92,18,72,0.6812207286637557,0.6091427539162284,0.828352927885295,0.6224916573589135,0.6365022108444996,1,95000,24750.0,3.8383838383838382
9186.330351417002,1,Gujarat,5.5,75000,92,18,72,0.6095686034718537,0.16956365980681762,0.5592623579479579,0.6390101162040297,0.5822974218946031,0,95000,24750.0,3.8383838383838382
31432.664411052672,3,Gujarat,5.5,75000,92,18,72,0.6581645645670063,0.3773599294117139,0.6474135078869435,0.7198241188798455,0.7281130456272508,0,95000,24750.0,3.8383838383838382
36895.97418956609,4,Gujarat,5.5,75000,92,18,72,0.704497579519949,0.6811793831492813,0.5608254272696304,0.7965584141683567,0.7629119036536,1,95000,24750.0,3.8383838383838382
11794.297050680909,1,Gujarat,5.5,75000,92,18,72,0.6013518277437596,0.34378617335590234,0.612043850512328,0.5894689126306633,0.5216368281568793,0,95000,24750.0,3.8383838383838382
45023.299349073306,4,Gujarat,5.5,75000,92,18,72,0.6896387875206439,0.6941326470987428,0.6081399099600098,0.7825967252848912,0.692455087489041,0,95000,24750.0,3.8383838383838382
12898.953748310969,1,Gujarat,5.5,75000,92,18,72,0.597896353540314,0.41671030199823045,0.7363777134871001,0.5256364807745507,0.47451275906670015,1,95000,24750.0,3.8383838383838382
13473.615724963483,1,Gujarat,5.5,75000,92,18,72,0.6053942067068591,0.37744008535059487,0.4712516114973362,0.5974172248305699,0.5011332310303136,0,95000,24750.0,3.8383838383838382
30718.976659906533,3,Gujarat,5.5,75000,92,18,72,0.6398374237318322,0.3663152470766841,0.5048395598153519,0.5033353007059027,0.47911247210453023,0,95000,24750.0,3.8383838383838382
54459.40176066986,5,Gujarat,5.5,75000,92,18,72,0.7180677252694908,0.620300684952438,0.4372976604337392,0.8582173825618576,0.6314776904075992,1,95000,24750.0,3.8383838383838382
11176.337871921969,1,Gujarat,5.5,75000,92,18,72,0.596513821277006,0.37134888398955396,0.7598417100049424,0.5994320953609095,0.4968065185180992,1,95000,24750.0,3.8383838383838382
8366.413012702043,1,Gujarat,5.5,75000,92,18,72,0.6044684739858633,0.45236995670877167,0.46274466168260264,0.6538289373155499,0.38954245499071155,0,95000,24750.0,3.8383838383838382
42864.17937763629,4,Gujarat,5.5,75000,92,18,72,0.6853372696555453,0.5192224535461537,0.5512872544163616,0.7752576602858169,0.5857980905219828,0,95000,24750.0,3.8383838383838382
20648.42802279139,2,Gujarat,5.5,75000,92,18,72,0.616826941372659,0.593654528053255,0.6797046362016048,0.5299130042823791,0.613885971096557,0,95000,24750.0,3.8383838383838382
29554.98034046339,3,Gujarat,5.5,75000,92,18,72,0.6572877924634827,0.7421486923221257,0.5268964064148526,0.5758640688783225,0.6961060557122881,0,95000,24750.0,3.8383838383838382
77064.18152160197,5,Gujarat,5.5,75000,92,18,72,0.7063858804256022,0.5551171390604625,0.6863258754254526,0.8338916332720564,0.7514421226357823,1,95000,24750.0,3.8383838383838382
65767.15116616631,5,Gujarat,5.5,75000,92,18,72,0.6979616635884108,0.8977819337745044,0.4898120981020334,0.6494127575463914,0.6703476209621974,1,95000,24750.0,3.8383838383838382
86983.62130451202,5,Gujarat,5.5,75000,92,18,72,0.7244855105291407,0.7470964140162202,0.4140539602973248,0.6271983602485304,0.5374390570642897,0,95000,24750.0,3.8383838383838382
13953.03179239759,1,Gujarat,5.5,75000,92,18,72,0.6030049014412324,0.3136252385077568,0.42366503743386397,0.39851266149837483,0.31663457186199295,1,95000,24750.0,3.8383838383838382
13121.050415519894,1,Gujarat,5.5,75000,92,18,72,0.6018851951542215,0.2502008611814437,0.5232779149567297,0.4835284137755963,0.46550733302497965,0,95000,24750.0,3.8383838383838382
17809.90146580244,2,Gujarat,5.5,75000,92,18,72,0.6402435699337439,0.6387952732035823,0.8097778764745805,0.4737795151707591,0.6444786234558125,1,95000,24750.0,3.8383838383838382
51003.02047587606,5,Gujarat,5.5,75000,92,18,72,0.7105639668112465,0.4880809171738878,0.562887805128811,0.8345059590290295,0.6408302119804914,1,95000,24750.0,3.8383838383838382
22700.065892794897,2,Gujarat,5.5,75000,92,18,72,0.6129031442865732,0.4921669386613521,0.5397269348237661,0.5893631492945249,0.5162288800492889,1,95000,24750.0,3.8383838383838382
84113.97373490577,5,Gujarat,5.5,75000,92,18,72,0.7165139879462052,0.6836838875612041,0.8536976079711476,0.6697545672429902,0.8321023055486042,1,95000,24750.0,3.8383838383838382
25483.57937107667,3,Gujarat,5.5,75000,92,18,72,0.6537392827172266,0.5133492365412774,0.7373057364814096,0.6746260814575379,0.5172312388491238,0,95000,24750.0,3.8383838383838382
40087.99733011892,4,Gujarat,5.5,75000,92,18,72,0.678791328546585,0.72879758495466,0.6531541906267055,0.5651057259990905,0.659571683211442,1,95000,24750.0,3.8383838383838382
36504.20624974475,4,Gujarat,5.5,75000,92,18,72,0.6864157941794077,0.5170482496966027,0.4075260002429527,0.7618363753850504,0.5345939564057706,1,95000,24750.0,3.8383838383838382
8000.0,1,Gujarat,5.5,75000,92,18,72,0.5910982342522398,0.3567100945474223,0.7828247379117197,0.5444179134824384,0.44931961680588417,1,95000,24750.0,3.8383838383838382
108454.6412483263,5,Gujarat,5.5,75000,92,18,72,0.6988542328807174,0.7213871544160652,0.5512014809229465,0.5959429107684027,0.6856329168828392,1,95000,24750.0,3.8383838383838382
24272.08500093776,3,Gujarat,5.5,75000,92,18,72,0.652802518806348,0.5688268038569372,0.8904102588964362,0.5897651458744279,0.7653285765894746,1,95000,24750.0,3.8383838383838382
19257.350137756686,2,Gujarat,5.5,75000,92,18,72,0.6158505340472471,0.6394609222466823,0.4426662658204894,0.669057712016789,0.6362258763070233,1,95000,24750.0,3.8383838383838382
18170.862964970984,2,Gujarat,5.5,75000,92,18,72,0.629530766430395,0.3580583044814414,0.6042414544283341,0.5004345511450745,0.6168130130585686,1,95000,24750.0,3.8383838383838382
57649.60984079009,5,Gujarat,5.5,75000,92,18,72,0.7106539381318792,0.7467365298076483,0.6023446398169869,0.8825631773615766,0.6394718514911361,1,95000,24750.0,3.8383838383838382
16286.449069569924,2,Gujarat,5.5,75000,92,18,72,0.6383306004556962,0.48172573834599497,0.6020892781143076,0.7129887432963405,0.6455448918038832,0,95000,24750.0,3.8383838383838382
23665.999344882246,3,Gujarat,5.5,75000,92,18,72,0.6732529463869643,0.576060268487336,0.8179476167177393,0.7274716186387863,0.7536912882051537,1,95000,24750.0,3.8383838383838382
20959.112732495974,2,Gujarat,5.5,75000,92,18,72,0.6340080994444048,0.4662079466754311,0.6868383496637784,0.4675645075500946,0.5212637734416959,1,95000,24750.0,3.8383838383838382
38183.8652076581,4,Gujarat,5.5,75000,92,18,72,0.6717040238944525,0.725285104735789,0.5561222405957473,0.6501511892900139,0.7157198170590344,0,95000,24750.0,3.8383838383838382
15415.211373796412,2,Gujarat,5.5,75000,92,18,72,0.6422662457030761,0.46728175327434673,0.5032442248885565,0.5334592035326732,0.705966445247426,0,95000,24750.0,3.8383838383838382
38250.86162877941,4,Gujarat,5.5,75000,92,18,72,0.7029714902180233,0.7069217060697821,0.7384130303132517,0.5852875955226308,0.6961931464468358,1,95000,24750.0,3.8383838383838382
12888.401299847508,1,Gujarat,5.5,75000,92,18,72,0.5974021908273651,0.46096960959864697,0.8399163208460687,0.6938856685260532,0.6008412860561723,1,95000,24750.0,3.8383838383838382
24046.577152616366,3,Gujarat,5.5,75000,92,18,72,0.670443547317641,0.489578494508337,0.526297704936916,0.5381592904858375,0.6367559414077721,1,95000,24750.0,3.8383838383838382
33914.431584300684,4,Gujarat,5.5,75000,92,18,72,0.6816975343338189,0.8302418492561721,0.4164797384550587,0.6385982639629,0.7299855158708939,1,95000,24750.0,3.8383838383838382
12355.960106272418,1,Gujarat,5.5,75000,92,18,72,0.5785518263657898,0.4464157983458728,0.6027384339156515,0.658042435770312,0.5329515875128582,0,95000,24750.0,3.8383838383838382
26302.087095625902,3,Gujarat,5.5,75000,92,18,72,0.6496114413280697,0.4233481202387302,0.7406691720521328,0.5373156082395656,0.5344615595155403,0,95000,24750.0,3.8383838383838382
10835.126029308174,1,Gujarat,5.5,75000,92,18,72,0.6145072943747333,0.4235821083124272,0.5932911633510884,0.5348583915861193,0.5996912316218883,0,95000,24750.0,3.8383838383838382
62082.19764001325,5,Gujarat,5.5,75000,92,18,72,0.702303486478171,0.555066065926537,0.492831765256162,0.886707039209841,0.6703688890391972,0,95000,24750.0,3.8383838383838382
52620.97449433403,5,Gujarat,5.5,75000,92,18,72,0.7172094985336006,0.777877568883901,0.5439161422391818,0.6681865448897218,0.6957421235311608,0,95000,24750.0,3.8383838383838382
67399.21277942919,5,Gujarat,5.5,75000,92,18,72,0.7175557246476878,0.8381389880906199,0.4599660019179286,0.8049174650908749,0.7533248788741623,1,95000,24750.0,3.8383838383838382
30817.44980136694,3,Gujarat,5.5,75000,92,18,72,0.6520845432746075,0.41708513569775973,0.5627647488405538,0.5180118945127343,0.5146542107339301,1,95000,24750.0,3.8383838383838382
15027.416189470321,2,Gujarat,5.5,75000,92,18,72,0.6227790697159146,0.22163326556362742,0.6859667259864928,0.6242615823744864,0.5259149241619887,1,95000,24750.0,3.8383838383838382
103182.77936638086,5,Gujarat,5.5,75000,92,18,72,0.7179367770566477,0.4652696604890986,0.621799503784955,0.6957148599296471,0.592238142111072,1,95000,24750.0,3.8383838383838382
20386.724849356095,2,Gujarat,5.5,75000,92,18,72,0.6215926622949385,0.6701421175303657,0.6236843999043558,0.6538693596081806,0.6741814534932656,0,95000,24750.0,3.8383838383838382
60024.531097999585,5,Gujarat,5.5,75000,92,18,72,0.7029937007426064,0.6817968193061145,0.446736235007147,0.7238670016305832,0.6421355836215284,1,95000,24750.0,3.8383838383838382
54447.561085035544,5,Gujarat,5.5,75000,92,18,72,0.7193646051437202,0.7425758024163823,0.6172791912701842,0.6836995939663982,0.7953419530014452,1,95000,24750.0,3.8383838383838382
22942.96466694573,3,Gujarat,5.5,75000,92,18,72,0.6679479515387353,0.482697073974939,0.5212005451381313,0.6578023656002551,0.600581504632012,0,95000,24750.0,3.8383838383838382
15465.552848271413,2,Gujarat,5.5,75000,92,18,72,0.6359100109008199,0.38766762293812157,0.5340075426844217,0.485906073876216,0.5684180125155686,1,95000,24750.0,3.8383838383838382
15585.603859433946,2,Gujarat,5.5,75000,92,18,72,0.6191169310403876,0.2545624654210808,0.668961251848291,0.6883295911945542,0.5961832804555015,0,95000,24750.0,3.8383838383838382
17257.461965198523,2,Gujarat,5.5,75000,92,18,72,0.614702006560509,0.6427753202821989,0.8427505727199223,0.6692128175944824,0.7449104469260478,0,95000,24750.0,3.8383838383838382
36137.35083016433,4,Gujarat,5.5,75000,92,18,72,0.6843724068927379,0.44442206720148125,0.7863859836631146,0.7074904514720503,0.6345931716908112,1,95000,24750.0,3.8383838383838382
34858.16855998384,4,Gujarat,5.5,75000,92,18,72,0.7028922008122424,0.6330375473318783,0.5484490819664757,0.6541144903892185,0.5686114767924494,1,95000,24750.0,3.8383838383838382
36729.72550555612,4,Gujarat,5.5,75000,92,18,72,0.6936702665038811,0.8137700970213564,0.48439792599063713,0.8185678482067867,0.6707053505887879,1,95000,24750.0,3.8383838383838382
55305.090577635005,5,Gujarat,5.5,75000,92,18,72,0.724253932482228,0.6174824695556587,0.6142876190796264,0.7843375199992241,0.6503943819191421,1,95000,24750.0,3.8383838383838382
25371.897125673484,3,Gujarat,5.5,75000,92,18,72,0.6661128552321406,0.3993631789907847,0.6349506381642009,0.579440039723455,0.5067824379799615,0,95000,24750.0,3.8383838383838382
12287.253584969127,1,Gujarat,5.5,75000,92,18,72,0.6014219513394715,0.5260364940739045,0.8111655380813303,0.6360125826067717,0.5357939644335216,0,95000,24750.0,3.8383838383838382
30487.934731775185,3,Gujarat,5.5,75000,92,18,72,0.6584203711904214,0.4538226216923723,0.6488104247800117,0.6845059105197989,0.6087670609037799,1,95000,24750.0,3.8383838383838382
14833.23136031473,1,Gujarat,5.5,75000,92,18,72,0.6038373546807654,0.26079569734991626,0.7026313540739791,0.43210378496405255,0.514333443495819,1,95000,24750.0,3.8383838383838382
32381.50539585981,3,Gujarat,5.5,75000,92,18,72,0.6517526246721055,0.3835353640189142,0.6766093650579277,0.528269973382619,0.4519529689976637,1,95000,24750.0,3.8383838383838382
49540.1088398827,5,Gujarat,5.5,75000,92,18,72,0.7030696556006225,0.5571611803066061,0.8317218452615922,0.8754315058300909,0.717424487615256,0,95000,24750.0,3.8383838383838382
14975.270815724087,1,Gujarat,5.5,75000,92,18,72,0.6044442550605289,0.17831563857944516,0.38189142114493424,0.4803735943371833,0.45829061186610887,0,95000,24750.0,3.8383838383838382
10709.954643877385,1,Gujarat,5.5,75000,92,18,72,0.609591666771778,0.13631827920352838,0.4034171989203112,0.5930447797964323,0.3109587028220187,1,95000,24750.0,3.8383838383838382
40453.81808316687,4,Gujarat,5.5,75000,92,18,72,0.6760319663207254,0.3768921247287015,0.6028947000249745,0.5549301619202232,0.5545662612159978,0,95000,24750.0,3.8383838383838382
33697.36687327247,4,Gujarat,5.5,75000,92,18,72,0.6954335005384447,0.594039989482186,0.40420272943624724,0.7109505810416342,0.6689216153886608,0,95000,24750.0,3.8383838383838382
73145.09831113798,5,Gujarat,5.5,75000,92,18,72,0.7340219428481676,0.42051697646792224,0.7147335270206143,0.6633385913353034,0.7801339938600105,1,95000,24750.0,3.8383838383838382
37424.455732366536,4,Gujarat,5.5,75000,92,18,72,0.6871918236967145,0.34397352223384897,0.5478206084849911,0.585887880807087,0.3752997368782818,1,95000,24750.0,3.8383838383838382
8000.0,1,Gujarat,5.5,75000,92,18,72,0.5890342638668682,0.35735305333955764,0.4676308103146237,0.6260509376902784,0.39539329368804754,1,95000,24750.0,3.8383838383838382
24216.165325814945,3,Gujarat,5.5,75000,92,18,72,0.6584444724495532,0.6380824944651717,0.48764043783664,0.7368627970818685,0.6658480511318184,1,95000,24750.0,3.8383838383838382
12967.423589296735,1,Gujarat,5.5,75000,92,18,72,0.5917089460322786,0.3558898409930919,0.8027344407624214,0.6085636701599633,0.5346405215870347,1,95000,24750.0,3.8383838383838382
37237.0273645808,4,Gujarat,5.5,75000,92,18,72,0.6810469846147217,0.5737204569632592,0.5931219635669424,0.5473560535424562,0.400425355384618,1,95000,24750.0,3.8383838383838382
30538.51399539817,3,Gujarat,5.5,75000,92,18,72,0.661546126387001,0.39993146234977284,0.5857733866156071,0.5794727646929851,0.5217600157898252,0,95000,24750.0,3.8383838383838382
13421.979592863769,1,Gujarat,5.5,75000,92,18,72,0.5811769909639868,0.3886258851681573,0.48709045457871625,0.5022883799309492,0.39193260948755376,1,95000,24750.0,3.8383838383838382
13212.053305194295,1,Gujarat,5.5,75000,92,18,72,0.5827749964893634,0.42077414507862004,0.5619008184374521,0.6012550671554895,0.39697881260673645,0,95000,24750.0,3.8383838383838382
10178.370538558602,1,Gujarat,5.5,75000,92,18,72,0.5974071945180252,0.47940200800282917,0.5828084833075039,0.6206631045028335,0.524391975842108,1,95000,24750.0,3.8383838383838382
14400.939682377353,1,Gujarat,5.5,75000,92,18,72,0.5969912003251614,0.3786750609331824,0.5392618891876877,0.5823564766083739,0.4044633698869119,1,95000,24750.0,3.8383838383838382
24671.14787454149,3,Gujarat,5.5,75000,92,18,72,0.660649831484685,0.58435071694041,0.4375446578899218,0.7307265034214064,0.5585133563443292,0,95000,24750.0,3.8383838383838382
21650.516852287834,2,Gujarat,5.5,75000,92,18,72,0.6459665395991196,0.1889875183092592,0.6435167646373867,0.5721899633458394,0.5946573770479683,1,95000,24750.0,3.8383838383838382
10126.869920867059,1,Gujarat,5.5,75000,92,18,72,0.5982594260750439,0.16203093656727652,0.4122086129348124,0.5565534969510313,0.5476558213010396,0,95000,24750.0,3.8383838383838382
12479.495004481925,1,Gujarat,5.5,75000,92,18,72,0.6031960072176337,0.4378558982423323,0.8278841082802038,0.41327505252316843,0.4590923375584977,1,95000,24750.0,3.8383838383838382
52313.569949973076,5,Gujarat,5.5,75000,92,18,72,0.7074589563581394,0.61775338570498,0.5792705268879276,0.7221489739636274,0.6894807886115724,1,95000,24750.0,3.8383838383838382
14425.857086977858,1,Gujarat,5.5,75000,92,18,72,0.6048936623494511,0.4739843699905471,0.5274352349958119,0.5237899340488463,0.5548678405173378,0,95000,24750.0,3.8383838383838382
29736.607421637542,3,Gujarat,5.5,75000,92,18,72,0.6519503770631788,0.3751642058666882,0.47635714909465177,0.6774560328704792,0.49062309799373655,0,95000,24750.0,3.8383838383838382
14891.427532619493,1,Gujarat,5.5,75000,92,18,72,0.5979284940400966,0.4179580594710735,0.7674774085789391,0.5073689058034949,0.465815813328031,0,95000,24750.0,3.8383838383838382
25305.961259245403,3,Gujarat,5.5,75000,92,18,72,0.6561257994635941,0.7225986756402293,0.818735971482373,0.5655364961154459,0.718086376388458,0,95000,24750.0,3.8383838383838382
25807.21474533056,3,Gujarat,5.5,75000,92,18,72,0.6675440280634259,0.5240455151744959,0.6786985370194656,0.5652788867781995,0.588701442745413,0,95000,24750.0,3.8383838383838382
8707.176490932117,1,Gujarat,5.5,75000,92,18,72,0.5841145201705357,0.45906300300068353,0.6238192502819396,0.4341618684203671,0.4689421723956841,0,95000,24750.0,3.8383838383838382
30350.7974263782,3,Gujarat,5.5,75000,92,18,72,0.6343818993681353,0.5389922411537356,0.4614467659702156,0.7043067950284755,0.5080158585914558,1,95000,24750.0,3.8383838383838382
10583.546125152758,1,Gujarat,5.5,75000,92,18,72,0.5950799587434065,0.23841594172632125,0.591688362326187,0.5807705143165839,0.4003768502072605,0,95000,24750.0,3.8383838383838382
22114.85179429055,2,Gujarat,5.5,75000,92,18,72,0.631899598283337,0.4264453405983851,0.5233239108241586,0.6177749759821348,0.548706102578284,1,95000,24750.0,3.8383838383838382
10989.312456868327,1,Gujarat,5.5,75000,92,18,72,0.5987369794723607,0.18522114759619146,0.45019419395261573,0.553305888779631,0.3908360584912902,0,95000,24750.0,3.8383838383838382
15002.959085205683,1,Gujarat,5.5,75000,92,18,72,0.6095363280884248,0.6363990680248344,0.6859945089944173,0.5042612496599722,0.5884180160061235,1,95000,24750.0,3.8383838383838382
17536.335591049796,2,Gujarat,5.5,75000,92,18,72,0.6315880124560824,0.5496174145377619,0.4467101538576259,0.674615059989219,0.6457451662982667,1,95000,24750.0,3.8383838383838382
27847.983362854524,3,Gujarat,5.5,75000,92,18,72,0.651575802395687,0.5836309031722217,0.5375046249685606,0.7706072495217856,0.6610836217830616,0,95000,24750.0,3.8383838383838382
74095.78963091668,5,Gujarat,5.5,75000,92,18,72,0.6939600841728889,0.6824308139464168,0.5238462371685625,0.725996756759529,0.6382482860552863,0,95000,24750.0,3.8383838383838382
18329.366717679342,2,Gujarat,5.5,75000,92,18,72,0.6248411633723335,0.7098433462329474,0.510723741230742,0.5667265817840684,0.6578556031364438,1,95000,24750.0,3.8383838383838382
8000.0,1,Gujarat,5.5,75000,92,18,72,0.6074938757368636,0.12734231761780407,0.6031390928651207,0.442818267125336,0.4045362951812957,1,95000,24750.0,3.8383838383838382
19214.420567781024,2,Gujarat,5.5,75000,92,18,72,0.6232938078876146,0.28047564227427657,0.5921886057209829,0.6452126415942051,0.6223405071594865,1,95000,24750.0,3.8383838383838382
25294.344930046474,3,Gujarat,5.5,75000,92,18,72,0.6574974883510633,0.680166111275127,0.5882378934879711,0.6614276790133441,0.6024265411746783,1,95000,24750.0,3.8383838383838382
8000.0,1,Gujarat,5.5,75000,92,18,72,0.6014278882573528,0.4885809800053204,0.7770090983370119,0.6903993988713425,0.6147185371452776,0,95000,24750.0,3.8383838383838382
82370.00877505312,5,Gujarat,5.5,75000,92,18,72,0.7070613619717875,0.6455620154281754,0.5740273443401289,0.7692969500309874,0.6794453366060146,1,95000,24750.0,3.8383838383838382
52753.79713504083,5,Gujarat,5.5,75000,92,18,72,0.7234466446806739,0.8881327279712844,0.6331579870552619,0.6805832598584668,0.7504854326047786,1,95000,24750.0,3.8383838383838382
16502.385542511536,2,Gujarat,5.5,75000,92,18,72,0.6435855036143028,0.5223469497876271,0.5913502543915272,0.6128821985183767,0.6043476940326634,1,95000,24750.0,3.8383838383838382
24848.77036191323,3,Gujarat,5.5,75000,92,18,72,0.6554861521953516,0.7993259666314931,0.4846958030142116,0.7894085698163235,0.6977954454892987,1,95000,24750.0,3.8383838383838382
13064.205052632498,1,Gujarat,5.5,75000,92,18,72,0.5859236414959627,0.5567315573466015,0.7424814363536837,0.611000554007245,0.655896359821528,1,95000,24750.0,3.8383838383838382
52599.09167975795,5,Gujarat,5.5,75000,92,18,72,0.716548275444066,0.7178545442764812,0.5727949272842945,0.6325731926309831,0.7061219547440853,1,95000,24750.0,3.8383838383838382
84698.3849515217,5,Gujarat,5.5,75000,92,18,72,0.694970444628197,0.6100260070504562,0.6898594251235031,0.6969487854995838,0.8219158965916358,1,95000,24750.0,3.8383838383838382
18763.187688584385,2,Gujarat,5.5,75000,92,18,72,0.6305833183540519,0.5932322766812848,0.5323086096893308,0.5336054883157708,0.7354832775481829,0,95000,24750.0,3.8383838383838382
25789.362754684862,3,Gujarat,5.5,75000,92,18,72,0.6617370294907714,0.4743564771300214,0.7037103260395625,0.7510471336962249,0.6074937993607482,0,95000,24750.0,3.8383838383838382
23109.712149854622,3,Gujarat,5.5,75000,92,18,72,0.6739706486527413,0.44601101169805757,0.5013393566115509,0.6773488544483622,0.5487824393737314,0,95000,24750.0,3.8383838383838382
8000.0,1,Gujarat,5.5,75000,92,18,72,0.5952743377886195,0.3679397448014786,0.752400426225512,0.6370305988697996,0.4698532483532361,0,95000,24750.0,3.8383838383838382
19871.82704986641,2,Gujarat,5.5,75000,92,18,72,0.6312991390957504,0.625577156260124,0.4509351566408855,0.4968738160300433,0.653852141805014,1,95000,24750.0,3.8383838383838382
46895.308947980324,4,Gujarat,5.5,75000,92,18,72,0.6786014046904266,0.6652878574005091,0.4752497350020589,0.8164104714899051,0.6574647981955019,1,95000,24750.0,3.8383838383838382
32353.761502679234,3,Gujarat,5.5,75000,92,18,72,0.6536500145090348,0.6255218536163194,0.8898004962334234,0.5114932991286806,0.6681721946107171,1,95000,24750.0,3.8383838383838382
8000.0,1,Gujarat,5.5,75000,92,18,72,0.5819624313476637,0.4756361855526422,0.7262132148238484,0.5064511561362245,0.44658871878342615,0,95000,24750.0,3.8383838383838382
8991.602614018706,1,Gujarat,5.5,75000,92,18,72,0.5952663895014534,0.5506424435948833,0.5560893742119081,0.3982447132859296,0.4957292370800948,1,95000,24750.0,3.8383838383838382
12542.198467901968,1,Gujarat,5.5,75000,92,18,72,0.5941611941791001,0.3614145666770862,0.6030381659322857,0.4492838482320922,0.33786430604154377,0,95000,24750.0,3.8383838383838382
29067.46313339321,3,Gujarat,5.5,75000,92,18,72,0.6602062833751746,0.6174752182344108,0.6851621342156726,0.7826677597512294,0.7655552367802727,1,95000,24750.0,3.8383838383838382
8000.0,1,Gujarat,5.5,75000,92,18,72,0.5909783169109593,0.421558567051523,0.6227888699807946,0.41754859941714273,0.6079163300984334,0,95000,24750.0,3.8383838383838382
10286.812126018434,1,Gujarat,5.5,75000,92,18,72,0.5980477392240366,0.514838397592763,0.7818842615384003,0.4376219732114832,0.5942608948903351,0,95000,24750.0,3.8383838383838382
99525.83009293622,5,Gujarat,5.5,75000,92,18,72,0.713880485158209,0.651737449059432,0.5175352966417208,0.871454707873656,0.6639196045955261,0,95000,24750.0,3.8383838383838382
32650.22591296052,4,Gujarat,5.5,75000,92,18,72,0.6838992918312905,0.5433649629582001,0.5859930635452779,0.7570523691818661,0.6998159752884551,0,95000,24750.0,3.8383838383838382
57110.33522017446,5,Gujarat,5.5,75000,92,18,72,0.718017908973916,0.475006802927206,0.6667453503880723,0.7160893225925019,0.6812910615683507,1,95000,24750.0,3.8383838383838382
45782.64743019626,4,Gujarat,5.5,75000,92,18,72,0.6876195151374558,0.523381509825176,0.5982185095402794,0.5646297452165003,0.694799832390687,0,95000,24750.0,3.8383838383838382
19434.26929724292,2,Gujarat,5.5,75000,92,18,72,0.6348260261048021,0.3667472440196866,0.5432051089461476,0.6795116877237731,0.6170610301257067,1,95000,24750.0,3.8383838383838382
55570.73676176702,5,Gujarat,5.5,75000,92,18,72,0.7160078553729874,0.7059163662594536,0.6016465116869992,0.7418179816426967,0.6451930396893532,0,95000,24750.0,3.8383838383838382
43345.30312564719,4,Gujarat,5.5,75000,92,18,72,0.6837154322230556,0.38475079596176404,0.6113522057356635,0.6409050598971976,0.6723983861992539,1,95000,24750.0,3.8383838383838382
30933.554819408462,3,Gujarat,5.5,75000,92,18,72,0.6554062112634134,0.3276156789867939,0.7900771305271388,0.602225127642524,0.580349929045033,1,95000,24750.0,3.8383838383838382
8000.0,1,Gujarat,5.5,75000,92,18,72,0.5900676445458758,0.29159077242949344,0.5338457725732159,0.5455832613923511,0.5606079167340272,0,95000,24750.0,3.8383838383838382
27812.62762817165,3,Gujarat,5.5,75000,92,18,72,0.653615174778619,0.7547472279656631,0.7792605503669223,0.6593698469234498,0.5988776445269516,1,95000,24750.0,3.8383838383838382
44405.15837475876,4,Gujarat,5.5,75000,92,18,72,0.707525872845018,0.5237875594452148,0.7610042586853362,0.78942963126113,0.7433354181233897,0,95000,24750.0,3.8383838383838382
16802.115545580004,2,Gujarat,5.5,75000,92,18,72,0.6180874981073271,0.46015611980455107,0.7150010131644046,0.6755111166209958,0.5872859896803304,1,95000,24750.0,3.8383838383838382
29576.54251482665,3,Gujarat,5.5,75000,92,18,72,0.6544277223754925,0.4791059853192249,0.4863110381258215,0.7241176074560626,0.6070013260079057,1,95000,24750.0,3.8383838383838382
15622.236604553053,2,Gujarat,5.5,75000,92,18,72,0.6233393990815889,0.5497983264248136,0.598061673725702,0.6627893958960857,0.5546157794356291,1,95000,24750.0,3.8383838383838382
16868.54456294551,2,Gujarat,5.5,75000,92,18,72,0.6247425695918417,0.6338394395006387,0.6390625462767567,0.6713360745429034,0.6713140501585338,0,95000,24750.0,3.8383838383838382
8000.0,1,Gujarat,5.5,75000,92,18,72,0.5939018926255017,0.2721320983816377,0.6833901556304052,0.5972804575584816,0.4406849453977999,1,95000,24750.0,3.8383838383838382
14322.496375577592,1,Gujarat,5.5,75000,92,18,72,0.6000066867264957,0.268761858553857,0.6842335627890661,0.654407042016444,0.4162118311195658,0,95000,24750.0,3.8383838383838382
38181.260949683085,4,Gujarat,5.5,75000,92,18,72,0.6701125347003677,0.7100064455437545,0.6994709405726477,0.7112362888318263,0.6558740122924284,1,95000,24750.0,3.8383838383838382
76703.09090789764,5,Gujarat,5.5,75000,92,18,72,0.7275860004396058,0.5382398833420439,0.49566028828847525,0.7502532778819303,0.6124138179756471,1,95000,24750.0,3.8383838383838382
18990.597195083446,2,Gujarat,5.5,75000,92,18,72,0.6335401137107077,0.3836111464264345,0.49193803430910354,0.65438879359166,0.5157205356129723,1,95000,24750.0,3.8383838383838382
60717.48577074101,5,Gujarat,5.5,75000,92,18,72,0.7047855698536544,0.6459063287275015,0.5327092206878667,0.6438017919239325,0.7005007759572325,1,95000,24750.0,3.8383838383838382
48779.01762568555,5,Gujarat,5.5,75000,92,18,72,0.6945235129847617,0.7887748941238518,0.6110553958303278,0.8270855141505128,0.693764342093035,1,95000,24750.0,3.8383838383838382
35283.12334690017,4,Gujarat,5.5,75000,92,18,72,0.6774435642528717,0.7663026350588908,0.65772255668973,0.8248467529651867,0.7862756218104477,1,95000,24750.0,3.8383838383838382
19480.732663965406,2,Gujarat,5.5,75000,92,18,72,0.6247876211000145,0.44459300301625737,0.5095819045125094,0.5328779894444117,0.5560267483295985,1,95000,24750.0,3.8383838383838382
8810.247655712274,1,Gujarat,5.5,75000,92,18,72,0.6230172047011935,0.3174353232767747,0.7629187727277481,0.577313487153543,0.620016814892762,1,95000,24750.0,3.8383838383838382
35482.49267634937,4,Gujarat,5.5,75000,92,18,72,0.6926468553640284,0.555010628230332,0.7411016755445763,0.5537867540803124,0.6109934312856502,1,95000,24750.0,3.8383838383838382
13975.80069041763,1,Gujarat,5.5,75000,92,18,72,0.5791383892224711,0.3865602649500925,0.780136646243171,0.6237468588018,0.674677402816585,0,95000,24750.0,3.8383838383838382
10183.173850845957,1,Gujarat,5.5,75000,92,18,72,0.5903177306652763,0.08618380761932266,0.8803839279616454,0.5619004519558117,0.4691033478509331,0,95000,24750.0,3.8383838383838382
25921.42792925784,3,Gujarat,5.5,75000,92,18,72,0.6566821613515558,0.28731123157376603,0.5315437703211308,0.6960962853904086,0.6169115556777017,1,95000,24750.0,3.8383838383838382
30260.87001868749,3,Gujarat,5.5,75000,92,18,72,0.6597511212572666,0.6716086732615713,0.6800377763760072,0.5368978159825413,0.7375722514981881,1,95000,24750.0,3.8383838383838382
45239.290157612246,4,Gujarat,5.5,75000,92,18,72,0.6740667971111814,0.7892209294221306,0.549107591682855,0.7868364416082404,0.7848632212302127,0,95000,24750.0,3.8383838383838382
8000.0,1,Gujarat,5.5,75000,92,18,72,0.5958643834345151,0.40907757571205167,0.40722443695749966,0.47078090120308835,0.43301409062691837,1,95000,24750.0,3.8383838383838382
40498.48789633702,4,Gujarat,5.5,75000,92,18,72,0.6800378943381803,0.4721765659392998,0.5504785299628903,0.7494376609880272,0.5552514190934683,0,95000,24750.0,3.8383838383838382
71341.02884732705,5,Gujarat,5.5,75000,92,18,72,0.7061767000882625,0.6080053919404875,0.8747873606710488,0.7719425295090634,0.6897973472392139,0,95000,24750.0,3.8383838383838382
13680.001401709851,1,Gujarat,5.5,75000,92,18,72,0.5998102421812752,0.4645978800472995,0.8427504854029157,0.5901374338385101,0.5236032145824433,1,95000,24750.0,3.8383838383838382
21800.18719998328,2,Gujarat,5.5,75000,92,18,72,0.634953057448714,0.6363314039480273,0.539043844011118,0.4590711860418474,0.49751182750103257,0,95000,24750.0,3.8383838383838382
12719.174105509068,1,Gujarat,5.5,75000,92,18,72,0.6056246984839019,0.21845209170964036,0.5564962689616321,0.616555171069367,0.4773321864221307,0,95000,24750.0,3.8383838383838382
15921.881186586887,2,Gujarat,5.5,75000,92,18,72,0.6329581492256244,0.5150232251870058,0.5456359127794446,0.6825749185583027,0.6404185506075017,0,95000,24750.0,3.8383838383838382
48152.664362478565,4,Gujarat,5.5,75000,92,18,72,0.682240590382883,0.6047267971443038,0.5153613222259495,0.6864447469457232,0.6928085741308284,1,95000,24750.0,3.8383838383838382
31151.854549827876,3,Gujarat,5.5,75000,92,18,72,0.6643597833289207,0.45401836224460046,0.6370163656493801,0.6166583132711253,0.6615492502300113,1,95000,24750.0,3.8383838383838382
51186.97572318283,5,Gujarat,5.5,75000,92,18,72,0.7203048300953285,0.5411936160075186,0.690816233079929,0.6967634111864519,0.7388502357357506,1,95000,24750.0,3.8383838383838382
84503.35157509387,5,Gujarat,5.5,75000,92,18,72,0.7185537045438058,0.5220418563311651,0.6187608680685163,0.872364571944681,0.7091970644528173,1,95000,24750.0,3.8383838383838382
67385.51848156474,5,Gujarat,5.5,75000,92,18,72,0.7110973544972677,0.8441100322396298,0.38706290019145095,0.8205204763024606,0.7633784129292533,1,95000,24750.0,3.8383838383838382
28211.55598649982,3,Gujarat,5.5,75000,92,18,72,0.6522455244408704,0.6193009635502319,0.4566467635630005,0.7035856181709944,0.6025279397182094,1,95000,24750.0,3.8383838383838382
8000.0,1,Gujarat,5.5,75000,92,18,72,0.5979531550755313,0.4537000895901794,0.5878080308774815,0.6716819873876457,0.5873364186817581,0,95000,24750.0,3.8383838383838382
22605.960792473517,2,Gujarat,5.5,75000,92,18,72,0.6516130303841408,0.47235661768118076,0.4446379586732532,0.5486307691857641,0.5062215583313258,1,95000,24750.0,3.8383838383838382
41715.5627703478,4,Gujarat,5.5,75000,92,18,72,0.6902267105151996,0.6387421163647169,0.481417586580164,0.7330414257449737,0.6589134948811942,0,95000,24750.0,3.8383838383838382
14774.841454203732,1,Gujarat,5.5,75000,92,18,72,0.5911024006917829,0.23117838338510166,0.590038491984389,0.5998170491580539,0.4526104633560774,0,95000,24750.0,3.8383838383838382
42862.74250607276,4,Gujarat,5.5,75000,92,18,72,0.6788903912645913,0.7740068412290746,0.5073333888115875,0.8428682629953252,0.6064912133608005,1,95000,24750.0,3.8383838383838382
38903.07388116798,4,Gujarat,5.5,75000,92,18,72,0.6822966195877236,0.630287087978329,0.39257739398292313,0.6721558343221467,0.5975437336770837,1,95000,24750.0,3.8383838383838382
23418.065339250712,3,Gujarat,5.5,75000,92,18,72,0.6789872201897763,0.6312857415471306,0.6378975506096377,0.6140543155819332,0.6845981293909501,0,95000,24750.0,3.8383838383838382
17573.624775709064,2,Gujarat,5.5,75000,92,18,72,0.6232217192548261,0.6397330585149462,0.4515317097807755,0.4693463772931803,0.598446754329126,0,95000,24750.0,3.8383838383838382
28478.220907504972,3,Gujarat,5.5,75000,92,18,72,0.6662829910603885,0.45500299964824154,0.4394997338907189,0.5235357454219925,0.5558887925128366,1,95000,24750.0,3.8383838383838382
8000.0,1,Gujarat,5.5,75000,92,18,72,0.5934550032595721,0.3896541120943555,0.5537841207825904,0.5475397181594942,0.4238574022743027,1,95000,24750.0,3.8383838383838382
82032.35313002477,5,Gujarat,5.5,75000,92,18,72,0.7198261311270819,0.5574420929701018,0.587368497042938,0.6453545878313119,0.6153811260407902,1,95000,24750.0,3.8383838383838382
27269.955651614797,3,Gujarat,5.5,75000,92,18,72,0.6651317384543729,0.56617868166909,0.667963496360598,0.5158792496770873,0.4767919155655958,0,95000,24750.0,3.8383838383838382
11704.464232280137,1,Gujarat,5.5,75000,92,18,72,0.5914952572161865,0.35997444271774226,0.5722832937521181,0.683467901510571,0.5881951563924267,1,95000,24750.0,3.8383838383838382
27551.318375595292,3,Gujarat,5.5,75000,92,18,72,0.6508031691727579,0.4374567873297984,0.6801018039609096,0.7794252193724959,0.5841441173181819,0,95000,24750.0,3.8383838383838382
9432.53015137856,1,Gujarat,5.5,75000,92,18,72,0.613802982658839,0.2828041260887636,0.5821878259239163,0.491583030504698,0.49045966656430673,1,95000,24750.0,3.8383838383838382
46990.05905954351,4,Gujarat,5.5,75000,92,18,72,0.6970602146632436,0.5136328348680981,0.5367625573742959,0.7809608220799914,0.6892100177232034,1,95000,24750.0,3.8383838383838382
26450.676573329136,3,Gujarat,5.5,75000,92,18,72,0.665121008901193,0.6292589292179114,0.6992302863179671,0.7557647160857511,0.6352761170480361,0,95000,24750.0,3.8383838383838382
8000.0,1,Gujarat,5.5,75000,92,18,72,0.6050870486455149,0.24229884248477412,0.46679699606684977,0.5334241203351971,0.4570068819158071,0,95000,24750.0,3.8383838383838382
73065.6590561184,5,Gujarat,5.5,75000,92,18,72,0.7218100405973964,0.8261324361893644,0.3826348949675543,0.6611091317281096,0.7843314985487472,1,95000,24750.0,3.8383838383838382
33360.969963536656,4,Gujarat,5.5,75000,92,18,72,0.7073920438460363,0.4269581145078364,0.44487604802000136,0.5829414481932369,0.5304036905400412,0,95000,24750.0,3.8383838383838382
49421.496009084396,5,Gujarat,5.5,75000,92,18,72,0.7176533687330573,0.42692113664777287,0.6199864769274868,0.6362467114275311,0.6941424055185558,1,95000,24750.0,3.8383838383838382
41515.29320470318,4,Gujarat,5.5,75000,92,18,72,0.6929869093862948,0.5875783324860497,0.6643654221583497,0.783079946421102,0.7172423778334911,0,95000,24750.0,3.8383838383838382
24363.612075497647,3,Gujarat,5.5,75000,92,18,72,0.6427051564283455,0.631210754509782,0.5867952541872895,0.6093247445078788,0.6380978510044779,1,95000,24750.0,3.8383838383838382
8000.0,1,Gujarat,5.5,75000,92,18,72,0.5889646788483733,0.20751039556999107,0.39936792285430595,0.6020522951351646,0.4227180154522983,0,95000,24750.0,3.8383838383838382
11257.842208040276,1,Gujarat,5.5,75000,92,18,72,0.5852060957159353,0.5635591813748335,0.532193805149357,0.5556080303156025,0.6039074491933193,0,95000,24750.0,3.8383838383838382
36408.28667171326,4,Gujarat,5.5,75000,92,18,72,0.6999549215494472,0.5197352200853911,0.6203762164169622,0.6624005141270367,0.6305905171098009,1,95000,24750.0,3.8383838383838382
41886.46202402518,4,Gujarat,5.5,75000,92,18,72,0.6616888841940781,0.38234350422537866,0.5949233366767914,0.5811447217552782,0.6008178010049205,1,95000,24750.0,3.8383838383838382
8250.6426094682,1,Gujarat,5.5,75000,92,18,72,0.5931911854867584,0.5173707532944607,0.48632921993258865,0.49403469628868146,0.5645824228516333,1,95000,24750.0,3.8383838383838382
86216.16624390021,5,Gujarat,5.5,75000,92,18,72,0.6872772196876795,0.4827314318093745,0.7021458427991479,0.8460521762561423,0.7635512704153071,0,95000,24750.0,3.8383838383838382
39354.813809326784,4,Gujarat,5.5,75000,92,18,72,0.6789014067594668,0.6424574931437328,0.525435977023665,0.7874193810875655,0.7178873381389627,0,95000,24750.0,3.8383838383838382
63639.73115054659,5,Gujarat,5.5,75000,92,18,72,0.7123047962169671,0.5236503823716794,0.5101942476442045,0.6025105775897052,0.6612580021919543,0,95000,24750.0,3.8383838383838382
10569.973535908837,1,Gujarat,5.5,75000,92,18,72,0.6110629966522262,0.5959080137619691,0.650379741343723,0.4360829675125384,0.5424989166456882,0,95000,24750.0,3.8383838383838382
25950.18324498159,3,Gujarat,5.5,75000,92,18,72,0.6611805651065003,0.5913575846830648,0.5370023807818975,0.7207703650199749,0.6109530469595625,0,95000,24750.0,3.8383838383838382
38260.11535569527,4,Gujarat,5.5,75000,92,18,72,0.678882870480996,0.4254747986030597,0.8059926174456571,0.6447198689099126,0.6647248783724284,1,95000,24750.0,3.8383838383838382
58892.64223899298,5,Gujarat,5.5,75000,92,18,72,0.7278739229116039,0.6388656021550312,0.6305040983827785,0.7870773200875613,0.7430627392416698,1,95000,24750.0,3.8383838383838382
21892.096706472195,2,Gujarat,5.5,75000,92,18,72,0.6273926082595833,0.59492152259527,0.6326135216727213,0.6128027216982149,0.6316690345989594,1,95000,24750.0,3.8383838383838382
74378.9969262109,5,Gujarat,5.5,75000,92,18,72,0.7175899543013582,0.5854673001915752,0.622711247362246,0.7896201946184657,0.7712946090280025,1,95000,24750.0,3.8383838383838382
8000.0,1,Gujarat,5.5,75000,92,18,72,0.5851875706365658,0.3504896679858438,0.394536139730505,0.41010896527728624,0.40052458592961127,1,95000,24750.0,3.8383838383838382
9600.534460559997,1,Gujarat,5.5,75000,92,18,72,0.5873141485752543,0.6521081864815508,0.6823606175040743,0.673335761659068,0.5337067978670199,0,95000,24750.0,3.8383838383838382
28241.81222610286,3,Gujarat,5.5,75000,92,18,72,0.6489633127148304,0.4246945601686608,0.6044729185380984,0.5002908649265946,0.3819933355766078,1,95000,24750.0,3.8383838383838382
43401.79637461914,4,Gujarat,5.5,75000,92,18,72,0.6876788984458275,0.5329831678277461,0.446783556167535,0.5464097487954236,0.5770324379720615,1,95000,24750.0,3.8383838383838382
40004.21923182236,4,Gujarat,5.5,75000,92,18,72,0.6879931429840924,0.526741557823291,0.40254872578490086,0.6118459007166692,0.6476201486998528,0,95000,24750.0,3.8383838383838382
19418.649010324145,2,Bihar,4.2,60000,28,90,22,0.4494409266352404,0.6432735238031693,0.44855732860514896,0.4420487758292199,0.42498896526027263,1,110000,18900.0,5.8201058201058204
33924.21692774221,4,Bihar,4.2,60000,28,90,22,0.4978505516793783,0.48324944593902874,0.315582360896601,0.265759730380112,0.47653052416523695,1,110000,18900.0,5.8201058201058204
15276.24792582999,2,Bihar,4.2,60000,28,90,22,0.40692434306327885,0.23620188485852162,0.3352995300553211,0.40635005220321424,0.2988415007195733,0,110000,18900.0,5.8201058201058204
33225.83914292708,4,Bihar,4.2,60000,28,90,22,0.49662641987871686,0.6033611317635041,0.5933772900662683,0.29172672113299175,0.6168290584934568,1,110000,18900.0,5.8201058201058204
12712.934914782043,1,Bihar,4.2,60000,28,90,22,0.3894998364383246,0.36179228769388055,0.36124937439118504,0.12673098795705726,0.22928963766654584,1,110000,18900.0,5.8201058201058204
9317.102257146791,1,Bihar,4.2,60000,28,90,22,0.39434029075388455,0.33513828064261547,0.1642114587438191,0.32769111928572825,0.3484652123503812,0,110000,18900.0,5.8201058201058204
38565.26129700239,4,Bihar,4.2,60000,28,90,22,0.4858783052827366,0.4535063070105374,0.3970957010106466,0.4980036143661006,0.3933891426333582,0,110000,18900.0,5.8201058201058204
9192.287355203372,1,Bihar,4.2,60000,28,90,22,0.3973666167648769,0.5101862953797618,0.5160120921582568,0.3316548665377634,0.43421520313051626,0,110000,18900.0,5.8201058201058204
22600.449988656306,2,Bihar,4.2,60000,28,90,22,0.4202485060795969,0.37847455517332607,0.2749636356167816,0.21630866375632476,0.29552793394891114,0,110000,18900.0,5.8201058201058204
8000.0,1,Bihar,4.2,60000,28,90,22,0.4060348200345228,0.28395611728596143,0.34859146817581577,0.35795281782029525,0.30629498590470067,0,110000,18900.0,5.8201058201058204
60568.53800200009,5,Bihar,4.2,60000,28,90,22,0.5098919771490903,0.537031684176375,0.3760810228293501,0.3155656296570415,0.41788997219366075,1,110000,18900.0,5.8201058201058204
25987.616192374,3,Bihar,4.2,60000,28,90,22,0.4675666760724984,0.5321971617881383,0.22406697336281242,0.29659323897171785,0.42880963232721236,0,110000,18900.0,5.8201058201058204
45811.4921668719,4,Bihar,4.2,60000,28,90,22,0.5163697107706162,0.623286178619203,0.5357253289241029,0.3829549377183339,0.46026744249563756,0,110000,18900.0,5.8201058201058204
38792.60216666975,4,Bihar,4.2,60000,28,90,22,0.4807064094106593,0.4795341979628725,0.49969113341831384,0.26432058148210685,0.3796935130427053,1,110000,18900.0,5.8201058201058204
42473.091571009616,4,Bihar,4.2,60000,28,90,22,0.49115489695660774,0.5510119919153621,0.22366326140079212,0.4179529835645848,0.5887320027287146,0,110000,18900.0,5.8201058201058204
56131.816916479554,5,Bihar,4.2,60000,28,90,22,0.4987654263748752,0.7813632824733088,0.46482170920028,0.46181490511967704,0.563695734875106,1,110000,18900.0,5.8201058201058204
22104.300165295506,2,Bihar,4.2,60000,28,90,22,0.4309906470702986,0.4295795449619627,0.2312772767194124,0.44165477247245505,0.42045205270207403,1,110000,18900.0,5.8201058201058204
16915.224573480264,2,Bihar,4.2,60000,28,90,22,0.4404271715263148,0.712924926276642,0.3324825878800362,0.3304992008363865,0.37488792019899325,0,110000,18900.0,5.8201058201058204
25873.165917491468,3,Bihar,4.2,60000,28,90,22,0.47120639231357264,0.35480468555461797,0.4576535316326924,0.3132637030456988,0.3059835786978555,1,110000,18900.0,5.8201058201058204
39227.33855089588,4,Bihar,4.2,60000,28,90,22,0.4947736373028409,0.7280906380470793,0.39017680798115795,0.4810554542603883,0.5509284943954121,1,110000,18900.0,5.8201058201058204
21956.265436430545,2,Bihar,4.2,60000,28,90,22,0.4428926342475897,0.408792400801545,0.5370230412457014,0.24449010125207918,0.3480025865448494,0,110000,18900.0,5.8201058201058204
62168.27194058915,5,Bihar,4.2,60000,28,90,22,0.5494605453594278,0.7417809600282599,0.1981697982738269,0.45386059631176107,0.4582001400767047,1,110000,18900.0,5.8201058201058204
17606.079612343136,2,Bihar,4.2,60000,28,90,22,0.45112304687437593,0.3759931400523147,0.46819159777275,0.16064088203796625,0.1978006566825085,0,110000,18900.0,5.8201058201058204
86589.44050953971,5,Bihar,4.2,60000,28,90,22,0.5187747907059035,0.46842807849620216,0.362801022369737,0.3907997323398134,0.2825472660183789,0,110000,18900.0,5.8201058201058204
18576.695162591514,2,Bihar,4.2,60000,28,90,22,0.41948896013533254,0.5216860756125771,0.1688861952360963,0.3024324044261982,0.19019981087056267,0,110000,18900.0,5.8201058201058204
21282.85860819184,2,Bihar,4.2,60000,28,90,22,0.4299384858342619,0.3214609510143139,0.41900590622379985,0.354693568117556,0.3408267723498301,0,110000,18900.0,5.8201058201058204
14909.105061860793,1,Bihar,4.2,60000,28,90,22,0.3945301723438264,0.2661468711969074,0.3388031834985695,0.12370983711113884,0.16505517022825753,0,110000,18900.0,5.8201058201058204
14671.727275783589,1,Bihar,4.2,60000,28,90,22,0.40851347547864625,0.4463683583664626,0.18243165605608697,0.333156018743175,0.18993473955559284,0,110000,18900.0,5.8201058201058204
45412.25035694841,4,Bihar,4.2,60000,28,90,22,0.48218806460570496,0.5537697874462807,0.2217523215675114,0.5140476959953794,0.35295250748161744,0,110000,18900.0,5.8201058201058204
21563.319972936424,2,Bihar,4.2,60000,28,90,22,0.4332717756740965,0.5219650370047475,0.35279334883224567,0.22831114966832824,0.20492361778331591,1,110000,18900.0,5.8201058201058204
33200.89298653277,4,Bihar,4.2,60000,28,90,22,0.5023801405453631,0.45452203503071653,0.3907979664408666,0.4736039742352912,0.37715991824681266,0,110000,18900.0,5.8201058201058204
44389.88560626466,4,Bihar,4.2,60000,28,90,22,0.4929930412718282,0.5510565796650397,0.34860949569142896,0.2981045473482083,0.32829048361490987,1,110000,18900.0,5.8201058201058204
12357.017881084817,1,Bihar,4.2,60000,28,90,22,0.39453686177252195,0.22104260985307084,0.5227446748185866,0.2510247615270068,0.2984853309981979,0,110000,18900.0,5.8201058201058204
43284.99413140613,4,Bihar,4.2,60000,28,90,22,0.5057481405758568,0.5057696528058025,0.2934851212311287,0.48329060952162234,0.4295259123877918,1,110000,18900.0,5.8201058201058204
19436.674846304533,2,Bihar,4.2,60000,28,90,22,0.41521019055246167,0.45855207154331257,0.22744006068816391,0.25994750567353764,0.2501063808254635,0,110000,18900.0,5.8201058201058204
28241.308793873195,3,Bihar,4.2,60000,28,90,22,0.46072204944122536,0.4077988746880556,0.4135783281010753,0.2018900756116463,0.3486272360924471,0,110000,18900.0,5.8201058201058204
27627.211359068027,3,Bihar,4.2,60000,28,90,22,0.4635833997661866,0.5791767274768419,0.6188786228608419,0.3559902125642554,0.3529761001644033,0,110000,18900.0,5.8201058201058204
49104.77310075536,5,Bihar,4.2,60000,28,90,22,0.5241590865839962,0.45045557645583545,0.1732230367929999,0.5474099618702217,0.3768242495983546,0,110000,18900.0,5.8201058201058204
8000.0,1,Bihar,4.2,60000,28,90,22,0.40580496056078075,0.27014173743246417,0.22839939346523094,0.12649821319437807,0.16648973575385964,0,110000,18900.0,5.8201058201058204
25974.141595068806,3,Bihar,4.2,60000,28,90,22,0.4701043981980949,0.35018462158025576,0.2732127161580349,0.2028924206427533,0.2670434479115127,0,110000,18900.0,5.8201058201058204
28018.377534161387,3,Bihar,4.2,60000,28,90,22,0.4636459256095465,0.6614119817587764,0.48746703820925597,0.4367122327953758,0.3161102927694916,1,110000,18900.0,5.8201058201058204
26173.033360865946,3,Bihar,4.2,60000,28,90,22,0.4603194171785632,0.5463149087378276,0.34912395745999314,0.27413977360140673,0.5130523169415006,0,110000,18900.0,5.8201058201058204
17071.47705278097,2,Bihar,4.2,60000,28,90,22,0.42992410655340296,0.35252594718896174,0.3752602750077326,0.2533031117216652,0.30788273465441707,0,110000,18900.0,5.8201058201058204
19345.45416002012,2,Bihar,4.2,60000,28,90,22,0.4278848419796164,0.5887153361901606,0.4123598724808971,0.17009460897137998,0.34610085201578616,1,110000,18900.0,5.8201058201058204
14768.61403044579,1,Bihar,4.2,60000,28,90,22,0.4118754332432686,0.4931505032288541,0.2538027085105847,0.12298569532734019,0.15212495604479706,0,110000,18900.0,5.8201058201058204
132873.95958391274,5,Bihar,4.2,60000,28,90,22,0.5175347152052348,0.6273089757225843,0.3335354060767476,0.47836300707480195,0.4823245993800248,1,110000,18900.0,5.8201058201058204
28444.73906037715,3,Bihar,4.2,60000,28,90,22,0.4724677110900824,0.6384064798062808,0.20505891800669865,0.35966889480394787,0.3568704642906776,0,110000,18900.0,5.8201058201058204
25487.547240135013,3,Bihar,4.2,60000,28,90,22,0.46418999082259865,0.5454301039389224,0.3763691922414477,0.2817205329242757,0.43633146034304277,0,110000,18900.0,5.8201058201058204
38776.72386499652,4,Bihar,4.2,60000,28,90,22,0.48878745193143863,0.676912876633021,0.5040732571600263,0.37982126688543244,0.44413953917328186,0,110000,18900.0,5.8201058201058204
17502.765998764815,2,Bihar,4.2,60000,28,90,22,0.44018407215744126,0.49964783288644277,0.35127749879346415,0.26045932930290755,0.2976436161827174,1,110000,18900.0,5.8201058201058204
27905.551969866738,3,Bihar,4.2,60000,28,90,22,0.45672546075276876,0.6078750479165903,0.45922057839168984,0.4025158749263856,0.42295414201186127,0,110000,18900.0,5.8201058201058204
26012.644998411997,3,Bihar,4.2,60000,28,90,22,0.4703818404072821,0.7796089677073539,0.4152036516755758,0.4526267074440761,0.5890539023563985,1,110000,18900.0,5.8201058201058204
10293.563916984323,1,Bihar,4.2,60000,28,90,22,0.4061272612119178,0.5016277114289988,0.19199585547763898,0.323530725833805,0.20508047000675605,0,110000,18900.0,5.8201058201058204
41063.898098653335,4,Bihar,4.2,60000,28,90,22,0.48803675310908073,0.5917241234807953,0.2781814212667281,0.24532229490046017,0.2414376434962386,1,110000,18900.0,5.8201058201058204
21578.20999925799,2,Bihar,4.2,60000,28,90,22,0.43928634815334555,0.5930950098591117,0.5856934331006277,0.17386603833635778,0.2245404332796577,0,110000,18900.0,5.8201058201058204
8000.0,1,Bihar,4.2,60000,28,90,22,0.4094658972568863,0.6852761522678699,0.547867639310779,0.22281303401602373,0.4554893167073122,0,110000,18900.0,5.8201058201058204
20756.029594586387,2,Bihar,4.2,60000,28,90,22,0.44557519605809953,0.23699773353399767,0.3372710815752631,0.3995396567643302,0.36592384226858476,0,110000,18900.0,5.8201058201058204
13592.096742130854,1,Bihar,4.2,60000,28,90,22,0.4136614701240929,0.3796467791409045,0.17000453219034797,0.1650922564222135,0.16741680877516035,0,110000,18900.0,5.8201058201058204
27051.997581320782,3,Bihar,4.2,60000,28,90,22,0.4689127402072628,0.36654022611147313,0.3506919370620045,0.4576856259645526,0.2737983833043829,0,110000,18900.0,5.8201058201058204
54536.76018121442,5,Bihar,4.2,60000,28,90,22,0.5127240904879122,0.8747279669413934,0.30378533462709656,0.3270040975623395,0.5412281244618621,1,110000,18900.0,5.8201058201058204
8000.0,1,Bihar,4.2,60000,28,90,22,0.4284858698817405,0.2835363760371842,0.284251123596559,0.11578213715454228,0.15220944142433632,0,110000,18900.0,5.8201058201058204
26486.482868295796,3,Bihar,4.2,60000,28,90,22,0.44996383788928185,0.5094194449882206,0.3241894087697663,0.4680259091436793,0.3713727617430777,0,110000,18900.0,5.8201058201058204
9215.82149005721,1,Bihar,4.2,60000,28,90,22,0.413492631742823,0.548163778746404,0.17465920328345486,0.14259307779900746,0.22179820046863868,1,110000,18900.0,5.8201058201058204
9134.532040807215,1,Bihar,4.2,60000,28,90,22,0.4083128381688629,0.19565951966504036,0.1731615157833485,0.23313267448963473,0.4078679021519597,0,110000,18900.0,5.8201058201058204
38036.212963520695,4,Bihar,4.2,60000,28,90,22,0.4822585762751888,0.7066076800798227,0.43191929429717935,0.3417871132529475,0.42899098281216763,1,110000,18900.0,5.8201058201058204
27520.457311642826,3,Bihar,4.2,60000,28,90,22,0.462756990611215,0.7400151760360757,0.1395258212720679,0.23829093039945995,0.43066900690820603,1,110000,18900.0,5.8201058201058204
29004.639010032424,3,Bihar,4.2,60000,28,90,22,0.46321247113755354,0.5149804844654398,0.2727112824432032,0.3836333044880109,0.39238348250317917,0,110000,18900.0,5.8201058201058204
18794.847301169735,2,Bihar,4.2,60000,28,90,22,0.44705582715810516,0.3315768491310972,0.4232644664957028,0.4331018142394522,0.3202334903552897,0,110000,18900.0,5.8201058201058204
44621.84545458114,4,Bihar,4.2,60000,28,90,22,0.4868668909971978,0.4446432872049849,0.3951715687432993,0.44143283405626715,0.36045965786949874,0,110000,18900.0,5.8201058201058204
82705.16848181003,5,Bihar,4.2,60000,28,90,22,0.5213805499357563,0.7705907438324666,0.6787895952858007,0.4001096048331991,0.5613132696230451,1,110000,18900.0,5.8201058201058204
35204.931471805416,4,Bihar,4.2,60000,28,90,22,0.4706393039497873,0.5761633464413202,0.41965015919755044,0.4575390867429752,0.44566983048490244,1,110000,18900.0,5.8201058201058204
16390.58463828943,2,Bihar,4.2,60000,28,90,22,0.45134762793123573,0.1977961619329288,0.4705942950293809,0.18697444664092006,0.2313074740156116,0,110000,18900.0,5.8201058201058204
37629.841345221845,4,Bihar,4.2,60000,28,90,22,0.4832953175697992,0.6431043583252731,0.45354585749446275,0.4180048932080231,0.4979896546436963,0,110000,18900.0,5.8201058201058204
8000.0,1,Uttar Pradesh,4.8,66000,45,75,35,0.4739833943566775,0.4208814446264992,0.24384097525513204,0.30250390051052606,0.3063933017946965,0,104000,21600.0,4.814814814814815
45113.03941545094,4,Uttar Pradesh,4.8,66000,45,75,35,0.559700207417067,0.5205595035722249,0.42816284596990406,0.4196617380937581,0.4020512886036088,1,104000,21600.0,4.814814814814815
20546.42838717634,2,Uttar Pradesh,4.8,66000,45,75,35,0.49973427604645226,0.5780945187901183,0.5072351754679346,0.43353685739549414,0.4293043739072424,1,104000,21600.0,4.814814814814815
14951.21331536613,1,Uttar Pradesh,4.8,66000,45,75,35,0.4788129055629945,0.11476551163105086,0.2754730439516873,0.1972128102933987,0.24744832126256883,0,104000,21600.0,4.814814814814815
75699.42406853042,5,Uttar Pradesh,4.8,66000,45,75,35,0.6074269103173221,0.7762359307422981,0.3584912801945206,0.5215038093116188,0.48770469994388055,1,104000,21600.0,4.814814814814815
53000.22794494461,5,Uttar Pradesh,4.8,66000,45,75,35,0.5932292224137057,0.8185700989245206,0.4521114908554891,0.6179858646326699,0.5473118462909664,1,104000,21600.0,4.814814814814815
20445.626853488448,2,Uttar Pradesh,4.8,66000,45,75,35,0.507265065890591,0.6409310104140998,0.42189772974509543,0.2721797133754163,0.3135338580200542,0,104000,21600.0,4.814814814814815
26999.656418094022,3,Uttar Pradesh,4.8,66000,45,75,35,0.5340032010815561,0.6788103161825743,0.3163526552704272,0.34102903924551325,0.40097323902864307,1,104000,21600.0,4.814814814814815
100743.21482061282,5,Uttar Pradesh,4.8,66000,45,75,35,0.600889599953592,0.6550481443632381,0.5467770377252127,0.5598682044982011,0.5686228269634331,1,104000,21600.0,4.814814814814815
28846.84639495766,3,Uttar Pradesh,4.8,66000,45,75,35,0.5260851219194225,0.5612089700161063,0.42047036399875537,0.4934427541853151,0.3875501487000336,1,104000,21600.0,4.814814814814815
37478.199694897296,4,Uttar Pradesh,4.8,66000,45,75,35,0.5714681912584498,0.4924790997791261,0.42615568587517694,0.3966673470811985,0.44272428572715733,0,104000,21600.0,4.814814814814815
47546.43313179523,4,Uttar Pradesh,4.8,66000,45,75,35,0.5718192843707596,0.5326787886163614,0.595499024017256,0.41963606922769664,0.5001303520829431,0,104000,21600.0,4.814814814814815
31652.663790029303,3,Uttar Pradesh,4.8,66000,45,75,35,0.5415396558011147,0.5076560146731186,0.3474897653997917,0.48364041153351095,0.5115282850807077,0,104000,21600.0,4.814814814814815
15146.463890916459,2,Uttar Pradesh,4.8,66000,45,75,35,0.4941128070409209,0.5266931636280113,0.3487977630132406,0.29726376620777667,0.42390389306462123,0,104000,21600.0,4.814814814814815
15873.156403431847,2,Uttar Pradesh,4.8,66000,45,75,35,0.49903090937191374,0.2157698056535759,0.3395925311149169,0.4115409180786122,0.20666023106709702,0,104000,21600.0,4.814814814814815
14433.97236800864,1,Uttar Pradesh,4.8,66000,45,75,35,0.4731089556020901,0.39845178646483487,0.3810830353432093,0.20931709190840148,0.31542335738690563,1,104000,21600.0,4.814814814814815
48003.455377254184,4,Uttar Pradesh,4.8,66000,45,75,35,0.5470058652659957,0.666098013661154,0.32029760911802807,0.43505980451319043,0.32696714341109684,0,104000,21600.0,4.814814814814815
74419.54247539598,5,Uttar Pradesh,4.8,66000,45,75,35,0.6066634877951459,0.8674215882126505,0.43095648208168336,0.568269829583636,0.6605480279858059,0,104000,21600.0,4.814814814814815
14764.629644265959,1,Uttar Pradesh,4.8,66000,45,75,35,0.470591520379264,0.47321165063622794,0.4015513362617329,0.29963803349725404,0.38315140779861934,1,104000,21600.0,4.814814814814815
37468.892606017514,4,Uttar Pradesh,4.8,66000,45,75,35,0.5635535645903329,0.44160793200976045,0.518235156933295,0.3174378711742254,0.3479001407491225,1,104000,21600.0,4.814814814814815
13954.013780422272,1,Uttar Pradesh,4.8,66000,45,75,35,0.46494424131701373,0.4494295442134614,0.5632700287428937,0.2835807737980208,0.388791708553506,0,104000,21600.0,4.814814814814815
19153.59138131329,2,Uttar Pradesh,4.8,66000,45,75,35,0.48744551012061543,0.5564019257262721,0.43022702849314887,0.2981672539335689,0.31172567655608935,0,104000,21600.0,4.814814814814815
28490.098862707164,3,Uttar Pradesh,4.8,66000,45,75,35,0.524673986859538,0.5599376192007472,0.5222671795514108,0.29205132151547447,0.41094645520607015,1,104000,21600.0,4.814814814814815
43494.16774507839,4,Uttar Pradesh,4.8,66000,45,75,35,0.5629063275906216,0.6015486484871255,0.5658596629755693,0.314408070161262,0.47609238652232566,0,104000,21600.0,4.814814814814815
48859.462032160896,5,Uttar Pradesh,4.8,66000,45,75,35,0.5974485738418227,0.753546790810356,0.47698175236476603,0.37532128713657337,0.51187246975346,0,104000,21600.0,4.814814814814815
19293.784611800333,2,Uttar Pradesh,4.8,66000,45,75,35,0.5023322011203128,0.5416030417654528,0.6520780688768416,0.4964409639879889,0.5574757840402647,0,104000,21600.0,4.814814814814815
55421.65508586634,5,Uttar Pradesh,4.8,66000,45,75,35,0.5941815258767053,0.962165628316752,0.4983802857438382,0.5866124289701424,0.6045188322928887,0,104000,21600.0,4.814814814814815
36705.195827477604,4,Uttar Pradesh,4.8,66000,45,75,35,0.5573440219674719,0.8039643047057496,0.5055751045527475,0.5935891805406088,0.6398981993787392,1,104000,21600.0,4.814814814814815
9886.258438846593,1,Uttar Pradesh,4.8,66000,45,75,35,0.47567677137674,0.4616013524576618,0.189107835983553,0.1961018356527141,0.20587181011429218,0,104000,21600.0,4.814814814814815
37177.99868082044,4,Uttar Pradesh,4.8,66000,45,75,35,0.5755426143781448,0.6001593445140091,0.33246202201163216,0.4828195816461663,0.33103413843533025,0,104000,21600.0,4.814814814814815
20543.101747764114,2,Uttar Pradesh,4.8,66000,45,75,35,0.5077621801386756,0.26316657504590346,0.523901585629309,0.23665323618112455,0.21865221262877899,0,104000,21600.0,4.814814814814815
11310.979281545171,1,Uttar Pradesh,4.8,66000,45,75,35,0.47880970459681516,0.43630092608433574,0.6073722992154641,0.16970858402687747,0.2768866514786329,0,104000,21600.0,4.814814814814815
32751.18119429988,4,Uttar Pradesh,4.8,66000,45,75,35,0.563654449707352,0.5618705421027541,0.5459740848705782,0.4515510099987438,0.5526241494213364,0,104000,21600.0,4.814814814814815
23255.90656946801,3,Uttar Pradesh,4.8,66000,45,75,35,0.5156827350182897,0.6757563892460241,0.3891573919761355,0.4555697308560224,0.5153248868823114,0,104000,21600.0,4.814814814814815
26512.428027996764,3,Uttar Pradesh,4.8,66000,45,75,35,0.5202676204079733,0.4185092697210955,0.35120380505162585,0.2807353749441064,0.328553326313541,0,104000,21600.0,4.814814814814815
29205.991872430724,3,Uttar Pradesh,4.8,66000,45,75,35,0.5352630437209241,0.6002308791256596,0.2363876424531079,0.37118458168476526,0.26278341442426645,0,104000,21600.0,4.814814814814815
46824.59536172054,4,Uttar Pradesh,4.8,66000,45,75,35,0.5606048951946848,0.795590179070438,0.40278236676481594,0.338716767139017,0.6264181486281628,0,104000,21600.0,4.814814814814815
41766.16564797134,4,Uttar Pradesh,4.8,66000,45,75,35,0.565112714579014,0.6757427010525379,0.34227948450328205,0.4202977592367136,0.3667838540588723,1,104000,21600.0,4.814814814814815
14355.98116052474,1,Uttar Pradesh,4.8,66000,45,75,35,0.4874785198927265,0.49850351713494206,0.4144139047254941,0.3032053761553256,0.387143870192347,1,104000,21600.0,4.814814814814815
24271.542024695216,3,Uttar Pradesh,4.8,66000,45,75,35,0.537974645706579,0.6577481901493119,0.4120360002817305,0.36292608226394313,0.4221841689140652,0,104000,21600.0,4.814814814814815
26547.441441326704,3,Uttar Pradesh,4.8,66000,45,75,35,0.543303147771714,0.7915150168129294,0.40918821691023527,0.4345413739568788,0.5448054451893559,0,104000,21600.0,4.814814814814815
21981.114959344213,2,Uttar Pradesh,4.8,66000,45,75,35,0.501661099608993,0.4493305766525272,0.35818935750755615,0.3870436835937721,0.4716981100848943,1,104000,21600.0,4.814814814814815
15077.190826792987,2,Uttar Pradesh,4.8,66000,45,75,35,0.49264212893944126,0.296186884446783,0.2546836317935946,0.31154726650072123,0.3031810986102862,0,104000,21600.0,4.814814814814815
24931.01515936379,3,Uttar Pradesh,4.8,66000,45,75,35,0.5301356241221423,0.3495383596102405,0.4797892429372169,0.3785461914899954,0.44091183018104874,1,104000,21600.0,4.814814814814815
20315.626956132306,2,Uttar Pradesh,4.8,66000,45,75,35,0.49266676757709427,0.2726342488411666,0.2731076353059513,0.3439863520403447,0.51780939772989,1,104000,21600.0,4.814814814814815
15660.441332523633,2,Uttar Pradesh,4.8,66000,45,75,35,0.5162972352820101,0.38477046634480516,0.5350022599954474,0.3243626586395048,0.4560770497964797,1,104000,21600.0,4.814814814814815
49544.39650650797,5,Uttar Pradesh,4.8,66000,45,75,35,0.5986181964796404,0.7602199479359746,0.2457026752676746,0.5898609648339639,0.4356483297097755,0,104000,21600.0,4.814814814814815
15813.307904073385,2,Uttar Pradesh,4.8,66000,45,75,35,0.5059194106805684,0.466551498848642,0.300974389287542,0.2536509178713337,0.17535181219215268,0,104000,21600.0,4.814814814814815
96956.83283344233,5,Uttar Pradesh,4.8,66000,45,75,35,0.6030737177365668,0.6940381831705664,0.2992167044383355,0.6187772956593527,0.6026351263095351,1,104000,21600.0,4.814814814814815
56437.95323080353,5,Uttar Pradesh,4.8,66000,45,75,35,0.5705137215690534,0.6472437772514674,0.20406499704795325,0.4610419718922197,0.4257088152071942,0,104000,21600.0,4.814814814814815
35201.564768809505,4,Uttar Pradesh,4.8,66000,45,75,35,0.5665956652277123,0.8649812469363725,0.5984000678041902,0.5288549229386169,0.6765714086095209,1,104000,21600.0,4.814814814814815
18775.219316411345,2,Uttar Pradesh,4.8,66000,45,75,35,0.48760782787124196,0.5226681281699559,0.4033863719202823,0.4767994051934082,0.2583616553171495,0,104000,21600.0,4.814814814814815
52501.6367534988,5,Uttar Pradesh,4.8,66000,45,75,35,0.5906417287296292,0.8331211318124674,0.47503679731626014,0.6279024771680308,0.7115250075263337,0,104000,21600.0,4.814814814814815
17978.416454683127,2,Uttar Pradesh,4.8,66000,45,75,35,0.4975972097896135,0.47579039896423314,0.3580333996279241,0.34737618767102635,0.3600140426717383,1,104000,21600.0,4.814814814814815
22191.482254235172,2,Uttar Pradesh,4.8,66000,45,75,35,0.5073316518352552,0.524760759222413,0.6376724951617739,0.2886476140372149,0.5795376570675166,0,104000,21600.0,4.814814814814815
85091.07219242987,5,Uttar Pradesh,4.8,66000,45,75,35,0.5929961586038953,0.6785582064088662,0.2976131441409008,0.5433947952938074,0.5282559040960136,1,104000,21600.0,4.814814814814815
33452.2761032113,4,Uttar Pradesh,4.8,66000,45,75,35,0.5741654574504036,0.4020147255530342,0.5260803501905571,0.3668555698439508,0.47185779240255193,1,104000,21600.0,4.814814814814815
31021.15112319786,3,Uttar Pradesh,4.8,66000,45,75,35,0.5246953141049595,0.5283914905997102,0.5256476578930129,0.49884572831289214,0.45691300396894147,1,104000,21600.0,4.814814814814815
49868.65010342018,5,Uttar Pradesh,4.8,66000,45,75,35,0.5978054296106186,0.6305974292834913,0.4289267103746679,0.575070136411663,0.5245222425530655,0,104000,21600.0,4.814814814814815
13571.283454461109,1,Uttar Pradesh,4.8,66000,45,75,35,0.4723365178832741,0.3765661980984031,0.26302476597744273,0.4003588239578872,0.3462977126281277,0,104000,21600.0,4.814814814814815
38982.297996391535,4,Uttar Pradesh,4.8,66000,45,75,35,0.5443613830135702,0.5355138353150446,0.5523225370477802,0.4416439191912474,0.4627668175363618,0,104000,21600.0,4.814814814814815
8000.0,1,Uttar Pradesh,4.8,66000,45,75,35,0.46152812112905545,0.2367377302165778,0.4748678484618857,0.32889515663605023,0.27305872046821494,1,104000,21600.0,4.814814814814815
32953.158734996294,4,Uttar Pradesh,4.8,66000,45,75,35,0.5592155053790641,0.4800220201348107,0.33431989743473406,0.34248465761599306,0.4222743193107217,0,104000,21600.0,4.814814814814815
86986.3177991599,5,Uttar Pradesh,4.8,66000,45,75,35,0.601837210213203,0.4978542326209121,0.6794211524172948,0.5679603519465498,0.535809179716767,0,104000,21600.0,4.814814814814815
14107.816339297278,1,Uttar Pradesh,4.8,66000,45,75,35,0.4753515162898569,0.3408537471803401,0.23168493700547071,0.30771827083415687,0.3113761465475764,1,104000,21600.0,4.814814814814815
35932.75062399624,4,Uttar Pradesh,4.8,66000,45,75,35,0.5490392774754785,0.3085456059688125,0.4175778832826703,0.4644381572722632,0.299424420973301,0,104000,21600.0,4.814814814814815
76667.33511131303,5,Uttar Pradesh,4.8,66000,45,75,35,0.5893111234338142,0.597635046633294,0.4256979778369896,0.6157643112741551,0.5600299074451226,0,104000,21600.0,4.814814814814815
149048.40318009348,5,Uttar Pradesh,4.8,66000,45,75,35,0.6108923502022161,0.7670987383843912,0.4872706127553328,0.5933629995433194,0.6046788521199977,1,104000,21600.0,4.814814814814815
37673.28351791664,4,Uttar Pradesh,4.8,66000,45,75,35,0.5618265190626943,0.6494715054702023,0.6980179350679395,0.472224429010815,0.400739400503167,0,104000,21600.0,4.814814814814815
100450.17852888316,5,Uttar Pradesh,4.8,66000,45,75,35,0.5874410299635618,0.6854230939477126,0.35234788603408157,0.46819856470390725,0.42226164420265566,0,104000,21600.0,4.814814814814815
21267.826366048947,2,Uttar Pradesh,4.8,66000,45,75,35,0.5056316821218478,0.4298738609512789,0.2967331992169091,0.3455972992873748,0.19694698108184197,0,104000,21600.0,4.814814814814815
22432.94809081973,2,Uttar Pradesh,4.8,66000,45,75,35,0.5083482165101054,0.5459943002703652,0.34886886580215387,0.3168957680327286,0.3843508368507659,1,104000,21600.0,4.814814814814815
77095.10680767418,5,Uttar Pradesh,4.8,66000,45,75,35,0.5861526022394852,0.8596706370119549,0.44615439202242824,0.40714829167891636,0.49928214711986324,0,104000,21600.0,4.814814814814815
15607.83512394356,2,Uttar Pradesh,4.8,66000,45,75,35,0.505740033458,0.23636140948794987,0.7318057412758837,0.40539945911189174,0.3861590820530123,0,104000,21600.0,4.814814814814815
37894.53528181478,4,Uttar Pradesh,4.8,66000,45,75,35,0.5574253907475776,0.552777608020429,0.25764447078439345,0.519121167440888,0.5569578517022038,0,104000,21600.0,4.814814814814815
44315.90412155615,4,Uttar Pradesh,4.8,66000,45,75,35,0.5679075617325801,0.6455351816683024,0.2741827198144702,0.6030296770281101,0.5200091523263016,0,104000,21600.0,4.814814814814815
20694.545346863284,2,Uttar Pradesh,4.8,66000,45,75,35,0.5024112172939985,0.4042284513732026,0.7202574906069318,0.348378009405272,0.45086074622768046,0,104000,21600.0,4.814814814814815
9048.547970143753,1,Uttar Pradesh,4.8,66000,45,75,35,0.4755339639848147,0.22450082820006806,0.3539243370169888,0.46085439049439664,0.2978866760519856,0,104000,21600.0,4.814814814814815
31185.61553814973,3,Uttar Pradesh,4.8,66000,45,75,35,0.5231224502526106,0.5043794901527202,0.22619527668540357,0.31779624231841247,0.30309853448556673,1,104000,21600.0,4.814814814814815
33371.62403992279,4,Uttar Pradesh,4.8,66000,45,75,35,0.5525014218735571,0.6833430177771748,0.45511862488041244,0.5086559165608417,0.423480221601462,0,104000,21600.0,4.814814814814815
34313.94786368421,4,Uttar Pradesh,4.8,66000,45,75,35,0.5701692587608796,0.8691091253098429,0.3825028312606813,0.6100972595572128,0.6561498547026381,0,104000,21600.0,4.814814814814815
27399.053148297306,3,Uttar Pradesh,4.8,66000,45,75,35,0.5299203219004307,0.6863856789283564,0.4095460570742938,0.4537641574837688,0.6019280628902651,0,104000,21600.0,4.814814814814815
16187.252533068233,2,Uttar Pradesh,4.8,66000,45,75,35,0.5035646331352793,0.5135225422553906,0.382058655595088,0.3473776354149825,0.46981003029435536,1,104000,21600.0,4.814814814814815
41575.526737421256,4,Uttar Pradesh,4.8,66000,45,75,35,0.5576503314434206,0.6147105227933299,0.36396188552033004,0.46624235695570043,0.3919072085653205,0,104000,21600.0,4.814814814814815
30466.734664660507,3,Uttar Pradesh,4.8,66000,45,75,35,0.5397015534544222,0.6927336440819492,0.6096251926908914,0.5153200082117567,0.6498556789893016,0,104000,21600.0,4.814814814814815
27469.437380541684,3,Uttar Pradesh,4.8,66000,45,75,35,0.5246361859139891,0.5848151252528975,0.34637408930528096,0.5433998154026963,0.46342371310380914,0,104000,21600.0,4.814814814814815
31429.230299787752,3,Uttar Pradesh,4.8,66000,45,75,35,0.5293582733152769,0.599339309577007,0.23691196070191795,0.39784462601108245,0.515981012302649,1,104000,21600.0,4.814814814814815
14382.606714359114,1,Uttar Pradesh,4.8,66000,45,75,35,0.47857421384131704,0.2790176108103352,0.559957276628045,0.39337767517092065,0.3911123569100527,1,104000,21600.0,4.814814814814815
23604.433866986783,3,Uttar Pradesh,4.8,66000,45,75,35,0.5424439627059283,0.4139171806806091,0.2636380940359827,0.5417731926232712,0.4427264734081238,1,104000,21600.0,4.814814814814815
55397.579343939615,5,Uttar Pradesh,4.8,66000,45,75,35,0.5854766928040189,0.6768183119238587,0.34521399958860205,0.44630283937529075,0.5267166315988052,0,104000,21600.0,4.814814814814815
19695.554611415435,2,Uttar Pradesh,4.8,66000,45,75,35,0.5203111255338445,0.24341479229469523,0.49671340068926073,0.35961484493667667,0.24660056934070218,0,104000,21600.0,4.814814814814815
20047.6902787765,2,Uttar Pradesh,4.8,66000,45,75,35,0.5038467026512218,0.3515452918175218,0.4472860419309618,0.5102919331525183,0.3241116430828006,1,104000,21600.0,4.814814814814815
13375.128396853066,1,Uttar Pradesh,4.8,66000,45,75,35,0.46028500309619835,0.45796493365549107,0.2735811388158093,0.26771023622998585,0.2643104469011459,1,104000,21600.0,4.814814814814815
43147.23624493077,4,Uttar Pradesh,4.8,66000,45,75,35,0.5644048062001854,0.6280184087533347,0.28985485979175524,0.49757305342996544,0.45302595112969435,1,104000,21600.0,4.814814814814815
32939.1780585615,4,Uttar Pradesh,4.8,66000,45,75,35,0.5568842935694511,0.5766387435592746,0.41410066003264356,0.5087761333938231,0.5038075884489936,0,104000,21600.0,4.814814814814815
150000.0,5,Uttar Pradesh,4.8,66000,45,75,35,0.5950549705861176,0.38920477303301076,0.4998101790197117,0.4079111947510194,0.4164214154453747,1,104000,21600.0,4.814814814814815
18277.825248006062,2,Uttar Pradesh,4.8,66000,45,75,35,0.5002857232376823,0.43422152502637834,0.5963848042584151,0.45365177433001164,0.40812035558522786,1,104000,21600.0,4.814814814814815
9311.254599865253,1,Uttar Pradesh,4.8,66000,45,75,35,0.4714570226161872,0.6000966185464783,0.4220653980433964,0.2855368494440865,0.46664438362945615,1,104000,21600.0,4.814814814814815
16128.593540184089,2,Uttar Pradesh,4.8,66000,45,75,35,0.4915983519484242,0.5827549672612591,0.5561900215172055,0.3617636907371649,0.5404428054672185,0,104000,21600.0,4.814814814814815
18553.094229607137,2,Uttar Pradesh,4.8,66000,45,75,35,0.5106148980214492,0.2787664954563114,0.6200685004887809,0.4045194077170094,0.44205105863880656,1,104000,21600.0,4.814814814814815
30753.815523861937,3,Uttar Pradesh,4.8,66000,45,75,35,0.5191530120427754,0.7851650487099022,0.47620800837127764,0.38481207497801034,0.4455407952231746,0,104000,21600.0,4.814814814814815
81163.20603709416,5,Uttar Pradesh,4.8,66000,45,75,35,0.5796266367602358,0.600919417523346,0.24796748215923986,0.45919140636078654,0.49242902999181976,1,104000,21600.0,4.814814814814815
29527.54312248887,3,Uttar Pradesh,4.8,66000,45,75,35,0.5343878892057605,0.6104206404562369,0.32435032068508685,0.42559588512400953,0.536278440113328,0,104000,21600.0,4.814814814814815
80488.27659685556,5,Uttar Pradesh,4.8,66000,45,75,35,0.6067427281860654,0.6721499960836521,0.3597041365620306,0.4657021469214117,0.5012761221533942,0,104000,21600.0,4.814814814814815
42410.05776680319,4,Uttar Pradesh,4.8,66000,45,75,35,0.5571883547436417,0.5835547993149042,0.5510659575144804,0.4419055838253882,0.6034589514396345,1,104000,21600.0,4.814814814814815
25399.738943153305,3,Uttar Pradesh,4.8,66000,45,75,35,0.5377240089413253,0.352614090917149,0.4075893268211703,0.29418891932260854,0.49088563086723747,1,104000,21600.0,4.814814814814815
48457.89154747002,5,Uttar Pradesh,4.8,66000,45,75,35,0.6014476874829212,0.48672492384364013,0.614195130674231,0.6150895850755378,0.6465900040503962,1,104000,21600.0,4.814814814814815
49719.555394726056,5,Uttar Pradesh,4.8,66000,45,75,35,0.5988611300872264,0.5472108469789332,0.5419836250532527,0.4851788342477424,0.5766547113524778,1,104000,21600.0,4.814814814814815
8000.0,1,Uttar Pradesh,4.8,66000,45,75,35,0.46760220282254894,0.2745846977378936,0.49844707107188235,0.18650186892813522,0.30459223137761066,1,104000,21600.0,4.814814814814815
114999.44840293711,5,Uttar Pradesh,4.8,66000,45,75,35,0.579803818542345,0.5999516147811144,0.4366296243839215,0.598673791918304,0.5986123038683878,0,104000,21600.0,4.814814814814815
36203.68406841354,4,Uttar Pradesh,4.8,66000,45,75,35,0.5386388100575722,0.6073152473765336,0.3649498251771726,0.3175542600666516,0.44809012728295544,0,104000,21600.0,4.814814814814815
90154.50675072522,5,Uttar Pradesh,4.8,66000,45,75,35,0.5880858807196618,0.6488767562767664,0.49462459468847497,0.5414705268350116,0.4703003538516393,1,104000,21600.0,4.814814814814815
26426.224551444877,3,Uttar Pradesh,4.8,66000,45,75,35,0.5424951593999074,0.47589881678760404,0.527328927330254,0.4724657945856215,0.5697051632182215,1,104000,21600.0,4.814814814814815
115119.22258936058,5,Uttar Pradesh,4.8,66000,45,75,35,0.5794726258666664,0.48573172723289676,0.48562674630050817,0.41902978892542203,0.47607274359072305,0,104000,21600.0,4.814814814814815
102726.14579643162,5,Uttar Pradesh,4.8,66000,45,75,35,0.5977163841894734,0.4813777564165097,0.3231188420354353,0.40104449542919046,0.6146168203787817,1,104000,21600.0,4.814814814814815
22676.634480008215,2,Uttar Pradesh,4.8,66000,45,75,35,0.49121276041376694,0.26634284968501165,0.22912071731471373,0.2458315749194867,0.44809561589698393,0,104000,21600.0,4.814814814814815
10655.560468614281,1,Uttar Pradesh,4.8,66000,45,75,35,0.47177501147815415,0.28025204893984607,0.41731329056163063,0.45966566371871104,0.33633110659266996,0,104000,21600.0,4.814814814814815
51165.54443332782,5,Uttar Pradesh,4.8,66000,45,75,35,0.5977922018558359,0.8344213367961923,0.40412554401897144,0.5881927141337933,0.6245928390707983,1,104000,21600.0,4.814814814814815
22988.670693291682,3,Uttar Pradesh,4.8,66000,45,75,35,0.5241193313459014,0.6001502803180512,0.5062050110775367,0.3554798077766556,0.41762530385984303,0,104000,21600.0,4.814814814814815
69905.40856514435,5,Uttar Pradesh,4.8,66000,45,75,35,0.5924191325212549,0.6348381359439408,0.4790499463787654,0.46233396933074516,0.45755236003483263,1,104000,21600.0,4.814814814814815
29367.889185255193,3,Uttar Pradesh,4.8,66000,45,75,35,0.5265633723470324,0.6253730568321682,0.47543990656393476,0.45625409305773373,0.48120975403728633,1,104000,21600.0,4.814814814814815
11263.196419179054,1,Uttar Pradesh,4.8,66000,45,75,35,0.4777657723036675,0.18353559363154193,0.5919344121582929,0.2989682542317099,0.31958508113313755,0,104000,21600.0,4.814814814814815
50334.55326363539,5,Uttar Pradesh,4.8,66000,45,75,35,0.5930674573991321,0.7299116346274339,0.5399235800578024,0.4430687098853447,0.46372271604228066,0,104000,21600.0,4.814814814814815
35941.912342028576,4,Uttar Pradesh,4.8,66000,45,75,35,0.5612793624585783,0.47423972204597353,0.4461729613440436,0.3287956486369028,0.33604956323430313,0,104000,21600.0,4.814814814814815
23630.62073528076,3,Uttar Pradesh,4.8,66000,45,75,35,0.5462977853157055,0.36869012804691176,0.512510095914816,0.49682276016317634,0.25037407147369894,1,104000,21600.0,4.814814814814815
24272.48295138446,3,Uttar Pradesh,4.8,66000,45,75,35,0.5373373471379688,0.564548080781205,0.3784179426517996,0.5281344263505094,0.3917915275214843,0,104000,21600.0,4.814814814814815
18260.366603408478,2,Uttar Pradesh,4.8,66000,45,75,35,0.4938107670530228,0.6069626890112296,0.4687127889487812,0.27345445249082895,0.45933120801876076,1,104000,21600.0,4.814814814814815
23329.962273387766,3,Uttar Pradesh,4.8,66000,45,75,35,0.529855646706308,0.5163494579073562,0.5319653876774778,0.2806882009315977,0.5171623160089789,1,104000,21600.0,4.814814814814815
13222.435019173216,1,Uttar Pradesh,4.8,66000,45,75,35,0.46995529786348916,0.4473876546540195,0.49609546239859303,0.19725431838017243,0.2108495621222317,1,104000,21600.0,4.814814814814815
48217.16095705836,4,Uttar Pradesh,4.8,66000,45,75,35,0.5615174814405378,0.6149247139454408,0.2044531200686465,0.43594446018753014,0.339846402206772,0,104000,21600.0,4.814814814814815
86751.2989155038,5,Uttar Pradesh,4.8,66000,45,75,35,0.6159593784803608,0.7726668720127168,0.4157427682843515,0.45147114083433143,0.6458989072286598,0,104000,21600.0,4.814814814814815
24179.757968233018,3,Uttar Pradesh,4.8,66000,45,75,35,0.5344228046413957,0.38927559236200004,0.7256232414806878,0.2837040114432012,0.3615299902989036,0,104000,21600.0,4.814814814814815
48384.92330021228,5,Uttar Pradesh,4.8,66000,45,75,35,0.570355260013238,0.7111495836159347,0.23471333889771728,0.49812728984213467,0.46230966025007464,1,104000,21600.0,4.814814814814815
21727.68878324826,2,Uttar Pradesh,4.8,66000,45,75,35,0.49528629599711604,0.33773822991477914,0.48448533597757915,0.27284233753167697,0.29043269040002245,0,104000,21600.0,4.814814814814815
17559.343115504016,2,Uttar Pradesh,4.8,66000,45,75,35,0.4813905648393276,0.3208580995354483,0.44804898119172487,0.2317512404723538,0.3668294818031239,1,104000,21600.0,4.814814814814815
23602.787251336696,3,Uttar Pradesh,4.8,66000,45,75,35,0.5274163031438273,0.3491533049731752,0.5222512168641205,0.4590451082920463,0.5493047831069049,0,104000,21600.0,4.814814814814815
27991.465732444256,3,Uttar Pradesh,4.8,66000,45,75,35,0.5108411834170214,0.545007880500959,0.6101141638121492,0.4334185543872133,0.4847725435032641,0,104000,21600.0,4.814814814814815
13939.26872695371,1,Uttar Pradesh,4.8,66000,45,75,35,0.46199838100360147,0.4595925409329154,0.3075637181963675,0.4095860360087283,0.32467864246049705,1,104000,21600.0,4.814814814814815
29853.79421255821,3,Uttar Pradesh,4.8,66000,45,75,35,0.5155070704179445,0.35061657855076817,0.46948151479854805,0.3523511165812539,0.356994411963373,0,104000,21600.0,4.814814814814815
30103.65243511936,3,Uttar Pradesh,4.8,66000,45,75,35,0.5345558874939604,0.47460367955488547,0.2950215179025325,0.30241346988230966,0.42183167602012694,0,104000,21600.0,4.814814814814815
22986.542585104908,3,Uttar Pradesh,4.8,66000,45,75,35,0.5307196793405745,0.5856419170978715,0.4723271537727117,0.36971489314730416,0.4850634956729883,0,104000,21600.0,4.814814814814815
11859.93132139068,1,Uttar Pradesh,4.8,66000,45,75,35,0.4737439087892731,0.36639298589947655,0.40516076063361117,0.3952787821341866,0.3349393460708625,0,104000,21600.0,4.814814814814815
24077.409118350024,3,Uttar Pradesh,4.8,66000,45,75,35,0.5296687718286004,0.485026215564216,0.23635326748928953,0.3341884732113564,0.3539353029678199,1,104000,21600.0,4.814814814814815
89160.72653212136,5,Uttar Pradesh,4.8,66000,45,75,35,0.5767713082122415,0.4313488429554939,0.4515992355111108,0.43816692164483534,0.40051878363308957,0,104000,21600.0,4.814814814814815
80262.50366049114,5,Uttar Pradesh,4.8,66000,45,75,35,0.5958494994068331,0.6702993117814219,0.4978742239482473,0.40594207187334713,0.4741998016791441,1,104000,21600.0,4.814814814814815
13627.84183791605,1,Uttar Pradesh,4.8,66000,45,75,35,0.4899365313169803,0.16186005061934527,0.446748789985152,0.4576209752206772,0.25101223625060887,1,104000,21600.0,4.814814814814815
9944.078558806876,1,Uttar Pradesh,4.8,66000,45,75,35,0.47480641150035124,0.28704649367746077,0.27401773367637106,0.45185961423975946,0.4042201601076612,1,104000,21600.0,4.814814814814815
39710.10652043742,4,Uttar Pradesh,4.8,66000,45,75,35,0.5564550397211101,0.4872159857758652,0.31181121485743135,0.5090823081793364,0.2917968297979949,1,104000,21600.0,4.814814814814815
38387.4180294798,4,Uttar Pradesh,4.8,66000,45,75,35,0.5464336139532313,0.5000558661624425,0.6597642032701333,0.3761120919525122,0.4993980437296638,1,104000,21600.0,4.814814814814815
12428.582557285987,1,Uttar Pradesh,4.8,66000,45,75,35,0.4616336160066861,0.21257710636523958,0.3433416974009307,0.39163356792539034,0.29624744898463934,1,104000,21600.0,4.814814814814815
17887.29195414862,2,Uttar Pradesh,4.8,66000,45,75,35,0.5052446822800063,0.5634279572928836,0.251821627683721,0.38684669554658285,0.3761678518775588,0,104000,21600.0,4.814814814814815
32787.609548685505,4,Uttar Pradesh,4.8,66000,45,75,35,0.5714454659822795,0.35059690970076873,0.3291062764077819,0.5365365082363642,0.3881782078885095,1,104000,21600.0,4.814814814814815
61171.195763038006,5,Uttar Pradesh,4.8,66000,45,75,35,0.5933229474615055,0.6605897958400264,0.4016860877976468,0.6197897747989548,0.5519936662326472,1,104000,21600.0,4.814814814814815
66358.48591788595,5,Uttar Pradesh,4.8,66000,45,75,35,0.5987131586113456,0.4972375797933922,0.44509109285332626,0.4572089768486158,0.6156308356238798,1,104000,21600.0,4.814814814814815
62170.882409229656,5,Uttar Pradesh,4.8,66000,45,75,35,0.5977910681545582,0.8461765649516957,0.5259833625654328,0.635776289744219,0.6589918884532942,0,104000,21600.0,4.814814814814815
8000.0,1,Uttar Pradesh,4.8,66000,45,75,35,0.4757796296281449,0.2192649928061423,0.3595618745964624,0.43123416558592736,0.33058487862169694,0,104000,21600.0,4.814814814814815
77607.14838324723,5,Uttar Pradesh,4.8,66000,45,75,35,0.5841295497616732,0.6362630260607394,0.38718762630467624,0.5258058170124451,0.5416197398891356,1,104000,21600.0,4.814814814814815
50996.34479048946,5,Uttar Pradesh,4.8,66000,45,75,35,0.5924535208340372,0.5665329252330028,0.4495939005271725,0.5670381326231557,0.4884092018001658,0,104000,21600.0,4.814814814814815
26503.786643032276,3,Uttar Pradesh,4.8,66000,45,75,35,0.5222305076754643,0.5721792376173243,0.5487835680134023,0.3849774333145812,0.4189269513871989,0,104000,21600.0,4.814814814814815
38605.78645555712,4,Uttar Pradesh,4.8,66000,45,75,35,0.5608885752438667,0.7268723100279011,0.4723216359747584,0.5081974887943073,0.5883156100366507,1,104000,21600.0,4.814814814814815
11181.293120847668,1,Uttar Pradesh,4.8,66000,45,75,35,0.47402292102495486,0.3972396715854449,0.43311359770381885,0.32635420839272894,0.28875058995301944,1,104000,21600.0,4.814814814814815
43703.08288156078,4,Uttar Pradesh,4.8,66000,45,75,35,0.5775021237881542,0.39555123649286555,0.5102484562956848,0.4085126337734954,0.43569132947793815,1,104000,21600.0,4.814814814814815
36519.14281997719,4,Uttar Pradesh,4.8,66000,45,75,35,0.5476169659706094,0.8264047222339941,0.4474974229125749,0.4085182352600532,0.6145235391120704,1,104000,21600.0,4.814814814814815
13269.036359320506,1,Uttar Pradesh,4.8,66000,45,75,35,0.4755293620241988,0.4041394675464426,0.5162846350332202,0.3571664888807458,0.32693267733067666,0,104000,21600.0,4.814814814814815
9007.081983245384,1,Uttar Pradesh,4.8,66000,45,75,35,0.4855266516305217,0.44505482185321404,0.2933651684048808,0.4486550757968632,0.3626246799394082,0,104000,21600.0,4.814814814814815
72298.19112318574,5,Uttar Pradesh,4.8,66000,45,75,35,0.5983027633726737,0.7184605332907457,0.3202834784481912,0.422131150826725,0.48318309601245496,0,104000,21600.0,4.814814814814815
25444.40172142204,3,Uttar Pradesh,4.8,66000,45,75,35,0.5390437401425361,0.4152568171696486,0.6331877789043547,0.3794276625353486,0.4814405861630221,0,104000,21600.0,4.814814814814815
36925.596342650904,4,Uttar Pradesh,4.8,66000,45,75,35,0.5665912347329638,0.35313871175946415,0.4720582505795775,0.5533794240569174,0.4796482412843523,1,104000,21600.0,4.814814814814815
150000.0,5,Uttar Pradesh,4.8,66000,45,75,35,0.60369763061204,0.7231552607249727,0.6302381295692551,0.3985701088326539,0.517839361087284,1,104000,21600.0,4.814814814814815
40366.00386663665,4,Uttar Pradesh,4.8,66000,45,75,35,0.5498395040331621,0.65121877679302,0.40594186804653243,0.6099167038099923,0.505464677799698,1,104000,21600.0,4.814814814814815
30824.62033301992,3,Uttar Pradesh,4.8,66000,45,75,35,0.5168550190545832,0.5666528383327051,0.28262121146102315,0.4651082392490545,0.37960337216536155,1,104000,21600.0,4.814814814814815
66695.72804776955,5,Uttar Pradesh,4.8,66000,45,75,35,0.5906509443096332,0.6188776566662761,0.6460378959459492,0.634906806455455,0.5677343552534392,0,104000,21600.0,4.814814814814815
22759.718741417786,2,Uttar Pradesh,4.8,66000,45,75,35,0.47910266467856855,0.4638144583001952,0.5071138928719995,0.463082729676984,0.30568687236652475,0,104000,21600.0,4.814814814814815
19887.88002295651,2,Uttar Pradesh,4.8,66000,45,75,35,0.5130207437560658,0.7070429825642383,0.5441153352801933,0.4448071473305794,0.5220605521760967,0,104000,21600.0,4.814814814814815
19433.776578142773,2,Uttar Pradesh,4.8,66000,45,75,35,0.51292143766924,0.4177678259512928,0.3078103277658904,0.22153698475353428,0.26858692446024485,0,104000,21600.0,4.814814814814815
10486.187813227565,1,Uttar Pradesh,4.8,66000,45,75,35,0.4663807801634405,0.4254301939377499,0.6083341300820966,0.28361550134312496,0.4035710370524444,1,104000,21600.0,4.814814814814815
38550.92967413427,4,Uttar Pradesh,4.8,66000,45,75,35,0.5570065797476806,0.6295712371688855,0.40526132415990446,0.3722253850679101,0.46550877898718707,0,104000,21600.0,4.814814814814815
101713.70727572337,5,Uttar Pradesh,4.8,66000,45,75,35,0.589990810962779,0.7414170865276659,0.5937175788733903,0.6230666649519476,0.6084965826340433,1,104000,21600.0,4.814814814814815
58393.301885723624,5,Uttar Pradesh,4.8,66000,45,75,35,0.591234492218682,0.47974026941075715,0.2641252771249915,0.5657525467062012,0.4410256513561462,1,104000,21600.0,4.814814814814815
44206.02062378095,4,Uttar Pradesh,4.8,66000,45,75,35,0.5619860249062286,0.581054714096912,0.36105492384091253,0.3437886602134545,0.3357967507251628,0,104000,21600.0,4.814814814814815
12867.014583627686,1,Uttar Pradesh,4.8,66000,45,75,35,0.4762966067830688,0.3630535905525744,0.5674004152925358,0.26954599168633947,0.3539138522068543,0,104000,21600.0,4.814814814814815
43239.63038253527,4,Uttar Pradesh,4.8,66000,45,75,35,0.558988022184201,0.6932840743639497,0.47332449174553204,0.3324591174369563,0.4720690840319449,1,104000,21600.0,4.814814814814815
22646.401821394975,2,Uttar Pradesh,4.8,66000,45,75,35,0.5101462187490636,0.7170745813750222,0.21968678142605963,0.43366565515903605,0.38812166698698813,0,104000,21600.0,4.814814814814815
29326.398578595075,3,Uttar Pradesh,4.8,66000,45,75,35,0.5351737634855387,0.4387789415372927,0.4004345913661194,0.38716205935636144,0.26886222475976773,1,104000,21600.0,4.814814814814815
17398.607387280757,2,Uttar Pradesh,4.8,66000,45,75,35,0.4946446512555593,0.6384493279556472,0.47219611422723573,0.28197804743261234,0.3945630487073181,0,104000,21600.0,4.814814814814815
30829.43574790201,3,Uttar Pradesh,4.8,66000,45,75,35,0.5440654123923266,0.47375945729272095,0.5356563342123198,0.4169738428762915,0.4432549568863881,0,104000,21600.0,4.814814814814815
10052.51142626391,1,Uttar Pradesh,4.8,66000,45,75,35,0.4571317158530609,0.2698998614127337,0.35352892885973275,0.17427999710508985,0.316334463232705,0,104000,21600.0,4.814814814814815
31233.222774024878,3,Uttar Pradesh,4.8,66000,45,75,35,0.5297926276060709,0.7996272677683416,0.2551917018019524,0.3388550506530617,0.44548391678010324,1,104000,21600.0,4.814814814814815
8875.987181677681,1,Uttar Pradesh,4.8,66000,45,75,35,0.48038345972504043,0.6961118705762451,0.2809814605876203,0.21425793100520923,0.4360588756497866,0,104000,21600.0,4.814814814814815
23206.99063685587,3,Uttar Pradesh,4.8,66000,45,75,35,0.5234835546651643,0.30942456406560925,0.2542709155475143,0.5408597647724694,0.33888334105246415,0,104000,21600.0,4.814814814814815
24541.482377838558,3,Uttar Pradesh,4.8,66000,45,75,35,0.5338098421819573,0.3505243803266722,0.5934280183482514,0.37479888847346926,0.39522757269561626,0,104000,21600.0,4.814814814814815
17068.6409003391,2,Uttar Pradesh,4.8,66000,45,75,35,0.5061476816842762,0.5680955067564968,0.3426395933807971,0.38700855658706496,0.3337150873090773,0,104000,21600.0,4.814814814814815
17523.425026277768,2,Uttar Pradesh,4.8,66000,45,75,35,0.4921090470344733,0.5492611959275533,0.46463767026418334,0.36254925191650983,0.39201291601309607,0,104000,21600.0,4.814814814814815
34649.98139386353,4,Uttar Pradesh,4.8,66000,45,75,35,0.5599895085183454,0.5479395295513678,0.4244456531876046,0.5094281288598871,0.5531681194852798,1,104000,21600.0,4.814814814814815
8000.0,1,Uttar Pradesh,4.8,66000,45,75,35,0.46914924741219366,0.24143741919635758,0.3469210193224772,0.24540147592643363,0.3188832541440223,0,104000,21600.0,4.814814814814815
71466.11266223654,5,Uttar Pradesh,4.8,66000,45,75,35,0.5851969071959628,0.6779790356262307,0.3346129026452151,0.39790054046971307,0.49860351131411984,0,104000,21600.0,4.814814814814815
17770.14389216736,2,Uttar Pradesh,4.8,66000,45,75,35,0.5237310342347934,0.4854987724923643,0.567887675079718,0.23610214848482658,0.297690557290859,0,104000,21600.0,4.814814814814815
22445.44003667538,2,Uttar Pradesh,4.8,66000,45,75,35,0.4930832221798309,0.44160586259474177,0.38118925450463803,0.2696857559420584,0.24983550807504964,0,104000,21600.0,4.814814814814815
43820.98464681553,4,Uttar Pradesh,4.8,66000,45,75,35,0.5707635886549646,0.5525465802172572,0.47199290640643443,0.4565155325572516,0.47095372066198765,1,104000,21600.0,4.814814814814815
21297.103513538405,2,Uttar Pradesh,4.8,66000,45,75,35,0.4967862755454742,0.45603587180060456,0.36206041419554824,0.2824748824981255,0.2976275969819959,0,104000,21600.0,4.814814814814815
24956.472820015548,3,Uttar Pradesh,4.8,66000,45,75,35,0.5198479238254329,0.5379854595109609,0.4842685769519166,0.39186729027909256,0.48826933991150717,0,104000,21600.0,4.814814814814815
38200.01290650064,4,Uttar Pradesh,4.8,66000,45,75,35,0.5617424281458364,0.46903870788313184,0.5758102718084606,0.32045743257727005,0.4742622923844306,0,104000,21600.0,4.814814814814815
31807.990311968675,3,Uttar Pradesh,4.8,66000,45,75,35,0.5372052195581607,0.6293125553522151,0.35272230761605367,0.44993199597503114,0.4874237169261111,0,104000,21600.0,4.814814814814815
8000.0,1,Uttar Pradesh,4.8,66000,45,75,35,0.47991938146494256,0.3700965700481851,0.3298853459694464,0.4251151463271127,0.3115649629384086,0,104000,21600.0,4.814814814814815
58143.637956062674,5,Uttar Pradesh,4.8,66000,45,75,35,0.6063369368208364,0.7475888943039692,0.37953773698520166,0.37594364866093993,0.5235142843261594,1,104000,21600.0,4.814814814814815
28813.180204615055,3,Uttar Pradesh,4.8,66000,45,75,35,0.5601667486136367,0.6834035950618725,0.3905532049233897,0.32707859658631344,0.47673310505050215,0,104000,21600.0,4.814814814814815
56344.49188081523,5,Uttar Pradesh,4.8,66000,45,75,35,0.5932194277518417,0.4379849841046307,0.41660663128634506,0.4569977893805694,0.4356335381865226,0,104000,21600.0,4.814814814814815
39692.722050418866,4,Uttar Pradesh,4.8,66000,45,75,35,0.5540833639760319,0.5243749278160597,0.20052317962761276,0.3978388389356153,0.3773348572664241,0,104000,21600.0,4.814814814814815
23432.12225156065,3,Uttar Pradesh,4.8,66000,45,75,35,0.5352430289822346,0.516324416581753,0.21485801509414493,0.27378221301234823,0.36386581524487693,0,104000,21600.0,4.814814814814815
10242.15457983434,1,Uttar Pradesh,4.8,66000,45,75,35,0.46805215621022084,0.4780815668506589,0.38371750047706976,0.1936402090933694,0.24343897232931527,0,104000,21600.0,4.814814814814815
34406.94612716062,4,Uttar Pradesh,4.8,66000,45,75,35,0.569973947012808,0.7820101104461181,0.33470893046761274,0.5854052033730905,0.5213347402075389,1,104000,21600.0,4.814814814814815
26408.33921274392,3,Uttar Pradesh,4.8,66000,45,75,35,0.5177426427506284,0.6163191736544469,0.5880806507153582,0.4750752072122502,0.4617691880946016,1,104000,21600.0,4.814814814814815
24001.056405071897,3,Uttar Pradesh,4.8,66000,45,75,35,0.5543976311382901,0.7743466083752945,0.49519023670698603,0.5491980883392951,0.6445766068223402,0,104000,21600.0,4.814814814814815
21686.103208702294,2,Uttar Pradesh,4.8,66000,45,75,35,0.5092747666620407,0.5795934918123724,0.3779270178360287,0.3438052987472831,0.36357011182477583,0,104000,21600.0,4.814814814814815
51859.794491981374,5,Uttar Pradesh,4.8,66000,45,75,35,0.5738742455363242,0.4741414782757878,0.4131729928181044,0.6253766073529365,0.5223886671489419,1,104000,21600.0,4.814814814814815
8731.636557901864,1,Uttar Pradesh,4.8,66000,45,75,35,0.463623996691136,0.3550187520904405,0.542373286589515,0.40662842893894396,0.42358843932148155,1,104000,21600.0,4.814814814814815
8000.0,1,Uttar Pradesh,4.8,66000,45,75,35,0.4788750961554251,0.5085410098838257,0.37643830464610284,0.42414898331959444,0.34007527914916663,0,104000,21600.0,4.814814814814815
19069.675268566196,2,Uttar Pradesh,4.8,66000,45,75,35,0.5124777262760002,0.34348669119805875,0.6878880450375997,0.22341291495750165,0.432080708045513,0,104000,21600.0,4.814814814814815
13609.422465934149,1,Uttar Pradesh,4.8,66000,45,75,35,0.4579919094419661,0.33741529523276126,0.5279251826814645,0.3574213637035513,0.41955746969171664,1,104000,21600.0,4.814814814814815
18839.772298769636,2,Uttar Pradesh,4.8,66000,45,75,35,0.5078445442186151,0.38651774523844096,0.589217839838626,0.38165534939944773,0.26855374895089157,0,104000,21600.0,4.814814814814815
49616.18780478839,5,Uttar Pradesh,4.8,66000,45,75,35,0.5712408869876665,0.4942861058650134,0.47967146686233664,0.5252313940904031,0.5308916448182673,0,104000,21600.0,4.814814814814815
32331.359814878215,3,Uttar Pradesh,4.8,66000,45,75,35,0.5298209270595753,0.6227944816875108,0.26915225218099287,0.4129818565791587,0.5022452692350402,0,104000,21600.0,4.814814814814815
30807.484354261098,3,Uttar Pradesh,4.8,66000,45,75,35,0.5418347541353178,0.5808594911177447,0.30334696042512843,0.5004596299144247,0.4291082895727662,0,104000,21600.0,4.814814814814815
26913.130554532134,3,Uttar Pradesh,4.8,66000,45,75,35,0.5251991284132559,0.6906499507940778,0.46864823594298066,0.5520837446197668,0.5744089526292613,0,104000,21600.0,4.814814814814815
9791.810271599708,1,Uttar Pradesh,4.8,66000,45,75,35,0.4556450627229056,0.5764762120998264,0.24514965115998216,0.41034231643328106,0.28083922458843935,0,104000,21600.0,4.814814814814815
13339.28581530631,1,Uttar Pradesh,4.8,66000,45,75,35,0.47217643367806134,0.2676188462362932,0.308885718438091,0.42278527872283383,0.2240844463880349,0,104000,21600.0,4.814814814814815
58690.03243890097,5,Uttar Pradesh,4.8,66000,45,75,35,0.584667097047931,0.46343251185893514,0.41206140544795267,0.5068374782384089,0.4487915170376007,1,104000,21600.0,4.814814814814815
9630.903424788297,1,Uttar Pradesh,4.8,66000,45,75,35,0.4770098693749441,0.32603533810580515,0.33738461373288575,0.3688494477488092,0.26140757202661624,0,104000,21600.0,4.814814814814815
25027.27897316325,3,Uttar Pradesh,4.8,66000,45,75,35,0.5218610213921051,0.55147289271274,0.35435488020280703,0.38633596643998463,0.4388915821302578,0,104000,21600.0,4.814814814814815
8516.560423857381,1,Uttar Pradesh,4.8,66000,45,75,35,0.46298791681775475,0.6035006409671044,0.6393954228059671,0.2697525099808439,0.43861975556219657,1,104000,21600.0,4.814814814814815
11135.401810247371,1,Uttar Pradesh,4.8,66000,45,75,35,0.45050426250552333,0.3671860849115095,0.3171484944907489,0.4302510862476227,0.4617073650054806,1,104000,21600.0,4.814814814814815
37288.89581990451,4,Uttar Pradesh,4.8,66000,45,75,35,0.5624137328248006,0.5146330567465484,0.5140743879453336,0.5832300439379872,0.5886303350532928,0,104000,21600.0,4.814814814814815
8731.018258343482,1,Uttar Pradesh,4.8,66000,45,75,35,0.46910523633151974,0.5022620189443673,0.5588689629921735,0.36633272435418457,0.3643874040389683,1,104000,21600.0,4.814814814814815
37179.799413769004,4,Uttar Pradesh,4.8,66000,45,75,35,0.548830439006885,0.4227043642421011,0.37306550751784917,0.5630193235475044,0.4637445797530017,1,104000,21600.0,4.814814814814815
27266.208870492024,3,Uttar Pradesh,4.8,66000,45,75,35,0.5326522728519566,0.46088694901961424,0.4662972968746393,0.3697757871463489,0.4288259097159867,0,104000,21600.0,4.814814814814815
76029.84351161828,5,Uttar Pradesh,4.8,66000,45,75,35,0.6009849887207271,0.6088048980347801,0.3181722860441079,0.4917948556345136,0.5395995169081017,1,104000,21600.0,4.814814814814815
11211.716047771963,1,Uttar Pradesh,4.8,66000,45,75,35,0.46855860628009627,0.2609182476488091,0.6140490335744826,0.4079715542763765,0.23969880723024284,0,104000,21600.0,4.814814814814815
45294.20507730526,4,Uttar Pradesh,4.8,66000,45,75,35,0.5633959552125054,0.6760337244215993,0.5236128873819271,0.4310817507478549,0.4877497563641752,1,104000,21600.0,4.814814814814815
28942.001446182872,3,Uttar Pradesh,4.8,66000,45,75,35,0.5334473982101373,0.5075948388065487,0.3629855583426895,0.27365695242941923,0.44611544541673814,0,104000,21600.0,4.814814814814815
77482.58273441897,5,Uttar Pradesh,4.8,66000,45,75,35,0.5786709874424961,0.531434534700581,0.20100358416404224,0.46765617141150256,0.4641586332717459,0,104000,21600.0,4.814814814814815
8000.0,1,Uttar Pradesh,4.8,66000,45,75,35,0.4912801439213617,0.355467762970418,0.4791797626164752,0.28113575791070095,0.3378929312134031,0,104000,21600.0,4.814814814814815
61991.66743183902,5,Uttar Pradesh,4.8,66000,45,75,35,0.5860057874130629,0.6955436617730375,0.28020097492946067,0.4080575267685291,0.4396920625724861,1,104000,21600.0,4.814814814814815
9394.16272597944,1,Uttar Pradesh,4.8,66000,45,75,35,0.47727544773288844,0.3027962100255278,0.35352138793272664,0.2649039521488108,0.2805992539201692,0,104000,21600.0,4.814814814814815
56182.65354225706,5,Uttar Pradesh,4.8,66000,45,75,35,0.5984064384865763,0.6682629184571471,0.5379661416193228,0.6419932711667067,0.6179194990649742,1,104000,21600.0,4.814814814814815
31604.333663878584,3,Uttar Pradesh,4.8,66000,45,75,35,0.5293183344431281,0.4632455087595514,0.37758416644405457,0.5192265978371506,0.37800051955158376,0,104000,21600.0,4.814814814814815
21899.58874004906,2,Uttar Pradesh,4.8,66000,45,75,35,0.506782235964882,0.6845726956679872,0.509058251580657,0.34544385496801805,0.47689307841114165,0,104000,21600.0,4.814814814814815
20953.889395073602,2,Uttar Pradesh,4.8,66000,45,75,35,0.5031724779324496,0.46180525324518584,0.41298381682307417,0.4246335376335821,0.40848157622093906,0,104000,21600.0,4.814814814814815
36122.8555267927,4,Uttar Pradesh,4.8,66000,45,75,35,0.5465378881420117,0.6834519691694547,0.3487635478812002,0.3572216552372323,0.42003671176601964,0,104000,21600.0,4.814814814814815
57988.900366764195,5,Uttar Pradesh,4.8,66000,45,75,35,0.5873915587017848,0.6609467583544294,0.21658957539544504,0.5874319244607819,0.48704328432659033,1,104000,21600.0,4.814814814814815
24121.80001259121,3,Uttar Pradesh,4.8,66000,45,75,35,0.5245887766907451,0.5917497903883806,0.5619252230118813,0.4044020976559896,0.3855109905469693,0,104000,21600.0,4.814814814814815
38225.11026093673,4,Uttar Pradesh,4.8,66000,45,75,35,0.5560968353008244,0.6162843789131331,0.448306357477972,0.5284371302759363,0.6015554386425114,1,104000,21600.0,4.814814814814815
58816.58612884935,5,Uttar Pradesh,4.8,66000,45,75,35,0.5776742539359194,0.7479200013195387,0.6269579190426042,0.5548736431496238,0.6505647239408855,0,104000,21600.0,4.814814814814815
15820.364250016288,2,Uttar Pradesh,4.8,66000,45,75,35,0.511978622881746,0.2665258616343325,0.22450163176483243,0.28149604905152364,0.2956833972669819,1,104000,21600.0,4.814814814814815
55529.76899962156,5,Uttar Pradesh,4.8,66000,45,75,35,0.6067342122604199,0.765253156548838,0.28933039569950225,0.6120741381832947,0.6182353842275203,0,104000,21600.0,4.814814814814815
9752.201625171136,1,Uttar Pradesh,4.8,66000,45,75,35,0.48049431547426985,0.5039690557397397,0.40586302247548023,0.3333196537217044,0.20299749214817292,0,104000,21600.0,4.814814814814815
21293.26146107014,2,Uttar Pradesh,4.8,66000,45,75,35,0.5134195779557571,0.4776890335445506,0.36306621617908796,0.44692589042079217,0.5348283114884756,0,104000,21600.0,4.814814814814815
39943.61637747219,4,Uttar Pradesh,4.8,66000,45,75,35,0.5572679373442042,0.40538601956069065,0.38389656840107206,0.3398625703226759,0.220925564014037,0,104000,21600.0,4.814814814814815
10887.995308304804,1,Uttar Pradesh,4.8,66000,45,75,35,0.4643517173644254,0.2635642933386689,0.2918675568257658,0.34627176846132074,0.34496380493325063,0,104000,21600.0,4.814814814814815
15028.812248453507,2,Uttar Pradesh,4.8,66000,45,75,35,0.49292841524616854,0.6658710267848428,0.424208407072303,0.2992318725229712,0.4179480039491684,0,104000,21600.0,4.814814814814815
31811.500374123116,3,Uttar Pradesh,4.8,66000,45,75,35,0.5371549349438579,0.3067658366353238,0.45811315140690523,0.5199352769377283,0.3490806312508984,0,104000,21600.0,4.814814814814815
49434.76719834216,5,Uttar Pradesh,4.8,66000,45,75,35,0.5929849162457272,0.8597169408446861,0.42484546144974444,0.6465184565049027,0.6451854126619031,1,104000,21600.0,4.814814814814815
140745.80574509408,5,Uttar Pradesh,4.8,66000,45,75,35,0.5899420685983015,0.7791031553351484,0.6030484768129245,0.37841495734955205,0.5996622576117961,0,104000,21600.0,4.814814814814815
43697.36300474559,4,Uttar Pradesh,4.8,66000,45,75,35,0.5736657711562392,0.40053922909641937,0.5140969803377927,0.5289515356046433,0.44780283842728535,0,104000,21600.0,4.814814814814815
22130.808107696208,2,Uttar Pradesh,4.8,66000,45,75,35,0.5047636992524391,0.7150050670810947,0.34069324451420974,0.24256001155098073,0.4799787706554222,0,104000,21600.0,4.814814814814815
10660.2743126154,1,Uttar Pradesh,4.8,66000,45,75,35,0.4623277093390799,0.38917145323793934,0.3505124855378905,0.4189188765831046,0.2542437975600407,0,104000,21600.0,4.814814814814815
37717.57786153079,4,Uttar Pradesh,4.8,66000,45,75,35,0.5539051974229288,0.8344877446027674,0.34332771815407814,0.34902396632268473,0.4113172975169536,1,104000,21600.0,4.814814814814815
54993.39173925205,5,Uttar Pradesh,4.8,66000,45,75,35,0.5975342187068272,0.645906615429112,0.43674114695455324,0.4201687284314359,0.41574708567506247,1,104000,21600.0,4.814814814814815
8864.516542014499,1,Uttar Pradesh,4.8,66000,45,75,35,0.48113161424083173,0.2121282117103206,0.4267884871727372,0.2371527153278815,0.19874908924504497,0,104000,21600.0,4.814814814814815
13398.91782898491,1,Uttar Pradesh,4.8,66000,45,75,35,0.47623108803684544,0.28458179212539036,0.4161371200448417,0.3800164726344912,0.3418615227141252,0,104000,21600.0,4.814814814814815
42437.82613240124,4,Uttar Pradesh,4.8,66000,45,75,35,0.5796831731930066,0.47062506628543366,0.5010729763239213,0.39942700348416554,0.577960996440927,0,104000,21600.0,4.814814814814815
150000.0,5,Uttar Pradesh,4.8,66000,45,75,35,0.6070643573715999,0.7804015533000426,0.6172202458160146,0.540492124492578,0.6871478742467234,1,104000,21600.0,4.814814814814815
12352.6152646574,1,Uttar Pradesh,4.8,66000,45,75,35,0.47512464406279337,0.3262378350532951,0.6100589840675189,0.3332494668220976,0.343975224701969,0,104000,21600.0,4.814814814814815
42449.28693930086,4,Uttar Pradesh,4.8,66000,45,75,35,0.5523284791194707,0.42085814469079796,0.36791560290298564,0.4323451525599314,0.5183958785454688,0,104000,21600.0,4.814814814814815
37206.150279406946,4,Uttar Pradesh,4.8,66000,45,75,35,0.547614410596968,0.399651742077924,0.4640835458286977,0.4735135360540506,0.5198421166356534,0,104000,21600.0,4.814814814814815
23094.91802122427,3,Uttar Pradesh,4.8,66000,45,75,35,0.5268404682641386,0.8031465425759888,0.5346227289376118,0.2971242107951857,0.4401801233871794,1,104000,21600.0,4.814814814814815
12547.250963847624,1,Uttar Pradesh,4.8,66000,45,75,35,0.4782464201784473,0.5379650577166842,0.3614778872866984,0.42451894218533043,0.37604030959098694,1,104000,21600.0,4.814814814814815
38466.940457267956,4,Uttar Pradesh,4.8,66000,45,75,35,0.5789807565074051,0.48085532109512097,0.5355141770809967,0.37378965858198415,0.4811333245094737,0,104000,21600.0,4.814814814814815
48714.01007289515,5,Uttar Pradesh,4.8,66000,45,75,35,0.5948887560583938,0.631924351821886,0.45071293502358545,0.625734653510744,0.5217818510261142,0,104000,21600.0,4.814814814814815
21776.09636915753,2,Uttar Pradesh,4.8,66000,45,75,35,0.512401513656598,0.33643438433704714,0.4936872110512115,0.36728789850316407,0.3071845610778886,0,104000,21600.0,4.814814814814815
73273.67972116255,5,Uttar Pradesh,4.8,66000,45,75,35,0.5882612108524077,0.7210568453130601,0.5964701577259331,0.5458474420069783,0.6557918539238533,1,104000,21600.0,4.814814814814815
68203.6474228394,5,Uttar Pradesh,4.8,66000,45,75,35,0.5969419769665613,0.4188056284717845,0.6462372613993315,0.43885577512936463,0.575070150998947,1,104000,21600.0,4.814814814814815
110038.91027399655,5,Uttar Pradesh,4.8,66000,45,75,35,0.5989478540090575,0.653267453612184,0.398778038145679,0.42836550558445025,0.4307506190199445,1,104000,21600.0,4.814814814814815
34799.368014472355,4,Uttar Pradesh,4.8,66000,45,75,35,0.5409183429557605,0.6828736385214478,0.49392687580825645,0.458877557045747,0.5436062169510786,0,104000,21600.0,4.814814814814815
54612.83048997224,5,Uttar Pradesh,4.8,66000,45,75,35,0.5865798976905207,0.6992836042379987,0.5046788065473374,0.4418744846011266,0.5676439401406178,1,104000,21600.0,4.814814814814815
18551.76796409685,2,Uttar Pradesh,4.8,66000,45,75,35,0.5102112895570644,0.460675990185922,0.42938878450556617,0.33860837624203555,0.30638272841566666,0,104000,21600.0,4.814814814814815
48912.25138171496,5,Uttar Pradesh,4.8,66000,45,75,35,0.5934589690706514,0.6624589604667664,0.2884286906178939,0.4937326502642448,0.5291462648541635,1,104000,21600.0,4.814814814814815
35968.7523505235,4,Uttar Pradesh,4.8,66000,45,75,35,0.5487491352327764,0.44894480575822315,0.3613678707126937,0.3929418640560511,0.4437785078475135,1,104000,21600.0,4.814814814814815
37208.85207960692,4,Uttar Pradesh,4.8,66000,45,75,35,0.5364130619570121,0.5875353456349495,0.28358174131375014,0.3991856618087484,0.463110769774412,0,104000,21600.0,4.814814814814815
27735.272790628365,3,Uttar Pradesh,4.8,66000,45,75,35,0.5270564782612657,0.710135212832049,0.303503391420176,0.5535394898154322,0.4817762300512166,1,104000,21600.0,4.814814814814815
12019.554467450535,1,Uttar Pradesh,4.8,66000,45,75,35,0.469998428785347,0.5409292816348465,0.3709809238969411,0.3379032415296915,0.3877184847202852,0,104000,21600.0,4.814814814814815
15822.726186298838,2,Uttar Pradesh,4.8,66000,45,75,35,0.4918750562160022,0.2486055343237007,0.4914874563418268,0.4612290526721044,0.38572140774635183,0,104000,21600.0,4.814814814814815
47774.18972950592,4,Uttar Pradesh,4.8,66000,45,75,35,0.5621451350845657,0.7375608822493379,0.42218264954398177,0.3253893521065812,0.48262847815805365,1,104000,21600.0,4.814814814814815
36986.88385960171,4,Uttar Pradesh,4.8,66000,45,75,35,0.5657781531866146,0.49630464778396377,0.4432247116558513,0.31224405207773226,0.48017583087910576,0,104000,21600.0,4.814814814814815
15952.887996307865,2,Uttar Pradesh,4.8,66000,45,75,35,0.507421157421548,0.3903277237495486,0.4445515133503718,0.36739738225749513,0.3089967554332719,1,104000,21600.0,4.814814814814815
9099.431252217006,1,Uttar Pradesh,4.8,66000,45,75,35,0.44715509646496254,0.3938714146366158,0.2989164667887077,0.40970825793781634,0.2757846093739703,0,104000,21600.0,4.814814814814815
20148.8304700058,2,Uttar Pradesh,4.8,66000,45,75,35,0.48757143473620446,0.40588662666810715,0.6123859315861642,0.39494231779062766,0.3392143186500652,0,104000,21600.0,4.814814814814815
14855.121338656776,1,Uttar Pradesh,4.8,66000,45,75,35,0.4676680592307384,0.3199363413942766,0.31030454178509503,0.34731557256489204,0.36972656001065524,1,104000,21600.0,4.814814814814815
20915.781093771955,2,Uttar Pradesh,4.8,66000,45,75,35,0.5064360170246603,0.26644378230244586,0.22651486021123668,0.2534741917961589,0.2664165678384309,0,104000,21600.0,4.814814814814815
51060.84260400662,5,Uttar Pradesh,4.8,66000,45,75,35,0.5956066258497861,0.83021877156634,0.6224954375609411,0.6552369102646767,0.6312592813402088,0,104000,21600.0,4.814814814814815
64397.12066192148,5,Uttar Pradesh,4.8,66000,45,75,35,0.5954329851930525,0.574564514506881,0.3340451247745464,0.5205768542935525,0.5944173968568207,1,104000,21600.0,4.814814814814815
9305.400554713366,1,Uttar Pradesh,4.8,66000,45,75,35,0.4668801062945964,0.47806394045371914,0.40688908122627565,0.19244721361867861,0.29620504121154,1,104000,21600.0,4.814814814814815
17579.475179572746,2,Uttar Pradesh,4.8,66000,45,75,35,0.49743795134118607,0.49136478910127457,0.41222209865568415,0.33592585509414213,0.2394749491380668,0,104000,21600.0,4.814814814814815
18446.208145839297,2,Uttar Pradesh,4.8,66000,45,75,35,0.49343099303006827,0.5900846029514497,0.3093529069321517,0.23325802087954794,0.3024060511124315,0,104000,21600.0,4.814814814814815
18328.487887207117,2,Uttar Pradesh,4.8,66000,45,75,35,0.5083962269953441,0.31598621596901977,0.34722141091499076,0.337108746487526,0.3323540980669155,0,104000,21600.0,4.814814814814815
31394.21750072596,3,Uttar Pradesh,4.8,66000,45,75,35,0.5215093978368899,0.5869889254451455,0.31856291194290687,0.4751352053883709,0.4704513830356745,0,104000,21600.0,4.814814814814815
22894.05988838768,3,Uttar Pradesh,4.8,66000,45,75,35,0.5392146496661814,0.2948808398183699,0.468368192239058,0.35872451720674176,0.32290076325798056,1,104000,21600.0,4.814814814814815
18548.60742473422,2,Uttar Pradesh,4.8,66000,45,75,35,0.5027928180956621,0.5231534429094226,0.2375069821775213,0.3055973453505639,0.31279993124119365,1,104000,21600.0,4.814814814814815
8000.0,1,Uttar Pradesh,4.8,66000,45,75,35,0.4702638409297342,0.21158245332718,0.3748781880199241,0.31596843712925965,0.25424775259467886,1,104000,21600.0,4.814814814814815
31281.356303933462,3,Uttar Pradesh,4.8,66000,45,75,35,0.5241471817165211,0.5904325336388441,0.34676964773166874,0.41121245079101826,0.4757756694664716,0,104000,21600.0,4.814814814814815
21999.758091074564,2,Uttar Pradesh,4.8,66000,45,75,35,0.4871588671026444,0.40474661727435723,0.42860187100094704,0.35180947223077735,0.4558484278063595,0,104000,21600.0,4.814814814814815
12197.075180448033,1,Uttar Pradesh,4.8,66000,45,75,35,0.4642377581505053,0.43673547476905594,0.36828745608304436,0.31671997079101116,0.2837397711766182,0,104000,21600.0,4.814814814814815
28814.882256574678,3,Uttar Pradesh,4.8,66000,45,75,35,0.5274142170280368,0.6395838830203653,0.5428418157200341,0.27605441180310386,0.5446909461044575,1,104000,21600.0,4.814814814814815
23475.483323343095,3,Uttar Pradesh,4.8,66000,45,75,35,0.5070240425984732,0.5635139962954059,0.2518239112905072,0.4039466825567994,0.4038312143294915,1,104000,21600.0,4.814814814814815
81200.9836744314,5,Uttar Pradesh,4.8,66000,45,75,35,0.5887407341609391,0.7439785964071453,0.1854287210553757,0.6592698919545615,0.5452705686789165,1,104000,21600.0,4.814814814814815
8538.674690146487,1,Uttar Pradesh,4.8,66000,45,75,35,0.4799578593945458,0.40668926248582016,0.4263456295718018,0.39096733666214883,0.3448229019133702,0,104000,21600.0,4.814814814814815
28556.69289465629,3,Uttar Pradesh,4.8,66000,45,75,35,0.5363864647686244,0.4943937935702647,0.41653603311828913,0.34793742241802833,0.3348590675132083,0,104000,21600.0,4.814814814814815
8592.703822320866,1,Uttar Pradesh,4.8,66000,45,75,35,0.4657522269568707,0.3880367113463271,0.41336553333761283,0.36498085300056166,0.2880976483566727,1,104000,21600.0,4.814814814814815
17570.68546389299,2,Uttar Pradesh,4.8,66000,45,75,35,0.5011836486984379,0.6390476528213411,0.4242254936655806,0.3106374339612848,0.33876712775254086,0,104000,21600.0,4.814814814814815
8000.0,1,Uttar Pradesh,4.8,66000,45,75,35,0.46515264002006573,0.22529659054626794,0.18494204794998978,0.21912090342150586,0.17299016313827922,0,104000,21600.0,4.814814814814815
25641.21169056069,3,Uttar Pradesh,4.8,66000,45,75,35,0.5322018930476426,0.6832736071411637,0.4013958270137161,0.4937321851936812,0.5259215108470956,0,104000,21600.0,4.814814814814815
65159.583735941014,5,Uttar Pradesh,4.8,66000,45,75,35,0.606115363951726,0.5003153501268683,0.4890053186271771,0.42454256840912136,0.6384264569845516,1,104000,21600.0,4.814814814814815
32364.391089127876,3,Uttar Pradesh,4.8,66000,45,75,35,0.5403992737405344,0.6147261842569035,0.413952578192397,0.519254456892816,0.4376172988841132,0,104000,21600.0,4.814814814814815
32928.91953855779,4,Uttar Pradesh,4.8,66000,45,75,35,0.5659222287712132,0.5556086186347056,0.43569998449872904,0.4257895513832554,0.4448756057217817,0,104000,21600.0,4.814814814814815
77767.26308765686,5,Uttar Pradesh,4.8,66000,45,75,35,0.5857854365904486,0.4408021995471132,0.4709775267119165,0.5887196924217281,0.5864297684633363,0,104000,21600.0,4.814814814814815
23189.47338008645,3,Uttar Pradesh,4.8,66000,45,75,35,0.5382136696437341,0.34646327873615634,0.2586811017627685,0.33954562049400244,0.267118304845653,1,104000,21600.0,4.814814814814815
28402.611182347588,3,Uttar Pradesh,4.8,66000,45,75,35,0.5138455162005552,0.373374481341309,0.510402328696548,0.4574872299524428,0.32080482111682607,0,104000,21600.0,4.814814814814815
11279.786495430573,1,Uttar Pradesh,4.8,66000,45,75,35,0.46819075089437684,0.40077512611609295,0.5065937660601376,0.22542619777488132,0.2096050425026771,0,104000,21600.0,4.814814814814815
9107.80673538654,1,Uttar Pradesh,4.8,66000,45,75,35,0.47655139991252526,0.3001664098900071,0.2171583541712123,0.16821700956531427,0.23821891468685258,0,104000,21600.0,4.814814814814815
25196.356201916413,3,Uttar Pradesh,4.8,66000,45,75,35,0.5381184978547632,0.5060376184098808,0.5932457487574163,0.50604791638068,0.4519903134028931,1,104000,21600.0,4.814814814814815
39585.515492373,4,Uttar Pradesh,4.8,66000,45,75,35,0.5674131306164432,0.4551867579204955,0.30674264556207786,0.5685154816524767,0.3652981451514129,0,104000,21600.0,4.814814814814815
16970.403095539794,2,Uttar Pradesh,4.8,66000,45,75,35,0.5036625926063826,0.5482694401224897,0.49888896721466636,0.47583892528475874,0.40950865542969006,0,104000,21600.0,4.814814814814815
36954.994958197916,4,Uttar Pradesh,4.8,66000,45,75,35,0.5587570359234469,0.7319033797712814,0.32695502810872573,0.32255591826247837,0.5129986596411362,0,104000,21600.0,4.814814814814815
28037.241391262414,3,Uttar Pradesh,4.8,66000,45,75,35,0.5360940454125506,0.6798842459021404,0.4977579139151652,0.4899432131205215,0.48504266535759477,1,104000,21600.0,4.814814814814815
31041.25242175184,3,Uttar Pradesh,4.8,66000,45,75,35,0.5211856753084226,0.558957739129575,0.6444272643639958,0.5124277893540718,0.5805234504298875,1,104000,21600.0,4.814814814814815
46286.64927145525,4,Uttar Pradesh,4.8,66000,45,75,35,0.5522675130813532,0.6084797327486614,0.5385232178496405,0.40517610576308066,0.5208739999522259,1,104000,21600.0,4.814814814814815
29747.83263020341,3,Uttar Pradesh,4.8,66000,45,75,35,0.5313316324788887,0.6221137233877604,0.24784122286361987,0.4028020563326797,0.4235129587227133,0,104000,21600.0,4.814814814814815
55782.04178950722,5,Uttar Pradesh,4.8,66000,45,75,35,0.5924462621413732,0.8906565336373734,0.41646703433875454,0.4840412115519808,0.5833011892858888,1,104000,21600.0,4.814814814814815
16402.273010486693,2,Uttar Pradesh,4.8,66000,45,75,35,0.4824581339286392,0.25778842093089516,0.5041877119199885,0.34369736835859105,0.37782572900591094,0,104000,21600.0,4.814814814814815
56921.44235864542,5,Uttar Pradesh,4.8,66000,45,75,35,0.595265749523781,0.629519458767092,0.43223462192171747,0.6156779232586049,0.5874768268619993,1,104000,21600.0,4.814814814814815
22066.210311145966,2,Uttar Pradesh,4.8,66000,45,75,35,0.5084415694934796,0.5111520837857065,0.49556005094508093,0.33702729212187427,0.41491192503286084,1,104000,21600.0,4.814814814814815
8000.0,1,Uttar Pradesh,4.8,66000,45,75,35,0.4699414333396228,0.6974891585725344,0.28131798264990865,0.2523758076071153,0.23433515942139505,1,104000,21600.0,4.814814814814815
28307.33867155434,3,Uttar Pradesh,4.8,66000,45,75,35,0.5544589485471256,0.46498670437236933,0.5843081839974521,0.300781623092797,0.3974459617965403,0,104000,21600.0,4.814814814814815
22306.8979866207,2,Uttar Pradesh,4.8,66000,45,75,35,0.4938849346511338,0.260360391497064,0.4327136654478795,0.41411846143380254,0.24817943013816854,0,104000,21600.0,4.814814814814815
16341.747275083215,2,Uttar Pradesh,4.8,66000,45,75,35,0.49710341408041697,0.4178629036893021,0.40273669371136034,0.2369278467789448,0.2552296779799641,0,104000,21600.0,4.814814814814815
8000.0,1,Uttar Pradesh,4.8,66000,45,75,35,0.46676361665301364,0.18122330930528924,0.4448911368459799,0.18002134372477857,0.30790995712190405,1,104000,21600.0,4.814814814814815
38773.79001045654,4,Uttar Pradesh,4.8,66000,45,75,35,0.5599524096013756,0.6527886651421935,0.22325759341259055,0.5161404528172955,0.4585385485505748,1,104000,21600.0,4.814814814814815
36236.109655365566,4,Uttar Pradesh,4.8,66000,45,75,35,0.5574270375846229,0.7603726780121667,0.33288533573089496,0.5199533513481229,0.6433993033493622,1,104000,21600.0,4.814814814814815
8436.845439456181,1,Uttar Pradesh,4.8,66000,45,75,35,0.45664618026823706,0.5147645967662572,0.2855518530388016,0.22139068062501543,0.34425256666845966,0,104000,21600.0,4.814814814814815
27139.60896823726,3,Uttar Pradesh,4.8,66000,45,75,35,0.525248802751921,0.747695485492917,0.5091501617158348,0.5488220584867931,0.4998363451927876,1,104000,21600.0,4.814814814814815
150000.0,5,Uttar Pradesh,4.8,66000,45,75,35,0.5897380787565449,0.5111846590447651,0.6030674113267279,0.5980108672959576,0.5332890225414803,0,104000,21600.0,4.814814814814815
8000.0,1,Uttar Pradesh,4.8,66000,45,75,35,0.4830000065349057,0.6638725525862094,0.43543746141927264,0.36759507946301756,0.4697367497084075,1,104000,21600.0,4.814814814814815
56425.8591265525,5,Uttar Pradesh,4.8,66000,45,75,35,0.6127367184480149,0.7527875695846591,0.4705240353544783,0.5879709374703723,0.642273175640408,0,104000,21600.0,4.814814814814815
14519.562605502708,1,Uttar Pradesh,4.8,66000,45,75,35,0.4840690246927923,0.34698160036917225,0.5031339285758264,0.28523276214597526,0.39744125114172435,1,104000,21600.0,4.814814814814815
104699.77056758103,5,Uttar Pradesh,4.8,66000,45,75,35,0.5829604954175597,0.8989428107946533,0.20228152486518564,0.4983594111724428,0.37766126756021257,0,104000,21600.0,4.814814814814815
42300.013171108294,4,Uttar Pradesh,4.8,66000,45,75,35,0.5537561896080241,0.540609597223719,0.2693200400896396,0.572731130307771,0.35400560250409296,0,104000,21600.0,4.814814814814815
23133.39801167608,3,Uttar Pradesh,4.8,66000,45,75,35,0.5291209999391921,0.5727883744882011,0.7345227950252045,0.2692923716261107,0.4142195693901501,1,104000,21600.0,4.814814814814815
44569.04121339976,4,Uttar Pradesh,4.8,66000,45,75,35,0.5785598746028215,0.5657043659808763,0.35408556800234053,0.5523930132620801,0.5472810043314484,0,104000,21600.0,4.814814814814815
8000.0,1,Uttar Pradesh,4.8,66000,45,75,35,0.4690600451924668,0.2146348478930642,0.3990862721452016,0.29593723030757674,0.3288239139419537,0,104000,21600.0,4.814814814814815
23198.272940141847,3,Uttar Pradesh,4.8,66000,45,75,35,0.5174392108089114,0.6845905252990433,0.35326788012354504,0.4008572120171327,0.2541909885920068,0,104000,21600.0,4.814814814814815
11762.692063335613,1,Uttar Pradesh,4.8,66000,45,75,35,0.4657025143447554,0.35381916828124016,0.6442237429739407,0.2593765559816379,0.2881500546932027,1,104000,21600.0,4.814814814814815
32227.750812705402,3,Uttar Pradesh,4.8,66000,45,75,35,0.5382848457324798,0.667039471363065,0.6291264869417446,0.44378827788936875,0.5673156645041355,0,104000,21600.0,4.814814814814815
48258.43588247478,4,Uttar Pradesh,4.8,66000,45,75,35,0.5676136884832466,0.6637617350155266,0.43905151956935684,0.5143686732070392,0.44789559639373294,1,104000,21600.0,4.814814814814815
81869.9494335001,5,Uttar Pradesh,4.8,66000,45,75,35,0.5887121190493692,0.8966526772869734,0.4416529283774522,0.4098927591254849,0.5842029125685401,1,104000,21600.0,4.814814814814815
40209.14975786282,4,Uttar Pradesh,4.8,66000,45,75,35,0.5675484324498861,0.7008292754171257,0.3455423920706196,0.48138172978707566,0.5367925226333353,1,104000,21600.0,4.814814814814815
81912.54648410715,5,Uttar Pradesh,4.8,66000,45,75,35,0.5679825636888174,0.5284314490809365,0.39023775513603265,0.501140225474861,0.440954100395078,1,104000,21600.0,4.814814814814815
8257.349712865664,1,Uttar Pradesh,4.8,66000,45,75,35,0.47175257806461274,0.1349717320392658,0.4938403487046039,0.39623926733031706,0.3149393383929089,1,104000,21600.0,4.814814814814815
10416.920641897766,1,Uttar Pradesh,4.8,66000,45,75,35,0.47932113992797204,0.447775248452793,0.3184752621037304,0.32525285441453117,0.3207771352909186,0,104000,21600.0,4.814814814814815
16377.853906083134,2,Uttar Pradesh,4.8,66000,45,75,35,0.49238565296274034,0.3747100442819603,0.5298605957690604,0.3405386303589019,0.40534274411798377,1,104000,21600.0,4.814814814814815
18618.001735140355,2,Uttar Pradesh,4.8,66000,45,75,35,0.4923509003493228,0.28292689189360787,0.2788222218551418,0.3703459841832583,0.29229817924884266,0,104000,21600.0,4.814814814814815
30467.781938103453,3,Uttar Pradesh,4.8,66000,45,75,35,0.5120498041866509,0.46091951448025725,0.5798831941307291,0.40883691843025854,0.310815689213835,1,104000,21600.0,4.814814814814815
55209.503611645756,5,Uttar Pradesh,4.8,66000,45,75,35,0.6066132416623927,0.720714391575289,0.4376655623708442,0.6422200227532959,0.6461541521730232,1,104000,21600.0,4.814814814814815
58345.078929747426,5,Uttar Pradesh,4.8,66000,45,75,35,0.5835127459440701,0.8646154397867717,0.469849896638431,0.4552329904292444,0.5750078068923807,1,104000,21600.0,4.814814814814815
15193.879006974565,2,Uttar Pradesh,4.8,66000,45,75,35,0.5031247184929067,0.6191100218913366,0.6090262070115428,0.2228713528296582,0.4549671713488611,0,104000,21600.0,4.814814814814815
28415.78683211885,3,Uttar Pradesh,4.8,66000,45,75,35,0.5367534561291194,0.6721706955075449,0.30605545923037203,0.46026569292578795,0.4003661439327758,0,104000,21600.0,4.814814814814815
10196.588069470828,1,Uttar Pradesh,4.8,66000,45,75,35,0.4858349652057003,0.27628680527945493,0.36660257651735856,0.34281960291651753,0.29170486491425357,0,104000,21600.0,4.814814814814815
76296.2582296701,5,Uttar Pradesh,4.8,66000,45,75,35,0.5891753079744294,0.6804844002899294,0.3377462656532822,0.6346574595431611,0.5270554613298813,0,104000,21600.0,4.814814814814815
131928.4252821175,5,Uttar Pradesh,4.8,66000,45,75,35,0.5853199877765015,0.6567827336438723,0.5630505643589239,0.3969096518757463,0.5908980505117133,1,104000,21600.0,4.814814814814815
16773.343131317848,2,Uttar Pradesh,4.8,66000,45,75,35,0.5024449621999912,0.3433754880150838,0.37958406368921677,0.36846035293817575,0.39190922012844503,0,104000,21600.0,4.814814814814815
31115.512099364678,3,Uttar Pradesh,4.8,66000,45,75,35,0.5435550884797086,0.4295029702557249,0.40635330822395,0.30689798167590293,0.482753702097319,1,104000,21600.0,4.814814814814815
69034.24945498489,5,Uttar Pradesh,4.8,66000,45,75,35,0.5890125604002779,0.7531364344925968,0.589184953669977,0.4983793575811771,0.5837501762508501,0,104000,21600.0,4.814814814814815
132019.4189905071,5,Uttar Pradesh,4.8,66000,45,75,35,0.581165594898445,0.6340611863999355,0.5226405091724122,0.6014775709614417,0.48537709691839925,1,104000,21600.0,4.814814814814815
10918.181081268098,1,Uttar Pradesh,4.8,66000,45,75,35,0.4553067076311321,0.5164261967614995,0.482911745790493,0.418883077549931,0.33028168044168255,0,104000,21600.0,4.814814814814815
20140.118177570766,2,Uttar Pradesh,4.8,66000,45,75,35,0.4885013118682334,0.6325507300715602,0.2473255917238235,0.4618247747673237,0.4822117577124528,0,104000,21600.0,4.814814814814815
30415.290723134705,3,Uttar Pradesh,4.8,66000,45,75,35,0.5393582006883524,0.7555553878962926,0.5044483241774813,0.4258881167173523,0.6158610475045171,1,104000,21600.0,4.814814814814815
23085.100901393966,3,Uttar Pradesh,4.8,66000,45,75,35,0.5275080409512176,0.4624680020561154,0.5525659415045627,0.4518547037160994,0.3599901825940643,0,104000,21600.0,4.814814814814815
25235.835569142368,3,Uttar Pradesh,4.8,66000,45,75,35,0.5246390766150786,0.4599704658159139,0.4277534916868886,0.42713602797548705,0.38135848397489325,0,104000,21600.0,4.814814814814815
8000.0,1,Uttar Pradesh,4.8,66000,45,75,35,0.4635546134824463,0.35598875495185495,0.39819316930617027,0.3300374003270445,0.2526476309910622,0,104000,21600.0,4.814814814814815
18757.465728472158,2,Uttar Pradesh,4.8,66000,45,75,35,0.5015647443162875,0.5101599800703354,0.5588755968017463,0.47721193322348393,0.6106489860120072,0,104000,21600.0,4.814814814814815
8792.730515423194,1,Uttar Pradesh,4.8,66000,45,75,35,0.4683197347766299,0.21622499982346183,0.6409716261264948,0.22444853512738322,0.33077833818651603,0,104000,21600.0,4.814814814814815
38075.999610982246,4,Uttar Pradesh,4.8,66000,45,75,35,0.5579829642770932,0.8226103571541588,0.4769031826818424,0.4432964307878801,0.4833362544588919,0,104000,21600.0,4.814814814814815
27768.453698348698,3,Uttar Pradesh,4.8,66000,45,75,35,0.5442075249923931,0.4524708175575215,0.42190692098611193,0.4446855217338597,0.36228548105104935,0,104000,21600.0,4.814814814814815
27884.84224086649,3,Uttar Pradesh,4.8,66000,45,75,35,0.546094448532902,0.3726012125820865,0.298379764989231,0.4912723112046669,0.5056348276084055,0,104000,21600.0,4.814814814814815
25778.52911786591,3,Uttar Pradesh,4.8,66000,45,75,35,0.5146140689851957,0.31250066954759204,0.5154689936090531,0.49023358369435605,0.4632163126864306,1,104000,21600.0,4.814814814814815
114408.9325619101,5,Uttar Pradesh,4.8,66000,45,75,35,0.5939902130257153,0.737303498738019,0.375123990351204,0.39684117326114915,0.5100715821435059,0,104000,21600.0,4.814814814814815
49791.11974786508,5,Uttar Pradesh,4.8,66000,45,75,35,0.5829456647280719,0.5218864430240835,0.478985552707464,0.4282396562813389,0.44765722458218626,0,104000,21600.0,4.814814814814815
8977.694599691318,1,Uttar Pradesh,4.8,66000,45,75,35,0.46823177457567483,0.30803786728764876,0.40040707309724766,0.43512213080976164,0.3178410724339475,0,104000,21600.0,4.814814814814815
8000.0,1,Uttar Pradesh,4.8,66000,45,75,35,0.4738070695655527,0.5114537061995995,0.5051900518575462,0.26892245330575903,0.27449654764550646,0,104000,21600.0,4.814814814814815
42124.3001788778,4,Uttar Pradesh,4.8,66000,45,75,35,0.5585870865449766,0.5626694016260305,0.52584344914845,0.31248045924516044,0.3938404962276781,1,104000,21600.0,4.814814814814815
29323.799683040143,3,Uttar Pradesh,4.8,66000,45,75,35,0.533018884520562,0.5303967456093471,0.2745555901804622,0.3216057871906617,0.33935127715015523,0,104000,21600.0,4.814814814814815
24854.904176956927,3,Uttar Pradesh,4.8,66000,45,75,35,0.5374439877746049,0.6069824151427929,0.3386518650706535,0.5525322959660043,0.47561171587387874,0,104000,21600.0,4.814814814814815
31664.47661694711,3,Uttar Pradesh,4.8,66000,45,75,35,0.5336600537196889,0.7699167591473918,0.2775064277444576,0.35459123655331376,0.4382478501591127,0,104000,21600.0,4.814814814814815
26916.048151745028,3,Uttar Pradesh,4.8,66000,45,75,35,0.5242459226726095,0.5387539991589395,0.6142590210858142,0.4457810313327027,0.557742297282033,1,104000,21600.0,4.814814814814815
10290.72603795334,1,Uttar Pradesh,4.8,66000,45,75,35,0.4644222896445825,0.35526642176750733,0.4266178852420345,0.37966163672329706,0.2947176872514917,0,104000,21600.0,4.814814814814815
34407.70945260712,4,Uttar Pradesh,4.8,66000,45,75,35,0.5463172327481054,0.45150921369965236,0.3012963113709436,0.5056415175489083,0.5328343847059069,1,104000,21600.0,4.814814814814815
40843.73801238535,4,Uttar Pradesh,4.8,66000,45,75,35,0.5521750827390786,0.6002740877948332,0.5054820669416293,0.4249365226934492,0.4784371265660613,0,104000,21600.0,4.814814814814815
22806.95948536574,3,Uttar Pradesh,4.8,66000,45,75,35,0.550334969333271,0.30521643790510766,0.44258353561837305,0.39079120127447936,0.40605796397562555,1,104000,21600.0,4.814814814814815
15093.846482630208,2,Uttar Pradesh,4.8,66000,45,75,35,0.4927942499733332,0.5465346365522272,0.6717501152760386,0.4630622604621582,0.5672293548927543,1,104000,21600.0,4.814814814814815
8000.0,1,Uttar Pradesh,4.8,66000,45,75,35,0.45878049758984757,0.31770494470698446,0.5088946697975384,0.3605022060920339,0.37917824184873755,1,104000,21600.0,4.814814814814815
12087.00855383915,1,Uttar Pradesh,4.8,66000,45,75,35,0.47391356433273346,0.36414178375588335,0.4438855004095097,0.1686972486478433,0.33570951028856266,0,104000,21600.0,4.814814814814815
47767.975757842134,4,Uttar Pradesh,4.8,66000,45,75,35,0.5596106381213671,0.5892766556716476,0.254489059613968,0.37270394232320975,0.37210892995906397,0,104000,21600.0,4.814814814814815
28311.17462056176,3,Uttar Pradesh,4.8,66000,45,75,35,0.5287583533457935,0.7071324210600989,0.5525530128496102,0.34755604816764457,0.4733762931627025,0,104000,21600.0,4.814814814814815
65694.69902058342,5,Uttar Pradesh,4.8,66000,45,75,35,0.6048047453784067,0.820948945616693,0.28426062048326767,0.4713126771355754,0.5953598015149797,0,104000,21600.0,4.814814814814815
36201.17308902273,4,Uttar Pradesh,4.8,66000,45,75,35,0.5662055524698694,0.7524854206058977,0.43474826564831526,0.48473478368504935,0.5958571003677677,0,104000,21600.0,4.814814814814815
32751.579705981643,4,Uttar Pradesh,4.8,66000,45,75,35,0.555414356397251,0.8083438759738899,0.4226937465334106,0.42161984557838267,0.5388436454378852,1,104000,21600.0,4.814814814814815
54657.74407906644,5,Uttar Pradesh,4.8,66000,45,75,35,0.5864695265383679,0.6062627212446398,0.5511137789012005,0.6091702415836456,0.6355958552891474,1,104000,21600.0,4.814814814814815
88629.56989828209,5,Uttar Pradesh,4.8,66000,45,75,35,0.5856884205752289,0.49245570669957317,0.4147050805976048,0.5038173403177794,0.4260502877708015,1,104000,21600.0,4.814814814814815
15067.006149191202,2,Uttar Pradesh,4.8,66000,45,75,35,0.5094616819300882,0.5054213693228541,0.46191502100367965,0.3623202967823462,0.4549240283573396,1,104000,21600.0,4.814814814814815
24700.03667703345,3,Uttar Pradesh,4.8,66000,45,75,35,0.5276328094197543,0.6913069393562299,0.5230442371376531,0.3898834222106596,0.5589446016345737,0,104000,21600.0,4.814814814814815
17851.63944551905,2,Uttar Pradesh,4.8,66000,45,75,35,0.4827827506897442,0.3150162250624785,0.5695772112030006,0.3048065717844206,0.351040578152257,0,104000,21600.0,4.814814814814815
64665.935596147545,5,Uttar Pradesh,4.8,66000,45,75,35,0.5902310889269423,0.7713745414362518,0.23524870080318672,0.579106702362087,0.562725409598319,0,104000,21600.0,4.814814814814815
26695.10774929111,3,Uttar Pradesh,4.8,66000,45,75,35,0.5153440257030064,0.2485441366117248,0.45514816691052795,0.33053556266147693,0.21631817207889104,1,104000,21600.0,4.814814814814815
42842.758863657255,4,Uttar Pradesh,4.8,66000,45,75,35,0.5825565917318347,0.7485059814019179,0.7565951772121055,0.5185136109721148,0.7200359766256756,1,104000,21600.0,4.814814814814815
8000.0,1,Uttar Pradesh,4.8,66000,45,75,35,0.46105760657581346,0.6094609008641877,0.5040270810287687,0.320578511552926,0.4281252980034501,0,104000,21600.0,4.814814814814815
11842.338206459632,1,Uttar Pradesh,4.8,66000,45,75,35,0.4690956380607084,0.17461615390461743,0.3519841084620339,0.19234563703364263,0.27214362672020015,0,104000,21600.0,4.814814814814815
14477.136917729098,1,Uttar Pradesh,4.8,66000,45,75,35,0.4732963130612971,0.4839764904331143,0.5073273667895959,0.16705684063166332,0.3503738185727977,1,104000,21600.0,4.814814814814815
47456.038295894,4,Uttar Pradesh,4.8,66000,45,75,35,0.5578277041074934,0.7019504480587508,0.3150301498117891,0.3624997531581177,0.48918999606188973,0,104000,21600.0,4.814814814814815
13417.245386094099,1,Uttar Pradesh,4.8,66000,45,75,35,0.46781398169962385,0.39322845683039526,0.584261647504884,0.3899729323762566,0.4197069918445724,0,104000,21600.0,4.814814814814815
20366.04260038404,2,Uttar Pradesh,4.8,66000,45,75,35,0.5049325585758945,0.4675395476913379,0.3848677928536789,0.32704593534823373,0.47425460430582095,0,104000,21600.0,4.814814814814815
17500.308689089798,2,Uttar Pradesh,4.8,66000,45,75,35,0.5159764453022484,0.37457949434252963,0.3679958748220885,0.45312961954339,0.5698451855642359,0,104000,21600.0,4.814814814814815
10298.770616941452,1,Uttar Pradesh,4.8,66000,45,75,35,0.4783893765324587,0.18743450058329392,0.4486770266829325,0.31223841124793805,0.3670450260783042,0,104000,21600.0,4.814814814814815
19606.87285580642,2,Uttar Pradesh,4.8,66000,45,75,35,0.5154994245000211,0.5444990476063549,0.5370173557292655,0.2214906551639162,0.4796386843043083,1,104000,21600.0,4.814814814814815
15482.459949673257,2,Uttar Pradesh,4.8,66000,45,75,35,0.4902480946333507,0.49534929444629805,0.44686064794848823,0.465496179107385,0.3950372229896366,0,104000,21600.0,4.814814814814815
10166.412284245216,1,Uttar Pradesh,4.8,66000,45,75,35,0.4738879120468394,0.41418467354067184,0.5980216229771088,0.44254569735666166,0.4047918728010776,0,104000,21600.0,4.814814814814815
23449.478715905763,3,Uttar Pradesh,4.8,66000,45,75,35,0.5322667462348685,0.639878722962134,0.30033340892716454,0.28393122735915255,0.4199293371628263,0,104000,21600.0,4.814814814814815
39159.70786817833,4,Uttar Pradesh,4.8,66000,45,75,35,0.564225198631053,0.3938033818019476,0.6438672426003618,0.374171867102251,0.49422839715004346,1,104000,21600.0,4.814814814814815
43695.495980589636,4,Uttar Pradesh,4.8,66000,45,75,35,0.5744766054206415,0.8606296967323064,0.261182949368317,0.5263325427459964,0.577776617359028,1,104000,21600.0,4.814814814814815
40449.11013727498,4,Uttar Pradesh,4.8,66000,45,75,35,0.5585063942163652,0.8496197273998527,0.34173290013638846,0.6108193294350832,0.5156839568994902,1,104000,21600.0,4.814814814814815
36335.066598863224,4,Uttar Pradesh,4.8,66000,45,75,35,0.5566592520487449,0.4244470310319992,0.22773079891397188,0.5745577838117467,0.4053142489266479,0,104000,21600.0,4.814814814814815
18228.049669247383,2,Uttar Pradesh,4.8,66000,45,75,35,0.5060540936884723,0.40183078682775664,0.5936101834708408,0.24135102496492494,0.341701766914207,0,104000,21600.0,4.814814814814815
31350.134291981365,3,Uttar Pradesh,4.8,66000,45,75,35,0.5129322584386272,0.801680368607896,0.3432896563881408,0.44383779495064096,0.5267410968493405,1,104000,21600.0,4.814814814814815
66399.91946888436,5,Uttar Pradesh,4.8,66000,45,75,35,0.5883457652230639,0.7578536385434133,0.6332092529778621,0.5612277771212039,0.6037144154787527,1,104000,21600.0,4.814814814814815
40041.52195576696,4,Uttar Pradesh,4.8,66000,45,75,35,0.5593723088214312,0.7551582052463416,0.6126613900605727,0.5009162930428949,0.5698475873582641,1,104000,21600.0,4.814814814814815
150000.0,5,Uttar Pradesh,4.8,66000,45,75,35,0.5815106995512165,0.6829410532776827,0.510275136121546,0.5320847460501831,0.5483624371387255,1,104000,21600.0,4.814814814814815
8000.0,1,Uttar Pradesh,4.8,66000,45,75,35,0.4812848758278515,0.3771769778311241,0.2996040079213088,0.2493278362291808,0.33223167219216493,1,104000,21600.0,4.814814814814815
34629.234221722436,4,Uttar Pradesh,4.8,66000,45,75,35,0.5500918825408528,0.6285440832931771,0.27625628681681363,0.5122185167864999,0.5656770336669429,1,104000,21600.0,4.814814814814815
17310.712583847293,2,Uttar Pradesh,4.8,66000,45,75,35,0.49935555523064773,0.3647746580783087,0.3248003633248647,0.430202046455128,0.30734271512795946,0,104000,21600.0,4.814814814814815
122879.02473908756,5,Uttar Pradesh,4.8,66000,45,75,35,0.5936458579675155,0.6567945323068665,0.34933763803412443,0.5343965268634315,0.5877408507680153,1,104000,21600.0,4.814814814814815
49195.45195757505,5,Uttar Pradesh,4.8,66000,45,75,35,0.6042488013290469,0.8199626293018858,0.5377345187647541,0.5108133246120985,0.5458020795617353,1,104000,21600.0,4.814814814814815
8680.889234800155,1,Uttar Pradesh,4.8,66000,45,75,35,0.4706087213654772,0.2504808194575286,0.6853945663003986,0.2273758312177901,0.37083987314158184,0,104000,21600.0,4.814814814814815
33181.68617551329,4,Uttar Pradesh,4.8,66000,45,75,35,0.5700758216555678,0.6189341082902173,0.2352576356152469,0.4750838765663699,0.3683838443365171,0,104000,21600.0,4.814814814814815
51673.70943910389,5,Uttar Pradesh,4.8,66000,45,75,35,0.597720239687057,0.6600168372438358,0.25594411835594,0.4001418066273967,0.5691366912968367,0,104000,21600.0,4.814814814814815
20119.1987070172,2,Uttar Pradesh,4.8,66000,45,75,35,0.501948861275977,0.6461047358392015,0.661923665463726,0.23348146411299997,0.4195606765673924,1,104000,21600.0,4.814814814814815
22790.330428940466,2,Uttar Pradesh,4.8,66000,45,75,35,0.4898191516315511,0.2930534053089181,0.4792500117669912,0.4450220253739953,0.39123664118412155,0,104000,21600.0,4.814814814814815
19689.472879450364,2,Uttar Pradesh,4.8,66000,45,75,35,0.48636847710524217,0.6808207938386597,0.6056449828419125,0.41454845635427223,0.5011383405367945,0,104000,21600.0,4.814814814814815
29120.518853905854,3,Uttar Pradesh,4.8,66000,45,75,35,0.5317793397284776,0.661057650228414,0.41158927348944263,0.45637632967217695,0.5841619472649575,1,104000,21600.0,4.814814814814815
59735.924882164,5,Uttar Pradesh,4.8,66000,45,75,35,0.5852873169752596,0.7348847131629263,0.261648975178339,0.6401049840432935,0.51652689689899,1,104000,21600.0,4.814814814814815
31894.422204438895,3,Uttar Pradesh,4.8,66000,45,75,35,0.5399068966310986,0.7517569062296552,0.3782635105237723,0.3758984815479904,0.4709973713364933,0,104000,21600.0,4.814814814814815
31643.545226873637,3,Uttar Pradesh,4.8,66000,45,75,35,0.5381728508952714,0.370095727831261,0.20213094869809137,0.38158627311899,0.3514338284447847,0,104000,21600.0,4.814814814814815
84183.10204422503,5,Uttar Pradesh,4.8,66000,45,75,35,0.5888681757699152,0.6099943419419,0.3632647940534419,0.4857907380386403,0.5754150457561239,0,104000,21600.0,4.814814814814815
19567.859891834254,2,Uttar Pradesh,4.8,66000,45,75,35,0.489137156474873,0.751938937830455,0.6642141985166308,0.3512515938696225,0.446833316207574,1,104000,21600.0,4.814814814814815
56911.66524304762,5,Uttar Pradesh,4.8,66000,45,75,35,0.5958216412103585,0.6847914973224571,0.42746967428867266,0.5155195634284766,0.3924611740445151,0,104000,21600.0,4.814814814814815
25870.424552286317,3,Uttar Pradesh,4.8,66000,45,75,35,0.5205347912529342,0.5982557026792616,0.481711618649447,0.495071896293717,0.4056904031744529,0,104000,21600.0,4.814814814814815
50207.14271957983,5,Uttar Pradesh,4.8,66000,45,75,35,0.5831296464849771,0.7396230323227979,0.3905745734927954,0.4269776597442723,0.574013293530784,0,104000,21600.0,4.814814814814815
35307.93518590514,4,Uttar Pradesh,4.8,66000,45,75,35,0.5509201283321342,0.6663377938750655,0.2572484165674114,0.44189199825550846,0.46309767524226036,0,104000,21600.0,4.814814814814815
21847.390042423693,2,Uttar Pradesh,4.8,66000,45,75,35,0.49932927549488615,0.4838141714728357,0.63754489015455,0.36320487672963925,0.43040752542448124,1,104000,21600.0,4.814814814814815
53662.169525949495,5,Uttar Pradesh,4.8,66000,45,75,35,0.6024162090549914,0.6820298950094832,0.5843052413141522,0.4124019687162164,0.48870027986804443,0,104000,21600.0,4.814814814814815
19169.54755665162,2,Uttar Pradesh,4.8,66000,45,75,35,0.5006638770120504,0.4770502272450653,0.4541639445105832,0.4222494830545302,0.4194397901351425,0,104000,21600.0,4.814814814814815
14876.650705855305,1,Uttar Pradesh,4.8,66000,45,75,35,0.4662820987900088,0.26595912785018144,0.32220719207842496,0.17854788912007502,0.27722535334608084,1,104000,21600.0,4.814814814814815
17864.390316364294,2,Uttar Pradesh,4.8,66000,45,75,35,0.48545813641383323,0.5816501085770044,0.32704581083905737,0.387440416180961,0.3866921263484701,1,104000,21600.0,4.814814814814815
25740.319426939473,3,Uttar Pradesh,4.8,66000,45,75,35,0.5362355315615841,0.4172234349288818,0.4432027759006788,0.3223093147338222,0.4774137125310182,0,104000,21600.0,4.814814814814815
8000.0,1,Uttar Pradesh,4.8,66000,45,75,35,0.4629102396549995,0.3818100785872411,0.7061910383734541,0.1642071449069377,0.3976492882593609,0,104000,21600.0,4.814814814814815
19013.13394483817,2,Uttar Pradesh,4.8,66000,45,75,35,0.5018894619058666,0.43021581059222114,0.3992147460026827,0.3063981563020742,0.34395889977126515,1,104000,21600.0,4.814814814814815
38019.13038762691,4,Uttar Pradesh,4.8,66000,45,75,35,0.5571720995551193,0.6373317898158776,0.2845388663654244,0.44040887082068764,0.509873088015282,0,104000,21600.0,4.814814814814815
8000.0,1,Uttar Pradesh,4.8,66000,45,75,35,0.47909605791028015,0.4893272433383164,0.7038313379868978,0.40685702053124867,0.45898461452309175,1,104000,21600.0,4.814814814814815
33763.00728354654,4,Uttar Pradesh,4.8,66000,45,75,35,0.5591419217940002,0.6989532024770841,0.26361304288576043,0.4340203629571177,0.49146130298745405,0,104000,21600.0,4.814814814814815
27064.79964791015,3,Uttar Pradesh,4.8,66000,45,75,35,0.5301250221690552,0.491555192336243,0.40343589944163816,0.5362973368175364,0.4463581741247697,1,104000,21600.0,4.814814814814815
31153.253381447965,3,Uttar Pradesh,4.8,66000,45,75,35,0.5355717571888403,0.41244069220765456,0.358370943265829,0.5144283067183939,0.4408124099416051,1,104000,21600.0,4.814814814814815
31688.00883306182,3,Uttar Pradesh,4.8,66000,45,75,35,0.5517836875369175,0.24430229046828789,0.298313570604249,0.3194879480184122,0.22868430744937215,1,104000,21600.0,4.814814814814815
14451.613409191874,1,Uttar Pradesh,4.8,66000,45,75,35,0.4795987550178713,0.4541317733858704,0.3898441825379023,0.20838186060824637,0.26444823669874007,1,104000,21600.0,4.814814814814815
10394.14753089885,1,Uttar Pradesh,4.8,66000,45,75,35,0.46982822465079965,0.3366575990631209,0.3415206496859909,0.234819274300052,0.3593160015875465,1,104000,21600.0,4.814814814814815
25061.88629856773,3,Uttar Pradesh,4.8,66000,45,75,35,0.5307462656204386,0.680510956415529,0.4671064217892106,0.3695712346440569,0.4457912302716275,0,104000,21600.0,4.814814814814815
9237.092959738813,1,Uttar Pradesh,4.8,66000,45,75,35,0.4654656911110414,0.47152841500451464,0.2971622028582171,0.3367108372276551,0.26703836135303183,0,104000,21600.0,4.814814814814815
10343.026640386584,1,Uttar Pradesh,4.8,66000,45,75,35,0.4612143286790888,0.3270215961878927,0.3741882418628524,0.19889111719471902,0.38164537376370844,0,104000,21600.0,4.814814814814815
13603.939619071876,1,Uttar Pradesh,4.8,66000,45,75,35,0.46518677784362256,0.29220446461791555,0.5963848412745903,0.32127905191491196,0.32596204112289323,0,104000,21600.0,4.814814814814815
45629.66392378579,4,Uttar Pradesh,4.8,66000,45,75,35,0.5529927960771663,0.5289154528147264,0.3533030077750168,0.4858986364197067,0.4989584994834159,0,104000,21600.0,4.814814814814815
21544.04353914928,2,Uttar Pradesh,4.8,66000,45,75,35,0.5072479695522445,0.6850828238115505,0.44542859572174653,0.40993373943965733,0.4276895143559812,0,104000,21600.0,4.814814814814815
8888.168289991543,1,Uttar Pradesh,4.8,66000,45,75,35,0.4600023371355959,0.5474249550018226,0.4407550348408118,0.32669428177889964,0.4426359801573118,0,104000,21600.0,4.814814814814815
22598.746265481073,2,Uttar Pradesh,4.8,66000,45,75,35,0.5140463913280862,0.41655298269451047,0.29097107608283795,0.4592181678008795,0.38242346305954406,1,104000,21600.0,4.814814814814815
35701.53648703587,4,Uttar Pradesh,4.8,66000,45,75,35,0.568234749550474,0.44892168923540765,0.3353720168431955,0.5041437990413218,0.3284698232324239,1,104000,21600.0,4.814814814814815
43310.66776414204,4,Uttar Pradesh,4.8,66000,45,75,35,0.5609193030079624,0.6131841549859687,0.31213220794568064,0.5890321310864534,0.6614467842641759,1,104000,21600.0,4.814814814814815
32650.666104448203,4,Uttar Pradesh,4.8,66000,45,75,35,0.5607174718289364,0.5532632266892779,0.5569348406208796,0.5219438966495402,0.4835238655086167,0,104000,21600.0,4.814814814814815
112358.36807626016,5,Uttar Pradesh,4.8,66000,45,75,35,0.5851414726181402,0.776884800423888,0.49102401842657106,0.49249973172219447,0.5528110699049004,1,104000,21600.0,4.814814814814815
14321.684012536312,1,Uttar Pradesh,4.8,66000,45,75,35,0.4734151298277634,0.17967783580339378,0.4724045223346224,0.22457204031551248,0.205410130661264,1,104000,21600.0,4.814814814814815
37839.683763574816,4,Uttar Pradesh,4.8,66000,45,75,35,0.5715952103463716,0.6384297050234218,0.5141137146863598,0.31482287916949375,0.3430882481354436,0,104000,21600.0,4.814814814814815
48669.96933265029,5,Uttar Pradesh,4.8,66000,45,75,35,0.5836827210917276,0.9156918885583019,0.4241232026908759,0.38878751794045735,0.6398195416185589,1,104000,21600.0,4.814814814814815
12578.720204370244,1,Uttar Pradesh,4.8,66000,45,75,35,0.45538036482509847,0.5123044872972008,0.508593430974927,0.21856938897623301,0.3584195568872083,0,104000,21600.0,4.814814814814815
52161.95885229273,5,Uttar Pradesh,4.8,66000,45,75,35,0.5977464682628532,0.5474047258031862,0.34988292559200823,0.4265990723848471,0.32856829771279045,1,104000,21600.0,4.814814814814815
34380.99265203515,4,Uttar Pradesh,4.8,66000,45,75,35,0.5639579454567237,0.6105102456326632,0.46910795215806156,0.5342798910718047,0.5003336095579752,1,104000,21600.0,4.814814814814815
28904.11494228174,3,Uttar Pradesh,4.8,66000,45,75,35,0.519512297699874,0.4879033645159867,0.619504799615417,0.37748340608741865,0.47878871750525726,1,104000,21600.0,4.814814814814815
31451.663000292676,3,Uttar Pradesh,4.8,66000,45,75,35,0.5233803720051445,0.45101815183300775,0.3074002295267234,0.35902851134677577,0.41182558113731843,0,104000,21600.0,4.814814814814815
39589.5383902325,4,Uttar Pradesh,4.8,66000,45,75,35,0.5521232429737843,0.5445862021806743,0.29212377808493484,0.32737693280574504,0.33328684160886907,0,104000,21600.0,4.814814814814815
28851.603993520857,3,Uttar Pradesh,4.8,66000,45,75,35,0.5234689630239432,0.5044331333590039,0.29823266838680335,0.423264830563488,0.36539037579838035,0,104000,21600.0,4.814814814814815
37666.30494829276,4,Uttar Pradesh,4.8,66000,45,75,35,0.5574774581738738,0.7988741976361671,0.28432407824204736,0.495539331068842,0.46985341595017166,0,104000,21600.0,4.814814814814815
60160.4484698902,5,Uttar Pradesh,4.8,66000,45,75,35,0.5880488126714782,0.7827101923782297,0.5231827074592863,0.625023891468272,0.6037850136927267,1,104000,21600.0,4.814814814814815
65339.76299111367,5,Uttar Pradesh,4.8,66000,45,75,35,0.5842063491636011,0.8214253717497575,0.31302353122315363,0.5125192837235442,0.5715322636821181,1,104000,21600.0,4.814814814814815
11968.319151158788,1,Uttar Pradesh,4.8,66000,45,75,35,0.46313264751928646,0.49815662928341325,0.4440529641795622,0.16398271505457368,0.3689365464917929,0,104000,21600.0,4.814814814814815
48541.46851961273,5,Uttar Pradesh,4.8,66000,45,75,35,0.5884264422750919,0.4905166901590061,0.5280354676116196,0.3812502939940276,0.4888016559958822,1,104000,21600.0,4.814814814814815
66602.0015494456,5,Uttar Pradesh,4.8,66000,45,75,35,0.5923912010628813,0.691593092294793,0.4621474830420844,0.44296826836308406,0.5531563731225787,1,104000,21600.0,4.814814814814815
38555.10465500155,4,Uttar Pradesh,4.8,66000,45,75,35,0.5575513203506373,0.6540500330433685,0.3974832312926143,0.3534223417433168,0.44329896071124064,1,104000,21600.0,4.814814814814815
10136.047941341261,1,Uttar Pradesh,4.8,66000,45,75,35,0.4823009559476988,0.493688228334064,0.2736514308858997,0.3928428894085157,0.2822965821694478,1,104000,21600.0,4.814814814814815
32861.67291774671,4,Uttar Pradesh,4.8,66000,45,75,35,0.5657951628584936,0.8411315493595088,0.5206897169978305,0.34402376100353954,0.5244943782008578,1,104000,21600.0,4.814814814814815
34229.31587134442,4,Uttar Pradesh,4.8,66000,45,75,35,0.5448058271456988,0.5571913939392692,0.5009861946727674,0.35990171148817557,0.4203114147379794,0,104000,21600.0,4.814814814814815
19122.219049319305,2,Uttar Pradesh,4.8,66000,45,75,35,0.5059515633684242,0.4285896538959709,0.2775643702816163,0.4117028757702312,0.31693672408277923,0,104000,21600.0,4.814814814814815
38081.35542492403,4,Uttar Pradesh,4.8,66000,45,75,35,0.5667697255401416,0.6018305535239109,0.3692897104685285,0.38355517721516647,0.4534743763316797,0,104000,21600.0,4.814814814814815
52137.93460556079,5,Uttar Pradesh,4.8,66000,45,75,35,0.5863669360330438,0.5755170560787947,0.2749404948877677,0.6523909639572737,0.4150151418204879,0,104000,21600.0,4.814814814814815
49561.86894089906,5,Uttar Pradesh,4.8,66000,45,75,35,0.5757623098412542,0.5733183934288196,0.3003389242363111,0.620622976028117,0.48566132216888597,0,104000,21600.0,4.814814814814815
48860.669659781575,5,Uttar Pradesh,4.8,66000,45,75,35,0.5907949533083972,0.5356974184993306,0.5595319128057833,0.585028718194157,0.5114778828611319,1,104000,21600.0,4.814814814814815
23581.483024625322,3,Uttar Pradesh,4.8,66000,45,75,35,0.5306371991994633,0.4401437806054901,0.3262927526486682,0.36460760716170054,0.31803297313697326,0,104000,21600.0,4.814814814814815
19501.375088194236,2,Uttar Pradesh,4.8,66000,45,75,35,0.4894978233489537,0.2578254684193694,0.6069410316999251,0.22870065895735403,0.36338975582397387,0,104000,21600.0,4.814814814814815
66429.17937214962,5,Uttar Pradesh,4.8,66000,45,75,35,0.5762020935516864,0.9476574741922644,0.26064398448104903,0.46258695415232304,0.564662039429115,1,104000,21600.0,4.814814814814815
21660.491246862737,2,Uttar Pradesh,4.8,66000,45,75,35,0.4998387502497513,0.5022583162942995,0.44105907013103507,0.3246856247104134,0.4184654904844887,1,104000,21600.0,4.814814814814815
90071.45528780213,5,Uttar Pradesh,4.8,66000,45,75,35,0.5883835137937775,0.6083256381301136,0.36408378914948614,0.3998965099375488,0.5043156468340498,1,104000,21600.0,4.814814814814815
8000.0,1,Uttar Pradesh,4.8,66000,45,75,35,0.4665416320610618,0.49093520148962866,0.43903110781406884,0.1978589079644047,0.2621834208063601,1,104000,21600.0,4.814814814814815
29437.72268153818,3,Uttar Pradesh,4.8,66000,45,75,35,0.5298801783668201,0.288942927433254,0.5969693248986578,0.4620991656691061,0.5089483245939961,1,104000,21600.0,4.814814814814815
13017.550292739083,1,Uttar Pradesh,4.8,66000,45,75,35,0.45968652197608256,0.6820705024985872,0.250915139078037,0.23138739431465566,0.3072510272457005,0,104000,21600.0,4.814814814814815
65565.11920281689,5,Uttar Pradesh,4.8,66000,45,75,35,0.5863660795856246,0.8136698825106751,0.5177647706408981,0.5650698780730042,0.6928201930121998,1,104000,21600.0,4.814814814814815
29390.299198343797,3,Uttar Pradesh,4.8,66000,45,75,35,0.5360475360204292,0.5460357760189795,0.2640111357661944,0.4261570710054758,0.3840507322910133,0,104000,21600.0,4.814814814814815
40319.27681899991,4,Uttar Pradesh,4.8,66000,45,75,35,0.5572145849107728,0.7468280032528098,0.38120671517982846,0.5821058216144662,0.46344906479593645,0,104000,21600.0,4.814814814814815
19170.29172650517,2,Uttar Pradesh,4.8,66000,45,75,35,0.4839945609963601,0.48367539924431546,0.47187187446134493,0.45081762997802494,0.3479783809267512,1,104000,21600.0,4.814814814814815
26183.3757108743,3,Uttar Pradesh,4.8,66000,45,75,35,0.52598736293705,0.577117516401917,0.37345883195976703,0.3070782764644523,0.4681522763039588,0,104000,21600.0,4.814814814814815
61634.65987754098,5,Uttar Pradesh,4.8,66000,45,75,35,0.5800127010792171,0.6492260330679408,0.19605978352901576,0.5447151309956842,0.533228139743797,1,104000,21600.0,4.814814814814815
21752.95680454862,2,Uttar Pradesh,4.8,66000,45,75,35,0.503385648678903,0.2655996943461934,0.6843589362773885,0.4076046914723143,0.3535535731190046,0,104000,21600.0,4.814814814814815
25421.68588215403,3,Uttar Pradesh,4.8,66000,45,75,35,0.5339026597480899,0.4432763796975491,0.4036080506516845,0.5202830158671451,0.4632332618579872,0,104000,21600.0,4.814814814814815
19111.90548980935,2,Uttar Pradesh,4.8,66000,45,75,35,0.4841265394634254,0.5335966152626841,0.6403708979507172,0.40395369545866994,0.5293396372261681,1,104000,21600.0,4.814814814814815
35966.42069054064,4,Uttar Pradesh,4.8,66000,45,75,35,0.5683044154201076,0.7312678409865345,0.49656717625167257,0.353880931929436,0.6248883074532696,1,104000,21600.0,4.814814814814815
14650.318090639974,1,Uttar Pradesh,4.8,66000,45,75,35,0.4595924227015002,0.5133912212170441,0.20386883562060343,0.23920143532040977,0.3025326377737399,1,104000,21600.0,4.814814814814815
33073.248064080966,4,Uttar Pradesh,4.8,66000,45,75,35,0.5763061086191092,0.5059508312441232,0.5195626466485704,0.5029463527947816,0.5308716870414312,0,104000,21600.0,4.814814814814815
11059.01246072339,1,Uttar Pradesh,4.8,66000,45,75,35,0.4702265230692796,0.4054828387200742,0.2443532339952043,0.4352493789847664,0.3289746834049818,0,104000,21600.0,4.814814814814815
43060.49323582511,4,Uttar Pradesh,4.8,66000,45,75,35,0.548250350728894,0.3365806571642463,0.5824510610591919,0.5791253567097653,0.4908529667793674,0,104000,21600.0,4.814814814814815
11752.963149150028,1,Uttar Pradesh,4.8,66000,45,75,35,0.45929442500735895,0.44884368585956325,0.2226989271638909,0.2694225088792991,0.3277798105539303,0,104000,21600.0,4.814814814814815
55303.37247148496,5,Uttar Pradesh,4.8,66000,45,75,35,0.5941952386321592,0.8319258292789724,0.44020850589218186,0.6108686595828041,0.5442619899511009,0,104000,21600.0,4.814814814814815
27190.639574829136,3,Uttar Pradesh,4.8,66000,45,75,35,0.5268012868153019,0.260701422219775,0.5353968379650129,0.4150530360694615,0.4366968767877674,1,104000,21600.0,4.814814814814815
8238.13992921576,1,Uttar Pradesh,4.8,66000,45,75,35,0.46974774661810437,0.3606178420979811,0.3660841290433194,0.30096949857332966,0.2873322595307456,0,104000,21600.0,4.814814814814815
150000.0,5,Uttar Pradesh,4.8,66000,45,75,35,0.6068420880412562,0.3770216013087812,0.20383610286181214,0.4669328077429847,0.35549410472027887,0,104000,21600.0,4.814814814814815
23880.541120634312,3,Uttar Pradesh,4.8,66000,45,75,35,0.5237218450719949,0.5634721192515099,0.5428335902384045,0.4651275049159567,0.4313805057501844,0,104000,21600.0,4.814814814814815
24219.615317164345,3,Uttar Pradesh,4.8,66000,45,75,35,0.5313139142912428,0.5604761524988898,0.3095016433110861,0.4415459506144546,0.5701227616862312,0,104000,21600.0,4.814814814814815
22383.4533829966,2,Uttar Pradesh,4.8,66000,45,75,35,0.5149127305880162,0.29076038335196364,0.38672054874657286,0.32406581732803236,0.41874205996493763,0,104000,21600.0,4.814814814814815
42473.313359034255,4,Uttar Pradesh,4.8,66000,45,75,35,0.5634194204689498,0.45206194696639357,0.5122894408504943,0.5405181228075063,0.4337668461371899,0,104000,21600.0,4.814814814814815
47032.59658807666,4,Uttar Pradesh,4.8,66000,45,75,35,0.5446482583607056,0.8233232776202453,0.33919401215218914,0.42547031090578097,0.5291609144313367,0,104000,21600.0,4.814814814814815
28712.431824352378,3,Uttar Pradesh,4.8,66000,45,75,35,0.5357681758316071,0.5804516260786966,0.6672365495270226,0.436982854971491,0.5313214278791772,1,104000,21600.0,4.814814814814815
60867.78805363915,5,Uttar Pradesh,4.8,66000,45,75,35,0.5790842571364513,0.718407707089354,0.4579872100888698,0.4793815396936327,0.6694227837808592,1,104000,21600.0,4.814814814814815
8000.0,1,Uttar Pradesh,4.8,66000,45,75,35,0.4847823610016154,0.29554232077431747,0.5322015761252379,0.19672966645554285,0.276243217623273,1,104000,21600.0,4.814814814814815
26227.626332000935,3,Uttar Pradesh,4.8,66000,45,75,35,0.5224856096643059,0.5242777505985657,0.5379703901461192,0.3100249793637547,0.27104331964312095,0,104000,21600.0,4.814814814814815
150000.0,5,Uttar Pradesh,4.8,66000,45,75,35,0.6204093807917423,0.711284926645618,0.2734174807116751,0.5586883283594735,0.5404985130270741,1,104000,21600.0,4.814814814814815
13224.999134798165,1,Uttar Pradesh,4.8,66000,45,75,35,0.48538804559756255,0.5673217428840998,0.2594559682228563,0.40503368342434437,0.36012545510529437,0,104000,21600.0,4.814814814814815
15674.016649122494,2,Uttar Pradesh,4.8,66000,45,75,35,0.49274816001800587,0.4686364111628363,0.261831506684224,0.3522055560162975,0.376590396309462,0,104000,21600.0,4.814814814814815
15131.694426986047,2,Uttar Pradesh,4.8,66000,45,75,35,0.5009144237643017,0.48654582658223267,0.36018302002335434,0.30934282400437807,0.42035708147299333,0,104000,21600.0,4.814814814814815
12772.452665495237,1,Uttar Pradesh,4.8,66000,45,75,35,0.4782507285306204,0.5674828302556927,0.5134749067449291,0.2626159110709135,0.4664184915503914,1,104000,21600.0,4.814814814814815
15116.248752341362,2,Uttar Pradesh,4.8,66000,45,75,35,0.5085508904565528,0.39704793144032424,0.3030016154587313,0.3909608556289694,0.43458539083720116,1,104000,21600.0,4.814814814814815
31193.892368959907,3,Uttar Pradesh,4.8,66000,45,75,35,0.5351376483140476,0.5844789547955382,0.4405520124162544,0.4019735007340523,0.5002934439617585,0,104000,21600.0,4.814814814814815
10900.969450091558,1,Uttar Pradesh,4.8,66000,45,75,35,0.48323587608394686,0.11577687677013876,0.27759854927505334,0.16188827832387404,0.27126647607894216,0,104000,21600.0,4.814814814814815
28509.219334357516,3,Uttar Pradesh,4.8,66000,45,75,35,0.529484596247942,0.741988563817646,0.5655043369186352,0.4931082590845381,0.4487669735819528,1,104000,21600.0,4.814814814814815
16159.763051633205,2,Uttar Pradesh,4.8,66000,45,75,35,0.49704710902852534,0.6268055684179746,0.4538469207675936,0.25436204801409473,0.37588825551208316,0,104000,21600.0,4.814814814814815
53034.52088861275,5,Uttar Pradesh,4.8,66000,45,75,35,0.5872456458350397,0.5798526084597468,0.4067415500717271,0.56410969114516,0.5319501078627694,1,104000,21600.0,4.814814814814815
56503.78002172846,5,Uttar Pradesh,4.8,66000,45,75,35,0.5992980180340071,0.8170651409107706,0.3779664680426888,0.4649308401901338,0.5918002203232909,1,104000,21600.0,4.814814814814815
13280.94907830794,1,Uttar Pradesh,4.8,66000,45,75,35,0.47436609611731223,0.45035972834475174,0.39161582920591703,0.33506744254636883,0.30877401569195967,0,104000,21600.0,4.814814814814815
8000.0,1,Uttar Pradesh,4.8,66000,45,75,35,0.4736271223711883,0.4347158132220453,0.23302292896419963,0.41820187961269034,0.2968958200925301,0,104000,21600.0,4.814814814814815
150000.0,5,Uttar Pradesh,4.8,66000,45,75,35,0.5986666282068576,0.8203043375063647,0.38784056669795297,0.40794844568905225,0.5148638208282543,1,104000,21600.0,4.814814814814815
18149.50795723525,2,Andhra Pradesh,5.8,60000,85,55,62,0.5620609044928899,0.33323023114474537,0.47699075586235873,0.5545127843332808,0.48756406043880207,1,110000,26100.0,4.21455938697318
33522.53347769359,4,Andhra Pradesh,5.8,60000,85,55,62,0.6456721168101801,0.5429640250234236,0.34353041269503765,0.4327147571576612,0.2551455254120301,0,110000,26100.0,4.21455938697318
75053.3248774675,5,Andhra Pradesh,5.8,60000,85,55,62,0.6747571174601658,0.4626669382479814,0.43325734455062015,0.7476327964200487,0.6076136262142132,1,110000,26100.0,4.21455938697318
26650.20022458612,3,Andhra Pradesh,5.8,60000,85,55,62,0.6292595093844356,0.5677635725838159,0.7009609834758147,0.43169818159765727,0.504833326208337,0,110000,26100.0,4.21455938697318
16254.239631409138,2,Andhra Pradesh,5.8,60000,85,55,62,0.5672855487487919,0.4005371714099454,0.6953303949646886,0.5595463305481843,0.4616859597392408,0,110000,26100.0,4.21455938697318
33754.15428245824,4,Andhra Pradesh,5.8,60000,85,55,62,0.6581432948951962,0.4249261386116494,0.5854680910471057,0.44138837019369104,0.5404062173802088,0,110000,26100.0,4.21455938697318
41281.651316956726,4,Andhra Pradesh,5.8,60000,85,55,62,0.6433255198606752,0.8209739252643615,0.8255879556751252,0.5193367484879778,0.6954672568868954,1,110000,26100.0,4.21455938697318
26236.89151992094,3,Andhra Pradesh,5.8,60000,85,55,62,0.617461323878029,0.4943223598391109,0.40112528802739256,0.5612864407981696,0.5275682032747794,0,110000,26100.0,4.21455938697318
18717.43735457158,2,Andhra Pradesh,5.8,60000,85,55,62,0.5993306164475223,0.7235949041606222,0.560872316688567,0.5188696242580277,0.5936012767444855,1,110000,26100.0,4.21455938697318
32297.292769939955,3,Andhra Pradesh,5.8,60000,85,55,62,0.6181790412514843,0.7853400581432907,0.5789319801500692,0.5808651002181244,0.7246475750844759,0,110000,26100.0,4.21455938697318
22829.047258082926,3,Andhra Pradesh,5.8,60000,85,55,62,0.6165751114660541,0.694536164648235,0.6021270462574564,0.47647994478822897,0.6627192837107768,1,110000,26100.0,4.21455938697318
9989.007132473784,1,Andhra Pradesh,5.8,60000,85,55,62,0.5549943404294518,0.40890676983573276,0.47549568295387445,0.47102469058846097,0.33946853211972416,0,110000,26100.0,4.21455938697318
15342.866341566778,2,Andhra Pradesh,5.8,60000,85,55,62,0.5777366472214848,0.30461430668945055,0.6413191033029275,0.44977265280103174,0.41862156864795064,1,110000,26100.0,4.21455938697318
25537.107232128343,3,Andhra Pradesh,5.8,60000,85,55,62,0.6122865373263247,0.31819656088997067,0.5776816637146429,0.540998198746245,0.46798570781768156,1,110000,26100.0,4.21455938697318
150000.0,5,Andhra Pradesh,5.8,60000,85,55,62,0.6654163009102011,0.4030780559923365,0.5766800552410656,0.6353901691627435,0.4694835614846605,0,110000,26100.0,4.21455938697318
9086.413894302344,1,Andhra Pradesh,5.8,60000,85,55,62,0.5521257595771738,0.20555826994611126,0.7109780216329302,0.3216641820707311,0.5865589378693427,0,110000,26100.0,4.21455938697318
31546.627051609405,3,Andhra Pradesh,5.8,60000,85,55,62,0.5892121216008775,0.5354263100937452,0.6198481822649783,0.6252017001223581,0.5888259240791847,0,110000,26100.0,4.21455938697318
8732.104943005561,1,Andhra Pradesh,5.8,60000,85,55,62,0.5568618242471041,0.5440177859092005,0.6391061267083472,0.531364565754901,0.44427655486706685,1,110000,26100.0,4.21455938697318
22353.545364229354,2,Andhra Pradesh,5.8,60000,85,55,62,0.5813540560335922,0.5850214353438005,0.591021599557275,0.3823398303992068,0.575171399311323,0,110000,26100.0,4.21455938697318
30370.488658932973,3,Andhra Pradesh,5.8,60000,85,55,62,0.6092093912047609,0.6449800935285919,0.5401351265157223,0.4961822684259849,0.5665567156065316,1,110000,26100.0,4.21455938697318
40119.723791173674,4,Andhra Pradesh,5.8,60000,85,55,62,0.64476900941083,0.6978681613110063,0.5399092364542735,0.5606849533440124,0.556639552657677,1,110000,26100.0,4.21455938697318
59569.319565780635,5,Andhra Pradesh,5.8,60000,85,55,62,0.6582357893417742,0.566883436866609,0.5288653973711913,0.6358988272596093,0.6596156213740669,1,110000,26100.0,4.21455938697318
45765.1633139024,4,Andhra Pradesh,5.8,60000,85,55,62,0.6618641285376414,0.5678654843723324,0.4374756294315946,0.4279040037444679,0.5851606168483134,0,110000,26100.0,4.21455938697318
31304.62135353809,3,Andhra Pradesh,5.8,60000,85,55,62,0.6115437539565526,0.5257535345733362,0.7865496640227054,0.5988667625978437,0.6635272350855774,1,110000,26100.0,4.21455938697318
120663.48839533405,5,Andhra Pradesh,5.8,60000,85,55,62,0.6711129842417067,0.49947611918252866,0.5938461142333846,0.7298097144495308,0.6811825394567603,0,110000,26100.0,4.21455938697318
49317.22230878683,5,Andhra Pradesh,5.8,60000,85,55,62,0.6629174664700994,0.8762826727246611,0.6403760096144766,0.5138803855561896,0.6240559148554478,0,110000,26100.0,4.21455938697318
22543.505387503254,2,Andhra Pradesh,5.8,60000,85,55,62,0.5828108923959211,0.3869842945968805,0.4420509872832354,0.5902109077537206,0.36366046142630837,1,110000,26100.0,4.21455938697318
19770.94785874655,2,Andhra Pradesh,5.8,60000,85,55,62,0.5964410274741613,0.6681739718291451,0.5533021683712838,0.5764958871453093,0.49433708446442987,0,110000,26100.0,4.21455938697318
9846.747673135093,1,Andhra Pradesh,5.8,60000,85,55,62,0.5629305906657489,0.27058594913378053,0.6839545602594066,0.43389924722134465,0.4042471478020647,0,110000,26100.0,4.21455938697318
81651.1980513303,5,Andhra Pradesh,5.8,60000,85,55,62,0.6811158060828342,0.5071081872792771,0.6510635245247752,0.553641735240917,0.47612444778332313,0,110000,26100.0,4.21455938697318
40612.128988712684,4,Andhra Pradesh,5.8,60000,85,55,62,0.6480354180881013,0.5181698787775901,0.4257570615984101,0.48346912450632756,0.6455112029830005,1,110000,26100.0,4.21455938697318
17808.74076808191,2,Andhra Pradesh,5.8,60000,85,55,62,0.5789860032958024,0.4005552031036852,0.5782357319539367,0.4679598550809338,0.39954481314485296,0,110000,26100.0,4.21455938697318
33359.89351975178,4,Andhra Pradesh,5.8,60000,85,55,62,0.6280697969010616,0.38595751159189423,0.6864746607137666,0.5733834660554147,0.5463870917112956,1,110000,26100.0,4.21455938697318
31935.598268881487,3,Andhra Pradesh,5.8,60000,85,55,62,0.6105610408527622,0.6811287803765363,0.7384592696874385,0.5667827258561653,0.6427904248738002,1,110000,26100.0,4.21455938697318
18866.43652713187,2,Andhra Pradesh,5.8,60000,85,55,62,0.5802127139260917,0.6002010406504796,0.4331703013014876,0.5617134586599214,0.6077559342493921,0,110000,26100.0,4.21455938697318
49038.53694438472,5,Andhra Pradesh,5.8,60000,85,55,62,0.683059372968141,0.8039434826638842,0.6797200814156263,0.7515721832116913,0.7676388020709249,1,110000,26100.0,4.21455938697318
33721.90793565083,4,Andhra Pradesh,5.8,60000,85,55,62,0.6456653329960268,0.48833424365674394,0.7187229739517326,0.6601064903811781,0.6442907575424351,1,110000,26100.0,4.21455938697318
38123.98169340466,4,Andhra Pradesh,5.8,60000,85,55,62,0.6586945438504641,0.4837590286985989,0.5289499132747896,0.6939358189830535,0.7561369265698267,1,110000,26100.0,4.21455938697318
63989.31647833475,5,Andhra Pradesh,5.8,60000,85,55,62,0.6845463139718103,0.7142263345808122,0.6409602221131345,0.6210327720482314,0.7720264354981932,1,110000,26100.0,4.21455938697318
15931.59342228255,2,Andhra Pradesh,5.8,60000,85,55,62,0.5780064724763876,0.515464518080891,0.8171736233055424,0.33288760039792414,0.5387029524359193,0,110000,26100.0,4.21455938697318
34773.7743932812,4,Andhra Pradesh,5.8,60000,85,55,62,0.6246201366052299,0.7203037623303563,0.5664235480008977,0.43677127637420954,0.5936177547572393,0,110000,26100.0,4.21455938697318
38285.73153055378,4,Andhra Pradesh,5.8,60000,85,55,62,0.6564271809108434,0.4519587916372786,0.4777441035451342,0.5017684799216714,0.5090875037001196,0,110000,26100.0,4.21455938697318
31250.352575407924,3,Andhra Pradesh,5.8,60000,85,55,62,0.626165280803736,0.6823318782801006,0.6335102388037953,0.555418087308709,0.6646078117855636,1,110000,26100.0,4.21455938697318
9940.995079896944,1,Andhra Pradesh,5.8,60000,85,55,62,0.5389093126624064,0.48979777518341017,0.5233356145367996,0.37178946723626194,0.40159750822091655,0,110000,26100.0,4.21455938697318
13015.909448948009,1,Andhra Pradesh,5.8,60000,85,55,62,0.5676638287697036,0.3068107028601493,0.46901615395229024,0.321065333600664,0.315968995228642,0,110000,26100.0,4.21455938697318
32267.175406577404,3,Andhra Pradesh,5.8,60000,85,55,62,0.6163926002773538,0.44985279520908716,0.5821653589894733,0.6263707512359286,0.6620438694941534,1,110000,26100.0,4.21455938697318
17046.747883341155,2,Andhra Pradesh,5.8,60000,85,55,62,0.5841782835526851,0.6631588939557251,0.4756790368844991,0.6167206537930986,0.5169662774787894,0,110000,26100.0,4.21455938697318
32147.648655728357,3,Andhra Pradesh,5.8,60000,85,55,62,0.6287192611139019,0.40471486382902677,0.6409715784354915,0.37621468023045856,0.47969092288478593,0,110000,26100.0,4.21455938697318
14840.406987435303,1,Andhra Pradesh,5.8,60000,85,55,62,0.5660182803037348,0.5347969037624103,0.5427696399748572,0.29804944993932736,0.40299956610388155,1,110000,26100.0,4.21455938697318
8000.0,1,Andhra Pradesh,5.8,60000,85,55,62,0.5590847380913806,0.2502187987607551,0.6228935375710054,0.42102384886077726,0.4092755382441054,0,110000,26100.0,4.21455938697318
15470.15373576336,2,Andhra Pradesh,5.8,60000,85,55,62,0.5873035992295483,0.47803103442846717,0.6536665759514353,0.4225223965720589,0.5133169154887448,0,110000,26100.0,4.21455938697318
82062.02466275069,5,Andhra Pradesh,5.8,60000,85,55,62,0.6787353714767322,0.7303166711504632,0.6554874664812551,0.7058675865398183,0.7064078408385613,0,110000,26100.0,4.21455938697318
10905.552805315188,1,Andhra Pradesh,5.8,60000,85,55,62,0.5485708542326033,0.30766595355670484,0.4759616297106553,0.46751288341332314,0.3464907247861369,0,110000,26100.0,4.21455938697318
22227.67695786252,2,Andhra Pradesh,5.8,60000,85,55,62,0.5820204140741053,0.48590184046995866,0.6528134926187226,0.34177533187983267,0.43894067005499493,1,110000,26100.0,4.21455938697318
64360.77448986039,5,Andhra Pradesh,5.8,60000,85,55,62,0.6635482570254831,0.6507419085627042,0.5659999745129309,0.6346871854837932,0.6855356960596172,1,110000,26100.0,4.21455938697318
51791.16610564776,5,Andhra Pradesh,5.8,60000,85,55,62,0.6692410308140394,0.6764469009961991,0.6708597897281408,0.5721819857706414,0.6669154759428765,1,110000,26100.0,4.21455938697318
11435.873979787506,1,Andhra Pradesh,5.8,60000,85,55,62,0.5489050897847393,0.580714313776107,0.7386750521170475,0.5607560092139833,0.6000825988475287,1,110000,26100.0,4.21455938697318
16431.564302287206,2,Andhra Pradesh,5.8,60000,85,55,62,0.5762183748752119,0.3063419623523934,0.8138833103911491,0.4638059368716998,0.5654862617967326,0,110000,26100.0,4.21455938697318
58239.046883466806,5,Andhra Pradesh,5.8,60000,85,55,62,0.6739388935979133,0.6406043433367276,0.4899338714955631,0.749521335017113,0.6997862273213318,0,110000,26100.0,4.21455938697318
23652.205953345238,3,Andhra Pradesh,5.8,60000,85,55,62,0.6093316200644228,0.44887306064468346,0.5450203338155523,0.3802745993844604,0.42086189679838465,1,110000,26100.0,4.21455938697318
86321.33893645923,5,Andhra Pradesh,5.8,60000,85,55,62,0.6775937757749484,0.7461007407837813,0.49513150942233153,0.5022046221512473,0.6358329018611795,1,110000,26100.0,4.21455938697318
17372.208499270986,2,Andhra Pradesh,5.8,60000,85,55,62,0.5663482224384908,0.3949637751209292,0.5402241184827212,0.4371029336055236,0.4687461102055682,1,110000,26100.0,4.21455938697318
25537.33044443605,3,Andhra Pradesh,5.8,60000,85,55,62,0.6114378806303555,0.31634958029546983,0.5099391683218164,0.637309233978894,0.39595737674246434,0,110000,26100.0,4.21455938697318
48230.43383664738,4,Andhra Pradesh,5.8,60000,85,55,62,0.6438869449732035,0.7448307106558016,0.6457676101410108,0.5846034460512928,0.5326968133906259,1,110000,26100.0,4.21455938697318
18730.305104662748,2,Andhra Pradesh,5.8,60000,85,55,62,0.5794651361730597,0.6243187944207262,0.6590537872132445,0.5684643796868895,0.617262651395292,1,110000,26100.0,4.21455938697318
35160.79007270165,4,Andhra Pradesh,5.8,60000,85,55,62,0.6408475015733363,0.7594449530919098,0.7237711546649249,0.5062811123006805,0.6067823857317703,0,110000,26100.0,4.21455938697318
17220.03845064489,2,Andhra Pradesh,5.8,60000,85,55,62,0.56671896846413,0.5081866326034435,0.49657332774304375,0.3546705131150145,0.4041852259252259,1,110000,26100.0,4.21455938697318
72718.63613039446,5,Andhra Pradesh,5.8,60000,85,55,62,0.6761361996181235,0.8662164883981733,0.4961265497739702,0.5450338684478211,0.6744155901151577,1,110000,26100.0,4.21455938697318
15023.202207404662,1,Andhra Pradesh,5.8,60000,85,55,62,0.5590474883970993,0.14077289099147605,0.6679023301315348,0.4648132455575458,0.41177389014195553,1,110000,26100.0,4.21455938697318
41900.467879742806,4,Andhra Pradesh,5.8,60000,85,55,62,0.6475068015134663,0.42395642966731184,0.5469362242914977,0.6826473519866173,0.5817352853103266,0,110000,26100.0,4.21455938697318
32863.10153612761,4,Andhra Pradesh,5.8,60000,85,55,62,0.6529586991658504,0.3874377284241033,0.5606258102500818,0.5577220206775271,0.6464182580045387,1,110000,26100.0,4.21455938697318
31465.64410100101,3,Andhra Pradesh,5.8,60000,85,55,62,0.6145867246292536,0.4499841358960612,0.6615535342879537,0.42930688124757427,0.49254590394536957,1,110000,26100.0,4.21455938697318
150000.0,5,Andhra Pradesh,5.8,60000,85,55,62,0.677358240377938,0.5461633098388845,0.4701818780292849,0.66250583599578,0.6290156516066034,0,110000,26100.0,4.21455938697318
29812.992890339683,3,Andhra Pradesh,5.8,60000,85,55,62,0.614132335955997,0.30054944484513585,0.47006704906724334,0.43030241359079135,0.3864751507697836,1,110000,26100.0,4.21455938697318
45359.61706421456,4,Andhra Pradesh,5.8,60000,85,55,62,0.6494469357673535,0.48367556930990746,0.5366715397419914,0.5923085328997268,0.6429441649800531,1,110000,26100.0,4.21455938697318
30818.270619809664,3,Andhra Pradesh,5.8,60000,85,55,62,0.5967991322101073,0.5215143832799187,0.7014596456780029,0.40190973902799093,0.5466697442998251,0,110000,26100.0,4.21455938697318
31899.24480045846,3,Andhra Pradesh,5.8,60000,85,55,62,0.6036356188916484,0.5161526821800023,0.5423616522905611,0.614562742664439,0.6851699003517446,1,110000,26100.0,4.21455938697318
22723.042108684083,2,Andhra Pradesh,5.8,60000,85,55,62,0.5984404251417594,0.6312542483979962,0.71076715881408,0.5627722192317435,0.6148662395643437,1,110000,26100.0,4.21455938697318
8000.0,1,Andhra Pradesh,5.8,60000,85,55,62,0.5279670703504665,0.6411891453068025,0.5127304300100098,0.4335988716341176,0.5059722633519564,1,110000,26100.0,4.21455938697318
11957.867603244156,1,Andhra Pradesh,5.8,60000,85,55,62,0.5511696492731751,0.40261613838115584,0.48454212146689923,0.28267700408771423,0.3704332431678904,1,110000,26100.0,4.21455938697318
42133.14503399387,4,Andhra Pradesh,5.8,60000,85,55,62,0.6542941781675092,0.6603328366207184,0.7963259799290316,0.5052778470618802,0.7421870565516033,1,110000,26100.0,4.21455938697318
17105.310598735017,2,Andhra Pradesh,5.8,60000,85,55,62,0.5816388219160109,0.657414737979316,0.3745421276160848,0.36270767760143774,0.48710671690767376,1,110000,26100.0,4.21455938697318
56088.54606626875,5,Andhra Pradesh,5.8,60000,85,55,62,0.6685213178569216,0.49943643784952607,0.6975070697943331,0.628258973642608,0.6261923632131817,1,110000,26100.0,4.21455938697318
19173.41409992683,2,Andhra Pradesh,5.8,60000,85,55,62,0.5838656453395815,0.600770865474237,0.5920781786636466,0.35174251290350184,0.4240398510609173,1,110000,26100.0,4.21455938697318
27628.480855955728,3,Andhra Pradesh,5.8,60000,85,55,62,0.6090402267714041,0.48657130988702324,0.5053852786119444,0.6321401740081349,0.391096816026377,1,110000,26100.0,4.21455938697318
87443.60795114601,5,Andhra Pradesh,5.8,60000,85,55,62,0.672879923498998,0.693907283276883,0.4544756034341433,0.7262715087353908,0.6686460235024447,1,110000,26100.0,4.21455938697318
8924.231443002138,1,Andhra Pradesh,5.8,60000,85,55,62,0.5457376182062273,0.2577817381223014,0.63363805238145,0.3180516446729186,0.3567911434534388,1,110000,26100.0,4.21455938697318
61139.31022465661,5,Andhra Pradesh,5.8,60000,85,55,62,0.6836581727709858,0.509208827648433,0.9107892446671424,0.6796886327242918,0.47384119184659745,1,110000,26100.0,4.21455938697318
48783.88049161106,5,Andhra Pradesh,5.8,60000,85,55,62,0.6868040777820852,0.6628416191742856,0.6034018447241329,0.6801732087084867,0.6486066129847706,1,110000,26100.0,4.21455938697318
23541.552247029667,3,Andhra Pradesh,5.8,60000,85,55,62,0.6112375253503123,0.49710315951730444,0.5193642308706639,0.4902485410433537,0.4341246219962275,0,110000,26100.0,4.21455938697318
29890.417814980283,3,Andhra Pradesh,5.8,60000,85,55,62,0.5987065343645162,0.4394502274382762,0.4506502364305429,0.4171219497961699,0.574019222695638,0,110000,26100.0,4.21455938697318
11392.089948765848,1,Andhra Pradesh,5.8,60000,85,55,62,0.5473329968682946,0.2670627824457316,0.4983660064995362,0.3108545388992721,0.3460782648677549,0,110000,26100.0,4.21455938697318
130184.12372700602,5,Andhra Pradesh,5.8,60000,85,55,62,0.670731541970399,0.6506536106040678,0.5282407794899316,0.6930650076674919,0.7340986374684552,1,110000,26100.0,4.21455938697318
55039.10999936142,5,Andhra Pradesh,5.8,60000,85,55,62,0.6776268173404607,0.6540532747181523,0.5224271564774172,0.5372754463793451,0.639004451897514,1,110000,26100.0,4.21455938697318
40795.539937750786,4,Andhra Pradesh,5.8,60000,85,55,62,0.6324912963397218,0.5598020347914967,0.7561807228999505,0.6022583495757009,0.6994192848666586,1,110000,26100.0,4.21455938697318
51976.12885029491,5,Andhra Pradesh,5.8,60000,85,55,62,0.6648798053850071,0.4212909547556423,0.568322253527509,0.7309867071837106,0.763022860120192,1,110000,26100.0,4.21455938697318
13524.509332835532,1,Andhra Pradesh,5.8,60000,85,55,62,0.5576781899500167,0.3272900103282631,0.5637380582632189,0.4491520536823263,0.49104503835194646,0,110000,26100.0,4.21455938697318
10574.303655399895,1,Andhra Pradesh,5.8,60000,85,55,62,0.5619605168918241,0.46905368692038824,0.6655566646086678,0.5634109245517269,0.7489431084508464,0,110000,26100.0,4.21455938697318
39606.2799035291,4,Andhra Pradesh,5.8,60000,85,55,62,0.6363554881197218,0.7113634755963035,0.37688966292478987,0.614872790070859,0.6390656380458881,0,110000,26100.0,4.21455938697318
33418.82012804643,4,Andhra Pradesh,5.8,60000,85,55,62,0.6292392580319186,0.8796780139713745,0.822695105820894,0.5156031562515843,0.7645140110934907,1,110000,26100.0,4.21455938697318
41925.26119193096,4,Andhra Pradesh,5.8,60000,85,55,62,0.6754126105843075,0.6573176522109359,0.7720761489650023,0.6769624217520204,0.6770746115519546,1,110000,26100.0,4.21455938697318
52823.70787785604,5,Andhra Pradesh,5.8,60000,85,55,62,0.6804044709423157,0.7649147517854771,0.3761830532871833,0.5644959336032505,0.509354665824101,1,110000,26100.0,4.21455938697318
84743.28285985925,5,Andhra Pradesh,5.8,60000,85,55,62,0.6699013909537583,0.7188226279478271,0.6199713052493248,0.7626933360787971,0.536230116731276,1,110000,26100.0,4.21455938697318
31686.631074753393,3,Andhra Pradesh,5.8,60000,85,55,62,0.621261741326737,0.3050835693050731,0.6786334072653322,0.5145418057404563,0.5753448487441771,0,110000,26100.0,4.21455938697318
8000.0,1,Andhra Pradesh,5.8,60000,85,55,62,0.5513268622742844,0.5399478268763054,0.6067840431942858,0.5571963427009067,0.4946881284291581,0,110000,26100.0,4.21455938697318
10594.99429784834,1,Andhra Pradesh,5.8,60000,85,55,62,0.5612429974624304,0.4010178205602077,0.5453406932454005,0.32630169335866394,0.38046448061895416,0,110000,26100.0,4.21455938697318
12427.205940363398,1,Andhra Pradesh,5.8,60000,85,55,62,0.5541653605491909,0.2190010418710901,0.38628976569827234,0.274641773791102,0.28607410496550556,0,110000,26100.0,4.21455938697318
26435.97706117698,3,Andhra Pradesh,5.8,60000,85,55,62,0.6134841475531043,0.7557664268370637,0.5217134044134608,0.43006161100981866,0.5109257618324499,1,110000,26100.0,4.21455938697318
24322.052084498093,3,Andhra Pradesh,5.8,60000,85,55,62,0.6114356098891207,0.31856170339643436,0.6004362034748725,0.4007327326482826,0.5748169329995295,1,110000,26100.0,4.21455938697318
21248.46253024899,2,Andhra Pradesh,5.8,60000,85,55,62,0.5680976152367976,0.40848412540357537,0.4974709082002494,0.5414090289431959,0.4124042131843302,1,110000,26100.0,4.21455938697318
21769.631333172598,2,Andhra Pradesh,5.8,60000,85,55,62,0.6019523775653599,0.5393330058463928,0.5421881189284823,0.4005859187754626,0.5250032294654099,1,110000,26100.0,4.21455938697318
20501.969363429005,2,Andhra Pradesh,5.8,60000,85,55,62,0.5731560893687511,0.3628344759822537,0.5190492135074424,0.5130644790591031,0.4993549061616129,1,110000,26100.0,4.21455938697318
9514.492315550624,1,Andhra Pradesh,5.8,60000,85,55,62,0.5389711928083226,0.3080067838098282,0.7682516785663432,0.47181933427280587,0.3624151385566772,1,110000,26100.0,4.21455938697318
23835.652859474845,3,Andhra Pradesh,5.8,60000,85,55,62,0.6104428297438649,0.6270583854575315,0.5156414333731736,0.5776958243462031,0.6169652076628861,0,110000,26100.0,4.21455938697318
10297.631537375499,1,Andhra Pradesh,5.8,60000,85,55,62,0.5429567104363235,0.3445732362344938,0.42026681836379715,0.5210046586010483,0.34021843513546296,0,110000,26100.0,4.21455938697318
45227.779168107234,4,Andhra Pradesh,5.8,60000,85,55,62,0.6420543006658258,0.7512691528482169,0.7255839798205472,0.46591197853994426,0.6257063622688985,1,110000,26100.0,4.21455938697318
29601.334736886973,3,Andhra Pradesh,5.8,60000,85,55,62,0.6194490670570463,0.659799538259809,0.4891759989896037,0.3863614316560481,0.4866578005133444,0,110000,26100.0,4.21455938697318
20832.611825517808,2,Andhra Pradesh,5.8,60000,85,55,62,0.5925244575767208,0.45096426697736747,0.8763351557381183,0.330133761533473,0.5149392323807465,1,110000,26100.0,4.21455938697318
23933.030195205694,3,Andhra Pradesh,5.8,60000,85,55,62,0.6207187357876454,0.3575222606455114,0.7825478039841032,0.4023592233714217,0.5522004217841006,0,110000,26100.0,4.21455938697318
10853.225939941833,1,Andhra Pradesh,5.8,60000,85,55,62,0.5495151080235718,0.2830357144071912,0.6898473394715672,0.3849778830036638,0.3580010007196143,0,110000,26100.0,4.21455938697318
39968.8928557952,4,Andhra Pradesh,5.8,60000,85,55,62,0.6430673468480445,0.7101296700744257,0.5524448692049448,0.7114350038265435,0.6257020069029231,1,110000,26100.0,4.21455938697318
19806.77222509489,2,Andhra Pradesh,5.8,60000,85,55,62,0.5866502190804034,0.695324834237515,0.6557637067883866,0.4271897515584838,0.4361681764960367,1,110000,26100.0,4.21455938697318
20338.16949187706,2,Andhra Pradesh,5.8,60000,85,55,62,0.5649935543320078,0.20486542493176457,0.5543648351834407,0.45709910095321893,0.3305943637852661,0,110000,26100.0,4.21455938697318
18124.62302597756,2,Andhra Pradesh,5.8,60000,85,55,62,0.5882772755726271,0.591804114377206,0.7286354566944496,0.5655412382503727,0.6485023806667815,0,110000,26100.0,4.21455938697318
23881.771883550326,3,Andhra Pradesh,5.8,60000,85,55,62,0.5979984356955902,0.344503481493427,0.49600409584831423,0.646801628048085,0.4871952368128358,1,110000,26100.0,4.21455938697318
11861.560196083577,1,Andhra Pradesh,5.8,60000,85,55,62,0.5729748945604936,0.45742601711472897,0.6307692825245214,0.5626546731708832,0.5935131912137128,0,110000,26100.0,4.21455938697318
8000.0,1,Andhra Pradesh,5.8,60000,85,55,62,0.5485262777250116,0.6304277915656458,0.803889953192936,0.5191575896227346,0.5135749261622694,1,110000,26100.0,4.21455938697318
13374.834429278166,1,Andhra Pradesh,5.8,60000,85,55,62,0.5507226767994827,0.5168073466516692,0.6874171571412473,0.42197703963661204,0.43777489136097697,0,110000,26100.0,4.21455938697318
34792.45579536759,4,Andhra Pradesh,5.8,60000,85,55,62,0.63487435757905,0.3968766652170629,0.6639346712416062,0.4900651565729968,0.6131169317264307,0,110000,26100.0,4.21455938697318
8685.47812406858,1,Andhra Pradesh,5.8,60000,85,55,62,0.5462717282528717,0.5241756903758599,0.6138072720942283,0.450732309067706,0.5059342887265056,1,110000,26100.0,4.21455938697318
23670.208029883,3,Andhra Pradesh,5.8,60000,85,55,62,0.635312364262861,0.48461997485230524,0.5096081111521003,0.4302607362493446,0.38627784681406996,1,110000,26100.0,4.21455938697318
60108.827890743545,5,Andhra Pradesh,5.8,60000,85,55,62,0.6819751254576616,0.7199893273584187,0.6220254414868781,0.48793964189698574,0.5900823737238775,1,110000,26100.0,4.21455938697318
113978.76561254059,5,Andhra Pradesh,5.8,60000,85,55,62,0.6570794041199502,0.5815376578220268,0.5448333522836214,0.7470284027650214,0.709953149922065,1,110000,26100.0,4.21455938697318
48457.09365904812,5,Andhra Pradesh,5.8,60000,85,55,62,0.6876135575782809,0.8310690812176988,0.4188022983842523,0.6166593139970372,0.6480290373286212,0,110000,26100.0,4.21455938697318
49508.91870670422,5,Andhra Pradesh,5.8,60000,85,55,62,0.684503851322843,0.9097273002655495,0.6989947922376492,0.6236942893883632,0.7967669191358929,1,110000,26100.0,4.21455938697318
41388.45428066994,4,Andhra Pradesh,5.8,60000,85,55,62,0.6397593039485456,0.7280741703801475,0.828827015470348,0.6039879300413895,0.6014254874479846,0,110000,26100.0,4.21455938697318
83166.07411346734,5,Andhra Pradesh,5.8,60000,85,55,62,0.675638397991727,0.9045391179180278,0.6833230467748196,0.6066447894539242,0.7867199011149734,1,110000,26100.0,4.21455938697318
45799.991045205206,4,Andhra Pradesh,5.8,60000,85,55,62,0.6424219877772178,0.8154264256918264,0.47527955968937574,0.5545513616925881,0.538603520654049,1,110000,26100.0,4.21455938697318
16384.896808082576,2,Andhra Pradesh,5.8,60000,85,55,62,0.6022972276158979,0.3174949443355217,0.4473643128851902,0.595765817491551,0.49524544927979647,1,110000,26100.0,4.21455938697318
22293.0120302053,2,Andhra Pradesh,5.8,60000,85,55,62,0.5746085266815076,0.5179531103221791,0.8053330843546538,0.5661860609102407,0.6536433225008419,0,110000,26100.0,4.21455938697318
11666.23694419618,1,Andhra Pradesh,5.8,60000,85,55,62,0.5540315346691859,0.4890551848351829,0.8406999682556788,0.334999881757449,0.5029813215687868,0,110000,26100.0,4.21455938697318
23238.01254006528,3,Andhra Pradesh,5.8,60000,85,55,62,0.6082899752615005,0.8076617516524334,0.6533081704852743,0.45875551098839007,0.6501963180523314,1,110000,26100.0,4.21455938697318
15304.328156976002,2,Andhra Pradesh,5.8,60000,85,55,62,0.5682410245252499,0.6641055491709286,0.5443253922236266,0.5194090142610284,0.6227960814254166,0,110000,26100.0,4.21455938697318
52859.68046279116,5,Andhra Pradesh,5.8,60000,85,55,62,0.6944878111219784,0.608087622429891,0.3771375191307095,0.6425497979283618,0.6404933464854236,1,110000,26100.0,4.21455938697318
26632.389659113847,3,Andhra Pradesh,5.8,60000,85,55,62,0.6007557627804044,0.5032500305482118,0.4849676321719042,0.6010700283535173,0.51647826869276,1,110000,26100.0,4.21455938697318
24916.191626650183,3,Andhra Pradesh,5.8,60000,85,55,62,0.6147727204463063,0.5992462245295689,0.6460061250877327,0.589512008637868,0.5860289678492041,1,110000,26100.0,4.21455938697318
21876.40149200739,2,Andhra Pradesh,5.8,60000,85,55,62,0.5651644225076251,0.6205966433081374,0.4253901106129071,0.5337863859560854,0.4505764792549521,0,110000,26100.0,4.21455938697318
57529.344023679536,5,Andhra Pradesh,5.8,60000,85,55,62,0.6685807231789976,0.7000949118370414,0.5164664503810925,0.7352875954863771,0.5931094449255605,1,110000,26100.0,4.21455938697318
33377.43586147781,4,Andhra Pradesh,5.8,60000,85,55,62,0.6467911167857632,0.7123062437584068,0.4915026829119252,0.651188150486817,0.7217647683495546,1,110000,26100.0,4.21455938697318
17023.730525907828,2,Andhra Pradesh,5.8,60000,85,55,62,0.5743240887764048,0.4670470791211291,0.5906868901098481,0.39407643878417326,0.5111778145761893,1,110000,26100.0,4.21455938697318
30832.21414899346,3,Andhra Pradesh,5.8,60000,85,55,62,0.6184394470787851,0.4111056467709446,0.6519075137584617,0.6330733819282859,0.6732987575219146,1,110000,26100.0,4.21455938697318
31235.345312123543,3,Andhra Pradesh,5.8,60000,85,55,62,0.6098810176525478,0.4523353847407138,0.48412183548463306,0.4718818837625426,0.5304381092718188,0,110000,26100.0,4.21455938697318
8000.0,1,Andhra Pradesh,5.8,60000,85,55,62,0.5641722536954147,0.3668769583654673,0.5860819470724778,0.5444905675626439,0.45535158615826976,1,110000,26100.0,4.21455938697318
32668.4107077017,4,Andhra Pradesh,5.8,60000,85,55,62,0.6561890377048308,0.6020646447339704,0.41211048696522457,0.6685032116375582,0.5152542124167143,0,110000,26100.0,4.21455938697318
31155.983445338512,3,Andhra Pradesh,5.8,60000,85,55,62,0.6067039809641285,0.3058747402585573,0.612262414297693,0.39344783908904535,0.4081549747320284,0,110000,26100.0,4.21455938697318
15128.051994937085,2,Andhra Pradesh,5.8,60000,85,55,62,0.5833387571653581,0.5106932423278281,0.6260677103884744,0.5526064066020147,0.5940982564167253,1,110000,26100.0,4.21455938697318
24489.61885342339,3,Andhra Pradesh,5.8,60000,85,55,62,0.6144059708361509,0.6755747525476805,0.7081479425798156,0.5212564563598427,0.5602957451831593,0,110000,26100.0,4.21455938697318
28625.703405513603,3,Andhra Pradesh,5.8,60000,85,55,62,0.6187649215257756,0.4230841785605464,0.4366822771068909,0.664356049697961,0.6337031296950042,0,110000,26100.0,4.21455938697318
18381.87122722519,2,Andhra Pradesh,5.8,60000,85,55,62,0.5827152485338711,0.30433624409596693,0.48416842683817995,0.45874790302492785,0.39882223439065917,1,110000,26100.0,4.21455938697318
27275.15955061194,3,Andhra Pradesh,5.8,60000,85,55,62,0.614473538164857,0.7435587355363684,0.7370699275283861,0.39132454653906296,0.5025689574612052,1,110000,26100.0,4.21455938697318
86079.71943251039,5,Andhra Pradesh,5.8,60000,85,55,62,0.6701373638234774,0.6828679377528293,0.43771402380383856,0.5591631911440585,0.5776460832521193,1,110000,26100.0,4.21455938697318
31970.003288067237,3,Andhra Pradesh,5.8,60000,85,55,62,0.6137238272411487,0.5807506444010646,0.7222994075653808,0.5002850494177412,0.6002746345580452,0,110000,26100.0,4.21455938697318
19920.98356735619,2,Andhra Pradesh,5.8,60000,85,55,62,0.5955508305067798,0.4231789761223793,0.5099033205287462,0.49879752561934276,0.607669005173881,1,110000,26100.0,4.21455938697318
36247.331520118576,4,Andhra Pradesh,5.8,60000,85,55,62,0.6490322609835472,0.4483904042118832,0.5224181405676,0.46685395741323643,0.5209541263503774,0,110000,26100.0,4.21455938697318
17170.690415759647,2,Andhra Pradesh,5.8,60000,85,55,62,0.5895839849658622,0.5681476604669032,0.5525552985544931,0.47574701040278183,0.47255490750991347,0,110000,26100.0,4.21455938697318
26889.84496705104,3,Andhra Pradesh,5.8,60000,85,55,62,0.6198021318127843,0.3789894501061396,0.6974190774223088,0.5162640628491236,0.6362232162239734,1,110000,26100.0,4.21455938697318
54462.05953414195,5,Andhra Pradesh,5.8,60000,85,55,62,0.6710333407926182,0.8443891143723614,0.5712207652774681,0.7222209895736056,0.7816785567245522,1,110000,26100.0,4.21455938697318
9741.759400875162,1,Andhra Pradesh,5.8,60000,85,55,62,0.5557596990072239,0.10853116593456688,0.7198276608479246,0.3619430954668144,0.3700474260504894,0,110000,26100.0,4.21455938697318
30923.252956839926,3,Andhra Pradesh,5.8,60000,85,55,62,0.601719691788071,0.7928933631105984,0.6436586752534375,0.5060774554143899,0.498259862468415,1,110000,26100.0,4.21455938697318
36523.71250163368,4,Andhra Pradesh,5.8,60000,85,55,62,0.6552595051345982,0.36215119855343453,0.4352241968196644,0.5378060213171101,0.4541756961142302,1,110000,26100.0,4.21455938697318
63898.26794431613,5,Andhra Pradesh,5.8,60000,85,55,62,0.6447418242479964,0.6786976607257014,0.48871843289805394,0.6608916334499585,0.6821937006828245,1,110000,26100.0,4.21455938697318
46554.23967810448,4,Andhra Pradesh,5.8,60000,85,55,62,0.6416999446480743,0.43327909920375773,0.5812604592591264,0.6720789176237537,0.6763198400429152,1,110000,26100.0,4.21455938697318
39110.80122297371,4,Andhra Pradesh,5.8,60000,85,55,62,0.6539803883429313,0.7825020572453358,0.46887757265787583,0.6239094619536769,0.6524963807848588,0,110000,26100.0,4.21455938697318
36594.413145285784,4,Andhra Pradesh,5.8,60000,85,55,62,0.6289327492351352,0.7738419725543217,0.6628654288833864,0.5607369209370315,0.6439943304505364,0,110000,26100.0,4.21455938697318
43777.550981116794,4,Andhra Pradesh,5.8,60000,85,55,62,0.6465692277475971,0.3941018448067327,0.569625180428853,0.6125711307377518,0.5203326534869294,0,110000,26100.0,4.21455938697318
48745.66149640645,5,Andhra Pradesh,5.8,60000,85,55,62,0.6657637641056383,0.7007877329677892,0.49592952847256266,0.5678954109159176,0.6697659343173548,1,110000,26100.0,4.21455938697318
37964.74305176111,4,Andhra Pradesh,5.8,60000,85,55,62,0.6388833959195399,0.6049065562582627,0.5318469717153984,0.4644521747512921,0.4744912472029882,1,110000,26100.0,4.21455938697318
8000.0,1,Andhra Pradesh,5.8,60000,85,55,62,0.562030838177823,0.14594786508968044,0.6752595310467894,0.36713759955651426,0.343979984749588,0,110000,26100.0,4.21455938697318
63899.584244899386,5,Andhra Pradesh,5.8,60000,85,55,62,0.6745519978302801,0.634737457104293,0.7357344962606635,0.6043290920022582,0.7517062614235629,1,110000,26100.0,4.21455938697318
18328.250514740517,2,Andhra Pradesh,5.8,60000,85,55,62,0.5622278698925849,0.6647659356729583,0.5859882442417779,0.45300170212302077,0.6033709748396097,0,110000,26100.0,4.21455938697318
13702.981990246231,1,Andhra Pradesh,5.8,60000,85,55,62,0.5428071731741126,0.4627350989122491,0.8023159318250357,0.4925025949654313,0.6358389724772995,1,110000,26100.0,4.21455938697318
47475.90452432735,4,Andhra Pradesh,5.8,60000,85,55,62,0.6523247859203162,0.7323357206167583,0.4956255196498939,0.7021258304959405,0.6152604472771288,1,110000,26100.0,4.21455938697318
12042.721094728242,1,Andhra Pradesh,5.8,60000,85,55,62,0.5570608557533586,0.3540645957334642,0.8018383219253156,0.387910042999302,0.3773213120608834,1,110000,26100.0,4.21455938697318
40152.50904486754,4,Andhra Pradesh,5.8,60000,85,55,62,0.6600527842966715,0.6779124302038297,0.5540547536367199,0.44715677785415425,0.6811336182988692,1,110000,26100.0,4.21455938697318
24537.77836590097,3,Andhra Pradesh,5.8,60000,85,55,62,0.6293979045115615,0.4618444095648967,0.5710250273936015,0.3812461776678519,0.5391342350294546,0,110000,26100.0,4.21455938697318
15542.974798703179,2,Andhra Pradesh,5.8,60000,85,55,62,0.5791489772699606,0.5631000228549635,0.7351160053378445,0.32240805337170136,0.5765999038450332,1,110000,26100.0,4.21455938697318
45246.3685492242,4,Andhra Pradesh,5.8,60000,85,55,62,0.6676038066221235,0.6823007403626122,0.3951570841689459,0.702652267746117,0.6847172041059167,0,110000,26100.0,4.21455938697318
22118.46108587067,2,Andhra Pradesh,5.8,60000,85,55,62,0.5828162252699476,0.561612615132668,0.6550738422218053,0.619912227624753,0.7128830894859408,1,110000,26100.0,4.21455938697318
40111.93091338077,4,Andhra Pradesh,5.8,60000,85,55,62,0.6329447432273383,0.5534968718486674,0.650953121605347,0.43663744548912437,0.6030153893734248,1,110000,26100.0,4.21455938697318
51290.51141517875,5,Andhra Pradesh,5.8,60000,85,55,62,0.6662350299123229,0.6651021544684044,0.6038510849545027,0.5786848334002141,0.650504469372048,1,110000,26100.0,4.21455938697318
14066.244640038381,1,Andhra Pradesh,5.8,60000,85,55,62,0.5300041775185345,0.28412916789609877,0.3994884133267971,0.4720257634108231,0.4023985939518379,0,110000,26100.0,4.21455938697318
21812.235360368653,2,Andhra Pradesh,5.8,60000,85,55,62,0.5986416186539213,0.47335725996516487,0.6987132175475238,0.37490584196472504,0.5128772294866423,1,110000,26100.0,4.21455938697318
34908.08805699328,4,Andhra Pradesh,5.8,60000,85,55,62,0.6585190484618673,0.42270690379911463,0.46250174447075837,0.5995533786837904,0.6561803546186928,1,110000,26100.0,4.21455938697318
57961.16310849477,5,Andhra Pradesh,5.8,60000,85,55,62,0.6624163541832954,0.8180254965580775,0.596791333935459,0.7153074301740862,0.7819475174813858,1,110000,26100.0,4.21455938697318
28492.520393787745,3,Andhra Pradesh,5.8,60000,85,55,62,0.6102925856876095,0.35203713943684056,0.43841168141164905,0.6286481511356563,0.6200163116305076,1,110000,26100.0,4.21455938697318
14724.064320161557,1,Andhra Pradesh,5.8,60000,85,55,62,0.5535275040125543,0.4679614547963816,0.7895913420269289,0.4831484253707965,0.38028670613948035,0,110000,26100.0,4.21455938697318
19729.478862478434,2,Andhra Pradesh,5.8,60000,85,55,62,0.5729678980500074,0.5458938837025503,0.56111884887105,0.3457514754068911,0.44478639541543674,0,110000,26100.0,4.21455938697318
35544.79229692475,4,Andhra Pradesh,5.8,60000,85,55,62,0.625020408258717,0.48910111681912216,0.7956921844845388,0.5257409575951673,0.5276929318306919,0,110000,26100.0,4.21455938697318
10057.793509800944,1,Andhra Pradesh,5.8,60000,85,55,62,0.5504678525336595,0.41567394101437616,0.7451596782844172,0.561425055253552,0.6648569936174907,0,110000,26100.0,4.21455938697318
39627.39115598082,4,Andhra Pradesh,5.8,60000,85,55,62,0.6393606342768361,0.35285903223250786,0.5029121641079197,0.4790487411947437,0.42890940164421115,0,110000,26100.0,4.21455938697318
10332.02460322927,1,Andhra Pradesh,5.8,60000,85,55,62,0.5486873161615409,0.5906266693864998,0.7581991539997597,0.40740004429364846,0.5710810171422728,1,110000,26100.0,4.21455938697318
45695.36164466514,4,Andhra Pradesh,5.8,60000,85,55,62,0.6447985891974383,0.5836695694737899,0.5339340876586147,0.5214753026189685,0.7061622148083724,1,110000,26100.0,4.21455938697318
13204.616865985505,1,Andhra Pradesh,5.8,60000,85,55,62,0.5668666251566885,0.49593206570618587,0.4705832285728314,0.3328837076301101,0.44385838331727306,0,110000,26100.0,4.21455938697318
10101.969437562942,1,Andhra Pradesh,5.8,60000,85,55,62,0.5495405013745114,0.39015902880145514,0.36084549281654943,0.3682830484878449,0.3480620214691883,0,110000,26100.0,4.21455938697318
8000.0,1,Andhra Pradesh,5.8,60000,85,55,62,0.5542758585586423,0.4023929200111751,0.7541763024281748,0.3280778243723882,0.4658919030800008,0,110000,26100.0,4.21455938697318
15998.672631082081,2,Andhra Pradesh,5.8,60000,85,55,62,0.5898401338088779,0.3668854038920301,0.3623372618500386,0.5843982284557162,0.36494422862575115,0,110000,26100.0,4.21455938697318
87510.14382858582,5,Andhra Pradesh,5.8,60000,85,55,62,0.6781128578365561,0.7065519029281133,0.5699983493998744,0.5235552073468277,0.5186046977777229,0,110000,26100.0,4.21455938697318
34188.222217827366,4,Andhra Pradesh,5.8,60000,85,55,62,0.6364271933269502,0.3969958154003563,0.741821306183416,0.608285472740622,0.6324159122996271,1,110000,26100.0,4.21455938697318
12192.414384072088,1,Andhra Pradesh,5.8,60000,85,55,62,0.5535351998025689,0.4613219029869303,0.573295488563488,0.5539169060655504,0.3285613632117743,0,110000,26100.0,4.21455938697318
22039.402533989574,2,Andhra Pradesh,5.8,60000,85,55,62,0.588046826773119,0.5226810271543753,0.533658336494853,0.6070159345105842,0.5448703603392774,1,110000,26100.0,4.21455938697318
22486.584664817074,2,Andhra Pradesh,5.8,60000,85,55,62,0.5712879151963207,0.7320963118268806,0.4575527638173069,0.5013496226352401,0.5334414977285538,1,110000,26100.0,4.21455938697318
40182.60498999953,4,Andhra Pradesh,5.8,60000,85,55,62,0.6552068186793937,0.48389101769366394,0.4975023649743897,0.5024909992029132,0.6727841475107199,1,110000,26100.0,4.21455938697318
33215.60708722587,4,Andhra Pradesh,5.8,60000,85,55,62,0.6568873176235697,0.5823683262189797,0.6075477370562645,0.49559156561753115,0.6196636862347412,0,110000,26100.0,4.21455938697318
15015.837555284867,1,Andhra Pradesh,5.8,60000,85,55,62,0.5453436260169837,0.6050458332144601,0.4272075890198297,0.4954634260517773,0.46379865595134084,0,110000,26100.0,4.21455938697318
21485.424709114952,2,Andhra Pradesh,5.8,60000,85,55,62,0.5845081287549102,0.41602568588329336,0.614901847386361,0.6154344196583473,0.6098926654845076,1,110000,26100.0,4.21455938697318
97031.40135775326,5,Andhra Pradesh,5.8,60000,85,55,62,0.678994211138139,0.6675984259447001,0.5104758913065961,0.4945007159075771,0.6088233987807816,0,110000,26100.0,4.21455938697318
75648.59133948007,5,Andhra Pradesh,5.8,60000,85,55,62,0.667115287008141,0.7801295652284073,0.6319925694349924,0.7080627966318521,0.6381795080206429,1,110000,26100.0,4.21455938697318
17220.995329233934,2,Andhra Pradesh,5.8,60000,85,55,62,0.5873875670283094,0.3434001959406988,0.7605514573516569,0.3581178360917612,0.487132033831921,1,110000,26100.0,4.21455938697318
8000.0,1,Andhra Pradesh,5.8,60000,85,55,62,0.5542039848343503,0.5621762340936325,0.6344898464923683,0.3606778263513608,0.48828952067810505,0,110000,26100.0,4.21455938697318
18613.204002193932,2,Andhra Pradesh,5.8,60000,85,55,62,0.5678922467950405,0.6597141591843076,0.688211056635137,0.4912093178163997,0.5766482592842664,0,110000,26100.0,4.21455938697318
32098.618714735865,3,Andhra Pradesh,5.8,60000,85,55,62,0.6171630417312142,0.6945615160516639,0.5895813724246545,0.46038963141916134,0.6056544632281242,0,110000,26100.0,4.21455938697318
75423.14524651138,5,Andhra Pradesh,5.8,60000,85,55,62,0.6615700044087183,0.5727098761575828,0.6858716184966861,0.666300574706241,0.7259195964476832,1,110000,26100.0,4.21455938697318
19408.24460748301,2,Andhra Pradesh,5.8,60000,85,55,62,0.591963457088049,0.5414966521002674,0.42066608764682006,0.44638098460866893,0.5019021517636709,0,110000,26100.0,4.21455938697318
13846.09379567825,1,Andhra Pradesh,5.8,60000,85,55,62,0.5458593178200897,0.33169747516258785,0.5636296866276481,0.3369563421425684,0.3026902681797788,0,110000,26100.0,4.21455938697318
91414.02924900125,5,Andhra Pradesh,5.8,60000,85,55,62,0.6709585742348172,0.6636891992038685,0.4807646179670493,0.6305014465785475,0.5195000731436852,1,110000,26100.0,4.21455938697318
51664.909396915864,5,Andhra Pradesh,5.8,60000,85,55,62,0.6862942177058944,0.6469188378206603,0.5874742569608207,0.47842514276973064,0.5769057191027221,1,110000,26100.0,4.21455938697318
22797.61715982048,3,Andhra Pradesh,5.8,60000,85,55,62,0.617535245036717,0.3974033811133302,0.4978318299808735,0.5935457271959299,0.48700948213874673,1,110000,26100.0,4.21455938697318
18047.34828427674,2,Andhra Pradesh,5.8,60000,85,55,62,0.571776689375683,0.3602269208305114,0.6232026976030425,0.47790888205388316,0.5002681010275107,1,110000,26100.0,4.21455938697318
39357.25331505849,4,Andhra Pradesh,5.8,60000,85,55,62,0.6324222628634377,0.44630817475786533,0.703146877325323,0.7052323176207066,0.7146498123661957,1,110000,26100.0,4.21455938697318
10563.53126684203,1,Andhra Pradesh,5.8,60000,85,55,62,0.5465784006851914,0.2652391982702945,0.5109016745419672,0.3020590629882194,0.46298077245666935,1,110000,26100.0,4.21455938697318
8000.0,1,Andhra Pradesh,5.8,60000,85,55,62,0.5565178694049953,0.24338867124980967,0.5002268757597175,0.4909098936907552,0.36334946789451145,0,110000,26100.0,4.21455938697318
27559.668815302455,3,Andhra Pradesh,5.8,60000,85,55,62,0.6161544267207563,0.7607863355449862,0.5615947393066801,0.46150734040838504,0.45178811155345167,0,110000,26100.0,4.21455938697318
8000.0,1,Andhra Pradesh,5.8,60000,85,55,62,0.5441404055247999,0.4366548023375681,0.4095186620362146,0.38316682722562145,0.4011823354830317,0,110000,26100.0,4.21455938697318
36237.25286247878,4,Andhra Pradesh,5.8,60000,85,55,62,0.630899333715285,0.5408078761981836,0.6981423261753787,0.525768238908445,0.6655913880759116,1,110000,26100.0,4.21455938697318
15543.106932011253,2,Andhra Pradesh,5.8,60000,85,55,62,0.5853872626222869,0.6060653282195756,0.49428484212462354,0.4286287975798704,0.46558251321105976,1,110000,26100.0,4.21455938697318
91899.70976273202,5,Andhra Pradesh,5.8,60000,85,55,62,0.670752827913527,0.6077850890000559,0.6801501368658729,0.600472708145354,0.6510836822613518,1,110000,26100.0,4.21455938697318
88588.75950813192,5,Andhra Pradesh,5.8,60000,85,55,62,0.694143587445906,0.7543723639079285,0.7224393693422075,0.47752367749788155,0.6502903044564843,1,110000,26100.0,4.21455938697318
84313.71549252044,5,Andhra Pradesh,5.8,60000,85,55,62,0.6729374651370594,0.6482361768495553,0.444058723869051,0.7252494292210829,0.7488034905273546,1,110000,26100.0,4.21455938697318
8000.0,1,Andhra Pradesh,5.8,60000,85,55,62,0.5707139568484314,0.46748419233278643,0.5112954478348609,0.535761005023809,0.6590873280997449,1,110000,26100.0,4.21455938697318
12307.566032040662,1,Andhra Pradesh,5.8,60000,85,55,62,0.5408675925903852,0.4870707742564127,0.5278340182611972,0.28308918270106437,0.44850493643592726,0,110000,26100.0,4.21455938697318
33422.99075815611,4,Andhra Pradesh,5.8,60000,85,55,62,0.6268392991758115,0.5908394432833777,0.6243757357234976,0.6540231802994769,0.6735363517964529,1,110000,26100.0,4.21455938697318
8007.701840431488,1,Andhra Pradesh,5.8,60000,85,55,62,0.5413705772461732,0.21477062761720672,0.5583141860114483,0.29290400513392145,0.25488098805074233,0,110000,26100.0,4.21455938697318
13004.09160030905,1,Andhra Pradesh,5.8,60000,85,55,62,0.5644627263859633,0.39088924972316036,0.7130932668932346,0.5135663017076036,0.47464056383384223,0,110000,26100.0,4.21455938697318
11991.41351505597,1,Andhra Pradesh,5.8,60000,85,55,62,0.570132444468364,0.1984947967684519,0.43711959830032077,0.4551185387689056,0.4414771349731488,0,110000,26100.0,4.21455938697318
20476.914434163944,2,Andhra Pradesh,5.8,60000,85,55,62,0.5747496340319022,0.5611653903088337,0.6369010381452003,0.4131280507235386,0.5379656917038167,0,110000,26100.0,4.21455938697318
13339.00977229168,1,Andhra Pradesh,5.8,60000,85,55,62,0.547965768273833,0.6048075972814438,0.4010152791577005,0.4553870019142726,0.503189859648589,1,110000,26100.0,4.21455938697318
15887.617859554863,2,Andhra Pradesh,5.8,60000,85,55,62,0.5708816194693035,0.560991205766444,0.7425361393619699,0.4732160534149094,0.4231640170677718,1,110000,26100.0,4.21455938697318
12424.568475612768,1,Andhra Pradesh,5.8,60000,85,55,62,0.5344550301002448,0.32083927872199325,0.5618069638302607,0.46194866966573295,0.27849044370904086,0,110000,26100.0,4.21455938697318
45717.96489390399,4,Andhra Pradesh,5.8,60000,85,55,62,0.6497555455491949,0.7206852445737377,0.5398038852055114,0.5638337556217983,0.7464940204641576,1,110000,26100.0,4.21455938697318
64520.17429898444,5,Andhra Pradesh,5.8,60000,85,55,62,0.6748016316010502,0.6488039682856774,0.6010024600361029,0.7030845997194995,0.6647966466030067,1,110000,26100.0,4.21455938697318
46181.940777317206,4,Andhra Pradesh,5.8,60000,85,55,62,0.6426763083981674,0.5684275968836734,0.7898022205485683,0.43480308343976126,0.46536097317173525,0,110000,26100.0,4.21455938697318
34798.65056513536,4,Andhra Pradesh,5.8,60000,85,55,62,0.6285708631997948,0.6623865795334807,0.5806482796140655,0.5245069148305561,0.5835016928239343,1,110000,26100.0,4.21455938697318
56554.47859051074,5,Andhra Pradesh,5.8,60000,85,55,62,0.6889709953897152,0.6935758779364652,0.5305557336785611,0.6390082466482249,0.5545197151880421,0,110000,26100.0,4.21455938697318
36850.768012308254,4,Andhra Pradesh,5.8,60000,85,55,62,0.6375378611909338,0.4271173954714312,0.5005610658697671,0.5976951315426504,0.45647366401228867,0,110000,26100.0,4.21455938697318
59000.45881371889,5,Andhra Pradesh,5.8,60000,85,55,62,0.6779076928195934,0.8157612482914827,0.42657599276360114,0.5220857183174132,0.5689774352801089,0,110000,26100.0,4.21455938697318
136492.98569160065,5,Andhra Pradesh,5.8,60000,85,55,62,0.6580258145189813,0.9132519285230593,0.50230781864428,0.49358110357154394,0.5413622690067413,0,110000,26100.0,4.21455938697318
58262.511631548965,5,Andhra Pradesh,5.8,60000,85,55,62,0.6706661766752282,0.646460999216421,0.5205413737707252,0.4775158083593011,0.33414923327373397,0,110000,26100.0,4.21455938697318
13115.389027265694,1,Andhra Pradesh,5.8,60000,85,55,62,0.5554851731338144,0.6494852867683083,0.6584002368339554,0.3951263096431025,0.5731761213484875,0,110000,26100.0,4.21455938697318
13693.90609088907,1,Andhra Pradesh,5.8,60000,85,55,62,0.5558421807519617,0.6852774412498843,0.6157157028087801,0.37033837522962276,0.4642930411785318,1,110000,26100.0,4.21455938697318
43271.60404095287,4,Andhra Pradesh,5.8,60000,85,55,62,0.6441179140037948,0.7006791294735266,0.542088297827141,0.591564620229433,0.6873633917499014,0,110000,26100.0,4.21455938697318
13550.722456348964,1,Andhra Pradesh,5.8,60000,85,55,62,0.5575166534919164,0.2714571746955779,0.48303104256010115,0.4060766727933953,0.38630745370644304,0,110000,26100.0,4.21455938697318
8000.0,1,Andhra Pradesh,5.8,60000,85,55,62,0.541266224011099,0.4980296201893806,0.6725704039050278,0.3894426386912473,0.3403602560525459,1,110000,26100.0,4.21455938697318
95324.07209387959,5,Andhra Pradesh,5.8,60000,85,55,62,0.6745451546258252,0.6296401149896838,0.5407705690771349,0.7242184001358094,0.6626655181417818,1,110000,26100.0,4.21455938697318
29788.117114946428,3,Andhra Pradesh,5.8,60000,85,55,62,0.6137090054062313,0.5288510781897099,0.528689915321769,0.5576770668950195,0.6486265798933523,0,110000,26100.0,4.21455938697318
20508.814709000704,2,Andhra Pradesh,5.8,60000,85,55,62,0.5848881554133791,0.39076251882990753,0.4267726249431021,0.515052441348141,0.44811116424217257,0,110000,26100.0,4.21455938697318
24603.44426610834,3,Andhra Pradesh,5.8,60000,85,55,62,0.6132948807446204,0.42988920521399293,0.6419962254259004,0.48577013675683256,0.4666089683488449,1,110000,26100.0,4.21455938697318
113219.1292917892,5,Andhra Pradesh,5.8,60000,85,55,62,0.6598393008322946,0.482301677629152,0.5468642061501042,0.7042755170564964,0.5113157457019465,0,110000,26100.0,4.21455938697318
27259.93538209738,3,Andhra Pradesh,5.8,60000,85,55,62,0.5993934310503388,0.27720429922575673,0.5556825201436231,0.4168484935716705,0.38876990056004945,0,110000,26100.0,4.21455938697318
19571.243448600617,2,Andhra Pradesh,5.8,60000,85,55,62,0.560428746712583,0.3942148870122235,0.6428315937086565,0.4418224410491508,0.3830167640755747,1,110000,26100.0,4.21455938697318
12804.813751204985,1,Andhra Pradesh,5.8,60000,85,55,62,0.5607467736698816,0.4545548565037754,0.7246139566491386,0.28537439374280726,0.40878531417121333,0,110000,26100.0,4.21455938697318
23169.22699284,3,Andhra Pradesh,5.8,60000,85,55,62,0.6208480036687806,0.5487176149846946,0.6663269855262592,0.40585342808165403,0.37225810163771633,0,110000,26100.0,4.21455938697318
8000.0,1,Andhra Pradesh,5.8,60000,85,55,62,0.5610069314836498,0.43543937595639354,0.8527368431818185,0.2956799790913055,0.3820393496891698,0,110000,26100.0,4.21455938697318
8000.0,1,Andhra Pradesh,5.8,60000,85,55,62,0.5556393281960431,0.3701968823227155,0.5628293652703551,0.4036530616935682,0.46881927608660484,1,110000,26100.0,4.21455938697318
11828.699575225904,1,Andhra Pradesh,5.8,60000,85,55,62,0.5312402363942474,0.21797102985795463,0.5372415513824473,0.4804195293984153,0.405709460457195,1,110000,26100.0,4.21455938697318
82134.19181603903,5,Andhra Pradesh,5.8,60000,85,55,62,0.6623043236535759,0.7470444432526491,0.47434095281151123,0.5650312354170182,0.5993626828047454,1,110000,26100.0,4.21455938697318
12655.367925826773,1,Andhra Pradesh,5.8,60000,85,55,62,0.5542755827473598,0.5719537575892514,0.7434752197305041,0.2792055407393377,0.3810600724217709,1,110000,26100.0,4.21455938697318
33496.37483272866,4,Andhra Pradesh,5.8,60000,85,55,62,0.6439266085993465,0.5420716564226948,0.4384373014730521,0.6333847399756348,0.6882692009566068,0,110000,26100.0,4.21455938697318
57069.3577018882,5,Andhra Pradesh,5.8,60000,85,55,62,0.6703439464399084,0.5198679840559738,0.4416381088031927,0.5334521423725946,0.7014941744765435,0,110000,26100.0,4.21455938697318
64068.54497887882,5,Andhra Pradesh,5.8,60000,85,55,62,0.6762606006005111,0.7723052312947631,0.6201621959065586,0.688024628566076,0.6194789710337977,0,110000,26100.0,4.21455938697318
23733.307031041044,3,Andhra Pradesh,5.8,60000,85,55,62,0.612687945648281,0.37071709122809554,0.4905745782440767,0.3734286097106703,0.4958788730606741,1,110000,26100.0,4.21455938697318
43695.44005503376,4,Andhra Pradesh,5.8,60000,85,55,62,0.6437791332269421,0.6870456264003801,0.44321778125893196,0.5149248525756358,0.48375996239263114,1,110000,26100.0,4.21455938697318
45927.5689793866,4,Andhra Pradesh,5.8,60000,85,55,62,0.6361807752431085,0.6760818844440591,0.43635365184948416,0.6075914461469484,0.6340227645280492,0,110000,26100.0,4.21455938697318
17275.964497854395,2,Andhra Pradesh,5.8,60000,85,55,62,0.5923915384326445,0.4152682416246162,0.5078769071215636,0.5825674533620373,0.33301211175991563,0,110000,26100.0,4.21455938697318
19894.76879033571,2,Andhra Pradesh,5.8,60000,85,55,62,0.5782637124846247,0.4252516155977002,0.4056268725254925,0.5474607549940101,0.42256058941842556,0,110000,26100.0,4.21455938697318
61956.96114992204,5,Andhra Pradesh,5.8,60000,85,55,62,0.6592649377412223,0.8014611803010636,0.5356148098528276,0.6061081382026824,0.6737486807185952,1,110000,26100.0,4.21455938697318
14165.650817149775,1,Andhra Pradesh,5.8,60000,85,55,62,0.5448614384432413,0.4003424115757161,0.5839314839038169,0.48677666307695633,0.4903062504213165,0,110000,26100.0,4.21455938697318
69323.6831649304,5,Andhra Pradesh,5.8,60000,85,55,62,0.6690867666578088,0.6539969240173409,0.6180412950027276,0.6324846444080108,0.5828462819932836,0,110000,26100.0,4.21455938697318
23694.201897719297,3,Andhra Pradesh,5.8,60000,85,55,62,0.622511456455117,0.7254872628211416,0.5618687761530625,0.615240889039568,0.6686421757279836,0,110000,26100.0,4.21455938697318
8547.37638935349,1,Andhra Pradesh,5.8,60000,85,55,62,0.5521487485870806,0.5077736879057192,0.7552400949207305,0.5028418870884814,0.5307870923669484,1,110000,26100.0,4.21455938697318
8000.0,1,Andhra Pradesh,5.8,60000,85,55,62,0.5507099463817721,0.30288036785544475,0.5694678803758046,0.5639778729362975,0.35589988982490184,1,110000,26100.0,4.21455938697318
23693.304733235847,3,Andhra Pradesh,5.8,60000,85,55,62,0.6000847943238022,0.5529143436353212,0.4492930950921924,0.402703642515034,0.3919064468791295,0,110000,26100.0,4.21455938697318
18990.619261159976,2,Andhra Pradesh,5.8,60000,85,55,62,0.5904262544697243,0.5282179982584458,0.45103863885567674,0.4234336942278468,0.5899898050999508,0,110000,26100.0,4.21455938697318
11474.725527214263,1,Andhra Pradesh,5.8,60000,85,55,62,0.5460519070311948,0.2789804349493082,0.4695726976354245,0.32893526386769095,0.36527730531763386,1,110000,26100.0,4.21455938697318
30080.239940066294,3,Andhra Pradesh,5.8,60000,85,55,62,0.6115711499820152,0.4594392631050206,0.7333517095146564,0.5604526472968328,0.5418830353477179,1,110000,26100.0,4.21455938697318
36103.10241227138,4,Andhra Pradesh,5.8,60000,85,55,62,0.6573732593402473,0.48652826437027896,0.538320331867693,0.6204305315921775,0.4700986623433145,1,110000,26100.0,4.21455938697318
16830.01805013731,2,Andhra Pradesh,5.8,60000,85,55,62,0.5876590618819215,0.42155558867519494,0.5769040318009199,0.3823654273978705,0.40993310509951725,0,110000,26100.0,4.21455938697318
13642.060973322417,1,Andhra Pradesh,5.8,60000,85,55,62,0.5362888880942769,0.30848320549529124,0.520094540569239,0.3976880022309396,0.4029771558709417,0,110000,26100.0,4.21455938697318
63982.03566836183,5,Andhra Pradesh,5.8,60000,85,55,62,0.6548763262079039,0.5677296384256157,0.6237039333675121,0.6518672889880939,0.6617560474609897,1,110000,26100.0,4.21455938697318
20737.51136220862,2,Andhra Pradesh,5.8,60000,85,55,62,0.5819283240702361,0.26133080106404977,0.42484359710249675,0.5189081827120299,0.43038682358130514,0,110000,26100.0,4.21455938697318
8000.0,1,Andhra Pradesh,5.8,60000,85,55,62,0.5404440224226805,0.5588426540058817,0.5373662340762743,0.3020163175459786,0.3771508737636457,1,110000,26100.0,4.21455938697318
48763.06263211145,5,Andhra Pradesh,5.8,60000,85,55,62,0.6790568960477585,0.6775697374777208,0.51068796725002,0.7475440706235801,0.5442651848299233,1,110000,26100.0,4.21455938697318
20432.112208453054,2,Andhra Pradesh,5.8,60000,85,55,62,0.5829940592210783,0.6331334190728509,0.4626250095094601,0.33144715673320396,0.4553968790201115,1,110000,26100.0,4.21455938697318
83311.7732328938,5,Andhra Pradesh,5.8,60000,85,55,62,0.6742252762616672,0.7837631598448986,0.4485706595309261,0.7631049432880672,0.69162391129265,0,110000,26100.0,4.21455938697318
31475.486678463934,3,Andhra Pradesh,5.8,60000,85,55,62,0.605503996755005,0.3460433830880276,0.635408659154109,0.46611996828785546,0.421469834825173,0,110000,26100.0,4.21455938697318
17917.733293535264,2,Andhra Pradesh,5.8,60000,85,55,62,0.5999852651242956,0.4586557170169546,0.5805209649206776,0.4161258940407475,0.4641467032464273,0,110000,26100.0,4.21455938697318
12903.335860573428,1,Andhra Pradesh,5.8,60000,85,55,62,0.5809973658515332,0.4690555063268378,0.7948200714700611,0.40503002086431744,0.5219801888452518,0,110000,26100.0,4.21455938697318
31889.03212771062,3,Andhra Pradesh,5.8,60000,85,55,62,0.6097855813338614,0.5330253297786336,0.6179765937531823,0.5797097301910352,0.5976116704816168,1,110000,26100.0,4.21455938697318
40733.13189289961,4,Andhra Pradesh,5.8,60000,85,55,62,0.6461018210555786,0.6172613533428287,0.6233836539851291,0.4691027573276678,0.6372505094277416,1,110000,26100.0,4.21455938697318
13500.807965448277,1,Andhra Pradesh,5.8,60000,85,55,62,0.5535456020020717,0.5511860231836987,0.41587817199078697,0.34771765622094963,0.25696099979515213,1,110000,26100.0,4.21455938697318
38633.01732802643,4,Andhra Pradesh,5.8,60000,85,55,62,0.6399745599370179,0.7777120830769617,0.6199382929863622,0.7096940276589446,0.7213900676969925,1,110000,26100.0,4.21455938697318
45987.03535492097,4,Andhra Pradesh,5.8,60000,85,55,62,0.6342507238941006,0.5320229997792805,0.698875188322607,0.6842748652968994,0.5224427323756914,0,110000,26100.0,4.21455938697318
31084.147450371132,3,Andhra Pradesh,5.8,60000,85,55,62,0.6017217486966238,0.4465934962021436,0.36650166404736406,0.43493972766165495,0.3645908955650017,1,110000,26100.0,4.21455938697318
36829.153867026194,4,Andhra Pradesh,5.8,60000,85,55,62,0.6312154559161733,0.6951556120001475,0.4630862709515156,0.5931256527924713,0.6746720368134723,0,110000,26100.0,4.21455938697318
45475.55317082663,4,Andhra Pradesh,5.8,60000,85,55,62,0.64662382882692,0.6493522784136623,0.5896060665337224,0.48230274737666134,0.4923900220941776,1,110000,26100.0,4.21455938697318
13826.778878037938,1,Andhra Pradesh,5.8,60000,85,55,62,0.5473746837893922,0.238153949611275,0.42680122028180095,0.43624059950245053,0.43232823404910614,1,110000,26100.0,4.21455938697318
8000.0,1,Andhra Pradesh,5.8,60000,85,55,62,0.5267885000700233,0.47986127595418526,0.7108496146761933,0.38095421072607516,0.42135733177532164,0,110000,26100.0,4.21455938697318
15596.691228839836,2,Andhra Pradesh,5.8,60000,85,55,62,0.5870200107774117,0.4501267310692021,0.38519905396600224,0.42994964418892406,0.545445102205677,1,110000,26100.0,4.21455938697318
31111.174614095413,3,Andhra Pradesh,5.8,60000,85,55,62,0.612188815746787,0.43691781410350383,0.7344012378196813,0.561743177751477,0.466925384267876,0,110000,26100.0,4.21455938697318
33368.7014529182,4,Andhra Pradesh,5.8,60000,85,55,62,0.65603815858544,0.8401085912660748,0.7970907639667465,0.49677447667233754,0.6773624306878654,1,110000,26100.0,4.21455938697318
12495.657061090951,1,Andhra Pradesh,5.8,60000,85,55,62,0.5563026525423387,0.5640079060582809,0.6934255927248192,0.3925001037806976,0.3012442228984998,0,110000,26100.0,4.21455938697318
65534.021261967704,5,Andhra Pradesh,5.8,60000,85,55,62,0.6577846926083256,0.8508311842450198,0.4527273052283296,0.7487998770432462,0.7051381587633752,1,110000,26100.0,4.21455938697318
27145.86605172342,3,Andhra Pradesh,5.8,60000,85,55,62,0.5902746621641287,0.6087138017551289,0.5626441200690444,0.5978316620197335,0.45503571205228294,1,110000,26100.0,4.21455938697318
24042.015301967418,3,Andhra Pradesh,5.8,60000,85,55,62,0.6053767047280492,0.4704429417421062,0.7052238502179471,0.48620725520693375,0.523213132238619,1,110000,26100.0,4.21455938697318
37951.10702709453,4,Andhra Pradesh,5.8,60000,85,55,62,0.6363203543644921,0.6058409434368093,0.49711197860399936,0.4903007819087212,0.48518807636432854,1,110000,26100.0,4.21455938697318
18836.479096308853,2,Andhra Pradesh,5.8,60000,85,55,62,0.5920030205814302,0.3381736381090794,0.4104778042484222,0.5189257113124903,0.5769806314462798,0,110000,26100.0,4.21455938697318
19242.352728596758,2,Andhra Pradesh,5.8,60000,85,55,62,0.5824827192485328,0.2695824698385525,0.4698880297519452,0.5635291279059668,0.415368186901964,0,110000,26100.0,4.21455938697318
13495.644456201144,1,Andhra Pradesh,5.8,60000,85,55,62,0.5639083135524137,0.5890376561847316,0.46895514512109376,0.529451626608962,0.6312516938632973,1,110000,26100.0,4.21455938697318
8000.0,1,Andhra Pradesh,5.8,60000,85,55,62,0.5393230980144023,0.610358591113117,0.8512010535250598,0.4405066061830921,0.48278912282742104,1,110000,26100.0,4.21455938697318
125161.00149980024,5,Andhra Pradesh,5.8,60000,85,55,62,0.6822240724152331,0.6558293319592831,0.6959602750416121,0.6262621793257958,0.4321226594253712,1,110000,26100.0,4.21455938697318
37990.46632169531,4,Andhra Pradesh,5.8,60000,85,55,62,0.6497813201057377,0.8096216870321555,0.609879186016028,0.6371149426221374,0.7274623545779257,1,110000,26100.0,4.21455938697318
54086.63835572367,5,Andhra Pradesh,5.8,60000,85,55,62,0.6523890874571167,0.5726683404640196,0.5485735153286455,0.523952272333948,0.4852595209771503,1,110000,26100.0,4.21455938697318
8000.0,1,Andhra Pradesh,5.8,60000,85,55,62,0.5657976069840364,0.2185356316765502,0.38561558481404973,0.5268639028283886,0.47535903832075316,1,110000,26100.0,4.21455938697318
34709.87270967642,4,Andhra Pradesh,5.8,60000,85,55,62,0.6435060134890921,0.7797795140815255,0.44483365046716006,0.44339927356906916,0.5613177024028485,0,110000,26100.0,4.21455938697318
19906.13940669973,2,Andhra Pradesh,5.8,60000,85,55,62,0.5864918736101136,0.4356744663258646,0.41988400576774443,0.5021272924361064,0.5069359013276608,0,110000,26100.0,4.21455938697318
23250.275318974513,3,Andhra Pradesh,5.8,60000,85,55,62,0.6039224674471443,0.579812249550256,0.7909110943395036,0.5481302764459095,0.6715582698286467,1,110000,26100.0,4.21455938697318
62606.582818505936,5,Andhra Pradesh,5.8,60000,85,55,62,0.6853238987006484,0.5525026974882311,0.7963442169306059,0.5644329167788716,0.7844916387799261,1,110000,26100.0,4.21455938697318
59250.902756474425,5,Andhra Pradesh,5.8,60000,85,55,62,0.6607129052790399,0.8210862657241742,0.5191774270051319,0.48186107943157874,0.6944806899258764,1,110000,26100.0,4.21455938697318
24957.125808063523,3,Andhra Pradesh,5.8,60000,85,55,62,0.620892348755168,0.7216145454327328,0.8003254458826397,0.5865786838918835,0.679043926107181,1,110000,26100.0,4.21455938697318
12661.543538901493,1,Andhra Pradesh,5.8,60000,85,55,62,0.5607775033305153,0.45219315022792517,0.7269968367410758,0.27847445916781766,0.5060677962969574,1,110000,26100.0,4.21455938697318
18357.082399207582,2,Andhra Pradesh,5.8,60000,85,55,62,0.5728297542897063,0.44332689974493156,0.5312663810135841,0.37510572639891926,0.49510521668243523,0,110000,26100.0,4.21455938697318
53966.19779867355,5,Andhra Pradesh,5.8,60000,85,55,62,0.6924051645656544,0.6650272893279936,0.392585865558502,0.6344932706113634,0.6558925458358993,0,110000,26100.0,4.21455938697318
16640.663792760904,2,Andhra Pradesh,5.8,60000,85,55,62,0.5848867133736038,0.3955507927902694,0.4410226918505236,0.6032171317805024,0.6390919860964016,0,110000,26100.0,4.21455938697318
20548.433290500103,2,Andhra Pradesh,5.8,60000,85,55,62,0.5891103546741387,0.6187315446661407,0.6864452956431562,0.3410022748379212,0.49809710692891285,0,110000,26100.0,4.21455938697318
32320.169800859887,3,Andhra Pradesh,5.8,60000,85,55,62,0.597300220618071,0.6056488684353183,0.5816059275408912,0.5448583031087566,0.5783425725727639,0,110000,26100.0,4.21455938697318
15788.724280866454,2,Andhra Pradesh,5.8,60000,85,55,62,0.6037487286015142,0.400540935109843,0.3966224614972609,0.41989013267498054,0.3849298390556742,0,110000,26100.0,4.21455938697318
26928.163337220587,3,Andhra Pradesh,5.8,60000,85,55,62,0.6003258591691777,0.4680000051505321,0.5030288900849178,0.5720476136577399,0.716344817029398,1,110000,26100.0,4.21455938697318
19515.278580848324,2,Andhra Pradesh,5.8,60000,85,55,62,0.5928202928990878,0.3066666683363888,0.47078749224827066,0.6070948669544617,0.45564600857827675,0,110000,26100.0,4.21455938697318
8000.0,1,Andhra Pradesh,5.8,60000,85,55,62,0.5426237113921116,0.3020527428588098,0.5669764213927466,0.35179931691893546,0.4101603157436612,0,110000,26100.0,4.21455938697318
23752.8425100995,3,Andhra Pradesh,5.8,60000,85,55,62,0.6063815405429517,0.33854837961284245,0.40586019878266477,0.6580003177367652,0.4295484553085103,1,110000,26100.0,4.21455938697318
14350.197060063128,1,Andhra Pradesh,5.8,60000,85,55,62,0.560458969010283,0.37061300178981604,0.5431913538431975,0.5324101124973999,0.4364793717291769,0,110000,26100.0,4.21455938697318
45922.122248725245,4,Andhra Pradesh,5.8,60000,85,55,62,0.6528469557081802,0.6545022861605618,0.46378643075119064,0.6033389969718488,0.6727460118318094,1,110000,26100.0,4.21455938697318
38199.66839137568,4,Andhra Pradesh,5.8,60000,85,55,62,0.6298585860802876,0.7982218247764596,0.6152985567660632,0.648693223848766,0.6655579664150247,0,110000,26100.0,4.21455938697318
104991.69722797433,5,Andhra Pradesh,5.8,60000,85,55,62,0.6834761502619986,0.9184132964365308,0.5288798197131588,0.730688623522628,0.7957912742221284,1,110000,26100.0,4.21455938697318
35860.262229726395,4,Andhra Pradesh,5.8,60000,85,55,62,0.6530212335227605,0.40235168886318184,0.4453762992102266,0.6622628118096642,0.6132319025075086,0,110000,26100.0,4.21455938697318
46831.04034441039,4,Andhra Pradesh,5.8,60000,85,55,62,0.6331918944829796,0.7335248278186951,0.40823965335032825,0.5192345279153237,0.5656103532904176,1,110000,26100.0,4.21455938697318
14456.065724771119,1,Andhra Pradesh,5.8,60000,85,55,62,0.5685579045073397,0.30631674258207153,0.6902836641877498,0.5150034452747021,0.415029430146612,1,110000,26100.0,4.21455938697318
65059.88788529013,5,Andhra Pradesh,5.8,60000,85,55,62,0.6580028522889482,0.6452453027005912,0.5821683990566981,0.5652778745882816,0.6395878429859567,1,110000,26100.0,4.21455938697318
71133.74056516789,5,Andhra Pradesh,5.8,60000,85,55,62,0.6663237027436525,0.6195147897905477,0.4873420501834415,0.7313460099241911,0.6704318251263337,1,110000,26100.0,4.21455938697318
19342.866906925337,2,Andhra Pradesh,5.8,60000,85,55,62,0.5873614548123484,0.5473490549032256,0.4346444744071218,0.3978620374143197,0.45998019382403316,0,110000,26100.0,4.21455938697318
44484.32666907153,4,Andhra Pradesh,5.8,60000,85,55,62,0.6340357657244025,0.4451485646744389,0.49055260984372606,0.592900480061946,0.5642460261627955,0,110000,26100.0,4.21455938697318
47855.816506764364,4,Andhra Pradesh,5.8,60000,85,55,62,0.645209619428222,0.7086496662065025,0.5276896160804984,0.6290993155847207,0.5847812740400565,1,110000,26100.0,4.21455938697318
19186.51777956372,2,Andhra Pradesh,5.8,60000,85,55,62,0.5849821893594614,0.3858761791057034,0.6788061902945504,0.4489595913968937,0.5371874050415623,1,110000,26100.0,4.21455938697318
12935.29939485504,1,Andhra Pradesh,5.8,60000,85,55,62,0.5507006858722014,0.3368205032908755,0.5282057042938019,0.5061139708219788,0.47306521046778827,0,110000,26100.0,4.21455938697318
37473.346190839795,4,Andhra Pradesh,5.8,60000,85,55,62,0.6508954339573342,0.4748332972732917,0.7316219796990533,0.6988289937291656,0.5907720886958984,1,110000,26100.0,4.21455938697318
43960.48087358554,4,Andhra Pradesh,5.8,60000,85,55,62,0.6402878206448521,0.48635805156321255,0.6282639746984253,0.4770981504422284,0.5104262208871638,0,110000,26100.0,4.21455938697318
22484.993790073102,2,Andhra Pradesh,5.8,60000,85,55,62,0.5848868392595665,0.6919148917677447,0.7452856896634018,0.3312550177232578,0.5382816528321951,1,110000,26100.0,4.21455938697318
13597.420666391296,1,Andhra Pradesh,5.8,60000,85,55,62,0.5640361473463076,0.3492796699904295,0.5874654622402955,0.45917714729934156,0.41333018415174266,0,110000,26100.0,4.21455938697318
12497.834106660985,1,Andhra Pradesh,5.8,60000,85,55,62,0.560478290671687,0.6878171384673984,0.65957853167213,0.4518782809975794,0.4912281921286144,1,110000,26100.0,4.21455938697318
32994.447663699124,4,Andhra Pradesh,5.8,60000,85,55,62,0.6504316014795707,0.5126381822222164,0.4249915507214737,0.5236135583272005,0.6046233390970247,0,110000,26100.0,4.21455938697318
8000.0,1,Andhra Pradesh,5.8,60000,85,55,62,0.5410796325492608,0.19718055500477072,0.5081543525265994,0.5068611152101343,0.4623939271418762,1,110000,26100.0,4.21455938697318
12894.597120137427,1,Andhra Pradesh,5.8,60000,85,55,62,0.5578193543264418,0.31441282427710293,0.6227641697358555,0.5190649868322748,0.5098323125114432,0,110000,26100.0,4.21455938697318
17024.769662435152,2,Andhra Pradesh,5.8,60000,85,55,62,0.5737864406617335,0.4339227819194038,0.7709541488964333,0.4208179263170072,0.4188044285623903,0,110000,26100.0,4.21455938697318
41054.402820433184,4,Andhra Pradesh,5.8,60000,85,55,62,0.6297572787736483,0.8032003250016915,0.7650595218044061,0.625903972102012,0.8006244662422569,0,110000,26100.0,4.21455938697318
20448.938728944853,2,Andhra Pradesh,5.8,60000,85,55,62,0.5818543651085788,0.6255817903967654,0.4530610979272645,0.5138297437171946,0.5456868163511435,1,110000,26100.0,4.21455938697318
11044.156010534976,1,Andhra Pradesh,5.8,60000,85,55,62,0.5435284767049127,0.25435696701990423,0.4192151401855184,0.37401547464938445,0.3412558686142024,0,110000,26100.0,4.21455938697318
26962.530147786165,3,Andhra Pradesh,5.8,60000,85,55,62,0.6204776057598284,0.40391356144472573,0.4345940433945254,0.6619666991899963,0.5937840497225518,0,110000,26100.0,4.21455938697318
23459.0359543268,3,Andhra Pradesh,5.8,60000,85,55,62,0.6207167831683817,0.5910735343546468,0.5229470202199502,0.47514289760262296,0.5278107179641895,0,110000,26100.0,4.21455938697318
13938.021305801232,1,Andhra Pradesh,5.8,60000,85,55,62,0.5335451662071142,0.37994627197412617,0.41106783925086254,0.45730742921343775,0.2211513121058319,0,110000,26100.0,4.21455938697318
10283.70232554839,1,Andhra Pradesh,5.8,60000,85,55,62,0.5442884031756597,0.1942967604916857,0.6059185490857211,0.3852601460152163,0.39661328449445316,0,110000,26100.0,4.21455938697318
14858.896880715021,1,Andhra Pradesh,5.8,60000,85,55,62,0.5379735618522486,0.4519558920252736,0.5488449750028822,0.27477213053348226,0.4711478870118677,1,110000,26100.0,4.21455938697318
14248.161319129476,1,Punjab,4.5,60000,38,65,32,0.4322308500912139,0.3364116307910968,0.30833020719357407,0.21093599287456127,0.27884508095282984,1,110000,20250.0,5.432098765432099
28205.42863767319,3,Punjab,4.5,60000,38,65,32,0.5014088995558311,0.43011347650270093,0.41504611085801496,0.3531393440030241,0.2554973732508497,0,110000,20250.0,5.432098765432099
31138.632084577348,3,Punjab,4.5,60000,38,65,32,0.494434261875359,0.7900615763191545,0.5514811738550995,0.5270949004584771,0.6183626229140009,0,110000,20250.0,5.432098765432099
8000.0,1,Punjab,4.5,60000,38,65,32,0.43095955045047146,0.3936812413188337,0.5223567053898079,0.3160638999022269,0.3580689089163735,1,110000,20250.0,5.432098765432099
80438.6900600039,5,Punjab,4.5,60000,38,65,32,0.5698589081252742,0.938271299463379,0.4050443431656859,0.5600315437270633,0.6389736558335354,1,110000,20250.0,5.432098765432099
34543.64237830789,4,Punjab,4.5,60000,38,65,32,0.50380857113118,0.574728500523149,0.4769757907673891,0.6166014162252047,0.40918995752811693,0,110000,20250.0,5.432098765432099
28794.920658448507,3,Punjab,4.5,60000,38,65,32,0.5092258617923251,0.47848803388472794,0.43540655344204265,0.32755155795371,0.34767066104000227,0,110000,20250.0,5.432098765432099
9657.977495669591,1,Punjab,4.5,60000,38,65,32,0.43141425992558796,0.21373060521967635,0.2611962562049182,0.4419902553321096,0.2236656928637776,0,110000,20250.0,5.432098765432099
13448.5231013338,1,Punjab,4.5,60000,38,65,32,0.43607605275601496,0.3316943837986234,0.28973181402704673,0.29721524683333567,0.33467490211251,0,110000,20250.0,5.432098765432099
12789.597195765966,1,Punjab,4.5,60000,38,65,32,0.43158350947994173,0.27860161932880784,0.4732816320335402,0.2846884451533215,0.32436663807491295,0,110000,20250.0,5.432098765432099
11366.150675959465,1,Punjab,4.5,60000,38,65,32,0.45228602391253403,0.5207765189834095,0.2534596176550537,0.3711029317251516,0.30038233316182567,0,110000,20250.0,5.432098765432099
15198.207929735623,2,Punjab,4.5,60000,38,65,32,0.4545473578890903,0.3308776350495924,0.28705654247297296,0.503036009610609,0.30007237957556854,1,110000,20250.0,5.432098765432099
14491.242706187551,1,Punjab,4.5,60000,38,65,32,0.4369745065543622,0.6495190458889482,0.5327736984530884,0.28800521817161356,0.37589512456030816,0,110000,20250.0,5.432098765432099
15448.01018006169,2,Punjab,4.5,60000,38,65,32,0.4721315293757428,0.2659448797855424,0.5848431415017392,0.4618669168007546,0.41040149040322604,0,110000,20250.0,5.432098765432099
21286.942486406788,2,Punjab,4.5,60000,38,65,32,0.4507471151782912,0.517497525785963,0.4931301888366653,0.23921706980212384,0.4134131025916924,1,110000,20250.0,5.432098765432099
8000.0,1,Punjab,4.5,60000,38,65,32,0.4276581611526813,0.2710310566341425,0.5950600906918746,0.37037492815484024,0.282158851733199,0,110000,20250.0,5.432098765432099
60731.30799355677,5,Punjab,4.5,60000,38,65,32,0.5553753575221605,0.8040779238480251,0.41587854327440954,0.5726120452926176,0.6070527001743424,0,110000,20250.0,5.432098765432099
27368.74976549225,3,Punjab,4.5,60000,38,65,32,0.48799049251029913,0.5052524063510229,0.35490918408110045,0.4502626005263996,0.3815713414135655,0,110000,20250.0,5.432098765432099
8109.616264372138,1,Punjab,4.5,60000,38,65,32,0.42870122514495135,0.45972100997097487,0.1700891202211225,0.464791231722872,0.16930105431288972,0,110000,20250.0,5.432098765432099
8812.27256749746,1,Punjab,4.5,60000,38,65,32,0.43335851622637844,0.23009831202482167,0.31753866223429267,0.4650218284357815,0.2749334685890722,0,110000,20250.0,5.432098765432099
27802.644349351125,3,Punjab,4.5,60000,38,65,32,0.5033529561736046,0.6575004266801121,0.5054716514498684,0.38606270748663246,0.49568703692401106,0,110000,20250.0,5.432098765432099
25748.319244640672,3,Punjab,4.5,60000,38,65,32,0.49342996508836146,0.43803736552980865,0.4375365197238824,0.4203537201391376,0.34366234372815685,1,110000,20250.0,5.432098765432099
13782.041617052066,1,Punjab,4.5,60000,38,65,32,0.4476414048018723,0.24193554142581197,0.19151641244636716,0.42115710955803615,0.3011636482529254,1,110000,20250.0,5.432098765432099
78134.49018964673,5,Punjab,4.5,60000,38,65,32,0.5468795650305492,0.9412505583814246,0.345471696392993,0.6366178647049232,0.6667427744622568,1,110000,20250.0,5.432098765432099
23547.217164305017,3,Punjab,4.5,60000,38,65,32,0.48433792025240835,0.7831825236524709,0.37268534579956725,0.4088350858955169,0.5547756802898155,1,110000,20250.0,5.432098765432099
17060.996001581276,2,Punjab,4.5,60000,38,65,32,0.4861205969143542,0.6313852954864999,0.4297868793345834,0.33815242232743875,0.33908791024792834,0,110000,20250.0,5.432098765432099
45650.68347942336,4,Punjab,4.5,60000,38,65,32,0.5202775615804878,0.4235379057791351,0.6153250143785637,0.5796294033727829,0.5948585335762385,0,110000,20250.0,5.432098765432099
34884.64748838784,4,Punjab,4.5,60000,38,65,32,0.5137480227864213,0.5345451415035671,0.3664382198378804,0.4465052909630411,0.43442065653502526,0,110000,20250.0,5.432098765432099
17627.41023581128,2,Punjab,4.5,60000,38,65,32,0.44943660343942454,0.2349055308209398,0.31340769390390966,0.3550141022252317,0.19947175994302238,0,110000,20250.0,5.432098765432099
19123.546257946855,2,Punjab,4.5,60000,38,65,32,0.47760817739523226,0.40009092011347047,0.28525838488151717,0.27410357377610967,0.2884746500698466,0,110000,20250.0,5.432098765432099
20116.556476153917,2,Punjab,4.5,60000,38,65,32,0.4634440977105423,0.5549140060346517,0.4152715382706378,0.3963291857070251,0.379630084488403,1,110000,20250.0,5.432098765432099
30555.695476745448,3,Punjab,4.5,60000,38,65,32,0.4943200455064789,0.6233613184974467,0.2273588903693342,0.3813788640799292,0.3522434385242221,0,110000,20250.0,5.432098765432099
19712.2336203892,2,Punjab,4.5,60000,38,65,32,0.4652651257412765,0.43905884908629744,0.3228882877906767,0.4106264632713082,0.2775335175923867,0,110000,20250.0,5.432098765432099
8000.0,1,Punjab,4.5,60000,38,65,32,0.44698657170384065,0.2522449925123924,0.4380015097300624,0.31790716468369135,0.312436166841142,0,110000,20250.0,5.432098765432099
150000.0,5,Punjab,4.5,60000,38,65,32,0.5550618445173836,0.661708973143193,0.28729005873010316,0.6078853832735178,0.5225783234479309,1,110000,20250.0,5.432098765432099
30904.56951007393,3,Punjab,4.5,60000,38,65,32,0.5202976806454691,0.42809376446152175,0.2834837818094814,0.36677630610659645,0.322307829421254,0,110000,20250.0,5.432098765432099
18346.585156141464,2,Punjab,4.5,60000,38,65,32,0.4681947485976852,0.6678627478378065,0.5474382780416749,0.2850443120866275,0.3548243472106056,1,110000,20250.0,5.432098765432099
8000.0,1,Punjab,4.5,60000,38,65,32,0.44747499052672607,0.4252455562133377,0.4208508486875243,0.3943323726767681,0.24369743757069967,0,110000,20250.0,5.432098765432099
29142.6889975775,3,Punjab,4.5,60000,38,65,32,0.5049095414361869,0.5181937233806166,0.4182219898574879,0.39868260530849925,0.5300100917288076,1,110000,20250.0,5.432098765432099
45264.795398423776,4,Punjab,4.5,60000,38,65,32,0.5264926696545625,0.7610011198485507,0.43981794364552235,0.5025255169552141,0.5138219747919178,1,110000,20250.0,5.432098765432099
30321.302785404314,3,Punjab,4.5,60000,38,65,32,0.49098743299693826,0.6380462419879758,0.2923951208041926,0.565765065214785,0.5295563329488265,1,110000,20250.0,5.432098765432099
150000.0,5,Punjab,4.5,60000,38,65,32,0.5601767821428084,0.5228443786194874,0.5065439329792454,0.5286725529379004,0.5964912662259714,1,110000,20250.0,5.432098765432099
8962.842474143526,1,Punjab,4.5,60000,38,65,32,0.4419581301692156,0.3714408562580295,0.3209469218298109,0.22916208321844744,0.34042311495382355,1,110000,20250.0,5.432098765432099
11006.882048545604,1,Punjab,4.5,60000,38,65,32,0.43113128237587756,0.44155876474552946,0.24908051284618732,0.3114554984015846,0.33949885774094246,0,110000,20250.0,5.432098765432099
19847.883203313784,2,Punjab,4.5,60000,38,65,32,0.4685205315166494,0.39217471484961464,0.39385873405421673,0.3770037371941329,0.3669309828821577,1,110000,20250.0,5.432098765432099
64797.952712700695,5,Punjab,4.5,60000,38,65,32,0.5692191926397387,0.7131947608662681,0.3117013828674454,0.6132379677078243,0.4276522484278187,0,110000,20250.0,5.432098765432099
18551.429582324934,2,Punjab,4.5,60000,38,65,32,0.48755662024783963,0.5846654050667373,0.3616328355439352,0.29200092109343556,0.487740877244956,0,110000,20250.0,5.432098765432099
79479.43921218353,5,Punjab,4.5,60000,38,65,32,0.5654008360606371,0.6085894230840614,0.34346835360292555,0.48751497464744614,0.40365861624238536,1,110000,20250.0,5.432098765432099
94571.77709644334,5,Punjab,4.5,60000,38,65,32,0.5754847397209456,0.5541776086827592,0.4103786501987803,0.39845294031375017,0.5732559443617815,1,110000,20250.0,5.432098765432099
42658.46421840007,4,Punjab,4.5,60000,38,65,32,0.5205634007450783,0.37721267430995853,0.3474073149901794,0.5440378238669061,0.4020401937125793,1,110000,20250.0,5.432098765432099
19099.021650525792,2,Punjab,4.5,60000,38,65,32,0.4738759653777358,0.5200060118539622,0.29342485444775435,0.4566241476143403,0.4627955546293772,1,110000,20250.0,5.432098765432099
55877.25080389795,5,Punjab,4.5,60000,38,65,32,0.5702423379429555,0.5684150601095295,0.37307867163545205,0.5206018550852716,0.5614913640679186,1,110000,20250.0,5.432098765432099
43361.36181264008,4,Punjab,4.5,60000,38,65,32,0.5178938095274229,0.7364111600797865,0.42681294728594377,0.49492504204374216,0.5447590749668177,1,110000,20250.0,5.432098765432099
56764.83340142784,5,Punjab,4.5,60000,38,65,32,0.5520012417366927,0.5059254344711801,0.5130093385071874,0.6083885959139628,0.5616708245954778,1,110000,20250.0,5.432098765432099
32706.04061259935,4,Punjab,4.5,60000,38,65,32,0.5442361904754954,0.6243631427365615,0.361302296690898,0.41393487358662556,0.4435449660016113,1,110000,20250.0,5.432098765432099
11202.837832236472,1,Punjab,4.5,60000,38,65,32,0.42710615429927345,0.4006656264331118,0.5495912610541323,0.365534030211568,0.36417245898483763,0,110000,20250.0,5.432098765432099
9881.873798887373,1,Punjab,4.5,60000,38,65,32,0.4234458425305857,0.19830965640207304,0.4140234679196364,0.47262024874992953,0.32023338746179386,1,110000,20250.0,5.432098765432099
26019.513395009813,3,Punjab,4.5,60000,38,65,32,0.512136958593538,0.45934877563843574,0.4239186375131539,0.4808347899681054,0.44431514738266775,0,110000,20250.0,5.432098765432099
94691.59949967219,5,Punjab,4.5,60000,38,65,32,0.5688247751069472,0.6613905355851873,0.36953575718769066,0.4068774854608536,0.47118268982919936,0,110000,20250.0,5.432098765432099
43859.92533094133,4,Punjab,4.5,60000,38,65,32,0.5311783452969806,0.6628015690225296,0.45587636851034985,0.4205224652633162,0.386728329555059,0,110000,20250.0,5.432098765432099
16606.81657886597,2,Punjab,4.5,60000,38,65,32,0.4664000353106846,0.5569574563280922,0.34183691185622317,0.3891824261734414,0.3551723557978473,0,110000,20250.0,5.432098765432099
18005.094007231535,2,Punjab,4.5,60000,38,65,32,0.46247189780109305,0.5936645273716838,0.4629592185789251,0.2552456744498322,0.4035913330744499,0,110000,20250.0,5.432098765432099
33251.15644125565,4,Punjab,4.5,60000,38,65,32,0.5296766315952334,0.4732752708358532,0.6614773546970846,0.5364153880088289,0.510563370559329,1,110000,20250.0,5.432098765432099
48893.06723840103,5,Punjab,4.5,60000,38,65,32,0.5726552124311584,0.7619490842090233,0.3869060266047022,0.5797081042263195,0.5745275887476996,1,110000,20250.0,5.432098765432099
25749.86878807944,3,Punjab,4.5,60000,38,65,32,0.49924280411856364,0.4572344176179671,0.46591392963512296,0.5463415516325336,0.41329261584488347,0,110000,20250.0,5.432098765432099
21884.528942931855,2,Punjab,4.5,60000,38,65,32,0.4885267355296125,0.4063066401453077,0.24858971240989597,0.3834422808907075,0.3749575046087774,0,110000,20250.0,5.432098765432099
18210.538619209354,2,Punjab,4.5,60000,38,65,32,0.45787772300074053,0.3233999288547129,0.6601073476259357,0.44108600937438985,0.4531173262925036,0,110000,20250.0,5.432098765432099
17904.78653434264,2,Punjab,4.5,60000,38,65,32,0.46666033531386014,0.512378387263705,0.23493267470169238,0.2880499070403625,0.18918156935333705,0,110000,20250.0,5.432098765432099
52296.66570702462,5,Punjab,4.5,60000,38,65,32,0.5531265561805037,0.8093165984770593,0.2385188805066207,0.38430535225125045,0.36257030753711483,0,110000,20250.0,5.432098765432099
9554.446257776759,1,Punjab,4.5,60000,38,65,32,0.4260057274255195,0.5068638326339375,0.40761239508745006,0.23512064275252129,0.3045188718649634,0,110000,20250.0,5.432098765432099
19119.461353070303,2,Punjab,4.5,60000,38,65,32,0.4653263055270463,0.44817004578346886,0.6437331656153622,0.25210882393654943,0.4111455880002155,0,110000,20250.0,5.432098765432099
33173.43905623994,4,Punjab,4.5,60000,38,65,32,0.5310304358737473,0.43834572740433486,0.36568294157471626,0.4617598519022295,0.44177380295750773,0,110000,20250.0,5.432098765432099
110124.96806707539,5,Punjab,4.5,60000,38,65,32,0.5620994446566632,0.5795993810076987,0.20870574143995846,0.5239354456235281,0.45104664100159675,0,110000,20250.0,5.432098765432099
12928.149078304445,1,Punjab,4.5,60000,38,65,32,0.4585616646465884,0.3711026983330545,0.3498331120929984,0.3767862536973546,0.3871387615808742,0,110000,20250.0,5.432098765432099
64010.227227421674,5,Punjab,4.5,60000,38,65,32,0.5615018175543784,0.794902209351726,0.45024539886420617,0.42567600437101766,0.5827497160418209,0,110000,20250.0,5.432098765432099
88570.17558497672,5,Punjab,4.5,60000,38,65,32,0.568358510893939,0.6590170815558284,0.3320360795628855,0.4478592736933012,0.4714080111020074,0,110000,20250.0,5.432098765432099
24418.121284081288,3,Punjab,4.5,60000,38,65,32,0.49751808532013264,0.542263686219554,0.3348476234028703,0.5229422932117289,0.4319569125915915,1,110000,20250.0,5.432098765432099
20723.358925432527,2,Punjab,4.5,60000,38,65,32,0.4836376988616688,0.5119543920232331,0.47105210141534704,0.4064011928782009,0.3231341683743773,1,110000,20250.0,5.432098765432099
18282.494528600346,2,Punjab,4.5,60000,38,65,32,0.4908416357130235,0.6643825568792477,0.21056345543223848,0.242253522549791,0.3527399474004663,1,110000,20250.0,5.432098765432099
38542.62592103173,4,Punjab,4.5,60000,38,65,32,0.5321679941669024,0.42685404207666167,0.2511008246751992,0.5879658461416206,0.4772957022039198,0,110000,20250.0,5.432098765432099
15073.399481023824,2,Punjab,4.5,60000,38,65,32,0.45693055270262706,0.3235298201757735,0.433851529455515,0.4223861239117655,0.3050405919850305,1,110000,20250.0,5.432098765432099
49919.99206070893,5,Punjab,4.5,60000,38,65,32,0.5513690926293712,0.6332204772790321,0.19860156110963118,0.43943617637539006,0.441835567536781,1,110000,20250.0,5.432098765432099
27363.180728359333,3,Punjab,4.5,60000,38,65,32,0.4996764858891945,0.4986291839526995,0.2933509052730554,0.35906416682152104,0.3913845097848685,1,110000,20250.0,5.432098765432099
18895.09332937454,2,Punjab,4.5,60000,38,65,32,0.4714221232096493,0.522386580522061,0.5141120445839007,0.3995086685920172,0.4831113277954492,1,110000,20250.0,5.432098765432099
18487.046717959987,2,Punjab,4.5,60000,38,65,32,0.4738413942009866,0.26475858828574556,0.37964355318656157,0.4016847989022451,0.30810187454439747,0,110000,20250.0,5.432098765432099
29158.981438011848,3,Punjab,4.5,60000,38,65,32,0.5014591196694433,0.33406478697841824,0.26453483556562196,0.5250010436265578,0.31756117438831133,1,110000,20250.0,5.432098765432099
29814.64838878957,3,Punjab,4.5,60000,38,65,32,0.49692699201970225,0.6215613589019695,0.4804947270248818,0.391019235896446,0.42449654523209984,0,110000,20250.0,5.432098765432099
16262.102447060824,2,Punjab,4.5,60000,38,65,32,0.46049515844512157,0.4025325336323746,0.22838139901291832,0.39823538841020206,0.3434799391540534,1,110000,20250.0,5.432098765432099
93220.00511777124,5,Punjab,4.5,60000,38,65,32,0.5608685254697852,0.7850590612614733,0.2406817847724878,0.5582058379939119,0.5521825483194471,1,110000,20250.0,5.432098765432099
55424.79540201896,5,Punjab,4.5,60000,38,65,32,0.5754070164319494,0.43808078986043003,0.2066240606254509,0.5510473697624432,0.33041879932059853,1,110000,20250.0,5.432098765432099
42050.88750015825,4,Punjab,4.5,60000,38,65,32,0.5370564289114205,0.5950874646999706,0.3426678870328189,0.3553161980577642,0.3969601018707467,1,110000,20250.0,5.432098765432099
8000.0,1,Punjab,4.5,60000,38,65,32,0.44220418235350484,0.3390459259781336,0.5370485290925253,0.30682030677460903,0.26694273584179207,0,110000,20250.0,5.432098765432099
16770.475481530924,2,Punjab,4.5,60000,38,65,32,0.47715281209537036,0.6612862849537433,0.3070409814072246,0.33510968083123077,0.39220869137126924,0,110000,20250.0,5.432098765432099
17891.283889163125,2,Punjab,4.5,60000,38,65,32,0.46314650256813433,0.39839902502862445,0.3235241896617511,0.5312777599162246,0.4122650293164434,0,110000,20250.0,5.432098765432099
8000.0,1,Punjab,4.5,60000,38,65,32,0.43177449139630963,0.2977154590088364,0.29618095717721715,0.32315101349073755,0.3421254147683065,1,110000,20250.0,5.432098765432099
8772.413219429789,1,Punjab,4.5,60000,38,65,32,0.429379291813483,0.5618436308661126,0.3513099402951497,0.31401280715160823,0.4332173849227988,0,110000,20250.0,5.432098765432099
15063.834482450202,2,Punjab,4.5,60000,38,65,32,0.4656042766294485,0.2921962298423607,0.3586175131179551,0.3785507143712123,0.3531987137491471,0,110000,20250.0,5.432098765432099
21538.545701904422,2,Punjab,4.5,60000,38,65,32,0.46263708389005204,0.7004164942032857,0.3083520907343288,0.5092292190352532,0.4230413974490118,1,110000,20250.0,5.432098765432099
21506.419129596237,2,Punjab,4.5,60000,38,65,32,0.47893989026366424,0.25987094119976434,0.5315015283567222,0.4168806008347718,0.33005180809289014,0,110000,20250.0,5.432098765432099
20947.785255471535,2,Punjab,4.5,60000,38,65,32,0.462103908680321,0.5548090017282306,0.41027480880417516,0.3501874606908602,0.4169317161859418,1,110000,20250.0,5.432098765432099
19360.118788247866,2,Punjab,4.5,60000,38,65,32,0.45882992569489367,0.5325271254371489,0.22667488166655117,0.5072176634096497,0.4455759731897618,0,110000,20250.0,5.432098765432099
16659.886816462193,2,Punjab,4.5,60000,38,65,32,0.48628291464544915,0.4358814445989395,0.5365816063270465,0.5123973269145632,0.35907735189133133,1,110000,20250.0,5.432098765432099
12580.740726242882,1,Punjab,4.5,60000,38,65,32,0.4323433905463294,0.5537474283187366,0.4778750453031222,0.2627382646040231,0.5269076957670225,0,110000,20250.0,5.432098765432099
50174.80134749868,5,Punjab,4.5,60000,38,65,32,0.5583924274296463,0.5620385269816797,0.3648518791729827,0.5014632720906396,0.5142194750572234,0,110000,20250.0,5.432098765432099
17318.241109928058,2,Punjab,4.5,60000,38,65,32,0.47137037110457697,0.5540241181713851,0.2781392694981316,0.5233820454589486,0.47962019355534524,1,110000,20250.0,5.432098765432099
19816.39756772057,2,Punjab,4.5,60000,38,65,32,0.4554902116679347,0.3713509401013731,0.46662346074044103,0.3957590511031103,0.39466334251830965,0,110000,20250.0,5.432098765432099
46782.305707266016,4,Punjab,4.5,60000,38,65,32,0.5392119805521736,0.36398577832771606,0.4670879841689233,0.46296796775163934,0.35219329836345153,0,110000,20250.0,5.432098765432099
21334.571942045408,2,Punjab,4.5,60000,38,65,32,0.47322833326125513,0.25786876303217454,0.529316601520109,0.29206580502710455,0.293755198104834,0,110000,20250.0,5.432098765432099
37695.88601469408,4,Punjab,4.5,60000,38,65,32,0.5424409829759508,0.8561854899517265,0.3471089580149715,0.44877609636782984,0.46852204267754505,0,110000,20250.0,5.432098765432099
24641.370030723403,3,Punjab,4.5,60000,38,65,32,0.4900649234849619,0.42573581691389956,0.26598956215644487,0.47281486186072824,0.26724229568630964,0,110000,20250.0,5.432098765432099
20087.303553861693,2,Punjab,4.5,60000,38,65,32,0.4678484007819045,0.32507921432827525,0.2332518972169613,0.24505478866158714,0.20054524049243092,0,110000,20250.0,5.432098765432099
11248.58741331026,1,Punjab,4.5,60000,38,65,32,0.4372507004070848,0.47307213620754907,0.3264089840358071,0.20843633047834245,0.4086110161618782,1,110000,20250.0,5.432098765432099
32169.324718219556,3,Punjab,4.5,60000,38,65,32,0.4994960278006431,0.646062095776135,0.37598922353016073,0.28505736595157255,0.38210334870582047,1,110000,20250.0,5.432098765432099
20218.016919922422,2,Punjab,4.5,60000,38,65,32,0.45231099537137126,0.4452324278822045,0.3032734813974811,0.2991226448015186,0.37373696681913643,0,110000,20250.0,5.432098765432099
8000.0,1,Punjab,4.5,60000,38,65,32,0.4379655066440651,0.5175089453020543,0.4301891192673429,0.23834228410425004,0.29251399192623734,0,110000,20250.0,5.432098765432099
12132.220342100814,1,Punjab,4.5,60000,38,65,32,0.42259250374290536,0.27372320043048587,0.30815302999947525,0.4386867487331995,0.2604795596103737,0,110000,20250.0,5.432098765432099
77924.73832156436,5,Punjab,4.5,60000,38,65,32,0.560440483569112,0.8185114565758242,0.402161503843944,0.43901585122798575,0.6451979021580833,0,110000,20250.0,5.432098765432099
13851.605106174304,1,Punjab,4.5,60000,38,65,32,0.4155706516119576,0.24086582462155065,0.4093480556591646,0.3817987522035306,0.28485166484217367,0,110000,20250.0,5.432098765432099
37206.71015366067,4,Punjab,4.5,60000,38,65,32,0.508341274514237,0.6522891572889529,0.32924570282961413,0.36895218464605734,0.4089704593692027,1,110000,20250.0,5.432098765432099
106277.72919240646,5,Punjab,4.5,60000,38,65,32,0.5650426300215428,0.47244539116642525,0.3053443061554181,0.5615123755251379,0.4888548419854727,0,110000,20250.0,5.432098765432099
50349.74338619496,5,Punjab,4.5,60000,38,65,32,0.551388758305195,0.7462574717682309,0.39053142535078,0.5141304899555927,0.5848735861443233,1,110000,20250.0,5.432098765432099
19076.116317836717,2,Punjab,4.5,60000,38,65,32,0.45697856212082044,0.2819819804275079,0.35274280370227673,0.356044879162541,0.2732988752613859,1,110000,20250.0,5.432098765432099
11588.394489331517,1,Punjab,4.5,60000,38,65,32,0.44956559906789834,0.10310504915860053,0.4264912163551573,0.44041301224982904,0.1812852614570663,0,110000,20250.0,5.432098765432099
22132.04028196908,2,Punjab,4.5,60000,38,65,32,0.470133405030427,0.31070851794152776,0.32795623545994734,0.283760284484155,0.3681581140723467,0,110000,20250.0,5.432098765432099
16276.160601863914,2,Punjab,4.5,60000,38,65,32,0.47557804481248067,0.6991413972672551,0.4171055284785885,0.41200989192627774,0.4814889648803006,1,110000,20250.0,5.432098765432099
35811.52741497323,4,Punjab,4.5,60000,38,65,32,0.5251947221339346,0.6689486339777445,0.46986413933604415,0.5800036612114619,0.47659398795441366,0,110000,20250.0,5.432098765432099
39119.33540744242,4,Punjab,4.5,60000,38,65,32,0.553653429796143,0.7934267237353168,0.32718929015013276,0.5476134911927768,0.5331518860885732,1,110000,20250.0,5.432098765432099
14231.62113165558,1,Punjab,4.5,60000,38,65,32,0.43081200425154487,0.24545002083670414,0.1809745143714431,0.4784481907879426,0.3763426082692064,0,110000,20250.0,5.432098765432099
8000.0,1,Punjab,4.5,60000,38,65,32,0.4543020983507417,0.3651958201523765,0.3596136897438753,0.1840762073852273,0.3746920932737993,0,110000,20250.0,5.432098765432099
35175.04950308073,4,Punjab,4.5,60000,38,65,32,0.5262434824561438,0.4926451433702453,0.4829717321782038,0.5987522387995508,0.4810405896821011,0,110000,20250.0,5.432098765432099
8000.0,1,Punjab,4.5,60000,38,65,32,0.4203120389080154,0.32144425555229583,0.3489881624984338,0.3674798513205913,0.4021470712257622,1,110000,20250.0,5.432098765432099
64861.17215678153,5,Punjab,4.5,60000,38,65,32,0.5616856303146239,0.7772276040402684,0.5231404724918604,0.3841898036406826,0.5352390166733076,1,110000,20250.0,5.432098765432099
12047.543113435857,1,Punjab,4.5,60000,38,65,32,0.44000476847169445,0.47606957927126586,0.3879322340131767,0.3230925908564967,0.2905053460710722,1,110000,20250.0,5.432098765432099
59571.59247067049,5,Punjab,4.5,60000,38,65,32,0.5463439247147506,0.84035405151811,0.277369119506161,0.6136756575861466,0.5308852952400162,0,110000,20250.0,5.432098765432099
18577.670065224425,2,Punjab,4.5,60000,38,65,32,0.4576349500857957,0.4628459934734518,0.4732708875174383,0.2882084529776797,0.4804678228507393,0,110000,20250.0,5.432098765432099
145535.2599854847,5,Punjab,4.5,60000,38,65,32,0.5566101664262929,0.917114354464073,0.26673080743666955,0.586987598898163,0.6246274610681681,1,110000,20250.0,5.432098765432099
10299.271174312726,1,Punjab,4.5,60000,38,65,32,0.44035462100962264,0.4793991740659706,0.5196573831128833,0.22534497054407945,0.27447979493673397,0,110000,20250.0,5.432098765432099
90622.30040563089,5,Punjab,4.5,60000,38,65,32,0.5321505100283488,0.6386019047628042,0.24202182983838272,0.6244801760813381,0.5828015273157618,0,110000,20250.0,5.432098765432099
23621.390874267654,3,Punjab,4.5,60000,38,65,32,0.507388357382381,0.34966690909243536,0.19476159786386812,0.45398345494081577,0.42042256596548694,1,110000,20250.0,5.432098765432099
8000.0,1,Punjab,4.5,60000,38,65,32,0.43191216311899305,0.48637734949947914,0.4168850878760157,0.19361044024408824,0.27744230166605055,0,110000,20250.0,5.432098765432099
25274.11660758901,3,Punjab,4.5,60000,38,65,32,0.4835396680131611,0.37489012822048096,0.4727412053097931,0.3107071566920254,0.3846086929144188,1,110000,20250.0,5.432098765432099
37475.03771312988,4,Punjab,4.5,60000,38,65,32,0.5362678083716622,0.5213450378252555,0.5083775084649842,0.5926039593451575,0.625282285738508,1,110000,20250.0,5.432098765432099
30050.586070286226,3,Punjab,4.5,60000,38,65,32,0.49662096306295833,0.6980284270286593,0.23079119560421196,0.2933448695611798,0.30304221077865445,0,110000,20250.0,5.432098765432099
11640.526445060483,1,Punjab,4.5,60000,38,65,32,0.44901880062496535,0.3107463670703814,0.2551066309366793,0.2730072241127224,0.17284877076776428,0,110000,20250.0,5.432098765432099
17459.703125828128,2,Punjab,4.5,60000,38,65,32,0.47123666548694043,0.5260871752083701,0.24615115104431423,0.4035180107169731,0.3179805732645558,0,110000,20250.0,5.432098765432099
8000.0,1,Punjab,4.5,60000,38,65,32,0.43684199782766236,0.39727621286118436,0.3776560444399669,0.2474763785571361,0.19695401028152487,1,110000,20250.0,5.432098765432099
93644.33699347965,5,Punjab,4.5,60000,38,65,32,0.5553298434073413,0.5788935164763231,0.33514496913604275,0.45071409416501135,0.37034816938920057,0,110000,20250.0,5.432098765432099
31580.57434790074,3,Punjab,4.5,60000,38,65,32,0.5016842704627043,0.5541691503435238,0.39154482340926067,0.5162546479396721,0.5430818174115587,0,110000,20250.0,5.432098765432099
27474.73228883414,3,Punjab,4.5,60000,38,65,32,0.4927218302690496,0.6674691680615112,0.38491988157418733,0.37074281973805917,0.37040099404056687,0,110000,20250.0,5.432098765432099
34097.76141286521,4,Punjab,4.5,60000,38,65,32,0.5183314169696779,0.3487708128986975,0.5408167803459463,0.34501932928734197,0.3847665178176526,0,110000,20250.0,5.432098765432099
30862.3422209119,3,Punjab,4.5,60000,38,65,32,0.5029562340836893,0.40543232057100353,0.5229723879522694,0.4997809844463265,0.4966598394175564,1,110000,20250.0,5.432098765432099
44101.77189578791,4,Punjab,4.5,60000,38,65,32,0.5254122644426986,0.707472098867461,0.2994281351884356,0.6197542319569,0.6155440016959036,0,110000,20250.0,5.432098765432099
15026.297122193071,2,Punjab,4.5,60000,38,65,32,0.4671928193378329,0.3699872453636184,0.2755878398487924,0.4830246374272032,0.37956875470341217,0,110000,20250.0,5.432098765432099
8000.0,1,Punjab,4.5,60000,38,65,32,0.4477509412186889,0.15564867855330655,0.27720493008825053,0.3480130532869639,0.153720393759589,0,110000,20250.0,5.432098765432099
70910.40326757115,5,Punjab,4.5,60000,38,65,32,0.5557183767797854,0.692593676459577,0.30415220881757665,0.5109095703567073,0.5014481676636838,0,110000,20250.0,5.432098765432099
15314.011358859534,2,Punjab,4.5,60000,38,65,32,0.46700748211256077,0.5355411027372053,0.30238826665688756,0.5109939957107981,0.4684693316135011,0,110000,20250.0,5.432098765432099
88168.58632763375,5,Punjab,4.5,60000,38,65,32,0.5508606477426335,0.54659089445775,0.5018513020661037,0.6133120759399058,0.5571347155813912,0,110000,20250.0,5.432098765432099
55076.11689152512,5,Punjab,4.5,60000,38,65,32,0.5611645421969613,0.5170838237013191,0.3789746285600054,0.5546416168149455,0.5344081368668686,1,110000,20250.0,5.432098765432099
23422.294161289745,3,Punjab,4.5,60000,38,65,32,0.5003554219839438,0.5692266780125244,0.4082381287661846,0.5473911401184879,0.42570139276453717,1,110000,20250.0,5.432098765432099
25024.18767198946,3,Punjab,4.5,60000,38,65,32,0.5058648941750484,0.5472327017696245,0.21426015523286773,0.46395815348777586,0.40742340480923706,1,110000,20250.0,5.432098765432099
75100.2075573707,5,Punjab,4.5,60000,38,65,32,0.551065854487074,0.49307596832786493,0.3306340976696117,0.6754958447250763,0.5632866263790867,0,110000,20250.0,5.432098765432099
31477.798278073402,3,Punjab,4.5,60000,38,65,32,0.49227897316124103,0.6643672892035486,0.35571839818102363,0.540931587932975,0.589085164540565,0,110000,20250.0,5.432098765432099
12754.450489379351,1,Punjab,4.5,60000,38,65,32,0.44477851684859754,0.3896468820841101,0.24583583124622563,0.3485780136530962,0.2612836808432015,0,110000,20250.0,5.432098765432099
46513.180409229004,4,Punjab,4.5,60000,38,65,32,0.5293792728907716,0.4945875350426369,0.23967719073889093,0.6102953073289892,0.4087062449916072,1,110000,20250.0,5.432098765432099
16160.835484324041,2,Punjab,4.5,60000,38,65,32,0.45779496159521593,0.6250132715246829,0.3339703416253035,0.33617613054966994,0.4947414001677459,0,110000,20250.0,5.432098765432099
28317.574379588415,3,Punjab,4.5,60000,38,65,32,0.5099226835344879,0.7017726299882655,0.549121492756188,0.49372255085157407,0.5027162922015925,1,110000,20250.0,5.432098765432099
39079.42807374269,4,Punjab,4.5,60000,38,65,32,0.5098726371731404,0.6367234626032638,0.48201492757694553,0.38482712528587143,0.47799054045006867,1,110000,20250.0,5.432098765432099
24385.34116370672,3,Punjab,4.5,60000,38,65,32,0.5046999903897804,0.337980803124982,0.42219209554939363,0.5520539189619449,0.4408203493163377,1,110000,20250.0,5.432098765432099
46874.21337286736,4,Punjab,4.5,60000,38,65,32,0.5142050224971609,0.7884550245813897,0.25899598226108717,0.4078594894110302,0.4612605585702781,0,110000,20250.0,5.432098765432099
27564.930897471066,3,Punjab,4.5,60000,38,65,32,0.5157150280219982,0.7720183498244196,0.30536747919553997,0.5681541979324485,0.6605044330385373,1,110000,20250.0,5.432098765432099
61532.68432556437,5,Punjab,4.5,60000,38,65,32,0.5414111455880866,0.7901575842999731,0.6369024201617027,0.388541881648688,0.5393243762015624,1,110000,20250.0,5.432098765432099
23464.097223726425,3,Punjab,4.5,60000,38,65,32,0.5083796493758703,0.6030410157814697,0.5925174344009307,0.48799551346536435,0.5677039607127534,0,110000,20250.0,5.432098765432099
52298.14599274383,5,Punjab,4.5,60000,38,65,32,0.5560407992570304,0.5536902639694362,0.2640132965359816,0.42846129535491134,0.400535879820944,0,110000,20250.0,5.432098765432099
37187.89324348502,4,Punjab,4.5,60000,38,65,32,0.5231911171587554,0.5823483129625274,0.31344932603440595,0.5646878861000677,0.6160045626023334,1,110000,20250.0,5.432098765432099
21065.511812727666,2,Punjab,4.5,60000,38,65,32,0.4687111094218205,0.2602276889058873,0.3397064006101531,0.3810162235325106,0.260720701827195,0,110000,20250.0,5.432098765432099
39196.42928906246,4,Punjab,4.5,60000,38,65,32,0.533176146248721,0.6784952085860697,0.2559897990734881,0.606339520213695,0.5562421509752186,0,110000,20250.0,5.432098765432099
17575.15339719921,2,Punjab,4.5,60000,38,65,32,0.45781313783383415,0.5709564841972468,0.36403773915030624,0.4479652073587876,0.25507866898709297,0,110000,20250.0,5.432098765432099
10057.821427515093,1,Punjab,4.5,60000,38,65,32,0.4286992656054571,0.33646095881065397,0.31817156709491545,0.41392424103899345,0.2963598337549707,0,110000,20250.0,5.432098765432099
20499.528055717692,2,Punjab,4.5,60000,38,65,32,0.4733531915082717,0.49882980820697786,0.5907121933773698,0.26958825519850127,0.4261689805591544,1,110000,20250.0,5.432098765432099
94760.46002047269,5,Punjab,4.5,60000,38,65,32,0.5397837133206468,0.7210209401924945,0.5628950683198659,0.41241280754564064,0.4209351566804729,1,110000,20250.0,5.432098765432099
59245.56331556568,5,Punjab,4.5,60000,38,65,32,0.5510148519252219,0.7717046680831987,0.2084660608630381,0.6386117560004543,0.5196866287744344,1,110000,20250.0,5.432098765432099
17542.81339973753,2,Punjab,4.5,60000,38,65,32,0.4972640123987373,0.38658194278143976,0.2865894095814173,0.30117659751920045,0.5475724542728535,1,110000,20250.0,5.432098765432099
8000.0,1,Punjab,4.5,60000,38,65,32,0.42717701321125,0.13268114508912343,0.4957664829822113,0.443526992268198,0.24688239397216374,0,110000,20250.0,5.432098765432099
116452.4777603142,5,Punjab,4.5,60000,38,65,32,0.5683351707747404,0.6882626125115403,0.37104340229384386,0.4262058856877377,0.5156024150434411,0,110000,20250.0,5.432098765432099
44907.89312709069,4,Punjab,4.5,60000,38,65,32,0.5209976351700047,0.6491698841765332,0.3800887243791516,0.4259798286405873,0.35547437288634054,1,110000,20250.0,5.432098765432099
20200.932953366653,2,Punjab,4.5,60000,38,65,32,0.4719475943051143,0.5262307938109684,0.36308456093562014,0.5120660632225107,0.3483848913213119,0,110000,20250.0,5.432098765432099
21256.39748338386,2,Punjab,4.5,60000,38,65,32,0.47340069976310506,0.24172514998559147,0.25998983503864864,0.48535979436888627,0.3535500236169803,0,110000,20250.0,5.432098765432099
8000.0,1,Punjab,4.5,60000,38,65,32,0.4481467102089723,0.550085348374332,0.3884625689291319,0.19971723761609894,0.30593661222011936,0,110000,20250.0,5.432098765432099
14548.100627652075,1,Punjab,4.5,60000,38,65,32,0.4348546045890151,0.5350838791505494,0.39580979881600137,0.31787369752999356,0.29660428095834956,0,110000,20250.0,5.432098765432099
36039.705008232064,4,Punjab,4.5,60000,38,65,32,0.5467459892446914,0.5960617687034713,0.2043419874421146,0.6064047970875277,0.4479451683756553,1,110000,20250.0,5.432098765432099
13762.485555691514,1,Punjab,4.5,60000,38,65,32,0.43096377721129103,0.3067086965598832,0.25912057016880924,0.18787179708197865,0.3009020109153106,0,110000,20250.0,5.432098765432099
17811.890289311992,2,Punjab,4.5,60000,38,65,32,0.4691993469931385,0.5165196827245262,0.2878512335412496,0.2656402904748911,0.30995111608336845,0,110000,20250.0,5.432098765432099
61456.79715299753,5,Punjab,4.5,60000,38,65,32,0.5593099121793189,0.7199081451748292,0.351346431683505,0.5770032099581104,0.5903654960422743,1,110000,20250.0,5.432098765432099
23081.65958466662,3,Punjab,4.5,60000,38,65,32,0.4856374616576487,0.24139071256942435,0.5102418954689364,0.3149394893151373,0.22571654068278252,0,110000,20250.0,5.432098765432099
17705.53571139842,2,Punjab,4.5,60000,38,65,32,0.46399842030735167,0.5465725959161574,0.49412564481788784,0.3680959197865676,0.36761487895214867,0,110000,20250.0,5.432098765432099
8000.0,1,Punjab,4.5,60000,38,65,32,0.4384722778495269,0.21621951372145087,0.4221276890816359,0.3357912790195056,0.2628488318404238,0,110000,20250.0,5.432098765432099
8000.0,1,Punjab,4.5,60000,38,65,32,0.43253593242584865,0.3742165699790013,0.6677878585913322,0.441520663496556,0.35475679460044046,1,110000,20250.0,5.432098765432099
47561.86683006828,4,Punjab,4.5,60000,38,65,32,0.5512663825117082,0.6591273211686859,0.1986390432674502,0.6206616905305495,0.49570644025844485,0,110000,20250.0,5.432098765432099
75915.22513304453,5,Punjab,4.5,60000,38,65,32,0.5484709061211476,0.8417759393727681,0.45698221441686415,0.537113728828688,0.562042259479425,1,110000,20250.0,5.432098765432099
27581.3818057369,3,Punjab,4.5,60000,38,65,32,0.5086513875385472,0.3587283464693092,0.2963583147120742,0.43655254095593915,0.4147045642045209,1,110000,20250.0,5.432098765432099
32077.869695237594,3,Punjab,4.5,60000,38,65,32,0.5054217409886308,0.43816014458114594,0.3553921964769363,0.5014830459913158,0.4980004012868383,1,110000,20250.0,5.432098765432099
17970.850302797066,2,Punjab,4.5,60000,38,65,32,0.46671852151210014,0.4151323626107847,0.5422311886615292,0.291196429438877,0.317475740112704,0,110000,20250.0,5.432098765432099
19372.47265408129,2,Punjab,4.5,60000,38,65,32,0.4582050523186204,0.5477186904064663,0.2525603793803871,0.5157020066363789,0.4905937550535698,0,110000,20250.0,5.432098765432099
42889.7766689005,4,Punjab,4.5,60000,38,65,32,0.5191745896532252,0.7841298523338658,0.6421766853295612,0.3338041217803955,0.4681387606853074,0,110000,20250.0,5.432098765432099
72031.17728528682,5,Punjab,4.5,60000,38,65,32,0.5516774698649777,0.48897952420344704,0.3716271036436366,0.3839826054661308,0.42940771051421023,1,110000,20250.0,5.432098765432099
38661.37596139969,4,Punjab,4.5,60000,38,65,32,0.5089997300376803,0.6876381646752033,0.16339027865743383,0.5211443529854487,0.35520680660344955,1,110000,20250.0,5.432098765432099
52600.859651453866,5,Punjab,4.5,60000,38,65,32,0.54682248859915,0.46127165370204654,0.29635579746848617,0.4858898521286749,0.40885274270564703,1,110000,20250.0,5.432098765432099
32707.467699940094,4,Punjab,4.5,60000,38,65,32,0.5120323777035065,0.5805800883114061,0.5046341218579775,0.4528790165338615,0.5900283943902526,0,110000,20250.0,5.432098765432099
8803.232142899944,1,Punjab,4.5,60000,38,65,32,0.45031589288892,0.37517085747890716,0.7062697460430226,0.24987559720164454,0.3693138636656279,1,110000,20250.0,5.432098765432099
24081.186353792295,3,Punjab,4.5,60000,38,65,32,0.5030417667810251,0.5452282464677654,0.2061781886667826,0.40578516366902256,0.35974804876311967,0,110000,20250.0,5.432098765432099
19381.082116444355,2,Punjab,4.5,60000,38,65,32,0.47471688384579747,0.378909310683205,0.540861249758644,0.4818393874712514,0.28175759533692923,0,110000,20250.0,5.432098765432099
69258.18634903461,5,Punjab,4.5,60000,38,65,32,0.5627454623725623,0.5527240790918662,0.4117989389086176,0.5932192789015303,0.51967445791342,0,110000,20250.0,5.432098765432099
10452.65011705234,1,Punjab,4.5,60000,38,65,32,0.43852681909048447,0.1477574213908041,0.3856764906694903,0.2118405711973646,0.2396760428523964,0,110000,20250.0,5.432098765432099
18666.91344045195,2,Punjab,4.5,60000,38,65,32,0.48146394617843424,0.41311846386108164,0.6006666701613317,0.2504483960385918,0.3315410793217164,0,110000,20250.0,5.432098765432099
83005.6922741327,5,Punjab,4.5,60000,38,65,32,0.5507495162998255,0.5142149006930316,0.3654522060172841,0.5353022836875019,0.4531193665027385,1,110000,20250.0,5.432098765432099
11458.65791967093,1,Punjab,4.5,60000,38,65,32,0.4379238394108133,0.35271201839247746,0.32931127955859785,0.4024927334543557,0.31429904613961923,0,110000,20250.0,5.432098765432099
78758.18369744734,5,Punjab,4.5,60000,38,65,32,0.564327731135384,0.6693613337507491,0.1851086536624058,0.5827911651733699,0.503930361379589,1,110000,20250.0,5.432098765432099
31829.34973521859,3,Punjab,4.5,60000,38,65,32,0.4836450505385816,0.6108078801425009,0.5001156502707527,0.5426788525564203,0.4845549867024767,1,110000,20250.0,5.432098765432099
35338.31859781151,4,Punjab,4.5,60000,38,65,32,0.5578230318185684,0.7008406430349172,0.274757738773592,0.37342382980206257,0.5372318307116384,1,110000,20250.0,5.432098765432099
24269.02936986998,3,Punjab,4.5,60000,38,65,32,0.49714280048491877,0.6640892047127176,0.4221342642508543,0.4651702355077784,0.397370145592794,1,110000,20250.0,5.432098765432099
30786.077671387127,3,Punjab,4.5,60000,38,65,32,0.4982770373628988,0.5522746021079953,0.4737832568371008,0.5132488086434452,0.587896371747379,1,110000,20250.0,5.432098765432099
10010.475854238048,1,West Bengal,5.0,60000,32,80,28,0.46285449460246353,0.5681041029263447,0.5124991825107066,0.41513001418681467,0.40837159359047814,0,110000,22500.0,4.888888888888889
24811.094781341355,3,West Bengal,5.0,60000,32,80,28,0.5194352676158165,0.5352873670806003,0.6621533324769212,0.26404268899318606,0.4728367264147284,0,110000,22500.0,4.888888888888889
8000.0,1,West Bengal,5.0,60000,32,80,28,0.4506664944796789,0.420487644936172,0.18149847085368442,0.20567033299431364,0.3222030437572126,0,110000,22500.0,4.888888888888889
21473.114401768355,2,West Bengal,5.0,60000,32,80,28,0.4815870086666947,0.33446080089205843,0.3351320291555364,0.2901552074266363,0.3168933785993615,1,110000,22500.0,4.888888888888889
32059.377050711177,3,West Bengal,5.0,60000,32,80,28,0.49524422897623444,0.5631102715186861,0.3565330619699326,0.3960029052933902,0.405477395683159,0,110000,22500.0,4.888888888888889
11685.307377794676,1,West Bengal,5.0,60000,32,80,28,0.44472105650721455,0.3407266885479846,0.31852639384079595,0.256361436099693,0.2848513633856701,0,110000,22500.0,4.888888888888889
38581.36577879561,4,West Bengal,5.0,60000,32,80,28,0.5454578164473038,0.7873921025396928,0.24923590459547668,0.5421129629823301,0.37748342163358634,0,110000,22500.0,4.888888888888889
8700.17909590712,1,West Bengal,5.0,60000,32,80,28,0.45472464267614315,0.610341398516741,0.24428764598885594,0.41893585914239123,0.21526505918524821,0,110000,22500.0,4.888888888888889
10676.888755926211,1,West Bengal,5.0,60000,32,80,28,0.4624973717857552,0.32633165640994705,0.3059012207739598,0.1548013746594416,0.2942015609657585,0,110000,22500.0,4.888888888888889
11751.298700115274,1,West Bengal,5.0,60000,32,80,28,0.449080703703481,0.39350539070852086,0.46121774582007685,0.3436819674700729,0.3213301809212935,0,110000,22500.0,4.888888888888889
106436.89922974783,5,West Bengal,5.0,60000,32,80,28,0.5564128491514057,0.6612297873964179,0.32405153434492917,0.36805977340242063,0.3894340124164807,0,110000,22500.0,4.888888888888889
17109.668311218727,2,West Bengal,5.0,60000,32,80,28,0.490853018593471,0.43408924638723567,0.22181132308899054,0.4531643239588397,0.375443778259267,1,110000,22500.0,4.888888888888889
12618.463752061194,1,West Bengal,5.0,60000,32,80,28,0.46464660774753447,0.3830584208675199,0.3618365039396818,0.17640734081134085,0.2681835876455383,1,110000,22500.0,4.888888888888889
39897.87988226628,4,West Bengal,5.0,60000,32,80,28,0.5492681600142766,0.6243424026542057,0.3683581631838064,0.5812311403424784,0.42307552906741946,0,110000,22500.0,4.888888888888889
8610.350400206591,1,West Bengal,5.0,60000,32,80,28,0.44864937757713935,0.28900416154223796,0.36093576915916276,0.26210284135807105,0.33582848358881556,0,110000,22500.0,4.888888888888889
11525.170482534906,1,West Bengal,5.0,60000,32,80,28,0.46072957480448007,0.5631083234530828,0.6031178018097331,0.248358842573004,0.47135573051846663,1,110000,22500.0,4.888888888888889
8000.0,1,West Bengal,5.0,60000,32,80,28,0.4845748190657964,0.29431913944213567,0.2886739766954103,0.30966192308570173,0.30364602314904765,0,110000,22500.0,4.888888888888889
68995.32532066655,5,West Bengal,5.0,60000,32,80,28,0.5714372374301191,0.5226980877948116,0.2995908765509203,0.45208470872548084,0.45801790894807687,1,110000,22500.0,4.888888888888889
13457.295116288205,1,West Bengal,5.0,60000,32,80,28,0.43716834736326304,0.4817796455789518,0.5066088458004725,0.20418585978148718,0.3239758461727092,0,110000,22500.0,4.888888888888889
22737.53179757305,2,West Bengal,5.0,60000,32,80,28,0.4744228637901927,0.703291176334401,0.520257414967036,0.3725209310360455,0.46815429613135545,0,110000,22500.0,4.888888888888889
26252.278300463197,3,West Bengal,5.0,60000,32,80,28,0.5165404742887547,0.6201623730352858,0.5739912872148751,0.45228685734579815,0.5265023306442541,1,110000,22500.0,4.888888888888889
32433.11300155596,4,West Bengal,5.0,60000,32,80,28,0.5242376711767336,0.466643702470348,0.5485342119480514,0.5673742593385596,0.46660809263851744,0,110000,22500.0,4.888888888888889
58459.676585138586,5,West Bengal,5.0,60000,32,80,28,0.571979745034835,0.7611297132650554,0.22260308428128545,0.45651336005149634,0.5534866468696863,1,110000,22500.0,4.888888888888889
18931.11309305768,2,West Bengal,5.0,60000,32,80,28,0.4840890807888731,0.4880009958028946,0.34958177564844484,0.3955096584368639,0.3905127231069355,1,110000,22500.0,4.888888888888889
36805.25791265199,4,West Bengal,5.0,60000,32,80,28,0.5556369316838408,0.5896876435567616,0.20100015838674384,0.5338588327403582,0.516808627263652,1,110000,22500.0,4.888888888888889
19686.16919324501,2,West Bengal,5.0,60000,32,80,28,0.4933876628462573,0.1828938895265815,0.3141622141292678,0.43319292253819036,0.40026897791294663,1,110000,22500.0,4.888888888888889
35491.995579505645,4,West Bengal,5.0,60000,32,80,28,0.5489315622032319,0.4830359243441906,0.26221075003802397,0.29405881935171385,0.36306787101628574,0,110000,22500.0,4.888888888888889
37568.776759054694,4,West Bengal,5.0,60000,32,80,28,0.5186589241805689,0.455030460946352,0.35561473528197385,0.39048847378743373,0.41625355547775583,1,110000,22500.0,4.888888888888889
8000.0,1,West Bengal,5.0,60000,32,80,28,0.45949624556619356,0.42906704945935314,0.22302520808628473,0.13780328552766063,0.28839711956085445,0,110000,22500.0,4.888888888888889
44164.47773000332,4,West Bengal,5.0,60000,32,80,28,0.5473408481463167,0.7051556158742558,0.24152335594069896,0.4515017539954674,0.47119760713960523,1,110000,22500.0,4.888888888888889
26960.610626142756,3,West Bengal,5.0,60000,32,80,28,0.5128451580564977,0.3939147168065591,0.5157083515211465,0.4933049056079026,0.4148292803072075,0,110000,22500.0,4.888888888888889
96587.71126037266,5,West Bengal,5.0,60000,32,80,28,0.5529834930242594,0.6248206402406533,0.22300426469097734,0.5782531878392791,0.5052598312251894,1,110000,22500.0,4.888888888888889
12286.640301252843,1,West Bengal,5.0,60000,32,80,28,0.44251797519384367,0.48754551592395556,0.22128805517151526,0.37715264958967804,0.415937031818617,1,110000,22500.0,4.888888888888889
23710.281710310323,3,West Bengal,5.0,60000,32,80,28,0.4986174865903736,0.7812971120681661,0.2805857256522999,0.3393285771290236,0.2672144560182912,0,110000,22500.0,4.888888888888889
58500.459586545614,5,West Bengal,5.0,60000,32,80,28,0.5501356298906434,0.6435586458445185,0.5524651739617836,0.3476766742239907,0.5440697601692726,1,110000,22500.0,4.888888888888889
35841.906479262536,4,West Bengal,5.0,60000,32,80,28,0.5402565627715663,0.7463053917874912,0.35255259311557796,0.33550309427389846,0.4694601277290005,1,110000,22500.0,4.888888888888889
33941.24537003433,4,West Bengal,5.0,60000,32,80,28,0.5323074930712864,0.536376219720097,0.21007258931040612,0.48498518548023023,0.38197853560470335,0,110000,22500.0,4.888888888888889
34790.5514688346,4,West Bengal,5.0,60000,32,80,28,0.5665387700884034,0.3264614140248953,0.4155650670590763,0.3239306161178911,0.4335459165559935,1,110000,22500.0,4.888888888888889
8000.0,1,West Bengal,5.0,60000,32,80,28,0.4485979948913352,0.34483087165595583,0.48408417516151725,0.171376288103896,0.21670657034556864,1,110000,22500.0,4.888888888888889
52418.35960281875,5,West Bengal,5.0,60000,32,80,28,0.5832232458443739,0.8327606324676884,0.49518290931141723,0.4398803495115953,0.542962857543414,1,110000,22500.0,4.888888888888889
17531.624377901382,2,West Bengal,5.0,60000,32,80,28,0.464594724038782,0.4407169020084716,0.3141068053461066,0.21213822615664013,0.3825786578715043,1,110000,22500.0,4.888888888888889
21518.369507675914,2,West Bengal,5.0,60000,32,80,28,0.47498481842566553,0.4827182721961977,0.337849278497902,0.28271302042131546,0.22168065813886279,1,110000,22500.0,4.888888888888889
25784.72213833286,3,West Bengal,5.0,60000,32,80,28,0.5112546930460574,0.5765556632813422,0.4308066509989583,0.5246855738952121,0.517179791905439,1,110000,22500.0,4.888888888888889
8894.305403029406,1,West Bengal,5.0,60000,32,80,28,0.4412041747996376,0.65790246640178,0.374653201206449,0.13976311041320716,0.4217816181848908,1,110000,22500.0,4.888888888888889
30274.41575733759,3,West Bengal,5.0,60000,32,80,28,0.5060637074376668,0.5702421547711141,0.1348208354969339,0.48294061994328724,0.4770634078998279,0,110000,22500.0,4.888888888888889
18400.412101854385,2,West Bengal,5.0,60000,32,80,28,0.47810620522327885,0.4123182858652885,0.5770256735684725,0.48186427668208925,0.46460931145175843,1,110000,22500.0,4.888888888888889
20770.163001508034,2,West Bengal,5.0,60000,32,80,28,0.47794663443126534,0.34355127010558095,0.39254494697971554,0.31469936001307447,0.2642311464388987,1,110000,22500.0,4.888888888888889
17730.42011912342,2,West Bengal,5.0,60000,32,80,28,0.49883690001606773,0.4154538696938601,0.22275556868157548,0.4666943884006924,0.42742122452905795,1,110000,22500.0,4.888888888888889
42679.413686972126,4,West Bengal,5.0,60000,32,80,28,0.5440679771400294,0.36822685365829966,0.5091083104741068,0.36212123832098664,0.3602454054637512,0,110000,22500.0,4.888888888888889
47933.44596080697,4,West Bengal,5.0,60000,32,80,28,0.5450808199151272,0.6509799187466672,0.4452707392792134,0.5784669681525426,0.5293003240468457,1,110000,22500.0,4.888888888888889
19276.5650024614,2,West Bengal,5.0,60000,32,80,28,0.485682262029165,0.36499210473798993,0.3426247456700168,0.4422431710607328,0.35888746677677175,0,110000,22500.0,4.888888888888889
25027.85723641535,3,West Bengal,5.0,60000,32,80,28,0.5164119780590853,0.6203171946696729,0.44285010795307855,0.4991870487906373,0.3965291153337064,1,110000,22500.0,4.888888888888889
9066.747361925596,1,West Bengal,5.0,60000,32,80,28,0.44945684444696565,0.20147856259172114,0.4220806438998678,0.1728972854222129,0.32296582854493244,0,110000,22500.0,4.888888888888889
26542.90433289699,3,West Bengal,5.0,60000,32,80,28,0.5070782505709258,0.4707288474904122,0.3981907999186508,0.49479650313140905,0.42538106332512676,1,110000,22500.0,4.888888888888889
27329.61317518344,3,West Bengal,5.0,60000,32,80,28,0.511953874880897,0.3728118334465342,0.3578011200084775,0.5163246749789966,0.4022177688160462,0,110000,22500.0,4.888888888888889
31912.952426279433,3,West Bengal,5.0,60000,32,80,28,0.521853753774849,0.5428903427153104,0.43828705418160724,0.4794921715077764,0.41616216551166796,0,110000,22500.0,4.888888888888889
39750.74024829068,4,West Bengal,5.0,60000,32,80,28,0.551548096170078,0.8395887721595392,0.4419098503508116,0.31118698475190404,0.44633197862301044,0,110000,22500.0,4.888888888888889
11155.584446877918,1,West Bengal,5.0,60000,32,80,28,0.44788172952883015,0.18049332119440462,0.2539594307586612,0.1592107674994201,0.2425067221636281,0,110000,22500.0,4.888888888888889
23552.156714831064,3,West Bengal,5.0,60000,32,80,28,0.5179641512323954,0.4559749797538917,0.5539739796235482,0.34105957586575325,0.46196443336001586,1,110000,22500.0,4.888888888888889
37190.69613186005,4,West Bengal,5.0,60000,32,80,28,0.5383398676553176,0.5218542872052626,0.22684645525966204,0.4952554779704358,0.6438642826509118,0,110000,22500.0,4.888888888888889
8037.997707863635,1,West Bengal,5.0,60000,32,80,28,0.45062441978006673,0.35552172408759364,0.35386710671625327,0.13751362622792757,0.23741758365650525,0,110000,22500.0,4.888888888888889
13087.854533316515,1,West Bengal,5.0,60000,32,80,28,0.4455504804701723,0.31579057884435957,0.28079750819859706,0.41897150163686603,0.2846489273273686,1,110000,22500.0,4.888888888888889
35365.32660363504,4,West Bengal,5.0,60000,32,80,28,0.5384692628966519,0.5163840573350444,0.24962427349629585,0.4414125576118078,0.49293813484589893,1,110000,22500.0,4.888888888888889
91556.24235191429,5,West Bengal,5.0,60000,32,80,28,0.5836990149812111,0.6105396074313517,0.29246473855196786,0.44128951058284577,0.5321908984781343,1,110000,22500.0,4.888888888888889
14377.95069594641,1,West Bengal,5.0,60000,32,80,28,0.4512099257591067,0.53007042894054,0.2315570875565671,0.30214645653494127,0.2990491670281233,0,110000,22500.0,4.888888888888889
29774.913323443365,3,West Bengal,5.0,60000,32,80,28,0.5116385393712374,0.3097878566343525,0.18274184062980525,0.4485136367799219,0.35678995376202544,0,110000,22500.0,4.888888888888889
38173.80729921935,4,West Bengal,5.0,60000,32,80,28,0.5258135364931347,0.6920159562008618,0.5676902559463629,0.3657615040975348,0.6109697836244633,0,110000,22500.0,4.888888888888889
29333.438416570643,3,West Bengal,5.0,60000,32,80,28,0.507193275209387,0.3261500952309362,0.4220648821638548,0.3211148719461367,0.2675393043758609,0,110000,22500.0,4.888888888888889
80911.7074494892,5,West Bengal,5.0,60000,32,80,28,0.567872565248267,0.44830808272624745,0.2266068647875285,0.4742308327514835,0.36343576509834763,1,110000,22500.0,4.888888888888889
30546.29357747077,3,West Bengal,5.0,60000,32,80,28,0.5019942794312802,0.6839252877746971,0.40439093764156586,0.4347569957458341,0.49852784644994563,1,110000,22500.0,4.888888888888889
14063.121925847418,1,West Bengal,5.0,60000,32,80,28,0.45050236840274993,0.3888764631239514,0.3270990803783794,0.3456888782543162,0.2744750506241537,0,110000,22500.0,4.888888888888889
25427.338052577892,3,West Bengal,5.0,60000,32,80,28,0.5059938913834376,0.5809745799422147,0.30613671003455734,0.33099476960486984,0.3408898019973794,0,110000,22500.0,4.888888888888889
52366.088456242396,5,West Bengal,5.0,60000,32,80,28,0.5710856728381501,0.7990484239454825,0.3342246812055608,0.430525245612238,0.6094133319829269,1,110000,22500.0,4.888888888888889
12414.19735788385,1,West Bengal,5.0,60000,32,80,28,0.45150074438390364,0.1381112093456486,0.38916610090287335,0.27991040162970143,0.27949288205486855,1,110000,22500.0,4.888888888888889
37748.9770324414,4,West Bengal,5.0,60000,32,80,28,0.5307281707074878,0.3712724529294262,0.13928067962843033,0.4463542879576044,0.34577672555505523,0,110000,22500.0,4.888888888888889
14731.310777873314,1,West Bengal,5.0,60000,32,80,28,0.4462986964608824,0.2150256978826825,0.5114490057035539,0.3286020182595593,0.2586255447087483,1,110000,22500.0,4.888888888888889
11929.281766061882,1,West Bengal,5.0,60000,32,80,28,0.4510594571133226,0.4794228661472529,0.35538018265543164,0.3190906822877453,0.3603460831840537,1,110000,22500.0,4.888888888888889
20170.063895801417,2,West Bengal,5.0,60000,32,80,28,0.49212870859728153,0.35879455196675397,0.2320551968235362,0.2955331429797847,0.3742709657001166,0,110000,22500.0,4.888888888888889
48666.17662642065,5,West Bengal,5.0,60000,32,80,28,0.5728529060136717,0.6803550672078517,0.45762293433001483,0.4228438148577273,0.41732166752338024,0,110000,22500.0,4.888888888888889
19509.109373797524,2,West Bengal,5.0,60000,32,80,28,0.47366636248654,0.5126662369338261,0.5146376062915425,0.27615413511716197,0.294249987706347,0,110000,22500.0,4.888888888888889
78140.75535095573,5,West Bengal,5.0,60000,32,80,28,0.5742757618781528,0.659680232646247,0.25690738300970006,0.52739809508882,0.5510479221485557,1,110000,22500.0,4.888888888888889
17753.39446974207,2,West Bengal,5.0,60000,32,80,28,0.49736120317893184,0.6664478478058682,0.444315791895269,0.31372204409218285,0.38233174488198235,0,110000,22500.0,4.888888888888889
29653.702764010384,3,West Bengal,5.0,60000,32,80,28,0.5194527790116045,0.6383447947104426,0.17626565608918973,0.27408258646680117,0.3046107997024908,0,110000,22500.0,4.888888888888889
32105.99950743864,3,West Bengal,5.0,60000,32,80,28,0.5157609795900704,0.6612212055527195,0.5659061940668835,0.2355546955156536,0.3839009171890582,1,110000,22500.0,4.888888888888889
60325.68468229669,5,West Bengal,5.0,60000,32,80,28,0.5775416160405376,0.6967437807490797,0.3433504670658081,0.342680986997478,0.5227220898184143,1,110000,22500.0,4.888888888888889
37526.45679632034,4,West Bengal,5.0,60000,32,80,28,0.5546852547000005,0.7761683896724514,0.6241755157200828,0.5440326819074961,0.6558607885349437,0,110000,22500.0,4.888888888888889
32427.849252280295,3,West Bengal,5.0,60000,32,80,28,0.5210419822258908,0.6928677008663164,0.2954876974635633,0.3711259411919193,0.46027313345372084,1,110000,22500.0,4.888888888888889
21218.196214187315,2,West Bengal,5.0,60000,32,80,28,0.48595331809689085,0.65691506317971,0.24183977164811854,0.38100593897570106,0.3637771521887091,0,110000,22500.0,4.888888888888889
13453.970490405985,1,West Bengal,5.0,60000,32,80,28,0.4609721364816151,0.5558529646332324,0.2741640599344717,0.4124890266164274,0.3163307735363249,0,110000,22500.0,4.888888888888889
30261.81192725542,3,West Bengal,5.0,60000,32,80,28,0.4994692033230736,0.5416903288943019,0.3453467160227488,0.27166173400068394,0.31989198260026636,0,110000,22500.0,4.888888888888889
31509.14392989102,3,West Bengal,5.0,60000,32,80,28,0.49526306176231144,0.4338467430759345,0.2283485753793078,0.36806254639245084,0.28255270873227484,0,110000,22500.0,4.888888888888889
16033.571387659229,2,West Bengal,5.0,60000,32,80,28,0.48185670079215254,0.3186148663442021,0.5603228553037882,0.34549799684137217,0.3364727304014479,0,110000,22500.0,4.888888888888889
8000.0,1,West Bengal,5.0,60000,32,80,28,0.45097252138221966,0.389032876624889,0.3625471965568594,0.3862382499479107,0.3388661820726633,0,110000,22500.0,4.888888888888889
16062.793355314157,2,West Bengal,5.0,60000,32,80,28,0.4748466137505817,0.40609833849567956,0.2748811509028891,0.4818933051642664,0.4196476483630982,0,110000,22500.0,4.888888888888889
64515.02558719365,5,West Bengal,5.0,60000,32,80,28,0.5785442409839914,0.6277707308246445,0.54124921766213,0.5472813237751251,0.5670806054905705,1,110000,22500.0,4.888888888888889
30653.16868282329,3,West Bengal,5.0,60000,32,80,28,0.4916570784212019,0.5241820172170495,0.16494720341294392,0.4263280086758443,0.35404165550575667,0,110000,22500.0,4.888888888888889
34508.75241365687,4,West Bengal,5.0,60000,32,80,28,0.5349379917251362,0.8779979809997069,0.444550936403511,0.5598715365899463,0.704866239546898,1,110000,22500.0,4.888888888888889
38344.5886491323,4,West Bengal,5.0,60000,32,80,28,0.5354361588369381,0.6057324595480745,0.1666085743469608,0.5349920516628117,0.22134719755921836,0,110000,22500.0,4.888888888888889
39624.560097019224,4,West Bengal,5.0,60000,32,80,28,0.5239226964347197,0.4807315634406325,0.28863240276308455,0.5432910271411503,0.48660396894834723,0,110000,22500.0,4.888888888888889
15571.390003418544,2,West Bengal,5.0,60000,32,80,28,0.4952330243584073,0.5188965045735174,0.5371031999484321,0.184589495178888,0.3977961499463028,1,110000,22500.0,4.888888888888889
30542.542104185304,3,West Bengal,5.0,60000,32,80,28,0.496693701599081,0.4055923400162289,0.34332480308466884,0.3881074052387328,0.4011810316721414,0,110000,22500.0,4.888888888888889
11702.260116091717,1,West Bengal,5.0,60000,32,80,28,0.44440231371263744,0.5990474744036736,0.28210730818120555,0.36859634799337426,0.42895340088766765,0,110000,22500.0,4.888888888888889
69536.59015616562,5,West Bengal,5.0,60000,32,80,28,0.5793655118637656,0.6450505337172718,0.46280563324318214,0.3882149145204877,0.40801311764618364,1,110000,22500.0,4.888888888888889
20725.644790274324,2,West Bengal,5.0,60000,32,80,28,0.48674616772000157,0.2964150939002197,0.2788359686199644,0.40921346525869456,0.38857016425137086,1,110000,22500.0,4.888888888888889
14522.756867703718,1,West Bengal,5.0,60000,32,80,28,0.4392039673208668,0.24907901409228544,0.38213111400775407,0.13652582327349166,0.2557168902329164,0,110000,22500.0,4.888888888888889
57994.88704699602,5,West Bengal,5.0,60000,32,80,28,0.5771106063783207,0.8272453321721217,0.22346087665803466,0.506327785115201,0.5014361072576237,0,110000,22500.0,4.888888888888889
22484.051736132267,2,West Bengal,5.0,60000,32,80,28,0.4831835590722965,0.5280673390428671,0.2757462365208342,0.43917621377578014,0.43260575136467655,0,110000,22500.0,4.888888888888889
61387.33870525517,5,West Bengal,5.0,60000,32,80,28,0.5936160699068289,0.522817556285239,0.3310468913700932,0.4631822852453817,0.4800549654481615,0,110000,22500.0,4.888888888888889
38713.02933467768,4,West Bengal,5.0,60000,32,80,28,0.5443251184463973,0.5712804930198851,0.4493257762862404,0.5056135360925691,0.4245957866518799,1,110000,22500.0,4.888888888888889
8000.0,1,West Bengal,5.0,60000,32,80,28,0.44887329607502896,0.2846542501442301,0.41140827433581445,0.2928973787510386,0.18412787037540881,0,110000,22500.0,4.888888888888889
77372.88764462211,5,West Bengal,5.0,60000,32,80,28,0.56172069471452,0.4597221368594002,0.44737531715493123,0.527965071303863,0.38792065330665076,0,110000,22500.0,4.888888888888889
15447.98088946094,2,West Bengal,5.0,60000,32,80,28,0.47284328061615855,0.4393305521398718,0.43097602495235227,0.3387781525404348,0.3123007078740158,0,110000,22500.0,4.888888888888889
27422.506652987704,3,West Bengal,5.0,60000,32,80,28,0.5020280233310327,0.5107747539299571,0.3492132423214205,0.3765288007575478,0.41777562842916544,1,110000,22500.0,4.888888888888889
31537.23326503002,3,West Bengal,5.0,60000,32,80,28,0.5239967024248334,0.608145818532374,0.5980527790401016,0.4862657516617413,0.41091846129534504,0,110000,22500.0,4.888888888888889
33362.323349066246,4,West Bengal,5.0,60000,32,80,28,0.540465413435879,0.7607522570567586,0.3324192358423841,0.3116007334545016,0.479539489803102,1,110000,22500.0,4.888888888888889
33080.39065385076,4,West Bengal,5.0,60000,32,80,28,0.5459381855254616,0.8653454767304263,0.3120974612266567,0.4591731633830871,0.5497004490929495,1,110000,22500.0,4.888888888888889
8000.0,1,West Bengal,5.0,60000,32,80,28,0.4654281902855232,0.4284990265280051,0.40361199873467474,0.16822092411711836,0.43444606138962627,0,110000,22500.0,4.888888888888889
36115.94518626705,4,West Bengal,5.0,60000,32,80,28,0.5167010728636396,0.3740893623535365,0.3803854664361419,0.4526201512713082,0.4231939691449119,0,110000,22500.0,4.888888888888889
11661.725333434895,1,West Bengal,5.0,60000,32,80,28,0.463074451932718,0.5048269082474858,0.35451102102562837,0.4228565905822945,0.24776199675176444,1,110000,22500.0,4.888888888888889
18293.713176237205,2,West Bengal,5.0,60000,32,80,28,0.4808396834035476,0.3163583986805666,0.27604858626680995,0.20090714508116742,0.33598604701229995,0,110000,22500.0,4.888888888888889
43692.787526157175,4,West Bengal,5.0,60000,32,80,28,0.5446361980021187,0.7803579283256572,0.4572693154444855,0.4103798187366957,0.45046268004553774,0,110000,22500.0,4.888888888888889
16487.426611944407,2,West Bengal,5.0,60000,32,80,28,0.47200168206823173,0.4345595186643172,0.43017190071150013,0.4243691378606019,0.3204769087951052,0,110000,22500.0,4.888888888888889
18502.670100506253,2,West Bengal,5.0,60000,32,80,28,0.47273447030122906,0.4568774961267956,0.4435418090274041,0.2946852482888705,0.3394286219798245,0,110000,22500.0,4.888888888888889
28367.132794689292,3,West Bengal,5.0,60000,32,80,28,0.5151741731838441,0.6107349349380187,0.24039938701895952,0.3898722080169781,0.44177541720958613,1,110000,22500.0,4.888888888888889
66497.6376972096,5,West Bengal,5.0,60000,32,80,28,0.594131692289029,0.8534890965562225,0.4112706277178122,0.3681901198422122,0.5189125346298102,0,110000,22500.0,4.888888888888889
16029.085348129083,2,West Bengal,5.0,60000,32,80,28,0.4903188474138633,0.5542587316674101,0.45737075310843206,0.25069976034959535,0.3732542915714564,0,110000,22500.0,4.888888888888889
78442.68387587587,5,West Bengal,5.0,60000,32,80,28,0.5829409434998997,0.42362486563714696,0.31098722491933817,0.5397053394130106,0.3911326745579495,0,110000,22500.0,4.888888888888889
29175.284571540076,3,West Bengal,5.0,60000,32,80,28,0.5083657015831,0.4350936761680966,0.2984061809251287,0.48235404398215576,0.31724102060439985,1,110000,22500.0,4.888888888888889
17655.54842714116,2,Rajasthan,5.2,60000,72,40,50,0.5268551006112866,0.7244159820225606,0.5693633364134544,0.5328257937886548,0.5707105721241797,0,110000,23400.0,4.700854700854701
11446.158437214996,1,Rajasthan,5.2,60000,72,40,50,0.49504909334135294,0.23495538248499448,0.3067892537633102,0.5399651527324576,0.25844653700297654,0,110000,23400.0,4.700854700854701
23624.47940460714,3,Rajasthan,5.2,60000,72,40,50,0.557974405610176,0.45450021223235637,0.5200849925773847,0.5705861290411482,0.4512996569947838,1,110000,23400.0,4.700854700854701
34647.3639018706,4,Rajasthan,5.2,60000,72,40,50,0.5723293185254376,0.8656568794493087,0.4371135671842052,0.6819513515695036,0.6180064447225166,1,110000,23400.0,4.700854700854701
47826.33714611208,4,Rajasthan,5.2,60000,72,40,50,0.5856079494282268,0.7005014901434055,0.5572449416647991,0.7337549291699728,0.6637753778576218,0,110000,23400.0,4.700854700854701
21822.45696747752,2,Rajasthan,5.2,60000,72,40,50,0.5272536112965445,0.4200587732784423,0.4584048399905687,0.3637363091302712,0.3740500703942622,1,110000,23400.0,4.700854700854701
23068.64646157912,3,Rajasthan,5.2,60000,72,40,50,0.5611035611131944,0.5495338061607056,0.5290756334557403,0.5327837779278018,0.49625453542620895,1,110000,23400.0,4.700854700854701
11871.850511793971,1,Rajasthan,5.2,60000,72,40,50,0.5041746439546158,0.3632760138510754,0.41431711417408323,0.34585668879470566,0.27107851545886597,0,110000,23400.0,4.700854700854701
10083.98959067125,1,Rajasthan,5.2,60000,72,40,50,0.506481651543399,0.6896581887474298,0.5344810450276839,0.428457453173275,0.45801021924556123,1,110000,23400.0,4.700854700854701
34286.73235954014,4,Rajasthan,5.2,60000,72,40,50,0.5927078891327132,0.6706163461726351,0.4577308050682744,0.5887649123384454,0.5553474044401532,0,110000,23400.0,4.700854700854701
13598.609595066866,1,Rajasthan,5.2,60000,72,40,50,0.4970427119937153,0.5382621968226174,0.4680558887804556,0.47546527175061415,0.4772640865037032,0,110000,23400.0,4.700854700854701
31252.842808253186,3,Rajasthan,5.2,60000,72,40,50,0.5432235564244876,0.6996584307587229,0.5400829082716765,0.5206782849838464,0.4900675083792454,1,110000,23400.0,4.700854700854701
21575.45335592591,2,Rajasthan,5.2,60000,72,40,50,0.527104056773125,0.3292935866983948,0.34868182013213883,0.43630261721754926,0.31037209497429824,0,110000,23400.0,4.700854700854701
135979.71465864425,5,Rajasthan,5.2,60000,72,40,50,0.6131326364802728,0.5839993322402903,0.648303563857591,0.5018393775066257,0.4859156120606567,0,110000,23400.0,4.700854700854701
57656.91219852513,5,Rajasthan,5.2,60000,72,40,50,0.6275178103399289,0.6471053944767204,0.587042884247838,0.4993269489997827,0.5956836927761708,1,110000,23400.0,4.700854700854701
43291.79587174143,4,Rajasthan,5.2,60000,72,40,50,0.6019500168240798,0.7742890570617057,0.5104422599988019,0.4913913944276833,0.5571466869352318,0,110000,23400.0,4.700854700854701
27775.240905419625,3,Rajasthan,5.2,60000,72,40,50,0.5722428535277422,0.637338095118996,0.3135191929780599,0.5235848118053968,0.48668813024068175,1,110000,23400.0,4.700854700854701
38310.95230617108,4,Rajasthan,5.2,60000,72,40,50,0.6004266702184211,0.5412656812493644,0.6056572402887436,0.5641436997662782,0.5324348781590206,0,110000,23400.0,4.700854700854701
65305.90920990286,5,Rajasthan,5.2,60000,72,40,50,0.621521885502618,0.610353799718016,0.5509305832155551,0.5460975370805794,0.5486129765438985,1,110000,23400.0,4.700854700854701
84346.44259504449,5,Rajasthan,5.2,60000,72,40,50,0.6176375872023839,0.8371540563564263,0.44492662219907325,0.7355907604227966,0.6338332953817508,1,110000,23400.0,4.700854700854701
42765.692035237655,4,Rajasthan,5.2,60000,72,40,50,0.5853861153204722,0.605822451067782,0.5854539042162825,0.6439368523874347,0.6359474051484941,1,110000,23400.0,4.700854700854701
41803.7024248088,4,Rajasthan,5.2,60000,72,40,50,0.5777821536911254,0.6077021515201755,0.4648050685935967,0.5418383833641224,0.5388589687060704,0,110000,23400.0,4.700854700854701
43363.22800301308,4,Rajasthan,5.2,60000,72,40,50,0.6027756798622215,0.6387129164118814,0.44143253930124915,0.6779791544921784,0.6969610988914474,1,110000,23400.0,4.700854700854701
40807.040949940885,4,Rajasthan,5.2,60000,72,40,50,0.5911100324778431,0.8627985189731884,0.4813466515839638,0.7356626605513378,0.6538110293151305,1,110000,23400.0,4.700854700854701
60516.87988394189,5,Rajasthan,5.2,60000,72,40,50,0.6103937399209342,0.7796255498103302,0.5933532614599684,0.5624016160223809,0.7348047447610727,0,110000,23400.0,4.700854700854701
26673.537792259867,3,Rajasthan,5.2,60000,72,40,50,0.5545922291000405,0.5189539733096004,0.4945696379787997,0.4976658606400052,0.46755855474588787,1,110000,23400.0,4.700854700854701
53240.9871257821,5,Rajasthan,5.2,60000,72,40,50,0.6141874082928174,0.454699053844376,0.43519357255655056,0.7867583645225523,0.6304452806077748,0,110000,23400.0,4.700854700854701
33444.25479905619,4,Rajasthan,5.2,60000,72,40,50,0.5932873877072942,0.3972716439681799,0.6110609570624081,0.4802536602805171,0.45247612799714787,1,110000,23400.0,4.700854700854701
75565.0649753839,5,Rajasthan,5.2,60000,72,40,50,0.6335318213678498,0.5691725144166916,0.3000246331067041,0.5120452178867404,0.5436172651780763,0,110000,23400.0,4.700854700854701
78662.13903958819,5,Rajasthan,5.2,60000,72,40,50,0.619377247361187,0.45312561444291544,0.5483584613520301,0.6451862369812641,0.4010846679173729,0,110000,23400.0,4.700854700854701
31472.352382578054,3,Rajasthan,5.2,60000,72,40,50,0.5403318077093063,0.4680632755237162,0.40236238708927485,0.5294176197341787,0.3688285784919627,1,110000,23400.0,4.700854700854701
14344.325824378304,1,Rajasthan,5.2,60000,72,40,50,0.5009653395055537,0.36914877154683673,0.3957007314475033,0.31237551298262944,0.27341328270041765,0,110000,23400.0,4.700854700854701
69404.75513310802,5,Rajasthan,5.2,60000,72,40,50,0.6212952038561709,0.6496122354573672,0.44960689722214675,0.5758996957952733,0.7177490500684812,1,110000,23400.0,4.700854700854701
44457.08314350956,4,Rajasthan,5.2,60000,72,40,50,0.5906079405477876,0.6568753964217665,0.5976057727166146,0.564569887865231,0.6652351707172658,1,110000,23400.0,4.700854700854701
10795.356313181948,1,Rajasthan,5.2,60000,72,40,50,0.4965825311923859,0.32224093721767766,0.5759818380209478,0.5355517753579798,0.45334935017236266,1,110000,23400.0,4.700854700854701
24961.22121156317,3,Rajasthan,5.2,60000,72,40,50,0.5650315336644013,0.4005943750363675,0.4246817846047186,0.6012415951350644,0.4518042954179126,1,110000,23400.0,4.700854700854701
9314.860028508545,1,Rajasthan,5.2,60000,72,40,50,0.5035185540086329,0.45692072165623215,0.5006746740035937,0.5632468804267458,0.4225548630748851,0,110000,23400.0,4.700854700854701
51447.8670306267,5,Rajasthan,5.2,60000,72,40,50,0.6226088397158764,0.4398237061060044,0.3640459171684944,0.5886388699793047,0.46398846404177313,0,110000,23400.0,4.700854700854701
45522.90962031994,4,Rajasthan,5.2,60000,72,40,50,0.5969835564715725,0.8038620858746817,0.5653601682767223,0.5317024156390391,0.6605611568129,1,110000,23400.0,4.700854700854701
42066.82570938242,4,Rajasthan,5.2,60000,72,40,50,0.5885588146256643,0.40402816071858566,0.5711550506742039,0.5778433991222249,0.5299237059150653,1,110000,23400.0,4.700854700854701
20554.005567136,2,Rajasthan,5.2,60000,72,40,50,0.5279912861601364,0.52704260210479,0.4693868800803477,0.3411473299610259,0.48155482206011385,1,110000,23400.0,4.700854700854701
40293.70325796545,4,Rajasthan,5.2,60000,72,40,50,0.6066583757529969,0.7177529366986752,0.612410693810243,0.5010849153134709,0.6356967907501815,1,110000,23400.0,4.700854700854701
24125.530973410936,3,Rajasthan,5.2,60000,72,40,50,0.5684506969542972,0.6626090929717323,0.5849194535322468,0.45233022195372097,0.5683249264006697,1,110000,23400.0,4.700854700854701
19874.82766469633,2,Rajasthan,5.2,60000,72,40,50,0.5411266034665709,0.43599157144447254,0.6674163256122266,0.35721589882172544,0.389149862374343,0,110000,23400.0,4.700854700854701
49502.93760751103,5,Rajasthan,5.2,60000,72,40,50,0.6351181887104835,0.6427503058824001,0.5736124268618314,0.6254280958059933,0.5696828676639036,0,110000,23400.0,4.700854700854701
34096.41361793738,4,Rajasthan,5.2,60000,72,40,50,0.5981165846633909,0.5279390263090677,0.45095963408754347,0.7105449504809124,0.5889981807912865,1,110000,23400.0,4.700854700854701
55618.87833348111,5,Rajasthan,5.2,60000,72,40,50,0.6321410296485046,0.40824054357112916,0.6487395747625277,0.4900980138492349,0.5628663856282347,1,110000,23400.0,4.700854700854701
31467.760263410863,3,Rajasthan,5.2,60000,72,40,50,0.5470636912364403,0.6626003281383102,0.8118441204526277,0.577413288902566,0.6069641055293643,0,110000,23400.0,4.700854700854701
18810.096010305224,2,Rajasthan,5.2,60000,72,40,50,0.5348986815771032,0.4621380739703954,0.4355814713127967,0.602688704242936,0.39280780812863564,1,110000,23400.0,4.700854700854701
78486.75972509362,5,Rajasthan,5.2,60000,72,40,50,0.6210299582389996,0.7837355035366682,0.36452040511491074,0.5211452196748619,0.5921898782788989,0,110000,23400.0,4.700854700854701
26293.386189307213,3,Rajasthan,5.2,60000,72,40,50,0.579633983766141,0.43238543311708433,0.45025174947457386,0.6640663738272544,0.5818121191096712,1,110000,23400.0,4.700854700854701
8000.0,1,Rajasthan,5.2,60000,72,40,50,0.5121335981751759,0.33790316384514874,0.5462434791140741,0.5344453819283179,0.35910931875713037,0,110000,23400.0,4.700854700854701
57760.17459597978,5,Rajasthan,5.2,60000,72,40,50,0.6165526909492111,0.6086729677721572,0.5547864640526825,0.55326029236305,0.5597865268488007,1,110000,23400.0,4.700854700854701
18635.726810681368,2,Rajasthan,5.2,60000,72,40,50,0.536585084442435,0.38196148317982453,0.5406744322643949,0.6104919615671366,0.4199964481868418,0,110000,23400.0,4.700854700854701
12622.74558508004,1,Rajasthan,5.2,60000,72,40,50,0.5045339561916353,0.5285237655690969,0.5330966589711061,0.5300936247635414,0.5522391692708932,0,110000,23400.0,4.700854700854701
41118.23458412511,4,Rajasthan,5.2,60000,72,40,50,0.5974004571886652,0.5602715111968424,0.47199544073256694,0.47230561676952887,0.6538771712226554,0,110000,23400.0,4.700854700854701
88213.86752434677,5,Rajasthan,5.2,60000,72,40,50,0.6126687181633964,0.8251784705282768,0.5110679891989034,0.7380687230954841,0.762495950914784,1,110000,23400.0,4.700854700854701
55293.40634467514,5,Rajasthan,5.2,60000,72,40,50,0.6264573075095251,0.5868889662929644,0.3775192695032735,0.6515437704987023,0.45687204975929036,1,110000,23400.0,4.700854700854701
38652.290478956944,4,Rajasthan,5.2,60000,72,40,50,0.5905756293642606,0.7361653071223804,0.4155819741259579,0.6836768614392629,0.6370529524305468,1,110000,23400.0,4.700854700854701
14752.230252145484,1,Rajasthan,5.2,60000,72,40,50,0.5056816404976989,0.39541083507655483,0.3286529053062186,0.47418838794880924,0.4220235607338594,0,110000,23400.0,4.700854700854701
32536.08909832146,4,Rajasthan,5.2,60000,72,40,50,0.5856132912059212,0.7294879361517728,0.48983573818507187,0.5564459914333262,0.700712292251224,0,110000,23400.0,4.700854700854701
79646.25889802274,5,Rajasthan,5.2,60000,72,40,50,0.6170065111431768,0.48106735891931973,0.44994376595510654,0.6692310297486378,0.5221149959371716,1,110000,23400.0,4.700854700854701
18236.238441899703,2,Rajasthan,5.2,60000,72,40,50,0.5445955630608099,0.43087283188231207,0.5337810021016722,0.5297431110879536,0.4676895915317217,1,110000,23400.0,4.700854700854701
17519.116176321666,2,Rajasthan,5.2,60000,72,40,50,0.5223416672737413,0.4015688582887851,0.3355686103960019,0.5687507331649633,0.3450143455617491,0,110000,23400.0,4.700854700854701
10244.298033748657,1,Rajasthan,5.2,60000,72,40,50,0.4930795988467224,0.4102083277812841,0.411151833958743,0.5380934164502166,0.32584846292802366,0,110000,23400.0,4.700854700854701
62602.23607861096,5,Rajasthan,5.2,60000,72,40,50,0.6223413302849871,0.8732225836266868,0.4412074814041611,0.6878520895523029,0.6742975561168946,1,110000,23400.0,4.700854700854701
19682.721916636154,2,Rajasthan,5.2,60000,72,40,50,0.5251382391052833,0.41406070438372866,0.5459949264106778,0.635783351609294,0.6118724618347462,1,110000,23400.0,4.700854700854701
100389.20380232121,5,Rajasthan,5.2,60000,72,40,50,0.6140068565345149,0.7732861636320004,0.4634303241514177,0.7224541705430575,0.6599732624951269,1,110000,23400.0,4.700854700854701
8000.0,1,Rajasthan,5.2,60000,72,40,50,0.5039079025692258,0.26607718570567385,0.4829210527559935,0.5621183885405147,0.4151143178267853,1,110000,23400.0,4.700854700854701
36607.56218184221,4,Rajasthan,5.2,60000,72,40,50,0.5778064842881058,0.6237146962446635,0.628015264525297,0.5347371888982838,0.4794454894703397,0,110000,23400.0,4.700854700854701
30870.762538389,3,Rajasthan,5.2,60000,72,40,50,0.5527775205080064,0.6585735184972356,0.5391788526213914,0.4837571185226658,0.5410924332248034,0,110000,23400.0,4.700854700854701
8000.0,1,Rajasthan,5.2,60000,72,40,50,0.5233980986863793,0.34490703601288375,0.5894240799556312,0.39758941175379936,0.3681032771797903,0,110000,23400.0,4.700854700854701
18036.895827279823,2,Rajasthan,5.2,60000,72,40,50,0.537451893446833,0.5781092611233516,0.32020379319029224,0.47080377569080456,0.41094398658578746,0,110000,23400.0,4.700854700854701
35434.44929302942,4,Rajasthan,5.2,60000,72,40,50,0.5853915093344437,0.507211995421004,0.5494447925116623,0.7273089293970052,0.7109715826886986,0,110000,23400.0,4.700854700854701
90687.48663167765,5,Rajasthan,5.2,60000,72,40,50,0.6270392936398048,0.6754782301891245,0.4138554051923058,0.5109482546915842,0.5250270226293026,1,110000,23400.0,4.700854700854701
13148.266507099443,1,Rajasthan,5.2,60000,72,40,50,0.5085304476270092,0.5488197932750545,0.6733999204962213,0.43842196279697243,0.4617416603917851,1,110000,23400.0,4.700854700854701
70690.32155103575,5,Rajasthan,5.2,60000,72,40,50,0.6328012870580453,0.7606682314816848,0.45165286105031477,0.5372370453769363,0.6152813954935655,1,110000,23400.0,4.700854700854701
19391.869496402524,2,Rajasthan,5.2,60000,72,40,50,0.5315855825625756,0.39806110958084273,0.5137982596680811,0.5821568985146504,0.23967802948071662,0,110000,23400.0,4.700854700854701
55337.07615964113,5,Rajasthan,5.2,60000,72,40,50,0.6326221198848718,0.4815599580560215,0.4001669062188309,0.49823216929217784,0.44323602898428943,0,110000,23400.0,4.700854700854701
23448.342888468054,3,Rajasthan,5.2,60000,72,40,50,0.5424726776083211,0.48342277356801855,0.4117011362242593,0.5254321660385551,0.33689753616709833,0,110000,23400.0,4.700854700854701
17384.977105203943,2,Rajasthan,5.2,60000,72,40,50,0.5222940615523853,0.4327860975642406,0.3371567404330077,0.4573111957667644,0.3601426411549198,0,110000,23400.0,4.700854700854701
12058.899630747821,1,Rajasthan,5.2,60000,72,40,50,0.5044958568745075,0.30701822369461146,0.3029185596049148,0.31654318588912644,0.43806185144166726,0,110000,23400.0,4.700854700854701
15867.16097553574,2,Rajasthan,5.2,60000,72,40,50,0.5361534781852209,0.41160497767352333,0.6374079919768763,0.4519045739673858,0.273432766219392,0,110000,23400.0,4.700854700854701
25722.03142095649,3,Rajasthan,5.2,60000,72,40,50,0.5537393199804564,0.46580839063711643,0.44104144664247613,0.6315980382965828,0.3865153585372565,0,110000,23400.0,4.700854700854701
33864.877258678054,4,Rajasthan,5.2,60000,72,40,50,0.5954513427697744,0.6399017695010946,0.7340969948571241,0.48013128490117996,0.683838672976451,1,110000,23400.0,4.700854700854701
36955.65691203529,4,Rajasthan,5.2,60000,72,40,50,0.5866187403702703,0.5289231852295311,0.6016210900973503,0.7339406157794989,0.603839237074581,0,110000,23400.0,4.700854700854701
40871.163680962156,4,Rajasthan,5.2,60000,72,40,50,0.5900875519148712,0.661991352600847,0.7097932837401238,0.45642519242795354,0.6120027901397549,1,110000,23400.0,4.700854700854701
23833.554578890926,3,Rajasthan,5.2,60000,72,40,50,0.573104880863793,0.3483751771588237,0.561661528222206,0.47561972083609017,0.4665507698336414,0,110000,23400.0,4.700854700854701
54549.943883277876,5,Rajasthan,5.2,60000,72,40,50,0.6319465178260288,0.6615505416347449,0.5233157634033129,0.721358623148208,0.6590058324243917,1,110000,23400.0,4.700854700854701
16618.88134488624,2,Rajasthan,5.2,60000,72,40,50,0.5228865395835103,0.36574893808254794,0.6151780535335716,0.44614527374223667,0.41369528965422714,1,110000,23400.0,4.700854700854701
32755.756505526202,4,Rajasthan,5.2,60000,72,40,50,0.5822846282369418,0.3724618070810375,0.6307991995488995,0.5829949357102652,0.29635288146658767,0,110000,23400.0,4.700854700854701
13457.075475938802,1,Rajasthan,5.2,60000,72,40,50,0.49874540890160973,0.2712249879656716,0.6466205328061997,0.3448864423179645,0.37130602571336413,1,110000,23400.0,4.700854700854701
39538.74947208607,4,Rajasthan,5.2,60000,72,40,50,0.5925896798454137,0.6680916035703548,0.42808639067946674,0.6535376535357719,0.6655429773565975,1,110000,23400.0,4.700854700854701
19918.736914315272,2,Rajasthan,5.2,60000,72,40,50,0.5262781579713955,0.24694134329498868,0.5721245122424755,0.3927513727620334,0.4553770019079964,1,110000,23400.0,4.700854700854701
39352.25743573489,4,Rajasthan,5.2,60000,72,40,50,0.6032635672851395,0.6281423256525555,0.5979337763727217,0.69350821801425,0.6724283554057467,0,110000,23400.0,4.700854700854701
15327.866680863042,2,Rajasthan,5.2,60000,72,40,50,0.5363310412742285,0.35056845868568387,0.5985866237646897,0.5007387524777018,0.4485568771914261,1,110000,23400.0,4.700854700854701
11421.374251924553,1,Rajasthan,5.2,60000,72,40,50,0.5069179939558872,0.4871295485237289,0.434543297831046,0.4533359375815724,0.433330297305978,0,110000,23400.0,4.700854700854701
16076.744088739895,2,Rajasthan,5.2,60000,72,40,50,0.5201917545676932,0.28716326448940127,0.32960546909153815,0.6189423665615069,0.4773784800858255,0,110000,23400.0,4.700854700854701
12523.736776877195,1,Rajasthan,5.2,60000,72,40,50,0.5145300500309807,0.293619680203334,0.3507008179472446,0.5207887632652587,0.2800414129342766,0,110000,23400.0,4.700854700854701
35430.29370587446,4,Rajasthan,5.2,60000,72,40,50,0.564655454634736,0.7304635411972319,0.4164311632719563,0.6618307348292661,0.7143904953048827,1,110000,23400.0,4.700854700854701
29539.352409424664,3,Rajasthan,5.2,60000,72,40,50,0.5711976973756365,0.3586240039797643,0.36868664205334345,0.6463009387521678,0.5531000565821869,0,110000,23400.0,4.700854700854701
51192.767336570316,5,Rajasthan,5.2,60000,72,40,50,0.6322002602338506,0.8395391065525537,0.3142726184338527,0.516434074030421,0.7085764569098577,0,110000,23400.0,4.700854700854701
16853.8885299941,2,Rajasthan,5.2,60000,72,40,50,0.5285331309843633,0.33049452679394065,0.6299212132080729,0.5567021977730314,0.49752169390850753,0,110000,23400.0,4.700854700854701
14343.790542714265,1,Rajasthan,5.2,60000,72,40,50,0.5155862450296171,0.09412163953065261,0.6202346383243277,0.358851262819632,0.3016719559649876,1,110000,23400.0,4.700854700854701
11535.836426291897,1,Rajasthan,5.2,60000,72,40,50,0.5022261673275994,0.5260876794548556,0.6801111092535039,0.37317279110752055,0.49158302437242435,0,110000,23400.0,4.700854700854701
76382.4545119184,5,Rajasthan,5.2,60000,72,40,50,0.6234814598904174,0.5918998614783346,0.46228886375498557,0.49343273005832167,0.5943463070658355,0,110000,23400.0,4.700854700854701
29252.088677545074,3,Rajasthan,5.2,60000,72,40,50,0.566252430731185,0.6369802453256174,0.5525881365849556,0.6570052078625627,0.7224403803259968,1,110000,23400.0,4.700854700854701
13998.59755096894,1,Rajasthan,5.2,60000,72,40,50,0.5347228919752535,0.5013950145021512,0.466110493396193,0.5106227685212941,0.44353741438083943,0,110000,23400.0,4.700854700854701
23236.35660286953,3,Rajasthan,5.2,60000,72,40,50,0.5763014819379729,0.5202499549519882,0.7535019409825607,0.43067502822954284,0.5027559546688388,1,110000,23400.0,4.700854700854701
113475.81289622973,5,Rajasthan,5.2,60000,72,40,50,0.6298684548642721,0.8614882574522155,0.5342836755254445,0.5872658498836225,0.7248310891223924,1,110000,23400.0,4.700854700854701
47620.37756793628,4,Rajasthan,5.2,60000,72,40,50,0.5837290979911309,0.7484839453297942,0.4800582328048435,0.5828687490079891,0.5757410785491787,0,110000,23400.0,4.700854700854701
82879.40705545139,5,Rajasthan,5.2,60000,72,40,50,0.6242930411119378,0.6781656806917282,0.41477760683842385,0.6370621235616959,0.5566505134709996,1,110000,23400.0,4.700854700854701
37937.01130535804,4,Rajasthan,5.2,60000,72,40,50,0.584725901918679,0.4773190348154709,0.5457783964738134,0.6175850711119798,0.5089377397084407,0,110000,23400.0,4.700854700854701
42788.16771393492,4,Rajasthan,5.2,60000,72,40,50,0.601078251329971,0.5629110713157781,0.5094992500666371,0.5805440018074504,0.40774656627789735,0,110000,23400.0,4.700854700854701
33395.722731040776,4,Rajasthan,5.2,60000,72,40,50,0.5942618126144914,0.6674837797412692,0.43060185922727207,0.6334824835895126,0.5305136482283586,1,110000,23400.0,4.700854700854701
31485.402604527015,3,Rajasthan,5.2,60000,72,40,50,0.5516119260610038,0.3686413214678912,0.48306377768178493,0.6540501276827192,0.531558031351938,0,110000,23400.0,4.700854700854701
51679.35110248363,5,Rajasthan,5.2,60000,72,40,50,0.6236683886913279,0.6343716766915627,0.3554545430193312,0.6083106554550839,0.5658397458109364,1,110000,23400.0,4.700854700854701
150000.0,5,Rajasthan,5.2,60000,72,40,50,0.6143629681599798,0.839125494529644,0.3837156877970112,0.7519021647061465,0.6975725443555215,1,110000,23400.0,4.700854700854701
15172.817471108749,2,Rajasthan,5.2,60000,72,40,50,0.5343693050705184,0.2448055292774334,0.4682795143500905,0.4047719536894824,0.4636281993350916,1,110000,23400.0,4.700854700854701
8000.0,1,Rajasthan,5.2,60000,72,40,50,0.4942663696934903,0.32489390454729267,0.4157944885218735,0.3253032864075701,0.5024889152649266,1,110000,23400.0,4.700854700854701
33732.51202983484,4,Rajasthan,5.2,60000,72,40,50,0.593132019190751,0.6066644749949895,0.6536268861882494,0.510709277872357,0.5534547495222093,1,110000,23400.0,4.700854700854701
93020.58741299066,5,Rajasthan,5.2,60000,72,40,50,0.6303618414764939,0.6303170732943886,0.5838232270358779,0.5508666853973839,0.5143766773794989,0,110000,23400.0,4.700854700854701
23328.4371723965,3,Rajasthan,5.2,60000,72,40,50,0.5623266229378918,0.2716656354407159,0.3320918854301586,0.6844126139237611,0.42345681535166363,0,110000,23400.0,4.700854700854701
33040.53937849482,4,Rajasthan,5.2,60000,72,40,50,0.588948260185419,0.6879674209116406,0.5903884446608754,0.55320500682236,0.6479013247674137,1,110000,23400.0,4.700854700854701
113578.19583768645,5,Rajasthan,5.2,60000,72,40,50,0.6248899050677175,0.7449676692924908,0.5831462277592154,0.6843308695692941,0.8082071230949788,1,110000,23400.0,4.700854700854701
17116.960184486346,2,Rajasthan,5.2,60000,72,40,50,0.5398289690650715,0.6102198218477761,0.5043970836309294,0.5477046847854098,0.5342671800985055,1,110000,23400.0,4.700854700854701
19188.751644191274,2,Rajasthan,5.2,60000,72,40,50,0.5217853101583253,0.6617548429658163,0.4850683717345353,0.4724514757082722,0.5327316704978065,0,110000,23400.0,4.700854700854701
33730.42375688577,4,Rajasthan,5.2,60000,72,40,50,0.5954637044041949,0.7618301107626908,0.4134422291634974,0.5059604093253631,0.5434085595881628,0,110000,23400.0,4.700854700854701
39447.00867778619,4,Rajasthan,5.2,60000,72,40,50,0.6060325510473169,0.8332868556290574,0.5298877553986241,0.5703182929355034,0.6409884023366651,0,110000,23400.0,4.700854700854701
29391.6443068573,3,Rajasthan,5.2,60000,72,40,50,0.56859371248991,0.5375700261732688,0.3378213838102267,0.5310171547808206,0.5693306665241451,1,110000,23400.0,4.700854700854701
41952.991816987436,4,Rajasthan,5.2,60000,72,40,50,0.5934346843238152,0.8290337670057693,0.46750887714732314,0.7250911958650536,0.7130478446865413,1,110000,23400.0,4.700854700854701
19834.13139781007,2,Rajasthan,5.2,60000,72,40,50,0.5392545179241318,0.5714752527659597,0.42100485929089826,0.5094760003997216,0.4751620742014465,0,110000,23400.0,4.700854700854701
38529.29186760806,4,Rajasthan,5.2,60000,72,40,50,0.5973821074181697,0.6330482498678303,0.6462039397299274,0.7298506704912043,0.6703463236269722,1,110000,23400.0,4.700854700854701
21067.31871643304,2,Rajasthan,5.2,60000,72,40,50,0.5403931539487411,0.5303751254682862,0.46445844226652744,0.5119026835962733,0.45219370907668416,0,110000,23400.0,4.700854700854701
28255.305215415774,3,Rajasthan,5.2,60000,72,40,50,0.5426178267473134,0.4109939877402071,0.6620155226835938,0.4323882935711658,0.5583160989381338,1,110000,23400.0,4.700854700854701
122965.59776288102,5,Rajasthan,5.2,60000,72,40,50,0.6073225815205102,0.8666677392492831,0.49029976194415226,0.6042018803563903,0.7607212569099112,1,110000,23400.0,4.700854700854701
15410.153668105704,2,Rajasthan,5.2,60000,72,40,50,0.5429054343519752,0.6411369047223847,0.6401541082862321,0.5765828866701186,0.5073431676422375,1,110000,23400.0,4.700854700854701
101806.93250336422,5,Rajasthan,5.2,60000,72,40,50,0.6078043510955284,0.6196804610977362,0.3578724903282944,0.6153755692514061,0.49915832219434936,0,110000,23400.0,4.700854700854701
38411.32113163568,4,Rajasthan,5.2,60000,72,40,50,0.5968725292143349,0.455257672008326,0.4323266594807048,0.4688090423413742,0.44432373216756565,0,110000,23400.0,4.700854700854701
83162.71919407306,5,Rajasthan,5.2,60000,72,40,50,0.61933664629682,0.7408391630199829,0.36680543608282135,0.5177117370653123,0.6251262825924611,0,110000,23400.0,4.700854700854701
28390.115507905946,3,Rajasthan,5.2,60000,72,40,50,0.5528952504011828,0.37717437752664473,0.6125360455170014,0.4600083157063175,0.43205215340551073,1,110000,23400.0,4.700854700854701
25109.167749104494,3,Rajasthan,5.2,60000,72,40,50,0.5663536404286176,0.5502798333096022,0.33212948858643365,0.5583204239855152,0.5574725080332447,0,110000,23400.0,4.700854700854701
27260.518784840726,3,Rajasthan,5.2,60000,72,40,50,0.5648674778943086,0.6401839345339233,0.3708789017238722,0.6379353820187922,0.430121345964092,0,110000,23400.0,4.700854700854701
51195.55145083821,5,Rajasthan,5.2,60000,72,40,50,0.6439605693781066,0.866819057734349,0.4608572196039242,0.6490027135399691,0.6639215678706325,0,110000,23400.0,4.700854700854701
16824.069588646307,2,Rajasthan,5.2,60000,72,40,50,0.526609030811784,0.3378874761117401,0.6319494816456994,0.5627130048907275,0.4877493009069729,1,110000,23400.0,4.700854700854701
71305.28378549185,5,Rajasthan,5.2,60000,72,40,50,0.6372582440578346,0.6988242867367759,0.5000027334466983,0.6825668199555445,0.577967673869906,1,110000,23400.0,4.700854700854701
32928.227265300295,4,Rajasthan,5.2,60000,72,40,50,0.596381372000986,0.5547687490915381,0.6561126092674915,0.5961186444318137,0.5811103325980944,1,110000,23400.0,4.700854700854701
59200.99308283631,5,Rajasthan,5.2,60000,72,40,50,0.6162469240417158,0.9203411210608482,0.5244049334425154,0.5533312670764875,0.7240868557392948,0,110000,23400.0,4.700854700854701
8279.958749689473,1,Rajasthan,5.2,60000,72,40,50,0.5108496074323153,0.6231246243900845,0.4142551282978111,0.5538394507954816,0.4797572260692726,1,110000,23400.0,4.700854700854701
19308.72715818507,2,Rajasthan,5.2,60000,72,40,50,0.5385145279016824,0.2956146035605104,0.5661520796875377,0.42160350803297475,0.4390924894145484,1,110000,23400.0,4.700854700854701
39434.603592321946,4,Rajasthan,5.2,60000,72,40,50,0.5932155758057234,0.47317376239745906,0.47828276501705336,0.5147348678755189,0.605421374962423,0,110000,23400.0,4.700854700854701
11663.883841977571,1,Rajasthan,5.2,60000,72,40,50,0.5055200964215492,0.4140059693551738,0.42054529262342355,0.36622817624015924,0.3094965026849776,0,110000,23400.0,4.700854700854701
38089.3294997436,4,Rajasthan,5.2,60000,72,40,50,0.5868872725466876,0.7665392434599653,0.5623271092191191,0.4675945233962723,0.5962738166106424,0,110000,23400.0,4.700854700854701
150000.0,5,Rajasthan,5.2,60000,72,40,50,0.6145992716045978,0.8057523671810567,0.6478411980699793,0.6384851011602777,0.4710516664312523,1,110000,23400.0,4.700854700854701
32480.294419411162,4,Rajasthan,5.2,60000,72,40,50,0.6004515645953686,0.7340287743052276,0.46918271626612573,0.5371479752017426,0.474773436137654,0,110000,23400.0,4.700854700854701
41568.598726044685,4,Rajasthan,5.2,60000,72,40,50,0.5906177486140102,0.7694864008220669,0.4491014138693217,0.5954714832073572,0.6512990872121075,0,110000,23400.0,4.700854700854701
26357.707881615974,3,Rajasthan,5.2,60000,72,40,50,0.5620563128746519,0.6327713597239443,0.6867322065106107,0.5248235032306698,0.535290966419299,1,110000,23400.0,4.700854700854701
8000.0,1,Rajasthan,5.2,60000,72,40,50,0.5056553588165856,0.3537432582598147,0.4117874999821067,0.44482643063389415,0.40039179882760223,1,110000,23400.0,4.700854700854701
15661.88969625201,2,Rajasthan,5.2,60000,72,40,50,0.535510026304981,0.6150074785224037,0.5597086578484252,0.4281848944552078,0.38089819525656954,0,110000,23400.0,4.700854700854701
35407.933246575194,4,Rajasthan,5.2,60000,72,40,50,0.5785638781474022,0.8068254440662377,0.5821153446336818,0.6834303227967174,0.46234584962993597,0,110000,23400.0,4.700854700854701
8000.0,1,Rajasthan,5.2,60000,72,40,50,0.5157196637216914,0.45793377364704246,0.6650282928268526,0.4491467891637956,0.41627029877104044,0,110000,23400.0,4.700854700854701
14661.91873196783,1,Rajasthan,5.2,60000,72,40,50,0.5040689643761497,0.47374657731674064,0.5369037730257812,0.3514192895765724,0.36419155397401803,1,110000,23400.0,4.700854700854701
30887.93690328873,3,Rajasthan,5.2,60000,72,40,50,0.5608306102289213,0.37547636411564117,0.46356711134612255,0.6594299989641433,0.4769505396380437,0,110000,23400.0,4.700854700854701
41400.150904367656,4,Rajasthan,5.2,60000,72,40,50,0.5971656029088404,0.4593786846771972,0.5151560002910807,0.4717254191389857,0.6005230469435106,1,110000,23400.0,4.700854700854701
46593.81106494525,4,Rajasthan,5.2,60000,72,40,50,0.5952225647932915,0.7929079450016419,0.5277568299286787,0.6589192331593788,0.49462629158181637,0,110000,23400.0,4.700854700854701
22381.195967418644,2,Rajasthan,5.2,60000,72,40,50,0.54052776975204,0.3605317507804455,0.5239738861346201,0.542423410320121,0.4050376527527825,0,110000,23400.0,4.700854700854701
37854.70658219974,4,Rajasthan,5.2,60000,72,40,50,0.5982369795786523,0.6903986702989261,0.4512545822643437,0.4607465656599621,0.5080823556390549,1,110000,23400.0,4.700854700854701
21608.874777857003,2,Rajasthan,5.2,60000,72,40,50,0.5400356051471056,0.36137840346672045,0.6599097003069389,0.6093411734925237,0.5021351299663712,1,110000,23400.0,4.700854700854701
41075.23764187796,4,Rajasthan,5.2,60000,72,40,50,0.606367081914418,0.3744972726937033,0.5947294773312353,0.533782615423421,0.5867209484859637,1,110000,23400.0,4.700854700854701
49892.8579193143,5,Rajasthan,5.2,60000,72,40,50,0.6316933883468526,0.4257067672889643,0.3093292718439552,0.7111573935732695,0.5360438978641813,0,110000,23400.0,4.700854700854701
11523.91418453759,1,Rajasthan,5.2,60000,72,40,50,0.5012522806538573,0.5224806683223113,0.583985116097947,0.3719893646441417,0.49307903573698003,0,110000,23400.0,4.700854700854701
44870.456975302215,4,Rajasthan,5.2,60000,72,40,50,0.5816281312963746,0.5417064602021134,0.6916909309304362,0.5965964118331528,0.672082251637428,1,110000,23400.0,4.700854700854701
107313.35759352484,5,Rajasthan,5.2,60000,72,40,50,0.639535122187188,0.6580838204190695,0.36629226552970456,0.7805889730325143,0.5388328478785409,0,110000,23400.0,4.700854700854701
35703.58305698088,4,Rajasthan,5.2,60000,72,40,50,0.5904799091236718,0.6379632011496783,0.8081073500131084,0.6221218118493429,0.7228371905509803,0,110000,23400.0,4.700854700854701
18200.216566235107,2,Rajasthan,5.2,60000,72,40,50,0.5281260687235377,0.6648171658122672,0.7623390203430607,0.42778571732703474,0.5325157071048179,0,110000,23400.0,4.700854700854701
16945.79843886879,2,Rajasthan,5.2,60000,72,40,50,0.5154898746794985,0.5288242713302255,0.657574247045723,0.47640203281121185,0.5024183676790145,0,110000,23400.0,4.700854700854701
43714.50456868219,4,Rajasthan,5.2,60000,72,40,50,0.596241873910264,0.5889744767399947,0.39045027383444225,0.6417012342133358,0.5682453240213512,1,110000,23400.0,4.700854700854701
18489.143035765926,2,Rajasthan,5.2,60000,72,40,50,0.5343460088966806,0.5014282107341073,0.4810104013037939,0.4724455575437062,0.490275855006915,1,110000,23400.0,4.700854700854701
14087.41041314114,1,Rajasthan,5.2,60000,72,40,50,0.4877059934946481,0.22532180097241494,0.4530699489629549,0.5621134575985001,0.2889814011667769,0,110000,23400.0,4.700854700854701
9437.340770707591,1,Rajasthan,5.2,60000,72,40,50,0.5073898832784747,0.5545068633771906,0.4561050285067888,0.5491271098078359,0.3643846572246865,1,110000,23400.0,4.700854700854701
31103.857647242883,3,Rajasthan,5.2,60000,72,40,50,0.5578752236501284,0.43154216914847704,0.4026418608395149,0.432931941977046,0.387232739714961,1,110000,23400.0,4.700854700854701
16232.711482953504,2,Rajasthan,5.2,60000,72,40,50,0.5597602929300298,0.23844622703132345,0.5969291457029761,0.5743711571079072,0.5082195604649155,0,110000,23400.0,4.700854700854701
61005.11515863747,5,Rajasthan,5.2,60000,72,40,50,0.6171635309362342,0.7963302770679729,0.5610156562054489,0.7716133624765201,0.7733138956483531,1,110000,23400.0,4.700854700854701
26463.282744406046,3,Rajasthan,5.2,60000,72,40,50,0.5585052095351649,0.8228358474868046,0.48540140026351897,0.4839613562013858,0.5134783981902561,1,110000,23400.0,4.700854700854701
43599.26030325935,4,Rajasthan,5.2,60000,72,40,50,0.5841093806145992,0.6370697651815921,0.7662595945820636,0.5103548030752364,0.6615680578525236,1,110000,23400.0,4.700854700854701
74405.30070548157,5,Rajasthan,5.2,60000,72,40,50,0.6356359080675626,0.4319848697157639,0.5738078006067815,0.4917655127809527,0.5103067215842387,0,110000,23400.0,4.700854700854701
89640.68184300016,5,Rajasthan,5.2,60000,72,40,50,0.6191293849124954,0.6902601411881685,0.5584507670195927,0.523586119552301,0.6177794484857775,0,110000,23400.0,4.700854700854701
15730.242125877963,2,Rajasthan,5.2,60000,72,40,50,0.5256080013194879,0.5285080575049984,0.504809425614158,0.6271628101763654,0.47703254386955113,1,110000,23400.0,4.700854700854701
16600.540900065607,2,Rajasthan,5.2,60000,72,40,50,0.5399266929563483,0.4191666904970536,0.43569897853424994,0.4562253772101501,0.43453167947477445,0,110000,23400.0,4.700854700854701
19049.840814394298,2,Rajasthan,5.2,60000,72,40,50,0.519053613503011,0.6119862883145071,0.4405581241643074,0.45509135072648366,0.3985471425268001,1,110000,23400.0,4.700854700854701
11163.95064795359,1,Rajasthan,5.2,60000,72,40,50,0.5091082483196324,0.6324098015228387,0.5389556801923,0.3688925642873204,0.4621130220629501,1,110000,23400.0,4.700854700854701
14142.213118654454,1,Rajasthan,5.2,60000,72,40,50,0.5206711400231515,0.4375296614934022,0.5946444349910789,0.33810656209411605,0.4751507690106916,1,110000,23400.0,4.700854700854701
11148.347532337606,1,Rajasthan,5.2,60000,72,40,50,0.5085232211854938,0.28329015933543283,0.50965272655382,0.44152594617336793,0.35486550698496017,1,110000,23400.0,4.700854700854701
23111.55677518432,3,Rajasthan,5.2,60000,72,40,50,0.569236126019742,0.5163590502313069,0.3217403851424326,0.6058451858641621,0.512803318274649,1,110000,23400.0,4.700854700854701
13230.40453045119,1,Rajasthan,5.2,60000,72,40,50,0.5115577450262178,0.5217767785446733,0.5104024277922947,0.45412748896924027,0.47794177523631737,0,110000,23400.0,4.700854700854701
14375.168313265127,1,Rajasthan,5.2,60000,72,40,50,0.519954223143898,0.32347226396269957,0.3487875812232869,0.2995239599744527,0.3953538405435053,0,110000,23400.0,4.700854700854701
48722.76324094935,5,Rajasthan,5.2,60000,72,40,50,0.6349560824573339,0.7742285600269385,0.5350941187125169,0.729929781177989,0.5520840013129503,0,110000,23400.0,4.700854700854701
17244.462006661604,2,Rajasthan,5.2,60000,72,40,50,0.5372538400798732,0.16394645630736074,0.49094892971761583,0.6183671343971765,0.47694282499775376,1,110000,23400.0,4.700854700854701
23643.23365591902,3,Rajasthan,5.2,60000,72,40,50,0.5718960568635029,0.44559260588400507,0.6007058949278428,0.5210019111311152,0.42817331312071005,0,110000,23400.0,4.700854700854701
37052.691873147895,4,Rajasthan,5.2,60000,72,40,50,0.5839977936024917,0.5852275584170687,0.3926781842023559,0.548828254728787,0.43084571018594625,0,110000,23400.0,4.700854700854701
74538.8410960846,5,Rajasthan,5.2,60000,72,40,50,0.6306200787646161,0.5724834914950261,0.5651115391133248,0.5578450920556884,0.5342499848136605,1,110000,23400.0,4.700854700854701
95464.95013536065,5,Rajasthan,5.2,60000,72,40,50,0.6128015831453054,0.6345351250231185,0.33219551844223416,0.5794499788400729,0.47611264673943043,1,110000,23400.0,4.700854700854701
17043.731786904376,2,Rajasthan,5.2,60000,72,40,50,0.5291869186708267,0.487498138391534,0.48815703309271397,0.5322231411658429,0.49100498055012726,1,110000,23400.0,4.700854700854701
14250.833481229274,1,Rajasthan,5.2,60000,72,40,50,0.4720315211057105,0.227189610866334,0.6468666331020312,0.5199327272477512,0.34103258881496473,1,110000,23400.0,4.700854700854701
12527.058574874285,1,Rajasthan,5.2,60000,72,40,50,0.5068714394508175,0.2610817868953476,0.5902983163280522,0.3885536097930907,0.4176309385908422,0,110000,23400.0,4.700854700854701
41686.876813810886,4,Rajasthan,5.2,60000,72,40,50,0.5864184227460594,0.8541910107054373,0.576768445484324,0.5407906759022749,0.46977844729164614,1,110000,23400.0,4.700854700854701
8000.0,1,Rajasthan,5.2,60000,72,40,50,0.5139685950091876,0.3169357498561685,0.5575247380550306,0.4242192847996058,0.47672473250758163,1,110000,23400.0,4.700854700854701
41304.558815923636,4,Rajasthan,5.2,60000,72,40,50,0.5967590689631969,0.4230084656484454,0.44226217304556426,0.48994972184479724,0.35940841234910015,0,110000,23400.0,4.700854700854701
33985.93279288476,4,Rajasthan,5.2,60000,72,40,50,0.6040981018041591,0.7569327313146634,0.6698496446342092,0.7170513453420102,0.711529772882929,1,110000,23400.0,4.700854700854701
57367.70018463343,5,Rajasthan,5.2,60000,72,40,50,0.6120211774104175,0.7370224494125361,0.7073022811419998,0.7005257094249243,0.6363656367303547,1,110000,23400.0,4.700854700854701
15170.37715361326,2,Rajasthan,5.2,60000,72,40,50,0.5432410032287392,0.5806489875169002,0.3539496213692389,0.4689639173712242,0.4231462297195272,0,110000,23400.0,4.700854700854701
68805.09943514741,5,Rajasthan,5.2,60000,72,40,50,0.6439157063007761,0.7311793188928697,0.6182168222602974,0.5255706424555722,0.5655657403476836,1,110000,23400.0,4.700854700854701
79850.57019948187,5,Rajasthan,5.2,60000,72,40,50,0.6304987258564618,0.7856897266501113,0.5781930589540791,0.7435365533562891,0.5482253026676478,1,110000,23400.0,4.700854700854701
8000.0,1,Rajasthan,5.2,60000,72,40,50,0.5107606329440658,0.6139152101065394,0.7504203194650433,0.4340031923819301,0.48661595603524305,1,110000,23400.0,4.700854700854701
31854.226566522386,3,Rajasthan,5.2,60000,72,40,50,0.5645531196210922,0.5576702341215247,0.4498451609409856,0.6279537541045926,0.4478356105786892,1,110000,23400.0,4.700854700854701
35257.24512098781,4,Rajasthan,5.2,60000,72,40,50,0.5876104550514892,0.7578780845944102,0.3622445216660063,0.4489071150641436,0.41828284283445294,0,110000,23400.0,4.700854700854701
91934.62345642279,5,Rajasthan,5.2,60000,72,40,50,0.630469066584158,0.895825908737588,0.5646915262927472,0.5709851177734754,0.6377666787533961,1,110000,23400.0,4.700854700854701
17290.207669827985,2,Rajasthan,5.2,60000,72,40,50,0.5177963137531222,0.23953432072395775,0.5354245936890081,0.5255175018963102,0.3933564160667933,0,110000,23400.0,4.700854700854701
26277.57531168284,3,Rajasthan,5.2,60000,72,40,50,0.5586795916079347,0.6564412743533554,0.47545701129015727,0.5352658852571895,0.5423571533161251,1,110000,23400.0,4.700854700854701
25764.81447554928,3,Rajasthan,5.2,60000,72,40,50,0.545146574833771,0.5249608884190233,0.4163858566709971,0.4774104822818781,0.49853076368338467,0,110000,23400.0,4.700854700854701
19549.703924423557,2,Rajasthan,5.2,60000,72,40,50,0.525820579083992,0.2922961470872278,0.5801682647589743,0.3992279601316344,0.31483624061000864,0,110000,23400.0,4.700854700854701
150000.0,5,Rajasthan,5.2,60000,72,40,50,0.6292775937760785,0.734935260808814,0.5559121775529519,0.5794328876340337,0.5264768428462242,1,110000,23400.0,4.700854700854701
24791.691576441073,3,Rajasthan,5.2,60000,72,40,50,0.5679110766193475,0.5260083732281015,0.46275459858116696,0.6115907091519298,0.5855599972114753,1,110000,23400.0,4.700854700854701
25760.48978534471,3,Rajasthan,5.2,60000,72,40,50,0.5633662798124975,0.5564659461830452,0.751370635896565,0.44400109403928056,0.5173702933551043,1,110000,23400.0,4.700854700854701
23596.87783454521,3,Rajasthan,5.2,60000,72,40,50,0.564561152797763,0.5293398432289103,0.47256348372025825,0.5670328511815511,0.6574279487865864,1,110000,23400.0,4.700854700854701
46062.06713938736,4,Rajasthan,5.2,60000,72,40,50,0.5739984966785008,0.655251556753683,0.7321037029259487,0.565993138918687,0.4615495282137619,1,110000,23400.0,4.700854700854701
32896.78570623902,4,Rajasthan,5.2,60000,72,40,50,0.5891315200514338,0.6980461575089378,0.6437928610643622,0.6678002600471115,0.667932791227596,1,110000,23400.0,4.700854700854701
9301.94142126531,1,Rajasthan,5.2,60000,72,40,50,0.4960436267927908,0.3296434930428558,0.41639314386727166,0.34937444567456477,0.28740994849956,0,110000,23400.0,4.700854700854701
66643.33011488304,5,Rajasthan,5.2,60000,72,40,50,0.6162665459519975,0.4560632118907095,0.35650434212644044,0.5699157617599291,0.4444656616488089,0,110000,23400.0,4.700854700854701
22909.70597036973,3,Rajasthan,5.2,60000,72,40,50,0.5688529291352804,0.5861300153999561,0.47294899889997877,0.5084951484615434,0.47112815167250677,0,110000,23400.0,4.700854700854701
20440.432953213727,2,Rajasthan,5.2,60000,72,40,50,0.5242520695920898,0.33289369845853495,0.6015960830544037,0.388861571500708,0.5078128488142934,1,110000,23400.0,4.700854700854701
108130.40154387745,5,Rajasthan,5.2,60000,72,40,50,0.6168103343558687,0.4684580916846949,0.5826022174726635,0.6272473205323121,0.4515600300803888,1,110000,23400.0,4.700854700854701
28970.334985715486,3,Rajasthan,5.2,60000,72,40,50,0.5419864504000477,0.27827184872357513,0.3757700716505255,0.5137041313339363,0.2859044541376136,1,110000,23400.0,4.700854700854701
14877.106231334521,1,Rajasthan,5.2,60000,72,40,50,0.4999159110533812,0.4809033889308107,0.6671338110439788,0.5859145521731022,0.561621744386312,0,110000,23400.0,4.700854700854701
65555.17609022516,5,Rajasthan,5.2,60000,72,40,50,0.6119787673800067,0.8235184602881738,0.6997096772507179,0.6670480016723149,0.7941790264898565,0,110000,23400.0,4.700854700854701
28294.587272956047,3,Rajasthan,5.2,60000,72,40,50,0.5636491721440393,0.5132454325363528,0.6572217612439843,0.409727496421033,0.4424429598337495,0,110000,23400.0,4.700854700854701
33993.46203676937,4,Rajasthan,5.2,60000,72,40,50,0.5833460623897182,0.7152762920582061,0.4745390433556941,0.576871383143999,0.6573533424217574,0,110000,23400.0,4.700854700854701
55651.54926246192,5,Rajasthan,5.2,60000,72,40,50,0.6239025653126351,0.48516336685050665,0.6293798095929003,0.7524393481118353,0.6941111677409149,1,110000,23400.0,4.700854700854701
21260.829815834804,2,Rajasthan,5.2,60000,72,40,50,0.5314102852497194,0.34468971264064024,0.4450476850370908,0.5989191651056501,0.4735448166729435,1,110000,23400.0,4.700854700854701
11596.925881374887,1,Rajasthan,5.2,60000,72,40,50,0.5195775605875661,0.37559811969645085,0.529552053401798,0.5774304548501635,0.4764372858357514,0,110000,23400.0,4.700854700854701
40161.866015798085,4,Rajasthan,5.2,60000,72,40,50,0.5978293226616748,0.6044174685772443,0.5022822253310913,0.7071581489448612,0.5816782352249176,1,110000,23400.0,4.700854700854701
21794.178612687174,2,Rajasthan,5.2,60000,72,40,50,0.5144607641315199,0.42699946420022183,0.538530547505786,0.3917787993431955,0.4826402000270342,0,110000,23400.0,4.700854700854701
19177.767824747243,2,Rajasthan,5.2,60000,72,40,50,0.5202082544161158,0.5387312498505942,0.545516535621358,0.33995997123681,0.4802654276928212,0,110000,23400.0,4.700854700854701
20939.224182191258,2,Rajasthan,5.2,60000,72,40,50,0.5334092229470663,0.567466311442588,0.32540404002804263,0.5237646956597244,0.417008469202268,0,110000,23400.0,4.700854700854701
76607.9977247132,5,Rajasthan,5.2,60000,72,40,50,0.6135586633732164,0.5204793469632538,0.6150975246306449,0.6996221989408739,0.5033313822362293,1,110000,23400.0,4.700854700854701
20694.527252584176,2,Rajasthan,5.2,60000,72,40,50,0.5031734585547843,0.4073743673592122,0.3649729316645067,0.37825253388921176,0.31160770242937086,0,110000,23400.0,4.700854700854701
11314.058576588803,1,Rajasthan,5.2,60000,72,40,50,0.5163526059954803,0.2616146855686504,0.6986890647424515,0.33893947864834495,0.3144837559312331,1,110000,23400.0,4.700854700854701
25143.719709128345,3,Rajasthan,5.2,60000,72,40,50,0.570059383026197,0.6520117648978769,0.6516391164819093,0.6778118579054991,0.623253263132551,1,110000,23400.0,4.700854700854701
21342.326573390375,2,Rajasthan,5.2,60000,72,40,50,0.5380669115920607,0.4973832274586414,0.5998282985362599,0.6220388653124665,0.5744837601805646,0,110000,23400.0,4.700854700854701
15581.82748837863,2,Rajasthan,5.2,60000,72,40,50,0.5267839124024337,0.39747889420304494,0.5152635245811684,0.38598035349879234,0.4347980373044424,1,110000,23400.0,4.700854700854701
44307.020518953585,4,Rajasthan,5.2,60000,72,40,50,0.5971339105672422,0.4431388345932039,0.4628349704993372,0.5129914101688922,0.5247870681584182,0,110000,23400.0,4.700854700854701
16749.160273632082,2,Rajasthan,5.2,60000,72,40,50,0.5258135396149342,0.4535184842850557,0.5627841821435894,0.6065229874954666,0.5224810378825093,0,110000,23400.0,4.700854700854701
15664.282323276835,2,Rajasthan,5.2,60000,72,40,50,0.5349057158593198,0.38048195852587474,0.6009356852748144,0.4693868880788994,0.4515440997153107,1,110000,23400.0,4.700854700854701
50527.8026795096,5,Rajasthan,5.2,60000,72,40,50,0.6136513105987781,0.7108239280145676,0.5495489413888505,0.7283106766472854,0.658003226404377,0,110000,23400.0,4.700854700854701
46422.721355030306,4,Rajasthan,5.2,60000,72,40,50,0.608020027362703,0.6542457750048911,0.5769466891759414,0.5576846981166792,0.6773424360034676,0,110000,23400.0,4.700854700854701
26178.306129522323,3,Rajasthan,5.2,60000,72,40,50,0.5471547763163244,0.6394531034859339,0.4741527743714564,0.6098037634813175,0.515716969527545,0,110000,23400.0,4.700854700854701
30616.59105497036,3,Rajasthan,5.2,60000,72,40,50,0.5751799811522511,0.5992553646794935,0.3328785533420129,0.507936629804915,0.4704074757445485,0,110000,23400.0,4.700854700854701
51872.33466480606,5,Rajasthan,5.2,60000,72,40,50,0.6232463011373162,0.848397212939712,0.4239596552828351,0.7586426173662574,0.5295035309245677,1,110000,23400.0,4.700854700854701
42068.81959401827,4,Rajasthan,5.2,60000,72,40,50,0.5879624729037229,0.48617549593398995,0.7062026847508152,0.5365606926004786,0.519829037299048,1,110000,23400.0,4.700854700854701
16341.21079035492,2,Rajasthan,5.2,60000,72,40,50,0.5345271720741003,0.4682191301824068,0.6074354112565259,0.49582432848712754,0.46444946299480383,1,110000,23400.0,4.700854700854701
73528.97196983849,5,Rajasthan,5.2,60000,72,40,50,0.6301906229289247,0.7616719850189524,0.5843605263682274,0.645415661207052,0.737099142958553,0,110000,23400.0,4.700854700854701
27783.62015790202,3,Rajasthan,5.2,60000,72,40,50,0.5765246102240869,0.49538746814959356,0.7068443333921514,0.583550302474072,0.4703510924024212,0,110000,23400.0,4.700854700854701
61140.50112031308,5,Rajasthan,5.2,60000,72,40,50,0.6259885730884782,0.4557795238114548,0.3486550007300395,0.5808989022578412,0.49942269150017293,0,110000,23400.0,4.700854700854701
21352.325473987177,2,Rajasthan,5.2,60000,72,40,50,0.5239501820045201,0.37932820472162,0.816445718411323,0.5316870410683838,0.5070357199377659,1,110000,23400.0,4.700854700854701
17336.792663808512,2,Rajasthan,5.2,60000,72,40,50,0.5334134440948008,0.6031195143099556,0.7041443911759437,0.3811996347522181,0.551426292659182,1,110000,23400.0,4.700854700854701
21990.653216180952,2,Rajasthan,5.2,60000,72,40,50,0.5510250752237666,0.6075141173904,0.49993266788158075,0.606972945882528,0.5115015247800336,0,110000,23400.0,4.700854700854701
34085.12792036935,4,Rajasthan,5.2,60000,72,40,50,0.6063339237122691,0.518939273552395,0.387171644652932,0.4821409351572282,0.5323263503683145,1,110000,23400.0,4.700854700854701
39042.43221499186,4,Rajasthan,5.2,60000,72,40,50,0.6019447776383865,0.533479561503355,0.5103117690205976,0.6909773693223946,0.6073475629791601,0,110000,23400.0,4.700854700854701
92302.97828441662,5,Rajasthan,5.2,60000,72,40,50,0.6308140130583667,0.7790825868013623,0.4574459869981401,0.6968333097040312,0.6038622857162963,1,110000,23400.0,4.700854700854701
10341.529845299894,1,Rajasthan,5.2,60000,72,40,50,0.5098516437632084,0.2925579266758063,0.5642753524692798,0.3912090106441306,0.3058830210195508,0,110000,23400.0,4.700854700854701
38251.92247693821,4,Rajasthan,5.2,60000,72,40,50,0.6044446912022415,0.6477927970616033,0.45992005521663476,0.5371188602674329,0.7007327444602167,1,110000,23400.0,4.700854700854701
63640.18573053603,5,Rajasthan,5.2,60000,72,40,50,0.6182908549999239,0.5472679606907304,0.435784135066672,0.7787024111135584,0.5777966247364744,1,110000,23400.0,4.700854700854701
36309.02764045286,4,Rajasthan,5.2,60000,72,40,50,0.5793062821993928,0.46493748996636053,0.6044556932027021,0.4973840475559954,0.38924825410684794,0,110000,23400.0,4.700854700854701
28424.42019801252,3,Rajasthan,5.2,60000,72,40,50,0.5635471778645135,0.439554171008646,0.6003804748107917,0.6057765185187985,0.4995075569486615,1,110000,23400.0,4.700854700854701
35608.404504147526,4,Rajasthan,5.2,60000,72,40,50,0.5846813269893659,0.4441516274003324,0.4377635662250984,0.49399357896580065,0.42283272137495287,0,110000,23400.0,4.700854700854701
74283.88259293104,5,Rajasthan,5.2,60000,72,40,50,0.612306935303371,0.7097950560951193,0.5942517122437435,0.7605081450750494,0.5998754325059363,1,110000,23400.0,4.700854700854701
18304.812857777135,2,Rajasthan,5.2,60000,72,40,50,0.5256543570912636,0.19681379246775046,0.6866590177378855,0.5614705903593173,0.4487318723411904,1,110000,23400.0,4.700854700854701
50127.54746670791,5,Rajasthan,5.2,60000,72,40,50,0.6477102821024797,0.5665164216056164,0.7592989753972084,0.7687002954430698,0.7076068683553467,1,110000,23400.0,4.700854700854701
29693.63196143799,3,Rajasthan,5.2,60000,72,40,50,0.5642183891979012,0.6027503195223493,0.5506926840020681,0.6526212026742594,0.4318117869730718,0,110000,23400.0,4.700854700854701
43773.40552602835,4,Rajasthan,5.2,60000,72,40,50,0.5964762212207527,0.707010611350604,0.4700638778237508,0.6037385539787441,0.6017348802639508,0,110000,23400.0,4.700854700854701
12104.033742427033,1,Rajasthan,5.2,60000,72,40,50,0.4906335147871004,0.5283832299823441,0.42040640083125247,0.3345576216752524,0.435590308129601,0,110000,23400.0,4.700854700854701
20891.18558443189,2,Rajasthan,5.2,60000,72,40,50,0.5144196132692166,0.31811274252895805,0.5362275252618326,0.4053267431008407,0.32526530136778903,1,110000,23400.0,4.700854700854701
25721.206521252036,3,Rajasthan,5.2,60000,72,40,50,0.5546666164259548,0.6314691231667301,0.6335623535532369,0.4494342510446404,0.4330072453976245,1,110000,23400.0,4.700854700854701
14563.27682587954,1,Rajasthan,5.2,60000,72,40,50,0.5172390987092303,0.4767017435794848,0.6111539746704231,0.3550807217063354,0.35538708291370047,1,110000,23400.0,4.700854700854701
13684.712837779976,1,Rajasthan,5.2,60000,72,40,50,0.5061998975179081,0.499391571806969,0.4135171002992244,0.43181313241317665,0.3758476964842245,1,110000,23400.0,4.700854700854701
74287.72486986715,5,Rajasthan,5.2,60000,72,40,50,0.6288430937715868,0.9355362627065668,0.5972259681744831,0.7492269312327123,0.7297305742293512,1,110000,23400.0,4.700854700854701
43518.70206022326,4,Rajasthan,5.2,60000,72,40,50,0.6002428032491635,0.6322309148491426,0.5296343590950725,0.4458232704103926,0.44618172152085595,0,110000,23400.0,4.700854700854701
27893.882646761096,3,Rajasthan,5.2,60000,72,40,50,0.55694364905916,0.6128060215247957,0.5630579699070672,0.4604330108671433,0.4837673865273138,0,110000,23400.0,4.700854700854701
50655.96584024836,5,Rajasthan,5.2,60000,72,40,50,0.6367367986968766,0.7722654657085725,0.3369221097475792,0.6679297832187875,0.6056335216952877,0,110000,23400.0,4.700854700854701
11058.528706717807,1,Rajasthan,5.2,60000,72,40,50,0.49652906686492104,0.29427452736540194,0.6398785712215419,0.5484859332662188,0.4535892879860362,1,110000,23400.0,4.700854700854701
27551.69088270666,3,Rajasthan,5.2,60000,72,40,50,0.5769194664497683,0.7619180007296767,0.3810772921061614,0.4781330049360718,0.41950478931401386,0,110000,23400.0,4.700854700854701
13493.148727435548,1,Rajasthan,5.2,60000,72,40,50,0.5072801644184963,0.3204282700995963,0.618997886659539,0.40364703664493107,0.34318456524969354,0,110000,23400.0,4.700854700854701
50324.78766889174,5,Rajasthan,5.2,60000,72,40,50,0.6049666913146796,0.7382782920265745,0.47210696033322674,0.6009165118032405,0.5501814536390612,0,110000,23400.0,4.700854700854701
15249.460364267814,2,Rajasthan,5.2,60000,72,40,50,0.5253770479911376,0.3307624981822429,0.42884746496943893,0.42699698776786366,0.495006408506225,1,110000,23400.0,4.700854700854701
35797.63084860596,4,Rajasthan,5.2,60000,72,40,50,0.5750077575284218,0.37596905470755015,0.4788579395799221,0.6485176771414972,0.5849232005935854,1,110000,23400.0,4.700854700854701
34713.99529477573,4,Rajasthan,5.2,60000,72,40,50,0.6044899641850849,0.7587690979217716,0.30004695009315496,0.6356333056240867,0.5706775108885449,0,110000,23400.0,4.700854700854701
34938.47693255791,4,Rajasthan,5.2,60000,72,40,50,0.5926097886491188,0.6801074345398318,0.3967351824481271,0.691871391891916,0.4788496781256791,0,110000,23400.0,4.700854700854701
62001.54702868464,5,Rajasthan,5.2,60000,72,40,50,0.6005737184576451,0.45846907249004765,0.48042306082229524,0.7641621029396509,0.6452593711642688,0,110000,23400.0,4.700854700854701
11153.317774344616,1,Rajasthan,5.2,60000,72,40,50,0.5066146116743395,0.42832157315562314,0.49324880532534815,0.5590316283165431,0.5359306595164599,0,110000,23400.0,4.700854700854701
24217.478604833323,3,Rajasthan,5.2,60000,72,40,50,0.5574855002332596,0.34867307649640544,0.43033377369116443,0.5509371402525035,0.4349455395680982,1,110000,23400.0,4.700854700854701
23019.466567875716,3,Rajasthan,5.2,60000,72,40,50,0.5480190843068096,0.3925571421798255,0.4824736414044029,0.4445981276162435,0.3878744196385319,0,110000,23400.0,4.700854700854701
28923.41317330433,3,Rajasthan,5.2,60000,72,40,50,0.5796368012268298,0.5546175540802949,0.5379722140208101,0.4555375037505771,0.4437496556782745,1,110000,23400.0,4.700854700854701
26486.87786876981,3,Rajasthan,5.2,60000,72,40,50,0.5639300015181086,0.35974284492876335,0.6030013682152627,0.5659650284271677,0.5416664327955591,0,110000,23400.0,4.700854700854701
67000.51281870475,5,Rajasthan,5.2,60000,72,40,50,0.6199228288340097,0.5655700976355593,0.6009219935907026,0.7644083443841713,0.6854491450321072,1,110000,23400.0,4.700854700854701
8000.0,1,Rajasthan,5.2,60000,72,40,50,0.4988628950472827,0.48568574913323764,0.5794979370098474,0.44801831955830007,0.36319962409835826,0,110000,23400.0,4.700854700854701
28806.87243071427,3,Rajasthan,5.2,60000,72,40,50,0.5477243481655651,0.557100286063429,0.5027964699159254,0.6696074523189227,0.4858500608613438,1,110000,23400.0,4.700854700854701
37846.440340647,4,Rajasthan,5.2,60000,72,40,50,0.5798116538613017,0.7929292129229393,0.7179949022607661,0.5175638942645696,0.5455221011520929,1,110000,23400.0,4.700854700854701
18586.523746336774,2,Rajasthan,5.2,60000,72,40,50,0.5457063107058937,0.5937590522211298,0.5536427014969869,0.36479292221540904,0.5900102319869558,0,110000,23400.0,4.700854700854701
57734.094435741776,5,Rajasthan,5.2,60000,72,40,50,0.6181183141592856,0.6181518807314155,0.4658568068340408,0.7277760107141055,0.6345422301977766,1,110000,23400.0,4.700854700854701
19456.61397910792,2,Rajasthan,5.2,60000,72,40,50,0.5330778198665116,0.7476892421192113,0.5291365018301178,0.6027039634707673,0.6493827963510935,1,110000,23400.0,4.700854700854701
85607.83496828932,5,Rajasthan,5.2,60000,72,40,50,0.6024138380951322,0.8701312561829452,0.5204178467772627,0.6233132658648363,0.6563197451292211,0,110000,23400.0,4.700854700854701
61965.28166815715,5,Rajasthan,5.2,60000,72,40,50,0.6096762224991878,0.7010507125643597,0.595139131022947,0.5196221541922783,0.6191843931547125,0,110000,23400.0,4.700854700854701
54238.28360407798,5,Rajasthan,5.2,60000,72,40,50,0.6289552680558904,0.5871708090680173,0.6323266739826567,0.5015870772474975,0.5488041833875987,1,110000,23400.0,4.700854700854701
24562.048690335792,3,Rajasthan,5.2,60000,72,40,50,0.5666342604582811,0.6844067009152554,0.6626243627246262,0.4076562635676382,0.6399961823384862,1,110000,23400.0,4.700854700854701
78403.35129789133,5,Rajasthan,5.2,60000,72,40,50,0.640390894844386,0.7634764178356737,0.7610471533272631,0.620623226763832,0.7050384577646701,1,110000,23400.0,4.700854700854701
28058.87320525574,3,Rajasthan,5.2,60000,72,40,50,0.5762867061734551,0.5107679065017261,0.34776833823666126,0.4593333861704645,0.43583036597365477,0,110000,23400.0,4.700854700854701
17714.131667335518,2,Rajasthan,5.2,60000,72,40,50,0.5305500331322947,0.4427679781170446,0.54886223907826,0.4774658598409163,0.31835121586059173,1,110000,23400.0,4.700854700854701
50992.38630436563,5,Rajasthan,5.2,60000,72,40,50,0.6275866785042756,0.7214831672997231,0.4614655755432232,0.6354357396296951,0.649810275114807,0,110000,23400.0,4.700854700854701
101043.71051808505,5,Rajasthan,5.2,60000,72,40,50,0.6196911084281121,0.849803006691487,0.5091152029425834,0.6263167445115018,0.6829785930425405,1,110000,23400.0,4.700854700854701
27244.63256043981,3,Rajasthan,5.2,60000,72,40,50,0.5834052410435293,0.6821207707186125,0.4899360331895578,0.5748656109860824,0.6517427835863526,1,110000,23400.0,4.700854700854701
9931.056579827939,1,Rajasthan,5.2,60000,72,40,50,0.5143472898176669,0.4820882147552705,0.37362717159448156,0.4927100244715701,0.39266856814307793,0,110000,23400.0,4.700854700854701
47168.89362903901,4,Rajasthan,5.2,60000,72,40,50,0.5945539937657204,0.6588677869100217,0.5146390814399132,0.5576725076257804,0.510648568366527,1,110000,23400.0,4.700854700854701
9983.021319804642,1,Rajasthan,5.2,60000,72,40,50,0.5048610907059065,0.339168539519312,0.4675509651396017,0.38999840253931184,0.493737648125101,1,110000,23400.0,4.700854700854701
15266.763515774535,2,Rajasthan,5.2,60000,72,40,50,0.5473056457297409,0.32186568249529723,0.42228132096248194,0.44940927421995314,0.2945015574517939,0,110000,23400.0,4.700854700854701
28448.793725278425,3,Rajasthan,5.2,60000,72,40,50,0.5686529213282813,0.49104842338040033,0.537336164211511,0.409943347908005,0.3985412890955486,1,110000,23400.0,4.700854700854701
12468.561839294724,1,Rajasthan,5.2,60000,72,40,50,0.5184434230278437,0.5960568190700188,0.40890757487718316,0.385378114757288,0.533058057755349,0,110000,23400.0,4.700854700854701
28299.38284422557,3,Rajasthan,5.2,60000,72,40,50,0.540920663594554,0.35663200571157966,0.42739366413862967,0.44886268274184926,0.47042014869493076,0,110000,23400.0,4.700854700854701
50027.78509721102,5,Rajasthan,5.2,60000,72,40,50,0.6274694254721309,0.7551631969019412,0.6615329181731258,0.5761409405079739,0.6281033125054846,0,110000,23400.0,4.700854700854701
60007.27602284761,5,Rajasthan,5.2,60000,72,40,50,0.617702794210329,0.577777921243297,0.34047840212062674,0.7032080191011623,0.5543088072931041,0,110000,23400.0,4.700854700854701
24437.700564763287,3,Rajasthan,5.2,60000,72,40,50,0.5804209227334227,0.5656836211368431,0.5265090279071081,0.6854504192917167,0.5664549341824049,0,110000,23400.0,4.700854700854701
85763.24180088841,5,Rajasthan,5.2,60000,72,40,50,0.6383211297290412,0.4334478271727288,0.6679908761998483,0.7659547789916751,0.6930723184874159,1,110000,23400.0,4.700854700854701
26946.307536039592,3,Rajasthan,5.2,60000,72,40,50,0.5631855009481559,0.47865399013353904,0.5617079344819825,0.6353764832471179,0.6032309960230247,1,110000,23400.0,4.700854700854701
33461.707328765784,4,Rajasthan,5.2,60000,72,40,50,0.6082134526452532,0.6056502692955393,0.6339726838271598,0.6600480089070412,0.6634335930250025,1,110000,23400.0,4.700854700854701
15949.036525295334,2,Rajasthan,5.2,60000,72,40,50,0.5506882880570679,0.25807856518027716,0.4549341779770756,0.6223701836492067,0.5024306743294454,1,110000,23400.0,4.700854700854701
26728.829192022622,3,Rajasthan,5.2,60000,72,40,50,0.5636012095764044,0.7898016859241597,0.3621369475917066,0.6145014426299064,0.612921719963831,0,110000,23400.0,4.700854700854701
31906.34132362956,3,Rajasthan,5.2,60000,72,40,50,0.5875764805814614,0.6951094850715723,0.5435223471566829,0.5301752900281889,0.3907865618618108,1,110000,23400.0,4.700854700854701
21097.047857938145,2,Rajasthan,5.2,60000,72,40,50,0.5325437313304457,0.34183122077948386,0.49715881615118435,0.5192974666039893,0.4602926204165209,1,110000,23400.0,4.700854700854701
25841.514655980955,3,Rajasthan,5.2,60000,72,40,50,0.5607119333537838,0.3614338328998531,0.5130715923893181,0.48062438021600284,0.41979842431905817,1,110000,23400.0,4.700854700854701
13675.873163224838,1,Rajasthan,5.2,60000,72,40,50,0.5115158687429864,0.1677219119112178,0.4669786151660724,0.2898813902249807,0.44901827644998565,1,110000,23400.0,4.700854700854701
25650.378386038108,3,Rajasthan,5.2,60000,72,40,50,0.5593192355457197,0.4618407832205599,0.4173892782047751,0.49497275718838796,0.35095341083758697,1,110000,23400.0,4.700854700854701
15593.899864491625,2,Rajasthan,5.2,60000,72,40,50,0.5337105406150918,0.5413296977048754,0.5240164443528781,0.4603378443694828,0.3846169889120964,1,110000,23400.0,4.700854700854701
29389.34331573299,3,Rajasthan,5.2,60000,72,40,50,0.576951487097652,0.46948571074914747,0.3720634253907418,0.6088165361653736,0.5052912010644677,1,110000,23400.0,4.700854700854701
13504.005857647244,1,Rajasthan,5.2,60000,72,40,50,0.5030493313793156,0.16186704708099608,0.8501941179889396,0.5466550400957703,0.3710201994105496,0,110000,23400.0,4.700854700854701
29975.79692657178,3,Rajasthan,5.2,60000,72,40,50,0.5459069649273898,0.5512397532810559,0.3924670160194523,0.6776853042497136,0.7101010205223192,1,110000,23400.0,4.700854700854701
62120.81864233505,5,Rajasthan,5.2,60000,72,40,50,0.6265303367356349,0.5597826821263978,0.4600749999362952,0.5944264148957652,0.6066314666999278,1,110000,23400.0,4.700854700854701
40526.428894445606,4,Rajasthan,5.2,60000,72,40,50,0.5858942070666189,0.577045754828615,0.5807707879620834,0.7261079697984224,0.5774029037383076,1,110000,23400.0,4.700854700854701
38577.26982062994,4,Rajasthan,5.2,60000,72,40,50,0.6015098544300883,0.5513181700879556,0.3346142202479919,0.6787045558969604,0.5789273312705028,1,110000,23400.0,4.700854700854701
48424.67152594388,5,Rajasthan,5.2,60000,72,40,50,0.6298190400154053,0.6013676064354068,0.6637565679756059,0.4981422022096049,0.6061703426969719,1,110000,23400.0,4.700854700854701
57299.04531515861,5,Rajasthan,5.2,60000,72,40,50,0.6375711463388081,0.824811771056291,0.6001281358683255,0.6674671429999296,0.6462501331774936,0,110000,23400.0,4.700854700854701
64781.96505962598,5,Rajasthan,5.2,60000,72,40,50,0.6319324658650699,0.7978858257946914,0.8011646504723113,0.598581428821417,0.6122664228933543,0,110000,23400.0,4.700854700854701
8000.0,1,Rajasthan,5.2,60000,72,40,50,0.5137595856937236,0.5465137357587813,0.4106442108020353,0.299092251665364,0.30684147183818833,0,110000,23400.0,4.700854700854701
33110.437929990774,4,Rajasthan,5.2,60000,72,40,50,0.5861661752557658,0.6315343786582327,0.42075399306523065,0.5983398137481802,0.522399041399587,0,110000,23400.0,4.700854700854701
32929.01958102732,4,Rajasthan,5.2,60000,72,40,50,0.6008970078160479,0.39798638514819695,0.3693763796301203,0.6143340131547996,0.5678982723456546,0,110000,23400.0,4.700854700854701
42763.33195445768,4,Rajasthan,5.2,60000,72,40,50,0.6125416557507458,0.6384559816005067,0.5429029532277463,0.5145581153383681,0.6119397435983187,1,110000,23400.0,4.700854700854701
98179.5769784813,5,Rajasthan,5.2,60000,72,40,50,0.6159706437707753,0.8589435114372664,0.5428402484949271,0.7708528141762626,0.8242917202832335,1,110000,23400.0,4.700854700854701
17925.661474721885,2,Rajasthan,5.2,60000,72,40,50,0.5508545257744139,0.5836806359499733,0.3573400402532581,0.5220251600397999,0.41492927254307077,0,110000,23400.0,4.700854700854701
66083.33009977726,5,Rajasthan,5.2,60000,72,40,50,0.6173636419451296,0.7017951315886494,0.44322238127186403,0.5416779849000518,0.48792948130353037,1,110000,23400.0,4.700854700854701
15311.811052421775,2,Rajasthan,5.2,60000,72,40,50,0.5243374304066432,0.6024885805040641,0.4770085247863959,0.555265946599402,0.4973355656585013,0,110000,23400.0,4.700854700854701
14200.498611977653,1,Rajasthan,5.2,60000,72,40,50,0.5058191472906912,0.5131625353419131,0.7059613508682638,0.4386307549791577,0.5161587306501736,0,110000,23400.0,4.700854700854701
59934.354344745356,5,Rajasthan,5.2,60000,72,40,50,0.630016247018431,0.8248652984972078,0.6470740735896953,0.6308591025150073,0.7133934832073802,1,110000,23400.0,4.700854700854701
14545.95662892661,1,Rajasthan,5.2,60000,72,40,50,0.5119746440968655,0.40671505633183697,0.41527499832084247,0.5392488677241046,0.45543410478714785,1,110000,23400.0,4.700854700854701
34861.84776440718,4,Rajasthan,5.2,60000,72,40,50,0.5832395186494108,0.7238099045447235,0.4689128075151955,0.4803428284263618,0.5637532030614916,1,110000,23400.0,4.700854700854701
25076.012618395485,3,Rajasthan,5.2,60000,72,40,50,0.5672025438296857,0.35874054278214035,0.5365424908257135,0.5361849103405403,0.4342933052304793,0,110000,23400.0,4.700854700854701
34617.51091258588,4,Rajasthan,5.2,60000,72,40,50,0.5860015971423078,0.7177860583010027,0.44685047605699246,0.673117805273773,0.5791345282160081,1,110000,23400.0,4.700854700854701
54998.47711138217,5,Rajasthan,5.2,60000,72,40,50,0.6079679202964371,0.6386911699239346,0.5021433580891558,0.6870054205466519,0.7225845779106513,1,110000,23400.0,4.700854700854701
30051.337788551864,3,Rajasthan,5.2,60000,72,40,50,0.553569779701815,0.46660276363441444,0.5050509245815135,0.3905129861246487,0.35402850716116613,1,110000,23400.0,4.700854700854701
37891.351580895905,4,Rajasthan,5.2,60000,72,40,50,0.5853481391975847,0.49589400179187415,0.6425179789574462,0.6751240665321717,0.6128089593089552,0,110000,23400.0,4.700854700854701
43497.01041008904,4,Rajasthan,5.2,60000,72,40,50,0.5980730944606679,0.478843569988752,0.6213181708805744,0.72229046333962,0.6871018298745347,1,110000,23400.0,4.700854700854701
16105.591206849353,2,Rajasthan,5.2,60000,72,40,50,0.5443792794878296,0.34337718161841113,0.42707792062967126,0.5502895393414198,0.36418454646202436,0,110000,23400.0,4.700854700854701
16722.97067430213,2,Rajasthan,5.2,60000,72,40,50,0.5181250765583902,0.5849315435595985,0.3940094119159515,0.601659166357256,0.4239467523617165,1,110000,23400.0,4.700854700854701
26260.326029782867,3,Rajasthan,5.2,60000,72,40,50,0.5663767535992233,0.7474328557501987,0.7052544482127574,0.49713240457724084,0.6212830371063275,0,110000,23400.0,4.700854700854701
15342.8367215391,2,Rajasthan,5.2,60000,72,40,50,0.5210901609994338,0.48462120011192844,0.510005780556928,0.4440698326263456,0.4773242230433552,0,110000,23400.0,4.700854700854701
12854.183829356454,1,Rajasthan,5.2,60000,72,40,50,0.5091479969472829,0.20917628548100986,0.552494865228939,0.3851482479050363,0.33401188055735004,0,110000,23400.0,4.700854700854701
75336.82089431223,5,Rajasthan,5.2,60000,72,40,50,0.6166298370471054,0.7446599217833911,0.4716813551007727,0.7093797169741894,0.6798521580115178,1,110000,23400.0,4.700854700854701
52506.30129505489,5,Rajasthan,5.2,60000,72,40,50,0.61234385267691,0.632627226343623,0.4392989741582579,0.7715086758852591,0.5138489287147366,0,110000,23400.0,4.700854700854701
40732.07787276972,4,Rajasthan,5.2,60000,72,40,50,0.6008537880106186,0.39974997511413646,0.5595490497973339,0.7045091202827313,0.5215008801553739,0,110000,23400.0,4.700854700854701
29093.190162585623,3,Rajasthan,5.2,60000,72,40,50,0.5569879168026919,0.5147168815100854,0.5193005619595374,0.43395305910582893,0.5586656602245654,0,110000,23400.0,4.700854700854701
25980.04161702451,3,Rajasthan,5.2,60000,72,40,50,0.5596975033436159,0.6744992864815219,0.5306104771764883,0.5767212093842491,0.43030819189041286,0,110000,23400.0,4.700854700854701
15465.743276503545,2,Rajasthan,5.2,60000,72,40,50,0.5106572519815792,0.35608828981785723,0.5549455539838248,0.6376763727470872,0.6349462392219885,0,110000,23400.0,4.700854700854701
22036.027797946343,2,Rajasthan,5.2,60000,72,40,50,0.5423226564713777,0.5349933948726369,0.3861367163034916,0.4274994141226467,0.4251166561788197,1,110000,23400.0,4.700854700854701
29645.08515406828,3,Rajasthan,5.2,60000,72,40,50,0.5710662280688339,0.44763350326676854,0.4050000112954335,0.5793243267933601,0.6048851347081361,1,110000,23400.0,4.700854700854701
28809.754455915376,3,Rajasthan,5.2,60000,72,40,50,0.5629117212999559,0.6138466312225115,0.5221808828937702,0.6608760379534858,0.6626486343287188,1,110000,23400.0,4.700854700854701
65950.36572814031,5,Rajasthan,5.2,60000,72,40,50,0.6075813334435853,0.7984937775746184,0.5934183033856112,0.7587533309221369,0.7120531266007714,1,110000,23400.0,4.700854700854701
22540.426772769057,2,Rajasthan,5.2,60000,72,40,50,0.5449508346404905,0.461964140675336,0.4754578765117632,0.4353314735568655,0.45880637725362444,1,110000,23400.0,4.700854700854701
44876.5777283,4,Rajasthan,5.2,60000,72,40,50,0.586194508993535,0.3997410742191493,0.5319819852346629,0.46706636336846963,0.613176614424844,1,110000,23400.0,4.700854700854701
20334.723742580758,2,Rajasthan,5.2,60000,72,40,50,0.528323608356137,0.5847580550342679,0.4145115060664113,0.5326915766101566,0.4059033413034294,0,110000,23400.0,4.700854700854701
37810.017287052746,4,Rajasthan,5.2,60000,72,40,50,0.6159775834207382,0.7108495797847652,0.47961056421804227,0.7229791383119278,0.6359586139904305,1,110000,23400.0,4.700854700854701
8000.0,1,Rajasthan,5.2,60000,72,40,50,0.4958207784160506,0.5904582352331775,0.4374958955625568,0.4412840072466274,0.39738777898411015,1,110000,23400.0,4.700854700854701
67798.1241979384,5,Rajasthan,5.2,60000,72,40,50,0.6302792424814079,0.5408825012585069,0.5471336711739263,0.6262011072794058,0.531592365512886,1,110000,23400.0,4.700854700854701
31852.405176177916,3,Rajasthan,5.2,60000,72,40,50,0.568478065477969,0.5966752225090385,0.611701463602343,0.6480734110780783,0.6737329529825419,1,110000,23400.0,4.700854700854701
51351.839178191505,5,Rajasthan,5.2,60000,72,40,50,0.6267588647859438,0.9244449404838364,0.7292879557640555,0.6162678926111628,0.7398072724313808,0,110000,23400.0,4.700854700854701
15089.004908243798,2,Rajasthan,5.2,60000,72,40,50,0.535677148282688,0.36554869650230926,0.5662697909672902,0.543167500188769,0.49441367101146394,1,110000,23400.0,4.700854700854701
8272.836334802807,1,Rajasthan,5.2,60000,72,40,50,0.5066210284760349,0.23660373568855636,0.7413245046960535,0.40548159621036006,0.4344788871467931,1,110000,23400.0,4.700854700854701
31666.27967969955,3,Rajasthan,5.2,60000,72,40,50,0.5655765487665483,0.5735038508083571,0.48611327945145055,0.5020301367508658,0.5661310863431551,1,110000,23400.0,4.700854700854701
68029.2652777102,5,Rajasthan,5.2,60000,72,40,50,0.6223379592693823,0.7339407800424347,0.34516967037402396,0.5452311584913383,0.553593880677292,0,110000,23400.0,4.700854700854701
48001.17649950641,4,Rajasthan,5.2,60000,72,40,50,0.6079699740982503,0.5081194929239501,0.4475934361181505,0.46542438997973146,0.5727888625489722,1,110000,23400.0,4.700854700854701
69270.8777932041,5,Rajasthan,5.2,60000,72,40,50,0.60973053724915,0.8325450754483069,0.5957351977297508,0.7544370916630977,0.6996118237928423,1,110000,23400.0,4.700854700854701
33311.90729807135,4,Rajasthan,5.2,60000,72,40,50,0.6030717238972966,0.6234399856988453,0.6529668597429192,0.4932548361597141,0.5764295376448307,1,110000,23400.0,4.700854700854701
64679.07273131713,5,Rajasthan,5.2,60000,72,40,50,0.6310805658440184,0.706036658255359,0.5857800427020592,0.5075544095447394,0.5763805462953017,0,110000,23400.0,4.700854700854701
32884.01257470539,4,Rajasthan,5.2,60000,72,40,50,0.5998411340704368,0.6327085478260185,0.5005826203360615,0.6135813215748752,0.5725474906351414,1,110000,23400.0,4.700854700854701
21790.457271190957,2,Telangana,5.6,65000,70,50,55,0.5836697942764013,0.4995402045407481,0.4247782609571774,0.48491013560356877,0.4953218416564019,0,105000,25200.0,4.166666666666667
69519.87903949733,5,Telangana,5.6,65000,70,50,55,0.6615740060473161,0.807606542838879,0.4862635756277437,0.6414381221028785,0.6616225459165074,1,105000,25200.0,4.166666666666667
54310.509294169875,5,Telangana,5.6,65000,70,50,55,0.6438102592417312,0.7659494569658963,0.47370185665002085,0.6115425775412576,0.5761198215460966,1,105000,25200.0,4.166666666666667
17127.080961987394,2,Telangana,5.6,65000,70,50,55,0.5717770734028551,0.24685239414889532,0.3767258091275445,0.3636920167765516,0.3355439557448757,0,105000,25200.0,4.166666666666667
33099.855438715254,4,Telangana,5.6,65000,70,50,55,0.6225880578237544,0.49853914688626183,0.6944765369192399,0.42738556104098147,0.5136112233914598,1,105000,25200.0,4.166666666666667
59872.70296646949,5,Telangana,5.6,65000,70,50,55,0.6551814079014193,0.7749312353852085,0.47453588965680216,0.4850352892784401,0.5878707564819842,0,105000,25200.0,4.166666666666667
35232.427235961375,4,Telangana,5.6,65000,70,50,55,0.6200758032616759,0.5656626930398406,0.35298682356171657,0.7040552548617186,0.4345295216168473,0,105000,25200.0,4.166666666666667
39836.91079706263,4,Telangana,5.6,65000,70,50,55,0.6277265514155617,0.5343963893252813,0.7649450286340017,0.5806673887289683,0.6672617033926574,0,105000,25200.0,4.166666666666667
30653.987179878986,3,Telangana,5.6,65000,70,50,55,0.5965337630601655,0.6834647341634736,0.5825815857712159,0.4910273917561012,0.5550002874648032,1,105000,25200.0,4.166666666666667
11611.978981328673,1,Telangana,5.6,65000,70,50,55,0.5187243017007289,0.31130983458145284,0.5331828113915127,0.39436065595815084,0.40648751601348515,1,105000,25200.0,4.166666666666667
15058.584291015748,2,Telangana,5.6,65000,70,50,55,0.5795022191128228,0.4330743713216073,0.3497218261705698,0.5167697155685916,0.4844460808465,1,105000,25200.0,4.166666666666667
17781.253867532127,2,Telangana,5.6,65000,70,50,55,0.5947032185800488,0.46593918655977695,0.7222993471873305,0.4341099443893657,0.4349230278522454,0,105000,25200.0,4.166666666666667
23100.81454879841,3,Telangana,5.6,65000,70,50,55,0.6085623719349628,0.5613452269322953,0.3702581556818483,0.6100488310564341,0.5804392315754995,1,105000,25200.0,4.166666666666667
58054.865331710025,5,Telangana,5.6,65000,70,50,55,0.6604707604346577,0.892594543757807,0.5126441908215361,0.5490939862917196,0.5856879610392932,0,105000,25200.0,4.166666666666667
41642.80451544447,4,Telangana,5.6,65000,70,50,55,0.6319525360432378,0.6981613376155462,0.5773720182219412,0.5312888499555772,0.6264560881375326,0,105000,25200.0,4.166666666666667
52653.58351767149,5,Telangana,5.6,65000,70,50,55,0.6582901413198682,0.6538955868145566,0.7750035950472465,0.7516101558183362,0.5939254110526548,0,105000,25200.0,4.166666666666667
8000.0,1,Telangana,5.6,65000,70,50,55,0.5434004158386696,0.27096124626634305,0.47662567696932545,0.34919621337049844,0.22077061562900213,0,105000,25200.0,4.166666666666667
22279.3432364444,2,Telangana,5.6,65000,70,50,55,0.5721299190592677,0.5012676330757476,0.4358538677163618,0.5195868803244131,0.5491614376114012,0,105000,25200.0,4.166666666666667
28335.376225847296,3,Telangana,5.6,65000,70,50,55,0.594089515696017,0.48949951210711273,0.7300163181654107,0.48048129394806516,0.5828880062080286,1,105000,25200.0,4.166666666666667
12817.292755772758,1,Telangana,5.6,65000,70,50,55,0.5593288838894783,0.2963371217478977,0.45655908682729895,0.41247024532658916,0.3712372746107973,0,105000,25200.0,4.166666666666667
14575.061381458796,1,Telangana,5.6,65000,70,50,55,0.5276284576429022,0.608260901694003,0.396446097989417,0.28466759692554744,0.39044091854946683,0,105000,25200.0,4.166666666666667
27832.65190904497,3,Telangana,5.6,65000,70,50,55,0.6096833154319424,0.5066760118831299,0.4547837580645734,0.4212812781131545,0.3552105713550924,0,105000,25200.0,4.166666666666667
38201.95729370191,4,Telangana,5.6,65000,70,50,55,0.6314880237268247,0.8838212132763159,0.5634509632128472,0.45168494635868706,0.6153574301405476,0,105000,25200.0,4.166666666666667
16918.50663188117,2,Telangana,5.6,65000,70,50,55,0.5915083181506574,0.6760377595478776,0.34401628804664475,0.5745256554304125,0.5388655107821868,0,105000,25200.0,4.166666666666667
8000.0,1,Telangana,5.6,65000,70,50,55,0.5459086459924822,0.30860303462588334,0.5476402221041885,0.5596184885778573,0.41731699283674817,1,105000,25200.0,4.166666666666667
20164.645429960514,2,Telangana,5.6,65000,70,50,55,0.5689009446281675,0.6178847244361612,0.7233564946372086,0.34150349540500013,0.49601375721304397,0,105000,25200.0,4.166666666666667
20036.49948263404,2,Telangana,5.6,65000,70,50,55,0.570022928015655,0.43642884476600763,0.5918587030322118,0.34416484216938537,0.3620166986390218,0,105000,25200.0,4.166666666666667
32727.730938151504,4,Telangana,5.6,65000,70,50,55,0.6328990669451976,0.41627098782845284,0.3764733891614429,0.586761793707079,0.3906504220039322,0,105000,25200.0,4.166666666666667
26203.694946621436,3,Telangana,5.6,65000,70,50,55,0.5910720930500359,0.4883678294762086,0.3379930674957113,0.5223215885438027,0.47771575190659055,1,105000,25200.0,4.166666666666667
10470.00942992929,1,Telangana,5.6,65000,70,50,55,0.5348313047488209,0.6098428475547064,0.7796258903845226,0.4662827509449452,0.4500689752889838,0,105000,25200.0,4.166666666666667
25153.644364839354,3,Telangana,5.6,65000,70,50,55,0.5846505603080814,0.4222215641385743,0.38865698705581797,0.5921528617600754,0.514532368361125,0,105000,25200.0,4.166666666666667
41885.09929902142,4,Telangana,5.6,65000,70,50,55,0.623270231016259,0.5510421258415632,0.3917513539620099,0.6602769508179388,0.5854378844063923,0,105000,25200.0,4.166666666666667
41542.42479610015,4,Telangana,5.6,65000,70,50,55,0.6334390648166045,0.6375982301678967,0.5740584532839575,0.46583612518462314,0.6348163954051456,0,105000,25200.0,4.166666666666667
39809.19972980239,4,Telangana,5.6,65000,70,50,55,0.6355017504928452,0.7140759705779169,0.5864073343925861,0.4324618298823564,0.5963667116440416,0,105000,25200.0,4.166666666666667
37101.99628837497,4,Telangana,5.6,65000,70,50,55,0.6127067030500359,0.45858363156576065,0.43258487942922896,0.6878587729103803,0.7516491632008332,0,105000,25200.0,4.166666666666667
50148.38336790551,5,Telangana,5.6,65000,70,50,55,0.6611278829695579,0.7770034150636042,0.3180538324413606,0.6119733792252454,0.5836805741994282,0,105000,25200.0,4.166666666666667
31696.144021792123,3,Telangana,5.6,65000,70,50,55,0.6081340995082213,0.42840604138932686,0.5081261110771856,0.6624844090674079,0.5714491381206199,1,105000,25200.0,4.166666666666667
40678.638516967476,4,Telangana,5.6,65000,70,50,55,0.6308708780662377,0.7808585161663919,0.4427750448811586,0.580941956671812,0.5608603034950181,1,105000,25200.0,4.166666666666667
27792.05823064916,3,Telangana,5.6,65000,70,50,55,0.5961621135422219,0.6274408218133303,0.5324615441554291,0.5241193237613327,0.6224215443856397,1,105000,25200.0,4.166666666666667
30657.309205888712,3,Telangana,5.6,65000,70,50,55,0.5983783885495177,0.7004369757929148,0.6655298894209334,0.5580049187849532,0.6191797139298216,1,105000,25200.0,4.166666666666667
18126.76688866629,2,Telangana,5.6,65000,70,50,55,0.5670923664502278,0.37945757691386894,0.6863914420261501,0.3721543055738248,0.32138855658261245,0,105000,25200.0,4.166666666666667
94907.52761844895,5,Telangana,5.6,65000,70,50,55,0.6561326944089194,0.6826090712935133,0.6719172892925744,0.5473232626227019,0.5740790324799344,0,105000,25200.0,4.166666666666667
120522.20044822322,5,Telangana,5.6,65000,70,50,55,0.6642382352524485,0.6951071238294819,0.6252978030479426,0.7428530490282262,0.6811554312670272,1,105000,25200.0,4.166666666666667
42320.934912438715,4,Telangana,5.6,65000,70,50,55,0.6555768822773544,0.7433206882014984,0.5698335583011271,0.48480943610776217,0.5092284453821095,1,105000,25200.0,4.166666666666667
8000.0,1,Telangana,5.6,65000,70,50,55,0.5350630008309482,0.5587045879805644,0.3880146535101873,0.3410023607061148,0.436807247748648,0,105000,25200.0,4.166666666666667
34287.69879548056,4,Telangana,5.6,65000,70,50,55,0.6293185736733857,0.4785405983284483,0.43802245134920437,0.5741063599153642,0.4173347248180965,0,105000,25200.0,4.166666666666667
30969.84700031601,3,Telangana,5.6,65000,70,50,55,0.6019830206062476,0.6129834764940933,0.4732871071555924,0.563456517177957,0.5302763743672626,1,105000,25200.0,4.166666666666667
61860.01831106915,5,Telangana,5.6,65000,70,50,55,0.6556264556564171,0.7204192218361245,0.6289248916831139,0.47138227109553354,0.5860686563582154,1,105000,25200.0,4.166666666666667
24220.655691992364,3,Telangana,5.6,65000,70,50,55,0.6134823580352342,0.48017310715982975,0.5887641751883957,0.508145468288412,0.5961900544384358,1,105000,25200.0,4.166666666666667
126420.14223366142,5,Telangana,5.6,65000,70,50,55,0.6387911462669356,0.8526541537215829,0.7398815466923228,0.5908150487793336,0.6788190315443337,1,105000,25200.0,4.166666666666667
36073.48210106293,4,Telangana,5.6,65000,70,50,55,0.6271894082962132,0.8259373991829608,0.41982874888859867,0.6807968688740776,0.6988454252859589,0,105000,25200.0,4.166666666666667
14289.27665923287,1,Telangana,5.6,65000,70,50,55,0.5506831373631996,0.31786490726123384,0.6899414402208304,0.5230203512220986,0.5009764223216965,1,105000,25200.0,4.166666666666667
136425.05265088583,5,Telangana,5.6,65000,70,50,55,0.6595590569161136,0.8025682429173686,0.5913648257520844,0.7428881467137022,0.6308235112666842,1,105000,25200.0,4.166666666666667
35312.94971754023,4,Telangana,5.6,65000,70,50,55,0.624291610411497,0.7527977009859359,0.6047899484859671,0.6737262942572005,0.7898366915951428,1,105000,25200.0,4.166666666666667
26789.09985460464,3,Telangana,5.6,65000,70,50,55,0.6069075675443876,0.4110734238775434,0.7943105048825259,0.6071245202082649,0.6573949880137497,1,105000,25200.0,4.166666666666667
23169.452567079898,3,Telangana,5.6,65000,70,50,55,0.6115634323539715,0.6458521745761587,0.574898460968758,0.628812599348341,0.5328677005715405,0,105000,25200.0,4.166666666666667
17511.588408369065,2,Telangana,5.6,65000,70,50,55,0.5746063544521506,0.37388493223281266,0.6408129637211006,0.3735530684412658,0.36061790336705235,0,105000,25200.0,4.166666666666667
8000.0,1,Telangana,5.6,65000,70,50,55,0.5344877964018712,0.45768173148032604,0.33597761556250044,0.37336583861640604,0.45906636942914264,0,105000,25200.0,4.166666666666667
27512.69749950151,3,Telangana,5.6,65000,70,50,55,0.6070620331915173,0.5181363792045742,0.47764737839774113,0.5761966086020944,0.5944535453783653,1,105000,25200.0,4.166666666666667
56997.069665435825,5,Telangana,5.6,65000,70,50,55,0.6584795069972521,0.7674118624957004,0.4704563865434611,0.748050398681461,0.719454755208147,1,105000,25200.0,4.166666666666667
20837.990984396445,2,Telangana,5.6,65000,70,50,55,0.5799518688189382,0.23084000451394815,0.4201619865923111,0.5211837409182981,0.3369462775155361,0,105000,25200.0,4.166666666666667
30537.63361793584,3,Telangana,5.6,65000,70,50,55,0.6173325888485658,0.3124144822416649,0.4786632348840148,0.4334957824344138,0.3843943569490043,0,105000,25200.0,4.166666666666667
18582.365577946523,2,Telangana,5.6,65000,70,50,55,0.5464442324431147,0.5174752322250884,0.4725997988459101,0.6045106302569779,0.6020041425985964,1,105000,25200.0,4.166666666666667
90117.95441792227,5,Telangana,5.6,65000,70,50,55,0.6636106747319563,0.71661861077829,0.4446971597560294,0.6992136522911089,0.6857491025858503,1,105000,25200.0,4.166666666666667
62683.67722662884,5,Telangana,5.6,65000,70,50,55,0.6451426606305237,0.5985861359709915,0.44781346115499265,0.6860742379574435,0.551697495621324,0,105000,25200.0,4.166666666666667
18529.31612511792,2,Telangana,5.6,65000,70,50,55,0.5969178858532977,0.3116818173286521,0.3794089661396843,0.5498630963044502,0.5380562421441066,0,105000,25200.0,4.166666666666667
33231.52756919503,4,Telangana,5.6,65000,70,50,55,0.6278187546620381,0.6849533568794468,0.34063955191785766,0.6188545183659641,0.7072152855354172,1,105000,25200.0,4.166666666666667
49952.69704194349,5,Telangana,5.6,65000,70,50,55,0.6699637324182537,0.38479307137797303,0.41874859417627774,0.4777448862394539,0.4464901935776253,1,105000,25200.0,4.166666666666667
37290.76499469285,4,Telangana,5.6,65000,70,50,55,0.632146831404051,0.6165727919192097,0.731842181308048,0.4971965890029141,0.5492962504515408,0,105000,25200.0,4.166666666666667
29315.428347989,3,Telangana,5.6,65000,70,50,55,0.5944691541928093,0.33096105346002413,0.7409356621848482,0.6580826630990065,0.66733912769421,0,105000,25200.0,4.166666666666667
19961.280131550426,2,Telangana,5.6,65000,70,50,55,0.5632794695282257,0.57772034343003,0.46392699763990275,0.4076923951380842,0.5807732214845717,1,105000,25200.0,4.166666666666667
99838.42850571066,5,Telangana,5.6,65000,70,50,55,0.6783567917310076,0.49821477849427,0.5652350298516997,0.7025990564577068,0.7308767207059093,0,105000,25200.0,4.166666666666667
55324.57994031155,5,Telangana,5.6,65000,70,50,55,0.672059380601783,0.8827868063520298,0.6136074155239273,0.59845630223385,0.7171663612723185,1,105000,25200.0,4.166666666666667
36189.32069682826,4,Telangana,5.6,65000,70,50,55,0.6519358408737755,0.41266209260423814,0.4525247715855133,0.6933694258664802,0.5240680676041028,1,105000,25200.0,4.166666666666667
8000.0,1,Telangana,5.6,65000,70,50,55,0.5430545333515769,0.5861704122173014,0.39441744020043085,0.43841182748412233,0.5122998571947339,1,105000,25200.0,4.166666666666667
33760.659963649545,4,Telangana,5.6,65000,70,50,55,0.63537919621246,0.9059544903300136,0.43134239458829393,0.6106769101674886,0.6249106088275561,0,105000,25200.0,4.166666666666667
8000.0,1,Telangana,5.6,65000,70,50,55,0.5398280843434471,0.28148835691510216,0.45030897585151086,0.3429986613617342,0.32006257449089764,0,105000,25200.0,4.166666666666667
8000.0,1,Telangana,5.6,65000,70,50,55,0.5396291779688499,0.38643886600707295,0.6998015487112819,0.2883681330440463,0.4198441437572495,1,105000,25200.0,4.166666666666667
67537.62422565455,5,Telangana,5.6,65000,70,50,55,0.6520811306752263,0.6009168776523746,0.6066303936394342,0.6980779991565992,0.6501423371478741,1,105000,25200.0,4.166666666666667
54198.45181007914,5,Telangana,5.6,65000,70,50,55,0.6633401019092435,0.5724879837271543,0.3890968166328832,0.4914040979603229,0.49112794837974844,0,105000,25200.0,4.166666666666667
26410.47445562202,3,Telangana,5.6,65000,70,50,55,0.594607534051138,0.4143674448149064,0.5120274521932442,0.5876505685068482,0.43015734559849095,0,105000,25200.0,4.166666666666667
36201.02568038861,4,Telangana,5.6,65000,70,50,55,0.636919089221642,0.7347887577397612,0.5569976553629552,0.5877589696996586,0.6111985997585391,1,105000,25200.0,4.166666666666667
35030.35589049394,4,Telangana,5.6,65000,70,50,55,0.634200102189802,0.7216919106752457,0.35773042968322644,0.6671182249981676,0.5590968586395039,0,105000,25200.0,4.166666666666667
45615.54930323939,4,Telangana,5.6,65000,70,50,55,0.6353768204367571,0.6744862336286286,0.6150658888660887,0.4828430379533656,0.48603545032569095,1,105000,25200.0,4.166666666666667
39457.65618688747,4,Telangana,5.6,65000,70,50,55,0.6492512993969022,0.7449285566354478,0.43634493153506954,0.5835699976911836,0.6192711974696196,1,105000,25200.0,4.166666666666667
11300.757603858243,1,Telangana,5.6,65000,70,50,55,0.5421228205023441,0.18362369779485355,0.35024688560895667,0.4553625273163061,0.35342253458176814,0,105000,25200.0,4.166666666666667
30723.84423612703,3,Telangana,5.6,65000,70,50,55,0.6100672700285342,0.46260621762297305,0.4697369933669875,0.3934004491091556,0.508819907172819,0,105000,25200.0,4.166666666666667
23537.904208850494,3,Telangana,5.6,65000,70,50,55,0.6230150946408557,0.434338428308201,0.6380589993095158,0.5927933162736966,0.5704190828570772,1,105000,25200.0,4.166666666666667
10880.298214880007,1,Telangana,5.6,65000,70,50,55,0.5555661706929504,0.36156673755007845,0.46301631041904767,0.38781994167545486,0.38772374166306395,0,105000,25200.0,4.166666666666667
67840.37665722758,5,Telangana,5.6,65000,70,50,55,0.6740316969845485,0.5288539722052326,0.5879793163776574,0.5097853379248646,0.6274020739982473,1,105000,25200.0,4.166666666666667
17671.41257274298,2,Telangana,5.6,65000,70,50,55,0.569433117844795,0.4802448453357727,0.3464688817298587,0.4372305910982637,0.43499959016342765,1,105000,25200.0,4.166666666666667
46790.614616593106,4,Telangana,5.6,65000,70,50,55,0.6347964305556779,0.8086327122698609,0.37682821754114565,0.45060155682610303,0.5808800079157812,1,105000,25200.0,4.166666666666667
14340.617379259265,1,Telangana,5.6,65000,70,50,55,0.5293172370797006,0.3099915770724552,0.40046433598220554,0.5375098730223509,0.44510253900933083,0,105000,25200.0,4.166666666666667
24605.262350627716,3,Telangana,5.6,65000,70,50,55,0.607489144009644,0.5054440279733876,0.35324435901867574,0.5081390813258039,0.43576394944078584,0,105000,25200.0,4.166666666666667
20039.62303560369,2,Telangana,5.6,65000,70,50,55,0.5752446017761385,0.4954713821815595,0.30423118485595463,0.362519529727252,0.46659774724191244,1,105000,25200.0,4.166666666666667
27554.10188488025,3,Telangana,5.6,65000,70,50,55,0.6027338512515618,0.48593417845658493,0.6512787826179427,0.4467398144294392,0.5188984691751481,0,105000,25200.0,4.166666666666667
86867.97387550697,5,Telangana,5.6,65000,70,50,55,0.6727719478824286,0.49120371020854625,0.5773964571625259,0.6885058421209848,0.6157272658629381,1,105000,25200.0,4.166666666666667
20142.240114326334,2,Telangana,5.6,65000,70,50,55,0.560422251775756,0.3294845721827583,0.6291680096706661,0.5569375612636589,0.5560603859758493,1,105000,25200.0,4.166666666666667
34222.94200749737,4,Telangana,5.6,65000,70,50,55,0.6488486285116034,0.6237256929710385,0.35153915307806316,0.43350602966125984,0.46997969074095536,0,105000,25200.0,4.166666666666667
25757.117820294872,3,Telangana,5.6,65000,70,50,55,0.6115176468794028,0.3774327913087922,0.4269460214673973,0.3890751733282748,0.39233095839662296,0,105000,25200.0,4.166666666666667
43366.23604501853,4,Telangana,5.6,65000,70,50,55,0.6317936602034802,0.5761367101742534,0.6667343161458901,0.6962666624778482,0.6777607307297622,0,105000,25200.0,4.166666666666667
27385.580490430002,3,Telangana,5.6,65000,70,50,55,0.601012704121826,0.4300885295830733,0.614834867397323,0.4704057794779455,0.5171670044258257,0,105000,25200.0,4.166666666666667
64297.47925086125,5,Telangana,5.6,65000,70,50,55,0.6673061121524859,0.6860017204907072,0.7068500274193891,0.5291082713516215,0.8309804164401364,1,105000,25200.0,4.166666666666667
74976.05441903885,5,Telangana,5.6,65000,70,50,55,0.6777085123206378,0.8167774519080894,0.44806722590778836,0.5080284006220825,0.6903692291275128,1,105000,25200.0,4.166666666666667
41514.49872933529,4,Telangana,5.6,65000,70,50,55,0.6335160771869001,0.6841204727975081,0.4435991415827941,0.5638983545363456,0.40619669373085504,1,105000,25200.0,4.166666666666667
33567.35076194845,4,Telangana,5.6,65000,70,50,55,0.6339403090197923,0.5194010415466703,0.3735540899540256,0.6524269194424929,0.5767484658564248,0,105000,25200.0,4.166666666666667
108114.13765458827,5,Telangana,5.6,65000,70,50,55,0.6626811847762587,0.47223266665147684,0.6399875734377287,0.6274464413774501,0.47374651379067545,1,105000,25200.0,4.166666666666667
41601.76431341506,4,Telangana,5.6,65000,70,50,55,0.6503202411270147,0.3528789460986577,0.679030363296725,0.4273132149982777,0.4778530115814297,1,105000,25200.0,4.166666666666667
19128.94582695715,2,Telangana,5.6,65000,70,50,55,0.5688111689706298,0.6318300702935138,0.3823098897839621,0.466282600909356,0.49822937340063245,1,105000,25200.0,4.166666666666667
10858.661495586108,1,Telangana,5.6,65000,70,50,55,0.5422049240138093,0.4076846669102652,0.6237788290972062,0.3646082342797924,0.3948770808573991,1,105000,25200.0,4.166666666666667
25934.17522332428,3,Telangana,5.6,65000,70,50,55,0.6171343565426098,0.41969635424196633,0.4271699955081908,0.5759688621627058,0.3442932410557514,1,105000,25200.0,4.166666666666667
63106.017382035774,5,Telangana,5.6,65000,70,50,55,0.6639701083361286,0.8762113792568784,0.7749578057765649,0.628163801628989,0.7350531125207251,1,105000,25200.0,4.166666666666667
26324.589596138252,3,Telangana,5.6,65000,70,50,55,0.6138705886004552,0.541995684639056,0.5525626792614813,0.660712256091437,0.5500174570949741,0,105000,25200.0,4.166666666666667
20547.29809670241,2,Telangana,5.6,65000,70,50,55,0.5633871994309704,0.7276461753900287,0.3294941052401552,0.5005603573221774,0.5561174307895614,0,105000,25200.0,4.166666666666667
8000.0,1,Telangana,5.6,65000,70,50,55,0.5404470747837148,0.29916243208640725,0.43043232418216265,0.46085540094308075,0.26602812924986263,0,105000,25200.0,4.166666666666667
12401.770718929445,1,Telangana,5.6,65000,70,50,55,0.5573443403844023,0.3228978304587762,0.40699554592217946,0.4271803431186868,0.33703786672367403,0,105000,25200.0,4.166666666666667
15105.891117209,2,Telangana,5.6,65000,70,50,55,0.5657366028423646,0.6292083704662452,0.5223528150804391,0.414412757298555,0.5570307667950378,1,105000,25200.0,4.166666666666667
13738.640185528404,1,Telangana,5.6,65000,70,50,55,0.540987009602303,0.46596850813306084,0.4283456262823426,0.46029205848634924,0.2811059035153863,0,105000,25200.0,4.166666666666667
9287.807032551998,1,Telangana,5.6,65000,70,50,55,0.5450668523089147,0.3698163679857483,0.6190916408241313,0.3709846010826574,0.4561005091021988,1,105000,25200.0,4.166666666666667
30312.778634318976,3,Telangana,5.6,65000,70,50,55,0.5926084548200701,0.6357958157319842,0.6073450892009457,0.5863155554014544,0.5352961632227841,1,105000,25200.0,4.166666666666667
17844.09841095008,2,Telangana,5.6,65000,70,50,55,0.5683618988137811,0.49405606711198613,0.6073069049632096,0.3921650423023475,0.4552881503608333,1,105000,25200.0,4.166666666666667
62197.6717622527,5,Telangana,5.6,65000,70,50,55,0.6636263668182564,0.7127815439967251,0.42101191819133654,0.5814095216046276,0.5251048606390154,1,105000,25200.0,4.166666666666667
17526.74287936665,2,Telangana,5.6,65000,70,50,55,0.5729668173416196,0.45776994034848884,0.4930456824808152,0.49620560907395306,0.4526489629037277,1,105000,25200.0,4.166666666666667
26204.86995219521,3,Telangana,5.6,65000,70,50,55,0.6153035202083713,0.3734417847089553,0.4937219779586668,0.5596586218276477,0.4215749364895315,1,105000,25200.0,4.166666666666667
52369.77230245383,5,Telangana,5.6,65000,70,50,55,0.6779145719483225,0.46411241324709007,0.3566757219811559,0.671694969488556,0.4767344881806954,0,105000,25200.0,4.166666666666667
8000.0,1,Telangana,5.6,65000,70,50,55,0.5339391512799909,0.5654446812877141,0.8086394662302991,0.4812060517251756,0.607627400997357,0,105000,25200.0,4.166666666666667
24897.787971231282,3,Telangana,5.6,65000,70,50,55,0.6036126851916748,0.6457370951257247,0.44575113553111223,0.4666030242782432,0.5128479826951263,0,105000,25200.0,4.166666666666667
20195.58681790891,2,Telangana,5.6,65000,70,50,55,0.5792424830842476,0.37985638270259736,0.8081934981041343,0.5888840334015429,0.5791701946498005,1,105000,25200.0,4.166666666666667
8000.0,1,Telangana,5.6,65000,70,50,55,0.5576634746579919,0.3561832328269029,0.5870029442514786,0.2800911935874535,0.3899797091774119,0,105000,25200.0,4.166666666666667
61031.11508315766,5,Telangana,5.6,65000,70,50,55,0.6696849029731713,0.7865786963522912,0.43112489338584536,0.5276400925166111,0.7011437025372105,1,105000,25200.0,4.166666666666667
8000.0,1,Telangana,5.6,65000,70,50,55,0.5454091340159233,0.5241255134275694,0.6288320672096213,0.2921533569813943,0.4646040805568894,0,105000,25200.0,4.166666666666667
36714.93241574222,4,Telangana,5.6,65000,70,50,55,0.6391654253198262,0.6066969843379206,0.4216274977284652,0.6225722028268224,0.6185875165851448,0,105000,25200.0,4.166666666666667
104256.32695571535,5,Telangana,5.6,65000,70,50,55,0.6692376883433626,0.5100638044080334,0.6931141909333995,0.5532106820536793,0.659201075159065,1,105000,25200.0,4.166666666666667
61478.859007200605,5,Telangana,5.6,65000,70,50,55,0.6532228570771563,0.5411781209781729,0.5368869243869414,0.5308571632872724,0.5044213758984428,1,105000,25200.0,4.166666666666667
18545.48818732101,2,Telangana,5.6,65000,70,50,55,0.5744279879250627,0.3205361611137235,0.5842858205719442,0.4653113573832025,0.5824485655083473,1,105000,25200.0,4.166666666666667
32888.1963233143,4,Telangana,5.6,65000,70,50,55,0.6470916099418869,0.4241243523099796,0.4074124288690648,0.606825367635252,0.42892890830186464,0,105000,25200.0,4.166666666666667
9550.8844695817,1,Telangana,5.6,65000,70,50,55,0.54042643231306,0.31661472861834594,0.4226047280066067,0.4568849378872478,0.4129011468380501,0,105000,25200.0,4.166666666666667
112968.97099814305,5,Telangana,5.6,65000,70,50,55,0.6637944664254745,0.6314060668880715,0.6285349305790695,0.6383468699449822,0.6705458095893949,1,105000,25200.0,4.166666666666667
31223.236090451814,3,Telangana,5.6,65000,70,50,55,0.6000748355047397,0.3282151349296528,0.7682261101895924,0.6687070191170293,0.7380287563083485,1,105000,25200.0,4.166666666666667
46537.40209837436,4,Telangana,5.6,65000,70,50,55,0.6093614050439312,0.5915265382427921,0.5147172931422753,0.6791755442576449,0.6323447942746271,0,105000,25200.0,4.166666666666667
20909.785034750777,2,Telangana,5.6,65000,70,50,55,0.5727059017723468,0.40624861673467916,0.428671857432703,0.39276917264606737,0.3575351770656873,0,105000,25200.0,4.166666666666667
25712.125693417755,3,Telangana,5.6,65000,70,50,55,0.6055179193065287,0.8395563862250386,0.459787832177763,0.598725989006585,0.5768118786237904,1,105000,25200.0,4.166666666666667
150000.0,5,Telangana,5.6,65000,70,50,55,0.657375066091191,0.5926642366236451,0.5539134664768413,0.6419002777050477,0.5927411867900408,1,105000,25200.0,4.166666666666667
48418.0498109962,5,Telangana,5.6,65000,70,50,55,0.6509536305111527,0.6584957370958272,0.4794870969526339,0.4922668257638335,0.5799839534942693,0,105000,25200.0,4.166666666666667
18029.73774534141,2,Telangana,5.6,65000,70,50,55,0.5636939354021835,0.46327360398234574,0.47483271466418964,0.3359854365879277,0.4273490828464981,1,105000,25200.0,4.166666666666667
33956.149724866555,4,Telangana,5.6,65000,70,50,55,0.6401418761613555,0.7683391659170324,0.303159893963804,0.6609968269646834,0.6386834963152478,1,105000,25200.0,4.166666666666667
56705.15348650272,5,Telangana,5.6,65000,70,50,55,0.682225247730469,0.6506233542487614,0.6122530518793856,0.6346083180138918,0.6606957240026526,1,105000,25200.0,4.166666666666667
150000.0,5,Telangana,5.6,65000,70,50,55,0.6763243334090543,0.6386704264879803,0.49353148811760517,0.6425085777674703,0.6677726576504941,0,105000,25200.0,4.166666666666667
29778.580002357485,3,Telangana,5.6,65000,70,50,55,0.5890565399516944,0.6594609116738022,0.6738907666918585,0.47199182757294045,0.4875758257993222,1,105000,25200.0,4.166666666666667
33572.10608340994,4,Telangana,5.6,65000,70,50,55,0.641046273105507,0.7949621680383367,0.3154668998490796,0.7002155324486149,0.5160246324776406,1,105000,25200.0,4.166666666666667
11101.673205021296,1,Telangana,5.6,65000,70,50,55,0.5358683762419071,0.6162266753065471,0.39373083669167375,0.48511544578622234,0.5535349747371356,1,105000,25200.0,4.166666666666667
26070.896093092786,3,Telangana,5.6,65000,70,50,55,0.5966773293749121,0.39974194083753617,0.7814323592604961,0.6494428596828886,0.4749360246454973,0,105000,25200.0,4.166666666666667
38008.24517076564,4,Telangana,5.6,65000,70,50,55,0.6278802440202871,0.7243525612794004,0.4939284907499508,0.45089128833588477,0.5573643120274853,1,105000,25200.0,4.166666666666667
40698.416711264785,4,Telangana,5.6,65000,70,50,55,0.6395606694985543,0.42757153457289154,0.5870689589233065,0.5962299159195418,0.5017054738053511,0,105000,25200.0,4.166666666666667
9201.387879041928,1,Telangana,5.6,65000,70,50,55,0.5520925337644904,0.5659962407514958,0.42101715072171186,0.46236928605939565,0.594226963626392,1,105000,25200.0,4.166666666666667
21109.985327558792,2,Telangana,5.6,65000,70,50,55,0.5715196892872021,0.6747094840080605,0.509264258344637,0.3589091079388944,0.6269800077491284,1,105000,25200.0,4.166666666666667
16120.673293319485,2,Telangana,5.6,65000,70,50,55,0.5716892925899197,0.4389645857325952,0.6164415043251974,0.4249906075422153,0.4741779921531899,0,105000,25200.0,4.166666666666667
20372.949167715182,2,Telangana,5.6,65000,70,50,55,0.5771426374323579,0.28762185852050715,0.368970606608381,0.38555241527056117,0.3475845532834341,1,105000,25200.0,4.166666666666667
34313.46527260337,4,Telangana,5.6,65000,70,50,55,0.6381799453952424,0.7026031169857427,0.44216490867514124,0.7164488037858355,0.6234286553829426,1,105000,25200.0,4.166666666666667
45513.7436766129,4,Telangana,5.6,65000,70,50,55,0.6442622570675852,0.36904624844680367,0.3917560173213548,0.5841356684567084,0.5155558796859945,0,105000,25200.0,4.166666666666667
19114.611284244795,2,Telangana,5.6,65000,70,50,55,0.559656280244908,0.2607990375440572,0.38774679061333417,0.41568938500481956,0.4301859575537625,0,105000,25200.0,4.166666666666667
16729.8504865529,2,Telangana,5.6,65000,70,50,55,0.5727002733980403,0.5987698291929738,0.4395749526427455,0.5204601067247068,0.7408100833293391,0,105000,25200.0,4.166666666666667
21530.670459413494,2,Telangana,5.6,65000,70,50,55,0.5618197562410883,0.31057952771792197,0.3697791944162504,0.5189753972386838,0.338688001655808,1,105000,25200.0,4.166666666666667
52559.03171241002,5,Telangana,5.6,65000,70,50,55,0.6619905772093659,0.896371348696604,0.511062708203988,0.5753102238938654,0.6859282306140281,1,105000,25200.0,4.166666666666667
25008.224879147005,3,Telangana,5.6,65000,70,50,55,0.6002382471231923,0.7673663213958278,0.37507455906109044,0.6692879688064372,0.5963864353588854,0,105000,25200.0,4.166666666666667
30834.50512576382,3,Telangana,5.6,65000,70,50,55,0.6020325054609729,0.46004541649796027,0.30326186488081414,0.613799585857809,0.45368051996326897,1,105000,25200.0,4.166666666666667
13176.803817785085,1,Telangana,5.6,65000,70,50,55,0.5345025711188947,0.17567283536216985,0.37284506706327825,0.39120656204554227,0.2955882226940046,0,105000,25200.0,4.166666666666667
24525.813424731263,3,Telangana,5.6,65000,70,50,55,0.5876271020679257,0.43067156055679445,0.31713343471632915,0.5691289144002004,0.4574063016762385,0,105000,25200.0,4.166666666666667
8000.0,1,Telangana,5.6,65000,70,50,55,0.521555624732851,0.5325748661922209,0.5287141451459134,0.48427299792978185,0.48714972169508364,1,105000,25200.0,4.166666666666667
139295.52727733052,5,Telangana,5.6,65000,70,50,55,0.6611881984573516,0.9537155391921087,0.4638545999518877,0.5232560670100376,0.6824343175964738,1,105000,25200.0,4.166666666666667
66096.23438523477,5,Telangana,5.6,65000,70,50,55,0.6581899889416706,0.5989291509523545,0.4192080385764052,0.7345588627493561,0.6629699159737091,0,105000,25200.0,4.166666666666667
14767.789375381652,1,Telangana,5.6,65000,70,50,55,0.5357406233519617,0.5587068727205348,0.5887602277370036,0.5189224540812198,0.4073491947708407,1,105000,25200.0,4.166666666666667
74406.07221098017,5,Telangana,5.6,65000,70,50,55,0.6757254846283166,0.735360057140495,0.5071238553225468,0.6978135903257442,0.6292843531858309,1,105000,25200.0,4.166666666666667
25469.54079750011,3,Telangana,5.6,65000,70,50,55,0.5939056181320468,0.5916264416058101,0.3516047158352509,0.4379139294240494,0.5135321402676293,1,105000,25200.0,4.166666666666667
50233.99761658056,5,Telangana,5.6,65000,70,50,55,0.676668340821388,0.750242107221152,0.5219412057387525,0.5119860555533406,0.7175217433424369,1,105000,25200.0,4.166666666666667
31177.99777917711,3,Telangana,5.6,65000,70,50,55,0.6187384374426925,0.5859352148225033,0.6351143533578183,0.4252755362241819,0.5771401136237753,0,105000,25200.0,4.166666666666667
18646.021689102574,2,Telangana,5.6,65000,70,50,55,0.5529909953321062,0.2922194412858031,0.499681303604348,0.34901675388850206,0.35444428645521964,0,105000,25200.0,4.166666666666667
9336.452175270102,1,Telangana,5.6,65000,70,50,55,0.5434238145899897,0.3778742654751433,0.4458524276872,0.5531983601015515,0.4823127702979283,0,105000,25200.0,4.166666666666667
30637.560615028593,3,Telangana,5.6,65000,70,50,55,0.59850303509164,0.30065023392647394,0.5285989333346242,0.626559445989232,0.5229218457837211,1,105000,25200.0,4.166666666666667
8791.050601163028,1,Telangana,5.6,65000,70,50,55,0.5133819605528274,0.3923883558505803,0.436460889254231,0.2983449511747831,0.28218718933471204,0,105000,25200.0,4.166666666666667
27751.666134662115,3,Telangana,5.6,65000,70,50,55,0.5880535874693158,0.42892127232468025,0.5218734631828593,0.5745023229129176,0.5000856764887177,1,105000,25200.0,4.166666666666667
17731.988465450424,2,Telangana,5.6,65000,70,50,55,0.5802493610710847,0.6834350061145903,0.5744960622086777,0.39478731618334395,0.5348862099423949,0,105000,25200.0,4.166666666666667
37463.664573151174,4,Telangana,5.6,65000,70,50,55,0.6526919925271126,0.8309697961271516,0.3950734962211175,0.4262932071046922,0.6242756335041999,1,105000,25200.0,4.166666666666667
51991.07283076108,5,Telangana,5.6,65000,70,50,55,0.6715267814269925,0.7589747150615663,0.6529812338540966,0.5588287523693299,0.752273424564972,1,105000,25200.0,4.166666666666667
40701.06370008111,4,Telangana,5.6,65000,70,50,55,0.6357363247251298,0.7305657724554165,0.40045892646938985,0.5531201319049492,0.7056639976329231,0,105000,25200.0,4.166666666666667
9868.765979278687,1,Telangana,5.6,65000,70,50,55,0.5422866761836891,0.24188074380431562,0.48613144789981816,0.27712255869737135,0.22910487896888543,0,105000,25200.0,4.166666666666667
16850.883432038423,2,Telangana,5.6,65000,70,50,55,0.5893266291464812,0.4094442503719131,0.5372593023554504,0.4182271203594561,0.4393283390723898,1,105000,25200.0,4.166666666666667
11659.002905778561,1,Telangana,5.6,65000,70,50,55,0.5639823920195763,0.441477983266182,0.3754953820720183,0.48121689989773875,0.5439931860134921,1,105000,25200.0,4.166666666666667
10438.372071104988,1,Telangana,5.6,65000,70,50,55,0.5366315732047581,0.474803441758486,0.3718598440091514,0.3396396488214588,0.43604202530600433,0,105000,25200.0,4.166666666666667
56413.84728419513,5,Telangana,5.6,65000,70,50,55,0.642500134396897,0.6351614623281154,0.37063708667630674,0.6165790037088507,0.639572231884731,0,105000,25200.0,4.166666666666667
96218.86656450233,5,Telangana,5.6,65000,70,50,55,0.6415181253672879,0.7279405243052438,0.7771936802990096,0.7373853850220496,0.6772494946881265,0,105000,25200.0,4.166666666666667
8000.0,1,Telangana,5.6,65000,70,50,55,0.5557188099215981,0.5088035493666175,0.5278248266276073,0.2796284060738058,0.3613869297016098,0,105000,25200.0,4.166666666666667
23128.655735708246,3,Telangana,5.6,65000,70,50,55,0.602029414592256,0.7183493733422471,0.5990039550869275,0.6068022547910289,0.6680049919310395,0,105000,25200.0,4.166666666666667
26592.187812425396,3,Telangana,5.6,65000,70,50,55,0.6043324191045871,0.7712075084395064,0.4103594185636648,0.48627895820197375,0.5197239001675078,1,105000,25200.0,4.166666666666667
57944.96357959064,5,Telangana,5.6,65000,70,50,55,0.6445934900704329,0.6804630241699188,0.6627007443081985,0.633456078421948,0.5805267537084922,1,105000,25200.0,4.166666666666667
10148.540382843581,1,Telangana,5.6,65000,70,50,55,0.5349681108721153,0.26280839272804096,0.6540933394360157,0.3403726294095307,0.3935880022058079,1,105000,25200.0,4.166666666666667
27775.08616627999,3,Telangana,5.6,65000,70,50,55,0.5995451918609921,0.6405090279586295,0.5255473821906252,0.5447956493092292,0.5505221141595954,1,105000,25200.0,4.166666666666667
31960.579466940213,3,Telangana,5.6,65000,70,50,55,0.6045783838336406,0.6639657441862663,0.3985109637575755,0.5903210059690762,0.6236916572791126,0,105000,25200.0,4.166666666666667
8587.521350075327,1,Telangana,5.6,65000,70,50,55,0.5385140796108624,0.4857534218224882,0.5033800358056039,0.33157249001434236,0.4393510295639651,0,105000,25200.0,4.166666666666667
49168.358120006546,5,Telangana,5.6,65000,70,50,55,0.6521267380169865,0.4935841664318126,0.5147775156910332,0.5740917564410162,0.6993050563861013,1,105000,25200.0,4.166666666666667
15408.95692400962,2,Telangana,5.6,65000,70,50,55,0.5646543300739748,0.5600984889899498,0.5926105271628752,0.4913248104234724,0.44617681760638606,0,105000,25200.0,4.166666666666667
58264.80386192671,5,Telangana,5.6,65000,70,50,55,0.6745832328594723,0.6411115700671821,0.5990933123771207,0.5961454101886783,0.6414058043410046,0,105000,25200.0,4.166666666666667
32038.18439386918,3,Telangana,5.6,65000,70,50,55,0.6049478461960349,0.5970662481123087,0.5173927760650788,0.4590569744777544,0.5661107415226785,0,105000,25200.0,4.166666666666667
8000.0,1,Telangana,5.6,65000,70,50,55,0.5486215680695555,0.24021293513922676,0.4570594241566435,0.406617340980174,0.4043037942185085,1,105000,25200.0,4.166666666666667
25843.728633483657,3,Telangana,5.6,65000,70,50,55,0.5935112618912266,0.33927117333359996,0.4857520132672266,0.4583594412652908,0.4622469881593218,1,105000,25200.0,4.166666666666667
39014.27810526713,4,Telangana,5.6,65000,70,50,55,0.6029617651459938,0.44848874279791506,0.4823879894959938,0.5116731861235462,0.37063135007223774,0,105000,25200.0,4.166666666666667
29817.6180899933,3,Telangana,5.6,65000,70,50,55,0.597268956931155,0.5376860575307858,0.28956642165429153,0.5543012142990875,0.3451277422116499,1,105000,25200.0,4.166666666666667
13194.627044752271,1,Telangana,5.6,65000,70,50,55,0.533834294455745,0.49803012488448944,0.46852525440713905,0.4142306926126206,0.35432828365030644,0,105000,25200.0,4.166666666666667
51522.40208134291,5,Telangana,5.6,65000,70,50,55,0.6659901226862808,0.8863433539070935,0.5956207405633739,0.6742327785041716,0.7444986483548107,1,105000,25200.0,4.166666666666667
56605.42476772462,5,Telangana,5.6,65000,70,50,55,0.6953572371368184,0.5274897228200537,0.3841709747479829,0.7223446108023462,0.47498423183859045,0,105000,25200.0,4.166666666666667
20682.773484432975,2,Telangana,5.6,65000,70,50,55,0.5794516601761825,0.1651997192797967,0.4703711093870229,0.6040007096997804,0.4836047199134576,1,105000,25200.0,4.166666666666667
40585.82675201932,4,Telangana,5.6,65000,70,50,55,0.6598596015938348,0.6425717163968233,0.7583941354934396,0.46651651034519137,0.5980088877783897,1,105000,25200.0,4.166666666666667
24336.164140691963,3,Telangana,5.6,65000,70,50,55,0.6081876969533944,0.45889689541282974,0.5415748983019146,0.5589682146670374,0.5042071124523395,0,105000,25200.0,4.166666666666667
20537.93942443445,2,Telangana,5.6,65000,70,50,55,0.5662011376242728,0.44235371343336904,0.5920060058859252,0.4958309725894895,0.633422810676493,0,105000,25200.0,4.166666666666667
44266.67455806321,4,Telangana,5.6,65000,70,50,55,0.6359791607812088,0.6590756571005891,0.43240140981017694,0.6811946879734155,0.7325195689047481,0,105000,25200.0,4.166666666666667
