date,year,month_num,day_of_week,day_of_year,month_sin,month_cos,doy_sin,doy_cos,monsoon_flag,season,season_encoded,data_source,daily_yield_campus_kwh,temp_mean,temp_max,temp_min,cloud_cover_mean,humidity_mean,ghi_sum,dni_sum,diffuse_sum,precipitation_sum,temp_mean_scaled,temp_max_scaled,temp_min_scaled,cloud_cover_mean_scaled,humidity_mean_scaled,ghi_sum_scaled,dni_sum_scaled,diffuse_sum_scaled,precipitation_sum_scaled,pca_1,pca_2,pca_3,pca_4,pca_5,local_outlier_post,equipment_fault_corrected
2023-01-01,2023,1,6,1,0.49999999999999994,0.8660254037844387,0.017201575418260506,0.9998520419557735,0,Winter_Spring,3,scaled_from_onesite,9040.354384523966,20.33333333333333,25.7,15.9,26.916666666666668,80.29166666666667,3305.0,3461.1,1526.0,0.3,-1.4067311415522301,-1.4147093720717985,-1.1953178365471486,-0.6340768674664986,0.48107099772347867,-1.3294147572402641,-0.5713438309615401,-0.5275696778931935,-0.49546258379895314,-1.3957230287965592,2.428653896587833,-0.5595014604451906,0.11189551651821546,0.5636258056012576,False,False
2023-01-02,2023,1,0,2,0.49999999999999994,0.8660254037844387,0.03439806061360801,0.9994082116062598,0,Winter_Spring,3,scaled_from_onesite,10038.595953694141,19.6125,25.5,14.8,13.333333333333334,75.45833333333333,3570.0,4160.1,1377.0,0.0,-1.5753889786465767,-1.4609246171326236,-1.4176339353023732,-0.9945570265152294,0.11659390890322018,-1.097795283199781,-0.1976544862596734,-0.7955288676128691,-0.5272693895221551,-2.0930897647781843,2.2051440465309047,-0.3535642285462251,0.09404191125393334,0.4173177104788761,False,False
2023-01-03,2023,1,1,3,0.49999999999999994,0.8660254037844387,0.051584366869408364,0.9986686402879997,0,Winter_Spring,3,scaled_from_onesite,11407.927324629987,18.6625,25.4,13.4,13.416666666666666,73.58333333333333,4002.0,5222.400000000001,1180.0,0.0,-1.7976663593258324,-1.4840322396630368,-1.7005816973544776,-0.992345491797139,-0.024798065208086736,-0.7202118387262388,0.3702570886713606,-1.1498104808663998,-0.5272693895221551,-2.7170079442399313,2.0045463433798854,-0.23747060539677994,-0.18732097852884655,0.020724289473235052,False,False
2023-01-04,2023,1,2,4,0.49999999999999994,0.8660254037844387,0.06875540848113941,0.9976335468520451,0,Winter_Spring,3,scaled_from_onesite,7922.250475969461,18.004166666666666,24.2,13.1,0.4583333333333333,74.375,4040.0,5400.2,1148.0,0.0,-1.9517006845333875,-1.7613237100279888,-1.7612133606513574,-1.3362391404601919,0.034900768305576535,-0.6869984801845848,0.4653099720590453,-1.2073587632223033,-0.5272693895221551,-3.0300249039326914,2.1464447295267055,-0.21313111735862464,-0.376493283360393,0.07068383161412786,False,False
2023-01-05,2023,1,3,5,0.49999999999999994,0.8660254037844387,0.08590610426133272,0.9963032375991965,0,Winter_Spring,3,scaled_from_onesite,12966.63785765289,17.320833333333333,23.8,10.7,0.25,68.75,3964.0,5165.0,1177.0,0.0,-2.1115844144956593,-1.8537542001496392,-2.246266667026393,-1.3417679772554179,-0.3892751540283442,-0.753425197267893,0.33957072474305255,-1.155205632337266,-0.5272693895221551,-3.357224662575973,2.33297895859282,-0.19313204801810877,0.07205360792312399,-0.18649794963903102,False,False
2023-01-06,2023,1,4,6,0.49999999999999994,0.8660254037844387,0.10303137904317879,0.9946781061893646,0,Winter_Spring,3,scaled_from_onesite,18995.26341976062,16.154166666666665,23.2,10.2,0.0,62.16666666666666,4326.0,6058.5,1087.0,0.0,-2.3845566363824653,-1.9923999353321158,-2.347319439187859,-1.3484025814096892,-0.8857180853524891,-0.43702425537108225,0.8172408670765542,-1.3170601764632444,-0.5272693895221551,-3.936434687682548,2.098121769978088,-0.08322594891776303,0.12197710421045331,-0.6626315880659804,False,False
2023-01-07,2023,1,5,7,0.49999999999999994,0.8660254037844387,0.1201261651823505,0.9927586335250793,0,Winter_Spring,3,scaled_from_onesite,18097.546176944757,16.545833333333334,23.5,10.4,0.0,57.875,4281.0,5956.3,1094.0,0.0,-2.2929159618918944,-1.9230770677408775,-2.3068983303232726,-1.3484025814096892,-1.2093486038739243,-0.4763558641704096,0.7626041703261527,-1.3044714896978906,-0.5272693895221551,-3.949503354893299,1.9581663186342821,0.01016364757342119,0.4224443305462863,-0.6688159614247864,False,False
2023-01-08,2023,1,6,8,0.49999999999999994,0.8660254037844387,0.13718540405660057,0.9905453876091833,0,Winter_Spring,3,scaled_from_onesite,17508.403607564764,16.708333333333332,23.6,10.7,0.0,62.91666666666666,4265.0,5883.7,1111.0,0.0,-2.2548948309862324,-1.8999694452104645,-2.246266667026393,-1.3484025814096892,-0.8291612957079664,-0.4903404361879482,0.72379180061892,-1.2738989646963168,-0.5272693895221551,-3.7620567890424903,2.0416986610953938,-0.07584251961027666,0.14535148276262766,-0.5312645620189131,False,False
2023-01-09,2023,1,0,9,0.49999999999999994,0.8660254037844387,0.1542040475626894,0.988039023376751,0,Winter_Spring,3,scaled_from_onesite,18118.551260063574,17.3625,24.8,11.1,0.0,65.08333333333333,4245.0,5844.8,1099.0,0.0,-2.1018354065711304,-1.6226779748455122,-2.1654244492972206,-1.3484025814096892,-0.6657750145126781,-0.5078211512098715,0.7029956410925932,-1.2954795705797806,-0.5272693895221551,-3.578808231364128,1.886391805015507,-0.03134599351345791,0.06109487254790098,-0.3510975331976209,False,False
2023-01-10,2023,1,1,10,0.49999999999999994,0.8660254037844387,0.17117705961019986,0.985240282501282,0,Winter_Spring,3,scaled_from_onesite,16440.311801674092,18.308333333333334,25.8,12.1,0.0,62.0,4297.0,5966.0,1080.0,0.0,-1.8805329266843274,-1.3916017495413855,-1.963318904974289,-1.3484025814096892,-0.898286260829049,-0.462371292152871,0.7677898450666506,-1.3296488632285983,-0.5272693895221551,-3.4963992853190056,1.520680515957422,0.10989227702611137,0.21421509606341183,-0.27879257572463484,False,False
2023-01-11,2023,1,2,11,0.49999999999999994,0.8660254037844387,0.18809941761179758,0.9821499931752291,0,Winter_Spring,3,scaled_from_onesite,16530.66700048676,17.483333333333334,25.4,11.4,0.0,64.58333333333333,4352.0,6047.0,1094.0,0.0,-2.073563283589997,-1.4840322396630368,-2.104792786000341,-1.3484025814096892,-0.7034795409423599,-0.41429932584258206,0.8110929021780257,-1.3044714896978906,-0.5272693895221551,-3.5813353867266793,1.6988685588611898,0.010366233990751846,0.02737399256861722,-0.3785936129214643,False,False
2023-01-12,2023,1,3,12,0.49999999999999994,0.8660254037844387,0.20496611396949532,0.9787690698649216,0,Winter_Spring,3,scaled_from_onesite,15482.746742670506,18.98333333333333,25.5,11.1,0.0,69.875,4328.0,5973.8,1093.0,0.0,-1.7225989983069618,-1.4609246171326236,-2.1654244492972206,-1.3484025814096892,-0.30443996956156005,-0.43527618386888994,0.771959769084783,-1.3062698735215126,-0.5272693895221551,-3.3517220403399732,1.7003330138504555,-0.03799831470360937,-0.24581378321361563,-0.17617533605921729,False,False
2023-01-13,2023,1,4,13,0.49999999999999994,0.8660254037844387,0.22177215755648186,0.975098513039961,0,Winter_Spring,3,scaled_from_onesite,12789.09489319627,20.779166666666665,28.1,15.0,31.0,78.79166666666667,4075.0,4880.099999999999,1276.0,0.0,-1.3024167567597715,-0.8601264313418933,-1.3772128264377872,-0.5257116662800704,0.36795741843443314,-0.656407228896219,0.18726157695254902,-0.9771656337986895,-0.5272693895221551,-1.8562182169745582,1.599383552833899,-0.33507308730537494,-0.2915057931553641,0.2005593608799757,False,False
2023-01-14,2023,1,5,14,0.49999999999999994,0.8660254037844387,0.23851257519407648,0.9711394088771653,0,Winter_Spring,3,scaled_from_onesite,12565.207380271162,21.95833333333333,29.5,17.1,25.83333333333333,75.125,3884.0,4457.4,1258.0,0.0,-1.0265198324956082,-0.5366197159161159,-0.9527911833596304,-0.6628268188016736,0.0914575579500993,-0.823348057355586,-0.03871622849162676,-1.0095365426238851,-0.5272693895221551,-1.5956650148281588,1.27279813064599,-0.11542895789878031,0.056826655651885445,0.6001776248833537,False,False
2023-01-15,2023,1,6,15,0.49999999999999994,0.8660254037844387,0.2551824131233728,0.9668929289391521,0,Winter_Spring,3,scaled_from_onesite,11211.213054152231,21.52083333333333,27.8,16.9,21.70833333333333,66.16666666666667,4183.0,5358.8,1202.0,0.1,-1.1288844157031601,-0.9294492989331316,-0.9932122922242174,-0.772297787347147,-0.5840818739150333,-0.5620113677778334,0.4431772984243426,-1.1102460367467162,-0.5166671209477545,-2.209085814280366,1.0339412390290879,0.02676246509826139,0.22444162893649516,0.14158594984067782,False,False
2023-01-16,2023,1,0,16,0.49999999999999994,0.8660254037844387,0.2717767384711357,0.9623603298276545,0,Winter_Spring,3,scaled_from_onesite,13236.03638400209,19.0625,25.0,14.5,12.541666666666666,71.0,4229.0,5308.2,1230.0,0.2,-1.7040758832503566,-1.5764627297846872,-1.478265598599253,-1.015566606337088,-0.21960478509477588,-0.52180572322741,0.4161262528708168,-1.0598912896853008,-0.5060648523733537,-2.667831516727538,1.7732571189011666,-0.2159566002311106,-0.14882044984997783,-0.0902504689911506,False,False
2023-01-17,2023,1,1,17,0.49999999999999994,0.8660254037844387,0.2882906407095177,0.9575429528116719,0,Winter_Spring,3,scaled_from_onesite,8079.788599360546,19.558333333333334,25.5,14.2,20.166666666666668,75.16666666666667,4128.0,5038.5,1342.0,0.2,-1.5880626889484641,-1.4609246171326236,-1.5388972618961325,-0.8132111796318188,0.0945996018192398,-0.6100833340881224,0.2719431108592384,-0.8584723014396385,-0.5060648523733537,-2.306118193511479,1.8776712848193307,-0.3774010292786116,-0.22208337988636712,-0.05598813859901269,False,False
2023-01-18,2023,1,2,18,0.49999999999999994,0.8660254037844387,0.3047192331091634,0.9524422234305676,0,Winter_Spring,3,scaled_from_onesite,9480.627594974607,19.675,25.0,15.6,37.375,75.79166666666667,3532.0,3364.0,1782.0,0.1,-1.5607654667597834,-1.5764627297846872,-1.2559494998440281,-0.3565292603461568,0.1417302598563421,-1.1310086417414351,-0.6232540389308551,-0.06718341904596561,-0.5166671209477545,-1.2900927910092894,2.3968894583588467,-0.8074274089785007,0.4246731137215129,0.033391343557148005,False,False
2023-01-19,2023,1,3,19,0.49999999999999994,0.8660254037844387,0.321057654185271,0.9470596510722283,0,Winter_Spring,3,scaled_from_onesite,12450.846372179854,18.6,24.8,13.8,26.58333333333333,75.66666666666667,3221.0,3272.3,1288.0,0.0,-1.8122898712126256,-1.6226779748455122,-1.6197394796253048,-0.6429230063388602,0.13230412824892165,-1.4028337603323418,-0.6722773764260784,-0.9555850279152257,-0.5272693895221551,-2.001582514684491,2.8085656137498387,-0.45635400684199684,0.38896488405625324,0.41609716727765655,False,False
2023-01-20,2023,1,4,20,0.49999999999999994,0.8660254037844387,0.3373010691361842,0.9413968285264122,0,Winter_Spring,3,scaled_from_onesite,9489.963187471858,18.383333333333333,25.0,13.1,0.0,75.58333333333333,4391.0,5760.8,1185.0,0.0,-1.8629847124201757,-1.5764627297846872,-1.7612133606513574,-1.3484025814096892,0.12602004051064064,-0.38021193154983174,0.6580887670511671,-1.14081856174829,-0.5272693895221551,-3.0082493301154583,1.8219293513279147,-0.22621929002368735,-0.5971884509830732,-0.056463934407795915,False,False
2023-01-21,2023,1,5,21,0.49999999999999994,0.8660254037844387,0.3534446712740877,0.9354554315134164,0,Winter_Spring,3,scaled_from_onesite,7075.545577870709,20.991666666666667,28.2,14.6,0.0416666666666666,73.45833333333333,4470.0,5953.0,1153.0,0.0,-1.2526968163446743,-0.837018808811481,-1.4580550441669597,-1.3472968140506438,-0.034224196815507195,-0.31116310721323487,0.7608399717030965,-1.1983668441041935,-0.5272693895221551,-2.669650426206599,1.0209164378767275,0.05118988504652665,-0.4577648131254182,0.25000493502094445,False,False
2023-01-22,2023,1,6,22,0.49999999999999994,0.8660254037844387,0.3694836834473831,0.9292372181882051,0,Winter_Spring,3,scaled_from_onesite,6475.066931886913,21.504166666666663,28.5,16.1,0.0833333333333333,75.08333333333333,4434.0,5845.3,1165.0,0.0,-1.1327840188729714,-0.7676959412202428,-1.1548967276825621,-1.3461910466915987,0.08831551408095879,-0.34262839425269676,0.7032629439142682,-1.1767862382207297,-0.5272693895221551,-2.4227655331725777,0.9238469891054162,0.05457771489389,-0.5362431726114936,0.435467074846836,False,False
2023-01-23,2023,1,0,23,0.49999999999999994,0.8660254037844387,0.38541335945432564,0.9227440286201427,0,Winter_Spring,3,scaled_from_onesite,14053.900969564695,23.0125,30.8,16.7,7.416666666666667,66.75,4479.0,5927.4,1153.0,0.0,-0.7798699320050293,-0.23622062302075064,-1.0336334010888035,-1.151575991499646,-0.5400932597470716,-0.3032967854533694,0.7471540672333284,-1.1983668441041935,-0.5272693895221551,-2.303652571735511,0.30071771096231154,0.29844191803727277,0.0222068299200252,0.3841671344630181,False,False
2023-01-24,2023,1,1,24,0.49999999999999994,0.8660254037844387,0.4012289854475009,0.9159777842484877,0,Winter_Spring,3,scaled_from_onesite,13263.37633345832,22.27083333333333,29.9,16.4,9.375,76.08333333333333,4505.0,5919.7,1167.0,0.0,-0.9534022730616423,-0.4441892257944654,-1.094265064385683,-1.0996049256245222,0.16372456694032247,-0.2805718559248692,0.7430376037795311,-1.1731894705734858,-0.5272693895221551,-2.1719648230401067,0.6884538956363855,0.0548207388732174,-0.5554435296989789,0.42063048516601603,False,False
2023-01-25,2023,1,2,25,0.49999999999999994,0.8660254037844387,0.4169258813287287,0.908940487313808,0,Winter_Spring,3,scaled_from_onesite,14334.802279526577,22.975,30.3,17.5,12.25,69.625,4421.0,5425.5,1219.0,0.0,-0.7886440391371047,-0.3517587356728141,-0.8719489656304581,-1.0233069778504043,-0.32329223277640096,-0.3539908590169468,0.4788354948358082,-1.0796735117451426,-0.5272693895221551,-1.9860856868267383,0.4974554203083835,0.1467586388648496,-0.023745464653439005,0.4553749930828051,False,False
2023-01-26,2023,1,3,26,0.49999999999999994,0.8660254037844387,0.4324994021339788,0.901634220265486,0,Winter_Spring,3,scaled_from_onesite,15277.530414739895,23.370833333333334,30.6,16.5,0.0,64.29166666666667,4538.0,5991.5,1141.0,0.0,-0.6960284638540816,-0.2824358680815759,-1.0740545099533898,-1.3484025814096892,-0.7254738480263402,-0.2517286761386958,0.7814222889720834,-1.2199474499876573,-0.5272693895221551,-2.4673467635466504,0.18360477358197655,0.3933434400428852,0.10555587440063713,0.4071487009267751,False,False
2023-01-27,2023,1,4,27,0.49999999999999994,0.8660254037844387,0.44794493940789115,0.8940611451454876,0,Winter_Spring,3,scaled_from_onesite,16188.084097239478,23.704166666666666,30.2,17.9,7.708333333333333,68.41666666666667,4382.0,5413.3,1294.0,0.0,-0.6180364004578517,-0.37486635820322717,-0.7911067479012858,-1.1438356199863295,-0.41441150498146506,-0.3880782533096972,0.4723133059869345,-0.9447947249734937,-0.5272693895221551,-1.918390630612939,0.38124444662534995,0.17074997103952586,0.06186859102920694,0.5292243534875963,False,False
2023-01-28,2023,1,5,28,0.49999999999999994,0.8660254037844387,0.4632579225674917,0.88622350294858,0,Winter_Spring,3,scaled_from_onesite,15334.710918785548,21.979166666666668,28.1,17.0,0.3333333333333333,66.54166666666667,4526.0,5750.599999999999,1238.0,0.0,-1.0216453285333424,-0.8601264313418933,-0.9730017377919239,-1.3395564425373274,-0.555803479092772,-0.2622171051518498,0.6526357894889936,-1.0455042190963248,-0.5272693895221551,-2.4558950598203664,0.6521041572958363,0.14223357623586985,-0.044410029356844224,0.26150721276938366,False,False
2023-01-29,2023,1,6,29,0.49999999999999994,0.8660254037844387,0.4784338202547012,0.8781236129591848,0,Winter_Spring,3,scaled_from_onesite,18432.12714376582,20.0125,27.4,12.9,16.958333333333332,63.91666666666666,4771.0,6285.1,1173.0,0.0,-1.4817985025711007,-1.0218797890547828,-1.8016344695159434,-0.8983552662782981,-0.7537522428486026,-0.048078346133290005,0.9383825058597346,-1.1623991676317538,-0.5272693895221551,-3.020904459875119,0.9601609986200222,-0.002665300415671024,0.018763006701871244,-0.5327521524819074,False,False
2023-01-30,2023,1,0,30,0.49999999999999994,0.8660254037844387,0.49346814167723735,0.8697638720650646,0,Winter_Spring,3,scaled_from_onesite,17673.776960373183,20.866666666666667,28.2,13.1,11.208333333333334,57.208333333333336,4854.0,6436.9,1168.0,0.0,-1.2819438401182608,-0.837018808811481,-1.7612133606513574,-1.050951161826534,-1.2596213057801664,0.024466621207691473,1.0195356425203113,-1.1713910867498638,-0.5272693895221551,-3.1657752371792363,0.5475547644022726,0.209726704685343,0.3642410287761134,-0.5421476942239429,False,False
2023-01-31,2023,1,1,31,0.49999999999999994,0.8660254037844387,0.5083564379375122,0.8611467540480452,0,Winter_Spring,3,scaled_from_onesite,13757.829321794787,22.89583333333333,28.7,17.3,89.25,46.458333333333336,2850.0,1977.0,1668.0,0.0,-0.8071671541937108,-0.7214806961594176,-0.9123700744950443,1.0201511016651004,-2.070268624018326,-1.7271010239890179,-1.3647520662577346,-0.2721991749388718,-0.5272693895221551,-0.6349205326812056,1.6849286921982638,-0.3248153415323162,2.9330170393213666,-0.21212869745227367,False,False
2023-02-01,2023,2,2,32,0.8660254037844386,0.5000000000000001,0.5230943033491326,0.8522748088519838,0,Winter_Spring,3,scaled_from_onesite,15308.804556496865,21.9125,27.5,16.0,34.833333333333336,56.66666666666666,3024.0,2624.4,1646.0,0.0,-1.0372437412125883,-0.9987721665243697,-1.1751072821148556,-0.4239810692479131,-1.3004678760789894,-1.5750188032982857,-1.018648372752744,-0.31176361905855543,-0.5272693895221551,-1.3896947250080498,1.8211584452507121,-0.20086083410745906,1.9127821199202577,0.3577188039999509,False,False
2023-02-02,2023,2,3,33,0.8660254037844386,0.5000000000000001,0.5376773767406141,0.8431506618282,0,Winter_Spring,3,scaled_from_onesite,18793.744140194547,19.370833333333334,26.6,13.8,60.66666666666666,52.66666666666666,5066.0,6718.1,1180.0,0.0,-1.6319332246088436,-1.2067407692980836,-1.6197394796253048,0.26159469336010216,-1.602104087516444,0.2097622004400779,1.1698667494304187,-1.1498104808663998,-0.5272693895221551,-2.9029661858426294,0.776357037922164,-0.16318069403719915,0.6209357514567482,-1.5322210144239492,False,False
2023-02-03,2023,2,4,34,0.8660254037844386,0.5000000000000001,0.5521013427459208,0.8337770129585915,0,Winter_Spring,3,scaled_from_onesite,18466.654544200213,20.041666666666668,27.3,13.1,43.083333333333336,53.583333333333336,5084.0,6681.900000000001,1198.0,0.0,-1.4749741970239303,-1.044987411585195,-1.7612133606513574,-0.2050391321569662,-1.53297912239536,0.22549484395980882,1.1505140251411374,-1.1174395720412043,-0.5272693895221551,-3.0351266637898404,0.6205892677733428,-0.033210445945953015,0.5495543248427486,-1.2654604559675637,False,False
2023-02-04,2023,2,5,35,0.8660254037844386,0.5000000000000001,0.5663619330814524,0.8241566360566663,0,Winter_Spring,3,scaled_from_onesite,18855.32444612526,20.570833333333333,28.0,12.1,22.95833333333333,49.375,5077.0,6670.1,1188.0,0.0,-1.3511617963824152,-0.8832340538723062,-1.963318904974289,-0.7391247665757914,-1.8503255531785154,0.2193765937021357,1.1442056785496038,-1.135423410277424,-0.5272693895221551,-3.3756307981561,0.38467753747216743,0.21489539944413408,0.7737723941912319,-1.0691007269020922,False,False
2023-02-05,2023,2,6,36,0.8660254037844386,0.5000000000000001,0.580454927809098,0.8142923779467267,0,Winter_Spring,3,scaled_from_onesite,18261.238113064162,20.829166666666666,28.5,13.6,0.0,49.5,5099.0,6701.1,1179.0,0.0,-1.290717947250337,-0.7676959412202428,-1.6601605884898916,-1.3484025814096892,-1.840899421571095,0.23860538022625127,1.1607784534934633,-1.151608864690022,-0.5272693895221551,-3.476838142316726,0.123954664253353,0.4129245663162942,0.6507174218344658,-0.6511728950855912,False,False
2023-02-06,2023,2,0,37,0.8660254037844386,0.5000000000000001,0.5943761565849831,0.804187157621448,0,Winter_Spring,3,scaled_from_onesite,17772.165538425987,22.0125,30.1,13.7,0.2083333333333333,59.41666666666666,5058.0,6578.5,1189.0,0.0,-1.0138461221937198,-0.3979739807336394,-1.6399500340575983,-1.342873744614463,-1.0930929807157392,0.2027699144313086,1.0952358016187151,-1.1336250264538021,-0.5272693895221551,-3.0440815644574855,0.07950237886984425,0.3386330071430841,0.15905857112960017,-0.2809931967117221,False,False
2023-02-07,2023,2,1,38,0.8660254037844386,0.5000000000000001,0.6081214998935418,0.7938439653781019,0,Winter_Spring,3,scaled_from_onesite,17374.273465081355,22.866666666666664,31.0,15.2,3.1666666666666665,57.083333333333336,5104.0,6554.9,1194.0,0.0,-0.8139914597408805,-0.19000537795992542,-1.336791717573201,-1.2643642621222548,-1.2690474373875869,0.24297555898173206,1.0826191084356478,-1.124633107335692,-0.5272693895221551,-2.8330735437356416,-0.24295938746410858,0.42507850939393366,0.302647145138724,-0.2046848569753129,False,False
2023-02-08,2023,2,2,39,0.8660254037844386,0.5000000000000001,0.6216868902665479,0.7832658619336791,0,Winter_Spring,3,scaled_from_onesite,16931.01425814042,23.991666666666664,31.6,16.5,0.6666666666666666,50.583333333333336,5122.0,6626.0,1191.0,0.0,-0.5507682457786037,-0.05135964277744893,-1.0740545099533898,-1.3307103036649661,-1.759206280973451,0.258708202501463,1.120629569677855,-1.130028258806558,-0.5272693895221551,-2.8124599963223402,-0.6599907885744515,0.6214430696445158,0.6577264298501965,-0.14474723340795928,False,False
2023-02-09,2023,2,3,40,0.8660254037844386,0.5000000000000001,0.6350683134867438,0.7724559775191742,0,Winter_Spring,3,scaled_from_onesite,16939.19521665779,22.379166666666663,30.1,15.0,0.5833333333333334,44.375,5133.0,6578.7,1219.0,0.0,-0.9280548524578673,-0.3979739807336394,-1.3772128264377872,-1.3329218383830563,-2.2273708174753337,0.2683225957635208,1.095342722747385,-1.0796735117451426,-0.5272693895221551,-3.2364039049693667,-0.3921991107554425,0.585643921796531,1.0148770874582347,-0.5311995182979535,False,False
2023-02-10,2023,2,4,41,0.8660254037844386,0.5000000000000001,0.6482618097757122,0.7614175109532997,0,Winter_Spring,3,scaled_from_onesite,16920.899618518954,22.758333333333336,31.0,15.4,20.75,56.41666666666666,5228.0,6742.8,1212.0,0.0,-0.8393388803446539,-0.19000537795992542,-1.2963706087086144,-0.7977304366051862,-1.3193201392938303,0.3513559921176562,1.1830715088211712,-1.0922621985104963,-0.5272693895221551,-2.675486316837967,-0.281505018725544,0.30225910793515687,0.3300240722410082,-0.5294416387293331,False,False
2023-02-11,2023,2,5,42,0.8660254037844386,0.5000000000000001,0.6612634749656386,0.7501537286959042,0,Winter_Spring,3,scaled_from_onesite,17578.05370451393,24.766666666666666,34.3,17.9,5.166666666666667,62.958333333333336,5192.0,6400.3,1252.0,0.0,-0.36943669838236803,0.5725461655436929,-0.7911067479012858,-1.211287428888086,-0.8260192518388253,0.31989070507819434,0.9999690759736901,-1.0203268455656171,-0.5272693895221551,-2.0965982204940445,-0.8319875171710566,0.48013857902904905,0.0409175170232414,0.2576981347594674,False,False
2023-02-12,2023,2,6,43,0.8660254037844386,0.5000000000000001,0.6740694616546161,0.7386679638813748,0,Winter_Spring,3,scaled_from_onesite,19001.837975936276,24.245833333333334,31.7,17.8,0.0,36.083333333333336,5301.0,6774.900000000001,1222.0,0.0,-0.4912992974389774,-0.028252020247036724,-0.8113173023335785,-1.3484025814096892,-2.8526375474342243,0.41516060194767607,1.2002323499727163,-1.0742783602742767,-0.5272693895221551,-3.042755582295287,-1.1957670677483396,0.8634775056863623,1.4165637574495806,-0.4373352656726356,False,False
2023-02-13,2023,2,0,44,0.8660254037844386,0.5000000000000001,0.6866759803451553,0.726963615332308,0,Winter_Spring,3,scaled_from_onesite,20206.223814392895,21.675,29.5,15.2,0.0,39.75,5522.0,7137.8,1223.0,0.0,-1.0928130863824024,-0.5366197159161159,-1.336791717573201,-1.3484025814096892,-2.576137686949891,0.608322502939928,1.3942407379445434,-1.0724799764506545,-0.5272693895221551,-3.5431086604488993,-0.6389535462223546,0.6088459171770471,1.0225378549216004,-0.9136736700590835,False,False
2023-02-14,2023,2,1,45,0.8660254037844386,0.5000000000000001,0.6990793005655562,0.7150441465537444,0,Winter_Spring,3,scaled_from_onesite,18488.073781045678,20.433333333333334,28.0,14.2,0.0,40.833333333333336,5468.0,6999.2,1226.0,0.0,-1.38333352253336,-0.8832340538723062,-1.5388972618961325,-1.3484025814096892,-2.4944445463522467,0.5611245723807352,1.3201443957761905,-1.0670848249797886,-0.5272693895221551,-3.7243559978100804,-0.22578303952520892,0.4815227906334559,0.9699518989837019,-1.0535942232268196,False,False
2023-02-15,2023,2,2,46,0.8660254037844386,0.5000000000000001,0.7112757519738152,0.7029130847082615,0,Winter_Spring,3,scaled_from_onesite,17776.627879435455,20.879166666666663,28.4,13.6,0.0,49.083333333333336,5461.0,6922.599999999999,1240.0,0.0,-1.279019137740903,-0.7908035637506559,-1.6601605884898916,-1.3484025814096892,-1.8723198602624964,0.555006322123062,1.2791936034955564,-1.041907451449081,-0.5272693895221551,-3.505106912311744,-0.08653793533196893,0.3550673634343492,0.5295169024935776,-0.8756768317005045,False,False
2023-02-16,2023,2,3,47,0.8660254037844386,0.5000000000000001,0.7232617254437388,0.6905740195722293,0,Winter_Spring,3,scaled_from_onesite,15035.114307915886,22.575,29.8,14.1,6.208333333333333,61.79166666666666,5377.0,6686.5,1276.0,0.2,-0.8822345152125813,-0.4672968483248776,-1.5591078163284255,-1.1836432449119563,-0.9139964801747505,0.4815873190309844,1.1529732111005486,-0.9771656337986895,-0.5060648523733537,-2.825884550103556,-0.05652048789820979,0.20233535291274213,-0.07578644542011904,-0.472265717781024,False,False
2023-02-17,2023,2,4,48,0.8660254037844386,0.5000000000000001,0.7350336741329413,0.6780306024735382,0,Winter_Spring,3,scaled_from_onesite,5310.63203537318,23.15,29.1,18.8,23.33333333333333,77.875,4421.0,4532.1,1603.0,0.1,-0.7476982058540844,-0.6290502060377663,-0.6092117580106469,-0.7291728603443848,0.2988324533133494,-0.3539908590169468,0.0012188130666417614,-0.3890941234743007,-0.5166671209477545,-1.1215102492049986,0.8575430885230322,-0.37089559784346293,-0.2431274522796093,0.4085786794696786,True,False
2023-02-18,2023,2,5,49,0.8660254037844386,0.5000000000000001,0.746588114532413,0.6652865452111116,0,Winter_Spring,3,scaled_from_onesite,10771.64496276558,23.991666666666664,29.5,20.1,24.916666666666668,77.125,4449.0,4263.6,1652.0,0.4,-0.5507682457786037,-0.5366197159161159,-0.3464745503908356,-0.6871537007006675,0.24227566366882666,-0.32951785798625427,-0.14232280217291637,-0.30097331611682354,-0.4848603152245524,-0.8339907425229078,0.6825067471638921,-0.3345661768148134,-0.14638979830403448,0.5048308159713394,False,False
2023-02-19,2023,2,6,50,0.8660254037844386,0.5000000000000001,0.7579216274973472,0.6523456189565257,0,Winter_Spring,3,scaled_from_onesite,14244.536225737682,25.27916666666667,31.6,20.6,16.166666666666668,71.625,4972.0,5656.5,1464.0,0.1,-0.24952390091066348,-0.05135964277744893,-0.24542177822936978,-0.9193648461001568,-0.1724741270576736,0.12760283983703863,0.6023293984497298,-0.6390694749577565,-0.5166671209477545,-1.296010965468175,-0.301206981651826,0.0447654436583433,-0.2899040334296465,0.4194725980970676,False,False
2023-02-20,2023,2,0,51,0.8660254037844386,0.5000000000000001,0.7690308592589181,0.6392116531380588,0,Winter_Spring,3,scaled_from_onesite,13372.44604778645,25.925,33.2,19.7,11.75,70.95833333333333,5308.0,6315.5,1356.0,0.0,-0.09841427808046779,0.3183623177091545,-0.4273167681200087,-1.0365761861589464,-0.2227468289639164,0.4212788522053492,0.9546345174175838,-0.8332949279089308,-0.5272693895221551,-1.557119954485319,-0.7705127198785925,0.219416977194298,-0.465149187023942,0.35761094219373707,False,False
2023-02-21,2023,2,1,52,0.8660254037844386,0.5000000000000001,0.7799125224167177,0.6258885343075018,0,Winter_Spring,3,scaled_from_onesite,16963.143113408623,25.791666666666668,33.8,21.0,14.75,68.41666666666667,5260.0,5793.2,1418.0,0.0,-0.12961110343895976,0.4570080528916294,-0.16457956050019742,-0.9569609363076931,-0.41441150498146506,0.3793251361527334,0.675409989895717,-0.7217951308443677,-0.5272693895221551,-1.3045237145433062,-0.842430976623352,0.22253979165856178,-0.1722369490044079,0.42071998615070627,False,False
2023-02-22,2023,2,2,53,0.8660254037844386,0.5000000000000001,0.7905633969115482,0.612380204990065,0,Winter_Spring,3,scaled_from_onesite,16683.65182151533,26.370833333333334,35.8,19.1,8.041666666666666,66.16666666666667,5620.0,6899.2,1286.0,0.0,0.0059001067119899475,0.9191605034998833,-0.5485800947137672,-1.134989481113968,-0.5840818739150333,0.6939780065473519,1.2666838314411595,-0.9591817955624696,-0.5272693895221551,-1.804684763434063,-1.418583958078482,0.48424979957716563,-0.33536761607843346,0.2519790450855261,False,False
2023-02-23,2023,2,3,54,0.8660254037844386,0.5000000000000001,0.8009803309782905,0.5986906625177214,0,Winter_Spring,3,scaled_from_onesite,18596.062433474915,26.316666666666663,33.8,19.0,47.833333333333336,61.5,5622.0,6797.7,1323.0,0.0,-0.006773603589898398,0.4570080528916294,-0.5687906491460607,-0.07898165322581495,-0.9359907872587309,0.6957260780495442,1.212421358641103,-0.8926415940884562,-0.5272693895221551,-1.520439245364535,-1.1231840331883165,0.17972865682368241,0.05926952648671572,-0.46539824242477246,False,False
2023-02-24,2023,2,4,55,0.8660254037844386,0.5000000000000001,0.8111602420785621,0.5848239578463322,0,Winter_Spring,3,scaled_from_onesite,13980.216893276598,26.066666666666663,33.9,19.0,43.583333333333336,65.79166666666667,4950.0,4971.1,1617.0,0.0,-0.06526765113707103,0.4801156754220424,-0.5687906491460607,-0.19176992384842398,-0.6123602687372947,0.10837405331292306,0.2359106904974277,-0.36391674994359297,-0.5272693895221551,-0.8507803082248102,-0.47564008536282915,-0.06113085683975672,0.4646676464655083,0.03090099331927934,False,False
2023-02-25,2023,2,5,56,0.8660254037844386,0.5000000000000001,0.8211001178128892,0.5707841943569036,0,Winter_Spring,3,scaled_from_onesite,17418.748130475764,25.258333333333336,33.5,18.1,19.45833333333333,60.54166666666666,5469.0,6277.1,1425.0,0.0,-0.2543984048729276,0.3876851853003919,-0.7506856390366988,-0.8320092247355871,-1.0082577962489552,0.5619986081318313,0.9341056607129321,-0.7092064440790139,-0.5272693895221551,-1.8325703425075788,-0.9285066799015348,0.266781487617269,0.19901721579376708,-0.16546175506751679,False,False
2023-02-26,2023,2,6,57,0.8660254037844386,0.5000000000000001,0.8307970168121247,0.5565755266413303,0,Winter_Spring,3,scaled_from_onesite,15017.413688578315,25.566666666666663,32.6,18.6,12.416666666666666,59.04166666666666,5087.0,5561.0,1538.0,0.1,-0.18225574623141627,0.17971658252667802,-0.649632866875233,-1.0188839084142236,-1.1213713755380006,0.2281169512130973,0.5512745595097751,-0.5059890720097296,-0.5166671209477545,-1.6636186502029602,-0.6685641205667685,0.25621804482274624,0.5254677819079346,0.0941055370238915,False,False
2023-02-27,2023,2,0,58,0.8660254037844386,0.5000000000000001,0.8402480696078469,0.5422021592729844,0,Winter_Spring,3,scaled_from_onesite,15552.15088621343,26.1625,34.4,19.9,3.6666666666666665,56.0,5656.0,6495.1,1378.0,0.0,-0.04284493291065363,0.5956537880741058,-0.3868956592554225,-1.2510950538137127,-1.350740577985231,0.7254432935868137,1.0506496909632996,-0.7937304837892472,-0.5272693895221551,-1.9493440204991248,-1.485842425500407,0.5495204305549292,0.28832606292304047,0.0693866968591408,False,False
2023-02-28,2023,2,1,59,0.8660254037844386,0.5000000000000001,0.8494504794814806,0.527668345562516,0,Winter_Spring,3,scaled_from_onesite,17132.563327068263,25.691666666666663,33.8,18.9,0.0416666666666666,51.04166666666666,5779.0,6879.3,1350.0,0.0,-0.15300872245782998,0.4570080528916294,-0.5890012035783541,-1.3472968140506438,-1.7246437984129102,0.8329496909716417,1.2560451791384883,-0.8440852308506627,-0.5272693895221551,-2.354379633724582,-1.5549755749635432,0.631234704767206,0.443027344489826,-0.18256736630006637,False,False
2023-03-01,2023,3,2,60,1.0,6.123233995736766e-17,0.8584015232918917,0.512978386299228,0,Winter_Spring,3,scaled_from_onesite,23359.776197490573,26.33333333333333,34.7,19.0,1.8333333333333333,61.79166666666666,5580.0,6386.4,1404.0,0.0,-0.0028740004200871107,0.6649766556653449,-0.5687906491460607,-1.2997488176117007,-0.9139964801747505,0.6590165765035054,0.9925380575311206,-0.7469725043750756,-0.5272693895221551,-1.8376829237051249,-1.3192691441358297,0.4597891875412808,0.021045927578401843,0.21085736734062935,False,False
2023-03-02,2023,3,3,61,1.0,6.123233995736766e-17,0.8670985522812081,0.4981366284784055,0,Winter_Spring,3,scaled_from_onesite,21242.807578374977,27.141666666666666,35.3,20.1,1.875,45.25,5770.0,6680.9,1384.0,0.0,0.18625675331577193,0.8036223908478198,-0.3464745503908356,-1.2986430502526556,-2.1613878962233906,0.8250833692117763,1.1499794194977868,-0.7829401808475152,-0.5272693895221551,-2.130966310487388,-2.0163567302094507,0.8029360805768615,0.8793636263778769,-0.08230478325170935,False,False
2023-03-03,2023,3,4,62,1.0,6.123233995736766e-17,0.8755389928586302,0.4831474640149687,0,Winter_Spring,3,scaled_from_onesite,26267.082553319313,27.34583333333333,35.0,20.0,3.75,32.791666666666664,5853.0,6762.5,1388.0,0.0,0.2340268921459627,0.7342995232565823,-0.36668510482312905,-1.2488835190956222,-3.1008590130962967,0.8976283365527578,1.1936032399951721,-0.7757466455530273,-0.5272693895221551,-2.424543118297584,-2.3127608088044056,0.9855147897024855,1.579337427579391,-0.40561893975244234,False,False
2023-03-04,2023,3,5,63,1.0,6.123233995736766e-17,0.8837203473619977,0.4680153284438345,0,Winter_Spring,3,scaled_from_onesite,25560.521034534264,28.1625,35.9,21.0,0.0,30.95833333333333,5903.0,6922.0,1378.0,0.0,0.4251074474667274,0.9422681260302963,-0.16457956050019742,-1.3484025814096892,-3.2391089433384637,0.9413301241075658,1.2788728401095466,-0.7937304837892472,-0.5272693895221551,-2.3690153198829473,-2.6486934026486444,1.1187361900943302,1.6357200841933786,-0.2819371086934916,False,False
2023-03-05,2023,3,6,64,1.0,6.123233995736766e-17,0.8916401947968874,0.45274469960737107,0,Winter_Spring,3,scaled_from_onesite,26490.416161711157,27.85833333333333,36.0,20.2,0.125,34.083333333333336,5897.0,6867.1,1386.0,0.0,0.3539396896176664,0.9653757485607093,-0.3262639959585429,-1.3450852793325534,-3.0034556531529515,0.9360859096009888,1.2495229902896148,-0.7793434132002712,-0.5272693895221551,-2.3621886220377784,-2.5079391509776237,1.048089143128076,1.4839344372735523,-0.27664681890532045,False,False
2023-03-06,2023,3,0,65,1.0,6.123233995736766e-17,0.8992961915530253,0.4373400963303323,0,Winter_Spring,3,scaled_from_onesite,24587.379829773537,27.48333333333333,34.8,20.1,2.708333333333333,43.958333333333336,5641.0,6356.0,1445.0,0.0,0.2661986182969075,0.6880842781957563,-0.3464745503908356,-1.276527703071752,-2.2587912561667354,0.7123327573203713,0.9762860459732713,-0.6732387676065742,-0.5272693895221551,-2.028113084123582,-1.9153019315540583,0.7668384476333738,1.0713505811996424,-0.056144402251303835,False,False
2023-03-07,2023,3,1,66,1.0,6.123233995736766e-17,0.9066860720977985,0.4218060770826634,0,Winter_Spring,3,scaled_from_onesite,24520.108153532026,27.266666666666666,34.8,19.9,46.083333333333336,46.708333333333336,5910.0,6769.900000000001,1423.0,0.0,0.21550377708935825,0.6880842781957563,-0.3868956592554225,-0.12542388230571277,-2.051416360803485,0.947448374365239,1.1975593217559648,-0.7128032117262578,-0.5272693895221551,-1.6303409150995256,-1.8455821224032034,0.4286353405836806,0.8945382170156205,-0.7486168125699426,False,False
2023-03-08,2023,3,2,67,1.0,6.123233995736766e-17,0.9138076496466615,0.4061472386305789,0,Winter_Spring,3,scaled_from_onesite,18957.450850406414,27.491666666666664,34.7,20.9,46.375,40.04166666666666,5608.0,5764.9,1729.0,0.0,0.26814841988181315,0.6649766556653449,-0.18479011493249087,-0.11768351079239654,-2.5541433798659106,0.6834895775341979,0.6602806501889031,-0.16249776169793076,-0.5272693895221551,-1.2315857933339414,-1.8020067390166536,0.3447196484128573,1.6620765298352531,-0.7231051078671266,False,False
2023-03-09,2023,3,3,68,1.0,6.123233995736766e-17,0.9206588168102428,0.3903682146763026,0,Winter_Spring,3,scaled_from_onesite,21805.42442346313,27.2,33.5,20.4,66.08333333333333,46.583333333333336,5703.0,6014.9,1663.0,0.0,0.19990536441011228,0.3876851853003919,-0.28584288709395667,0.4053444500359765,-2.0608424924109054,0.7665229738883333,0.7939320610264805,-0.28119109405698167,-0.5272693895221551,-1.0812340694741926,-1.4670426328274062,0.08063498954374053,1.2156028765138778,-0.9900096883394459,False,False
2023-03-10,2023,3,4,69,1.0,6.123233995736766e-17,0.9272375462179537,0.374473674486883,0,Winter_Spring,3,scaled_from_onesite,14197.45746069658,26.633333333333336,33.3,20.7,69.20833333333333,49.458333333333336,4079.0,2060.8,2569.0,0.0,0.06731885663652187,0.3414699402395659,-0.22521122379707706,0.4882770019643655,-1.844041465440235,-0.6529110858918343,-1.3199521133449785,1.3481446501445358,-0.5272693895221551,0.5804116925241338,-0.09461020029729433,-0.5885489952946739,2.63613454373138,-0.28643038122242315,False,False
2023-03-11,2023,3,5,70,1.0,6.123233995736766e-17,0.9335418911179212,0.35846832151248087,0,Winter_Spring,3,scaled_from_onesite,14352.892638099325,26.991666666666664,34.5,20.5,35.416666666666664,50.41666666666666,4771.0,3721.9,2109.0,0.0,0.15116032478746785,0.618761410604519,-0.26563233266166325,-0.40850032622128063,-1.7717744564500124,-0.048078346133290005,-0.43191867917577925,0.5208880912784232,-0.5272693895221551,-0.4396720342618923,-0.8714832598933288,-0.025629610432627903,1.8007780528064958,-0.02204234168811263,False,False
2023-03-12,2023,3,6,71,1.0,6.123233995736766e-17,0.9395699859530622,0.342356891994542,0,Winter_Spring,3,scaled_from_onesite,20291.393871530767,27.45,35.1,20.6,7.083333333333333,52.91666666666666,5685.0,6072.0,1567.0,0.0,0.2583994119572849,0.7574071457869954,-0.24542177822936978,-1.1604221303720073,-1.5832518243016032,0.7507903303686024,0.8244580432617834,-0.45383594112469217,-0.5272693895221551,-1.5701423585671292,-1.7529717445501136,0.5113092007465503,0.6333884764448366,0.05555991622978328,False,False
2023-03-13,2023,3,0,72,1.0,6.123233995736766e-17,0.945320046913132,0.3261441535642696,0,Winter_Spring,3,scaled_from_onesite,20022.098248315535,28.475,36.2,20.9,19.625,51.083333333333336,6000.0,6638.1,1495.0,0.0,0.49822500690069316,1.0115909936215353,-0.18479011493249087,-0.8275861552994063,-1.721501754543769,1.0261115919638937,1.1270982979623938,-0.5833195764254749,-0.5272693895221551,-1.5124948052264182,-2.2074852454665725,0.5750466875963347,0.5865105364472248,-0.1830144062314539,False,False
2023-03-14,2023,3,1,73,1.0,6.123233995736766e-17,0.9507903724625832,0.3098349038318025,0,Winter_Spring,3,scaled_from_onesite,18004.365797568622,28.02083333333333,36.0,21.6,66.45833333333333,53.208333333333336,5122.0,4306.0,2251.0,0.0,0.39196082052332815,0.9653757485607093,-0.04331623390643818,0.4152963562673832,-1.5612575172176213,0.258708202501463,-0.11965552289486345,0.7762585942327448,-0.5272693895221551,0.17569105986316244,-1.2986391974078368,-0.27803821411388124,1.5921303161831992,-0.4841334564228932,False,False
2023-03-15,2023,3,2,74,1.0,6.123233995736766e-17,0.9559793438440766,0.2934339689665273,0,Winter_Spring,3,scaled_from_onesite,21621.367445920372,27.7625,35.1,21.7,36.375,52.75,5731.0,6045.599999999999,1643.0,0.7,0.3315169713912507,0.7574071457869954,-0.023105679474145446,-0.3830676769632413,-1.595819999778163,0.7909959749190258,0.8103444542773349,-0.3171587705294214,-0.4530535095013505,-1.0495368539505223,-1.7476741169429795,0.3445680769751146,0.7336030712857998,-0.3303017552417142,False,False
2023-03-16,2023,3,3,75,1.0,6.123233995736766e-17,0.9608854255574977,0.27694620226893646,0,Winter_Spring,3,scaled_from_onesite,15319.975213633332,26.0,32.8,20.5,89.0,70.58333333333333,4498.0,3070.3,2381.0,3.3,-0.08086606381631617,0.22593182758750244,-0.26563233266166325,1.0135164975108293,-0.25102522378617775,-0.2866901061825423,-0.780267716382841,1.0100484913036027,-0.17739452656693358,0.9441876450693045,0.3241122240476203,-0.7062730693158751,0.9917004637146773,-0.5306718629877792,False,False
2023-03-17,2023,3,4,76,1.0,6.123233995736766e-17,0.9655071658143364,0.2603764827344581,0,Winter_Spring,3,scaled_from_onesite,7675.238639008066,23.10833333333333,29.0,19.2,90.0,82.66666666666667,3242.0,1201.7,2464.0,3.1000000000000005,-0.7574472137786136,-0.6521578285681793,-0.5283695402814745,1.0400549141279136,0.6601674982644674,-1.3844790095593222,-1.7792318215472298,1.1593143486642274,-0.1985990637157348,1.2550820986093063,2.2219665409761684,-1.2001567393604193,0.9756742550426293,0.010244922896929031,False,False
2023-03-18,2023,3,5,77,1.0,6.123233995736766e-17,0.969843196967294,0.24372971360968387,0,Winter_Spring,3,scaled_from_onesite,7601.490497041441,24.191666666666663,28.2,20.0,86.25,80.29166666666667,4470.0,3289.5,2199.0,12.8,-0.5039730077408657,-0.837018808811481,-0.36668510482312905,0.9405358518138469,0.48107099772347867,-0.31116310721323487,-0.6630821593604532,0.6827426354044017,0.8298209880011286,0.8952361105347859,1.480835206888901,-0.13830845682454615,0.024233981076566227,-0.9115779679721914,False,False
2023-03-19,2023,3,6,78,1.0,6.123233995736766e-17,0.9738922359149924,0.22701082094141847,0,Winter_Spring,3,scaled_from_onesite,9009.80841488001,21.90833333333333,27.3,19.0,86.70833333333333,86.79166666666667,3016.0,1170.3000000000002,2108.0,10.7,-1.0382186420050419,-1.044987411585195,-0.5687906491460607,0.9526992927633439,0.9712298413093426,-1.582011089307055,-1.7960184387484293,0.5190897074548011,0.6071733479387147,1.1279516952501687,2.9643083563874844,-0.43788738202717453,0.5189574714754877,-0.0037123609036107856,False,False
2023-03-20,2023,3,0,79,1.0,6.123233995736766e-17,0.9776530844816641,0.2102247521189836,0,Winter_Spring,3,scaled_from_onesite,19253.4880095189,23.804166666666664,29.4,19.2,60.41666666666666,75.875,5245.0,4448.9,2090.0,0.6000000000000001,-0.5946387814389832,-0.5597273384465289,-0.5283695402814745,0.254960089205831,0.14801434759462206,0.36621459988629096,-0.04326037646010439,0.48671879862960543,-0.4636557780757512,-0.2989892565661272,0.4161049265986183,-0.8904736398165928,-0.09088451954718749,-0.6579370363634278,False,False
2023-03-21,2023,3,1,80,1.0,6.123233995736766e-17,0.981124629771712,0.19337647441020586,0,Winter_Spring,3,scaled_from_onesite,8518.43269276811,23.704166666666666,29.2,19.5,54.0,80.54166666666667,5094.0,4601.2,2105.0,12.7,-0.6180364004578517,-0.6059425835073541,-0.46773787698459485,0.08467191591287258,0.4999232609383196,0.23423520147077045,0.03816006302214787,0.5136945559839352,0.8192187194267277,0.13383428977725184,0.8405163417869249,0.14416830881832615,-0.564758867986445,-0.8838114033273209,False,False
2023-03-22,2023,3,2,81,1.0,6.123233995736766e-17,0.984305844499033,0.17647097349152166,0,Winter_Spring,3,scaled_from_onesite,25813.93887081051,25.479166666666668,32.2,20.1,25.0,69.5,5825.0,5721.5,1703.0,0.0,-0.20272866287292554,0.08728609240502758,-0.3464745503908356,-0.6849421659825772,-0.3327183643838214,0.8731553355220651,0.6370787652674998,-0.20925574111210235,-0.5272693895221551,-1.1294607920178208,-0.8052232347892954,-0.18253397985400638,-0.314210123497345,-0.21887958109082017,False,False
2023-03-23,2023,3,3,82,1.0,6.123233995736766e-17,0.9871957872910085,0.15951325197263655,0,Winter_Spring,3,scaled_from_onesite,24383.475618557037,25.891666666666666,32.5,19.6,6.041666666666667,65.83333333333333,6037.0,6287.9,1605.0,0.0,-0.1062134844200912,0.156608959996265,-0.44752732255230143,-1.1880663143481371,-0.6092182248681552,1.0584509147544516,0.939879401661115,-0.38549735582705674,-0.5272693895221551,-1.6247712654714803,-1.1759255478128918,0.09020936123843948,-0.3561363503766324,-0.14540775765891548,False,False
2023-03-24,2023,3,4,83,1.0,6.123233995736766e-17,0.9897936029670716,0.14250832791617088,0,Winter_Spring,3,scaled_from_onesite,24385.982637547404,26.8125,33.5,21.0,9.5,70.375,5731.0,5754.4,1657.0,0.4,0.10923959071199486,0.3876851853003919,-0.16457956050019742,-1.0962876235473866,-0.2667354431318782,0.7909959749190258,0.6546672909337249,-0.2919813969987136,-0.4848603152245524,-1.0752537527646548,-1.1144075987629862,0.07977515437594494,-0.3891354250378314,0.2376677191842254,False,False
2023-03-25,2023,3,5,84,1.0,6.123233995736766e-17,0.992098522791769,0.12546123335273648,0,Winter_Spring,3,scaled_from_onesite,11210.553251923697,28.59583333333333,35.5,22.9,10.0,67.875,5749.0,5754.7,1662.0,0.3,0.5264971298818258,0.8498376359086458,0.21942097371337235,-1.0830184152388442,-0.4552580752802874,0.8067286184387569,0.65482767262673,-0.2829894778806037,-0.49546258379895314,-0.7524403348268556,-1.6785865889404996,0.2557783537788967,-0.20657394881456959,0.4840032349183398,False,False
2023-03-26,2023,3,6,85,1.0,6.123233995736766e-17,0.9941098647022418,0.10837701279187609,0,Winter_Spring,3,scaled_from_onesite,9923.199000370329,26.829166666666666,35.2,21.8,55.0,75.0,4962.0,4258.3,1938.0,13.3,0.11313919388180615,0.7805147683174084,-0.002895125041851997,0.11121033252995706,0.08203142634267883,0.11886248232607702,-0.14515621208267313,0.21336445743906388,0.8828323308731318,0.6613393290715431,-0.22174689398970995,0.7542493346592124,-0.016166752233653978,-0.23572387197089187,False,False
2023-03-27,2023,3,0,86,1.0,6.123233995736766e-17,0.9958270335100595,0.09126072172931188,0,Winter_Spring,3,scaled_from_onesite,9602.718406101765,27.183333333333334,33.5,22.8,29.625,71.25,5662.0,5299.0,1731.0,1.0,0.196005761240301,0.3876851853003919,0.19921041928107963,-0.5622019891285615,-0.20075252187993498,0.7306875080933907,0.411207880951994,-0.15890099405068678,-0.42124670377814855,-0.4823787586286445,-1.0437506787917226,-0.04858938911461236,-0.27449242198581325,0.14753389573411596,False,False
2023-03-28,2023,3,1,87,1.0,6.123233995736766e-17,0.9972495210773451,0.07411742515094437,0,Winter_Spring,3,scaled_from_onesite,11224.550774619911,29.07083333333333,35.5,23.7,21.08333333333333,63.75,5687.0,5496.400000000001,1822.0,0.0,0.6376358202214534,0.8498376359086458,0.38110540917171776,-0.7888842977328249,-0.7663204183251626,0.7525384018707948,0.5167390349493455,0.004751933898913743,-0.5272693895221551,-0.45416111115338537,-1.7783283214415904,0.13832916161978887,0.19090367766313457,0.3162830447305565,False,False
2023-03-29,2023,3,2,88,1.0,6.123233995736766e-17,0.998376906467142,0.056952196034039754,0,Winter_Spring,3,scaled_from_onesite,23704.282390416818,28.654166666666665,35.9,22.9,16.541666666666668,69.91666666666667,5719.0,5455.4,1777.0,0.5,0.5401457409761662,0.9422681260302963,0.21942097371337235,-0.90941293986875,-0.30129792569241953,0.7805075459058719,0.49482020357198225,-0.07617533816407553,-0.4742580466501518,-0.453645739293047,-1.6105120310143144,0.1329929609700515,-0.18879075309162927,0.44287646805895636,False,False
2023-03-30,2023,3,3,89,1.0,6.123233995736766e-17,0.9992088560679753,0.03977011384605572,0,Winter_Spring,3,scaled_from_onesite,21528.6077432768,28.416666666666668,35.8,23.8,40.833333333333336,74.5,5672.0,5120.599999999999,1713.0,8.7,0.48457639580635287,0.9191605034998833,0.4013159636040112,-0.26475056954540627,0.044326899912997,0.7394278656043524,0.3158342341782985,-0.1912719028758825,0.39512797645070163,0.2637975745859726,-1.1489152157346543,0.6489120613336419,-0.4540673465059762,0.05577950314940057,False,False
2023-03-31,2023,3,4,90,1.0,6.123233995736766e-17,0.9997451236925734,0.022576263041545485,0,Winter_Spring,3,scaled_from_onesite,12355.843094022945,26.75,33.8,22.2,73.25,74.25,4848.0,3605.7,2365.0,12.3,0.0946160788252017,0.4570080528916294,0.07794709268732036,0.5955364357917488,0.025474636698156077,0.0192224067011145,-0.4940398549330854,0.981274350125651,0.7768096451291253,1.2496479987839206,0.04142021099695098,0.21096593743844821,0.35479427870536817,-0.599348358508011,False,False
2023-04-01,2023,4,5,91,0.8660254037844387,-0.4999999999999998,0.9999855506507186,0.005375731557583884,0,Winter_Spring,3,scaled_from_onesite,14678.989681528088,24.52916666666667,29.4,20.5,46.458333333333336,78.75,3715.0,2347.2,2098.0,0.6000000000000001,-0.42500604355218136,-0.5597273384465289,-0.26563233266166325,-0.1154719760743061,0.36481537456529267,-0.9710600992908375,-1.16684105708945,0.5011058692185812,-0.4636557780757512,0.28943150028867637,1.317612632420971,-0.7646784636815571,0.5844625160522091,0.620123322794617,False,False
2023-04-02,2023,4,6,92,0.8660254037844387,-0.4999999999999998,0.9999300657962057,-0.011826390691832589,0,Winter_Spring,3,scaled_from_onesite,24581.890139145646,27.175,33.7,20.9,42.5,63.875,5983.0,5965.2,1777.0,0.1,0.19405595965539535,0.433900430361218,-0.18479011493249087,-0.2205198751835989,-0.7568942867177422,1.0112529841952589,0.7673621605519702,-0.07617533816407553,-0.5166671209477545,-0.806516714705885,-1.3578699394261537,-0.1307363687688796,0.04756532403847064,-0.48435162211061783,False,False
2023-04-03,2023,4,0,93,0.8660254037844387,-0.4999999999999998,0.9995786855478958,-0.029025013321975237,0,Winter_Spring,3,scaled_from_onesite,23341.627389418314,28.291666666666668,34.9,21.1,16.666666666666668,54.04166666666666,6208.0,6445.5,1670.0,0.0,0.4553293720327665,0.7111919007261693,-0.14436900606790398,-0.9060956377916145,-1.498416639834819,1.2079110281918954,1.024133251053124,-0.2686024072916278,-0.5272693895221551,-1.3668616384812844,-2.088782672815982,0.3488327759811096,0.37737518942872256,-0.3028035120911866,False,False
2023-04-04,2023,4,1,94,0.8660254037844387,-0.4999999999999998,0.9989315138848577,-0.046215046983708354,0,Winter_Spring,3,scaled_from_onesite,13615.459475284802,29.916666666666668,37.2,22.9,21.20833333333333,56.375,5807.0,5667.1,1633.0,0.1,0.8355406810893886,1.2426672189256622,0.21942097371337235,-0.7855669956556893,-1.3224621831629697,0.8574226920023342,0.6079962182692432,-0.3351426087656412,-0.5166671209477545,-0.7403598459828425,-2.216975778484446,0.47691720309934427,0.5752473684025542,0.28204262518737694,False,False
2023-04-05,2023,4,2,95,0.8660254037844387,-0.4999999999999998,0.9979887423155984,-0.06339140486951038,0,Winter_Spring,3,scaled_from_onesite,24557.79024685237,30.1375,37.4,22.9,5.333333333333333,42.583333333333336,6308.0,6486.7,1668.0,0.0,0.8872104230893907,1.2888824639864866,0.21942097371337235,-1.206864359451905,-2.3624787038483603,1.2953146033015115,1.0461590035591566,-0.2721991749388718,-0.5272693895221551,-1.3818131178801119,-2.9902633776193923,0.7858248429815071,1.0290707326142683,-0.09613492431319935,False,False
2023-04-06,2023,4,3,96,0.8660254037844387,-0.4999999999999998,0.9967506498213929,-0.08054900421874167,0,Winter_Spring,3,scaled_from_onesite,25187.326457732932,30.195833333333336,38.2,23.0,11.208333333333334,47.708333333333336,6691.0,6945.7,1627.0,0.0,0.9008590341837318,1.4737434442297892,0.2396315281456658,-1.050951161826534,-1.9760073079441214,1.6300702959713418,1.2915429938569487,-0.3459329117073731,-0.5272693895221551,-1.2960144017380564,-3.198327398746094,0.7071431030067351,0.5410246988258453,-0.2259525596450749,False,False
2023-04-07,2023,4,4,97,0.8660254037844387,-0.4999999999999998,0.9952176027737294,-0.09768276782171598,0,Winter_Spring,3,scaled_from_onesite,23548.337847706203,31.191666666666663,38.8,24.0,5.833333333333333,44.833333333333336,6787.0,7101.0,1599.0,0.0,1.1338603235799678,1.6123891794122642,0.4417370724685974,-1.193595151143363,-2.192808334914792,1.7139777280765733,1.374567250269252,-0.3962876587687887,-0.5272693895221551,-1.2981331322327871,-3.562965209169952,0.8677858019753922,0.6256282157417487,-0.11263934266222636,False,False
2023-04-08,2023,4,5,98,0.8660254037844387,-0.4999999999999998,0.9933900548258936,-0.11478762552212701,0,Winter_Spring,3,scaled_from_onesite,21267.66511361043,31.70833333333333,39.3,24.6,58.0,50.25,6259.0,6067.0,1849.0,0.0,1.2547480218441245,1.7279272920643276,0.5630003990623567,0.19082558238121047,-1.7843426319265723,1.2524868514977996,0.8217850150450319,0.05330829713670731,-0.5272693895221551,-0.05193239376830441,-3.019081815022852,0.3170524127059188,0.9582574696600245,-0.37548507004489784,False,False
2023-04-09,2023,4,6,99,0.8660254037844387,-0.4999999999999998,0.9912685467787256,-0.13185851571739118,0,Winter_Spring,3,scaled_from_onesite,23507.779492383364,31.945833333333336,39.6,24.8,12.541666666666666,41.375,6612.0,6669.4,1728.0,0.0,1.3103173670139403,1.7972501596555666,0.6034215079269428,-1.015566606337088,-2.453597976053425,1.561021471634745,1.143831454599258,-0.16429614552155275,-0.5272693895221551,-0.9511429048008637,-3.690211054172063,0.8604820137373309,1.0521778969029283,-0.0794544908078854,False,False
2023-04-10,2023,4,0,100,0.8660254037844387,-0.4999999999999998,0.9888537064205885,-0.1488903868564548,0,Winter_Spring,3,scaled_from_onesite,23120.025940770345,32.32083333333333,40.2,24.6,10.958333333333334,46.25,6652.0,6817.4,1694.0,0.0,1.3980584383346983,1.9358958948380431,0.5630003990623567,-1.057585765980805,-2.085978843364027,1.5959829016785914,1.222953089815104,-0.22544119552470018,-0.5272693895221551,-0.8763683808364344,-3.719343310108959,0.8465316616763968,0.7289592702322986,0.05706169366260566,False,False
2023-04-11,2023,4,1,101,0.8660254037844387,-0.4999999999999998,0.986146248341595,-0.16587819893463143,0,Winter_Spring,3,scaled_from_onesite,22817.30778147671,32.2875,40.9,24.1,0.0,46.25,6883.0,7267.4,1620.0,0.0,1.3902592319950757,2.097649252550931,0.46194762690089086,-1.3484025814096892,-2.085978843364027,1.7978851601818049,1.4635256293227432,-0.358521598472727,-0.5272693895221551,-1.1728427814924112,-3.975547199392817,0.9886908510436963,0.5331076953799567,0.08421675032372856,False,False
2023-04-12,2023,4,2,102,0.8660254037844387,-0.4999999999999998,0.9831469737221499,-0.1828169249850199,0,Winter_Spring,3,scaled_from_onesite,25669.716171765904,32.525,41.2,23.9,0.0,22.25,7062.0,7544.8,1611.0,0.0,1.445828577164889,2.1669721201421703,0.421526518036304,-1.3484025814096892,-3.8957961119887554,1.9543375596280181,1.6118252347881195,-0.37470705288532485,-0.5272693895221551,-1.791291484627976,-4.670414619567535,1.4121693203773027,1.8596390670603673,-0.47670078126797516,False,False
2023-04-13,2023,4,3,103,0.8660254037844387,-0.4999999999999998,0.9798567700958665,-0.1997015525660636,0,Winter_Spring,3,scaled_from_onesite,24872.656319334503,33.45,42.7,24.0,0.0416666666666666,31.791666666666668,7003.0,7420.8,1615.0,0.0,1.6622565530894289,2.5135864580983607,0.4417370724685974,-1.3472968140506438,-3.17626806595566,1.9027694503133445,1.545534135012681,-0.36751351759083695,-0.5272693895221551,-1.395953471790949,-4.678617935240186,1.3395043459135338,1.3890831934213796,-0.1208861874006688,False,False
2023-04-14,2023,4,4,104,0.8660254037844387,-0.4999999999999998,0.9762766110869321,-0.21652708524481437,0,Winter_Spring,3,scaled_from_onesite,22910.376471227177,34.35,43.2,25.0,37.5,37.833333333333336,6895.0,7241.1,1628.0,0.0,1.87283512425925,2.629124570750424,0.643842616791529,-0.35321195826902124,-2.720671704930338,1.8083735891949588,1.4494655009026305,-0.34413452788375115,-0.5272693895221551,-0.6154344646322745,-4.5262477201757285,1.0355139383352034,1.24439022803273,-0.2933646007384387,False,False
2023-04-15,2023,4,5,105,0.8660254037844387,-0.4999999999999998,0.9724075561219968,-0.23328854407545518,0,Winter_Spring,3,scaled_from_onesite,17819.029306667162,34.800000000000004,43.4,26.7,83.16666666666667,47.04166666666666,6385.0,5826.8,2041.0,0.0,1.9781244098441613,2.6753398158112485,0.9874220421405127,0.8587090672445032,-2.026280009850365,1.362615356135916,0.6933727395122875,0.3985979912721282,-0.5272693895221551,0.9218590184281291,-3.9146451163117666,0.34000397158802836,1.41419926486814,-0.39764507284339146,False,False
2023-04-16,2023,4,6,106,0.8660254037844387,-0.4999999999999998,0.9682507501166718,-0.2499809690726521,0,Winter_Spring,3,scaled_from_onesite,14775.585184784893,33.875,42.6,27.3,47.958333333333336,53.958333333333336,5649.0,4715.400000000001,2142.0,0.0,1.7616964339196217,2.4904788355679477,1.108685368734272,-0.07566435114867939,-1.5047007275730984,0.7193250433291406,0.09921202749275361,0.5802347574579486,-0.5272693895221551,0.9818790967659727,-3.2533890330029465,0.3635786150558719,1.320351558638369,0.5410899635774894,False,False
2023-04-17,2023,4,0,107,0.8660254037844387,-0.4999999999999998,0.9638074231367307,-0.26659942067929354,0,Winter_Spring,3,scaled_from_onesite,20993.74926461852,33.80833333333333,43.0,26.5,22.33333333333333,59.875,6045.0,5497.0,1982.0,0.1,1.7460980212403747,2.582909325689598,0.9470009332759265,-0.7557112769614692,-1.0585304981551968,1.0654432007632209,0.5170597983353553,0.29249334567843116,-0.5166671209477545,0.48108340484907247,-3.4944890327884903,0.5485582447062761,0.567020852110556,0.7724122496390928,False,False
2023-04-18,2023,4,1,108,0.8660254037844387,-0.4999999999999998,0.9590788900341131,-0.28313898122818354,0,Winter_Spring,3,scaled_from_onesite,21325.661602381253,33.67916666666667,42.5,26.6,27.20833333333333,60.0,5808.0,5221.9,2083.0,0.0,1.7158760966743365,2.4673712130375347,0.9672114877082199,-0.6263364959531824,-1.0491043665477764,0.8582967277534304,0.36998978584968495,0.4741301118642515,-0.5272693895221551,0.6593846322142103,-3.27731466360822,0.4266389044135128,0.7226851775828733,0.7697416095736845,False,False
2023-04-19,2023,4,2,109,0.8660254037844387,-0.4999999999999998,0.9540665500578387,-0.2995947563972602,0,Winter_Spring,3,scaled_from_onesite,23150.003855574185,35.3875,45.1,26.8,14.541666666666666,42.79166666666666,6756.0,6690.2,1863.0,0.0,2.1155854215800165,3.068169398828265,1.0076325965728061,-0.962489773102919,-2.3467684845026606,1.6868826197925924,1.1549512519809446,0.07848567066741508,-0.5272693895221551,-0.14654919204769434,-4.800954450734365,1.0738335927157066,1.120021360289858,0.3581415151617558,False,False
2023-04-20,2023,4,3,110,0.8660254037844387,-0.4999999999999998,0.9487718864399473,-0.31596187665790293,0,Winter_Spring,3,scaled_from_onesite,21171.461478520996,36.44166666666667,44.3,28.5,32.333333333333336,23.291666666666668,6416.0,6120.0,1945.0,0.0,2.3622353220705947,2.8833084185849622,1.3512120219217896,-0.4903271107906243,-3.817245015260251,1.3897104644198972,0.8501191141425982,0.22595314420441776,-0.5272693895221551,-0.020782452166797374,-5.029316834719498,1.24807301326602,2.5411593544564397,0.04389510027032392,False,False
2023-04-21,2023,4,4,111,0.8660254037844387,-0.4999999999999998,0.9431964659565866,-0.33223549871590435,0,Winter_Spring,3,scaled_from_onesite,11456.461807157544,32.675000000000004,39.7,25.1,64.875,33.708333333333336,5581.0,4527.6,2241.0,0.0,1.480925005693194,1.8203577821859798,0.6640531712238225,0.37327719662366626,-3.031734047975213,0.6598906122546015,-0.001186912328434632,0.7582747559965249,-0.5272693895221551,0.41989753342282715,-3.0234843095611725,0.3512342891168499,2.624261150337294,-0.4084204501320766,True,False
2023-04-22,2023,4,5,112,0.8660254037844387,-0.4999999999999998,0.9373419384643772,-0.3484108069446808,0,Winter_Spring,3,scaled_from_onesite,15884.572098443146,31.070833333333336,37.8,25.5,81.125,40.875,5814.0,4719.1,2383.0,0.0,1.105588200598836,1.3813129541081373,0.7448953889529948,0.8045264666512889,-2.491302502483107,0.8635409422600073,0.10119006837314966,1.0136452589508467,-0.5272693895221551,0.6587282642009569,-2.6186484132026036,-0.10379713375066262,2.107650798328251,-0.8433250744119939,False,False
2023-04-23,2023,4,6,113,0.8660254037844387,-0.4999999999999998,0.9312100364121947,-0.3644830148102912,0,Winter_Spring,3,scaled_from_onesite,18175.82527305792,27.679166666666664,33.8,23.5,47.958333333333336,65.91666666666667,5434.0,3754.4,2352.0,1.2,0.3120189555421926,0.4570080528916294,0.3406843003071316,-0.07566435114867939,-0.6029341371298742,0.5314073568434656,-0.41454399576689416,0.9578953604185652,-0.4000421666293472,0.5142434086338507,-0.9464358486384326,-0.46204328496610864,0.6786834712876174,-0.1579526387562436,False,False
2023-04-24,2023,4,0,114,0.8660254037844387,-0.4999999999999998,0.9248025743285089,-0.38044736628785164,0,Winter_Spring,3,scaled_from_onesite,19476.631654643985,26.820833333333336,32.1,22.9,46.91666666666666,76.20833333333333,5447.0,4658.5,2256.0,12.7,0.11118939229690135,0.06417846987461455,0.21942097371337235,-0.10330853512480936,0.17315069854774293,0.5427698216077158,0.0687929663861207,0.7852505133508547,0.8192187194267277,0.6776710163614948,-0.28293897859291783,0.3784600761992177,-0.3729456940214015,-0.5985315472351133,False,False
2023-04-25,2023,4,1,115,0.8660254037844387,-0.4999999999999998,0.9181214482844364,-0.39629913726891813,0,Winter_Spring,3,scaled_from_onesite,18988.167984016774,28.254166666666663,33.3,23.6,84.66666666666667,73.41666666666667,5209.0,3470.9,2598.0,0.7,0.4465552649006895,0.3414699402395659,0.36089485473942506,0.89851669217013,-0.03736624068464663,0.33474931284682913,-0.566104695656707,1.4002977810295731,-0.4530535095013505,1.370974584504117,-0.5521242629418316,-1.0322332146511715,0.5657282868965725,-0.45913085163136313,False,False
2023-04-26,2023,4,2,116,0.8660254037844387,-0.4999999999999998,0.9111686353326631,-0.41203363695942635,0,Winter_Spring,3,scaled_from_onesite,22236.75509151745,29.15416666666667,35.2,24.8,43.708333333333336,70.70833333333333,5771.0,4397.2,2295.0,2.3000000000000003,0.6571338360705122,0.7805147683174084,0.6034215079269428,-0.1884526217712884,-0.24159909217875733,0.8259574049628724,-0.0708994882213153,0.8553874824721122,-0.28341721231094,0.7004602452209039,-1.449529448616743,-0.27579254745850096,0.13193110020775542,-0.017431246057032262,False,False
2023-04-27,2023,4,3,117,0.8660254037844387,-0.4999999999999998,0.9039461929224011,-0.42764620926777464,0,Winter_Spring,3,scaled_from_onesite,19774.843330012867,28.72083333333333,38.2,22.5,63.5,68.70833333333333,6053.0,5231.1,2051.0,3.7,0.5557441536554122,1.4737434442297892,0.1385787559842,0.3367868737751751,-0.3924171978974847,1.0724354867719903,0.3749081577685082,0.41658182950834804,-0.13498545226933092,0.4518485533137311,-1.7832371464058008,0.010705032304502229,0.11175737787707217,-0.4826089312812956,False,False
2023-04-28,2023,4,4,118,0.8660254037844387,-0.4999999999999998,0.8964562582905575,-0.44313223418263453,0,Winter_Spring,3,scaled_from_onesite,20670.262092454246,30.141666666666666,36.7,24.0,68.54166666666667,57.29166666666666,5905.0,4728.9,2413.0,0.1,0.8881853238818435,1.1271291062735989,0.4417370724685974,0.47058472421964276,-1.2533372180418871,0.9430781956097581,0.10642920367798231,1.0675967736595062,-0.5166671209477545,0.6802169927576115,-2.0566640995150354,-0.40015524396021157,1.051357574626447,-0.6101783849983766,False,False
2023-04-29,2023,4,5,119,0.8660254037844387,-0.4999999999999998,0.8887010478292915,-0.45848712914008766,0,Winter_Spring,3,scaled_from_onesite,20582.091754795903,30.504166666666663,36.4,24.9,73.625,55.91666666666666,5773.0,4322.8,2505.0,0.6,0.9730016928252432,1.0578062386823597,0.6236320623592356,0.6054883420231554,-1.357024665723512,0.8277054764650648,-0.11067414808657815,1.2330480854327288,-0.4636557780757512,0.9699936236338669,-1.9934082934122932,-0.42428912118916123,1.2706977167149485,-0.6016968161240834,False,False
2023-04-30,2023,4,6,120,0.8660254037844387,-0.4999999999999998,0.8806828564301475,-0.47370635037968,0,Winter_Spring,3,scaled_from_onesite,19612.609908721515,28.304166666666664,37.4,24.0,90.58333333333331,74.04166666666667,5092.0,3182.9,2365.0,6.0,0.45825407441012417,1.2888824639864866,0.4417370724685974,1.0555356571545458,0.009764417352455666,0.23248712996857812,-0.7200711209415961,0.981274350125651,0.10886672494188407,1.719598397539369,-0.7413755992662835,-0.28060831730999686,0.61948272564346,-0.2825625431467555,False,False
2023-05-01,2023,5,0,121,0.49999999999999994,-0.8660254037844387,0.8724040568049612,-0.48878539428899265,0,Shoulder,2,scaled_from_onesite,9880.17806926639,25.945833333333336,29.0,22.2,79.91666666666667,75.33333333333333,1898.0,136.7,1801.0,0.1,-0.09353977411820286,-0.6521578285681793,0.07794709268732036,0.7724592132389787,0.10716777729579971,-2.5591830590325646,-2.3485868317153096,-0.033014126397147917,-0.5166671209477545,1.1106620712734334,2.401499431169024,-0.6750004520851486,1.8239564850193108,1.5270624593638176,True,False
2023-05-02,2023,5,1,122,0.49999999999999994,-0.8660254037844387,0.8638670987837349,-0.503719798736334,0,Shoulder,2,scaled_from_onesite,24140.477604441734,29.354166666666668,34.5,22.8,43.875,59.41666666666666,6605.0,6221.6,1937.0,0.0,0.7039290741082502,0.618761410604519,0.19921041928107963,-0.18402955233510773,-1.0930929807157392,1.554903221377072,0.9044350475069899,0.21156607361544189,-0.5272693895221551,-0.5074812709192309,-2.199763940166011,-0.1108098693187568,0.11447544862453259,-0.6909487193167997,False,False
2023-05-03,2023,5,2,123,0.49999999999999994,-0.8660254037844387,0.8550745085896932,-0.518505144391157,0,Shoulder,2,scaled_from_onesite,13508.807302705149,27.2375,32.0,24.1,89.5,75.70833333333333,3988.0,2215.9,2215.0,4.8,0.2086794715421885,0.04107084734420152,0.46194762690089086,1.0267857058193715,0.1354461721180611,-0.7324483392415851,-1.2370347780613455,0.7115167765823535,-0.018360497950923777,1.5466736855803669,0.6471871870266331,-0.5160403838946194,0.8600274617865331,0.1780150302031172,True,False
2023-05-04,2023,5,3,124,0.49999999999999994,-0.8660254037844387,0.8460288880917339,-0.533137056031809,0,Shoulder,2,scaled_from_onesite,16832.34283442691,27.48333333333333,31.5,23.8,44.25,77.29166666666667,4126.0,2616.9,2364.0,1.3,0.2661986182969075,-0.07446726530786195,0.4013159636040112,-0.17407764610370105,0.2548438391453876,-0.6118314055903148,-1.0226579150778714,0.979475966302029,-0.3894398980549466,0.9665327568786128,0.3236597410118928,-0.6605457234309217,0.5612278982248189,0.7027409454776523,False,False
2023-05-05,2023,5,4,125,0.49999999999999994,-0.8660254037844387,0.8367329140344921,-0.5476112038402312,0,Shoulder,2,scaled_from_onesite,21609.791816127596,29.95833333333333,35.5,25.2,46.79166666666666,65.45833333333333,6050.0,5031.8,2139.0,0.2,0.845289689013916,0.8498376359086458,0.6842637256561152,-0.10662583720194492,-0.6374966196904166,1.0698133795187017,0.2683612530487914,0.5748396059870826,-0.5060648523733537,0.385696124976817,-1.9406789113500287,-0.2578466012499261,0.22815169772523738,-0.11562946760816684,False,False
2023-05-06,2023,5,5,126,0.49999999999999994,-0.8660254037844387,0.8271893372462497,-0.5619233046832195,0,Shoulder,2,scaled_from_onesite,17875.47116584875,30.258333333333336,36.2,25.0,31.95833333333333,65.125,5473.0,3687.8,2411.0,0.7,0.915482546070525,1.0115909936215353,0.643842616791529,-0.5002790170220311,-0.6626329706435375,0.565494751136216,-0.45014873161402474,1.0640000060122623,-0.4530535095013505,0.7776524364132026,-1.6509956279940505,-0.2436578064595834,0.7537444701309393,0.36492011479025577,False,False
2023-05-07,2023,5,6,127,0.49999999999999994,-0.8660254037844387,0.8174009818249189,-0.5760691233798758,0,Shoulder,2,scaled_from_onesite,21364.929092640912,31.975,38.7,26.0,8.333333333333334,56.75,6684.0,6291.3,1921.0,0.0,1.31714167256111,1.5892815568818528,0.8459481611144607,-1.1272491096006516,-1.2941837883407084,1.6239520457136687,0.9416970608485064,0.18279193243749015,-0.5272693895221551,-0.35496397869726737,-3.3364740786909475,0.45808446980960665,0.1793724144665225,0.22074541947460322,False,False
2023-05-08,2023,5,0,128,0.49999999999999994,-0.8660254037844387,0.8073707443023492,-0.5900444739548627,0,Shoulder,2,scaled_from_onesite,19876.05869889345,33.02916666666667,40.2,27.3,19.20833333333333,53.833333333333336,6080.0,4960.9,2075.0,0.0,1.563791573051688,1.9358958948380431,1.108685368734272,-0.8386438288898582,-1.5141268591805188,1.0960344520515866,0.23045771293525413,0.45974304127527565,-0.5272693895221551,0.3680815446105817,-3.233952881225236,0.44545672041432277,0.9306327373251588,0.5777768687758524,False,False
2023-05-09,2023,5,1,129,0.49999999999999994,-0.8660254037844387,0.7971015927871943,-0.6038452208771035,0,Shoulder,2,scaled_from_onesite,19336.44165142413,33.858333333333334,40.8,27.1,24.166666666666668,44.54166666666666,6376.0,5584.8,2069.0,0.0,1.7577968307498104,2.074541630020518,1.0682642598696857,-0.7070575131634809,-2.214802641998774,1.3547490343760507,0.5639981738215126,0.44895273833354377,-0.5272693895221551,0.1310548371018486,-3.7894462556331874,0.616173266646152,1.3069265409298656,0.19131221840272913,False,False
2023-05-10,2023,5,2,130,0.49999999999999994,-0.8660254037844387,0.7865965660866021,-0.6174672802835514,0,Shoulder,2,scaled_from_onesite,19333.651660606924,33.4,41.3,26.8,45.458333333333336,56.25,5847.0,4939.6,2064.0,0.0,1.6505577435799932,2.1900797426725815,1.0076325965728061,-0.14201039269139057,-1.3318883147703902,0.8923841220461808,0.21907061273189293,0.43996081921543384,-0.5272693895221551,0.7583215025133335,-3.1057719202999747,0.30866707336857374,1.0083547064539955,0.43240313057444213,False,False
2023-05-11,2023,5,3,131,0.49999999999999994,-0.8660254037844387,0.7758587728069828,-0.6309066211876704,0,Shoulder,2,scaled_from_onesite,21278.27526020059,31.77083333333333,39.4,26.0,47.625,65.95833333333333,6097.0,5563.4,1999.0,0.7,1.2693715337309175,1.7510349145947406,0.8459481611144607,-0.08451049002104094,-0.5997920932607348,1.1108930598202214,0.5525576130538157,0.32306587068000486,-0.4530535095013505,0.5735513861444252,-2.6598385476350237,0.10149253165642567,0.14785580373269758,0.18387058523378205,False,False
2023-05-12,2023,5,4,132,0.49999999999999994,-0.8660254037844387,0.7648913904341225,-0.6441592666722685,0,Shoulder,2,scaled_from_onesite,17318.950056369285,31.5375,39.1,26.4,98.54166666666669,67.75,5726.0,3550.9,2878.0,0.1,1.2147770893535579,1.6817120470035032,0.926790378843633,1.2667372227321774,-0.46468420688770784,0.7866257961635451,-0.5233362441886822,1.9038452516437288,-0.5166671209477545,2.2690072372724934,-2.0495236797656755,-0.9377735036132763,1.0109857729630471,-0.4870787793022215,False,False
2023-05-13,2023,5,5,133,0.49999999999999994,-0.8660254037844387,0.753697664392914,-0.6572212950663319,0,Shoulder,2,scaled_from_onesite,17011.72283226267,31.59583333333333,37.5,26.6,93.08333333333331,61.5,5950.0,4704.7,2397.0,1.6,1.2284257004478973,1.3119900865168996,0.9672114877082199,1.121881698697257,-0.9359907872587309,0.9824098044090854,0.09349174710890491,1.0388226324815544,-0.3576330923317446,1.4482654107952175,-2.2205522480877518,-0.40161379930909286,0.8349753051394331,-0.6336378034227264,False,False
2023-05-14,2023,5,6,134,0.49999999999999994,-0.8660254037844387,0.742280907086982,-0.6700888411055113,0,Shoulder,2,scaled_from_onesite,20918.6946789946,32.525,38.9,26.1,50.66666666666666,46.75,6556.0,5897.4,2082.0,0.0,1.445828577164889,1.6354968019426772,0.866158715546754,-0.003789472810742587,-2.048274316934345,1.5120754695733598,0.7311158979328191,0.47233172804062956,-0.5272693895221551,0.15070291716204492,-3.379111714981001,0.2623205091954043,1.1086784828817258,-0.46089333350159584,False,False
2023-05-15,2023,5,0,135,0.49999999999999994,-0.8660254037844387,0.7306444969184916,-0.6827580970759147,0,Shoulder,2,scaled_from_onesite,18921.061253873995,31.84166666666667,39.2,26.9,39.5,67.75,6283.0,5431.9,1984.0,5.2,1.285944847202618,1.7048196695339162,1.0278431510050987,-0.3001351250348523,-0.46468420688770784,1.2734637095241075,0.48225697095325,0.29609011332567514,0.02404857634667887,0.7474425822848771,-2.6342738467244278,0.5137801439488029,-0.11900101819777029,0.15958359831106328,False,False
2023-05-16,2023,5,1,136,0.49999999999999994,-0.8660254037844387,0.7187918772884232,-0.6952253139408722,0,Shoulder,2,scaled_from_onesite,21653.939317882236,30.9,39.1,26.6,37.875,76.625,6160.0,5270.7,2138.0,14.8,1.065617268108267,1.6817120470035032,0.9672114877082199,-0.34326005203761456,0.20457113723914483,1.1659573121392797,0.39607854124518016,0.5730412221634607,1.0418663594891415,1.3101186978066466,-2.041085842331376,1.0992390308364257,-0.6812944408436096,-0.08316619893417414,False,False
2023-05-17,2023,5,2,137,0.49999999999999994,-0.8660254037844387,0.7067265555776158,-0.7074868024503348,0,Shoulder,2,scaled_from_onesite,22346.021157656603,31.125,36.8,26.5,19.08333333333333,75.41666666666667,6581.0,5719.599999999999,2169.0,0.0,1.1182619109007228,1.1502367288040103,0.9470009332759265,-0.8419611309669938,0.11345186503408072,1.533926363350764,0.6360630145451339,0.6287911206957422,-0.5272693895221551,0.40930412899706525,-2.517923559071249,-0.1998271727349329,-0.744274048219123,0.3198846314513395,False,False
2023-05-18,2023,5,3,138,0.49999999999999994,-0.8660254037844387,0.6944521021088763,-0.719538934232584,0,Shoulder,2,scaled_from_onesite,18821.770404202784,30.666666666666668,37.1,27.0,36.04166666666666,79.45833333333333,5732.0,4650.7,2124.0,0.1,1.0110228237309065,1.2195595963952492,1.0480537054373922,-0.39191381583560303,0.4182301203406749,0.7918700106701221,0.06462304236798819,0.5478638486327528,-0.5166671209477545,0.9429856395624482,-1.8170996444327676,-0.3040377229190113,-0.45076242780548553,0.7145289102207787,False,False
2023-05-19,2023,5,4,139,0.49999999999999994,-0.8660254037844387,0.6819721490904629,-0.7313781428679254,0,Shoulder,2,scaled_from_onesite,20093.02151420806,31.133333333333336,38.7,27.0,31.08333333333333,76.41666666666667,5653.0,4152.4,2227.0,13.6,1.1202117124856292,1.5892815568818528,1.0480537054373922,-0.52350013156198,0.18886091789344442,0.7228211863335252,-0.2017709497134712,0.7330973824658172,0.9146391365963337,1.545507149136838,-1.7003982923407317,0.980981976603865,-0.27914032698041386,0.3789768210836189,False,False
2023-05-20,2023,5,5,140,0.49999999999999994,-0.8660254037844387,0.6692903895412567,-0.7430009249440493,0,Shoulder,2,scaled_from_onesite,21550.873774752446,32.233333333333334,38.5,26.7,4.833333333333333,62.958333333333336,6754.0,6207.8,2031.0,0.0,1.3775855216931883,1.5430663118210266,0.9874220421405127,-1.2201335677604475,-0.8260192518388253,1.6851345482904,0.8970574896287555,0.3806141530359084,-0.5272693895221551,-0.0822337183271668,-3.2891916309664393,0.3016258256852151,-0.19511067298799867,0.35562546440903675,False,False
2023-05-21,2023,5,6,141,0.49999999999999994,-0.8660254037844387,0.6564105761979381,-0.7544038410927472,0,Shoulder,2,scaled_from_onesite,17523.43997155991,31.64583333333333,38.2,26.5,28.83333333333333,68.20833333333333,6071.0,5005.2,2264.0,0.0,1.2401245099573313,1.4737434442297892,0.9470009332759265,-0.5832115689504201,-0.4301217243271665,1.0881681302917212,0.25414074293567296,0.7996375839398306,-0.5272693895221551,0.6938978510182262,-2.5158160840093493,-0.11066330600723413,0.10618407341527117,0.4042507864954917,False,False
2023-05-22,2023,5,0,142,0.49999999999999994,-0.8660254037844387,0.6433365204044917,-0.765583517007675,0,Shoulder,2,scaled_from_onesite,21762.913076860223,32.07083333333333,37.8,27.0,15.208333333333334,68.54166666666667,6816.0,6278.7,2028.0,0.0,1.3395643907875256,1.3813129541081373,1.0480537054373922,-0.9447974953581959,-0.4049853733740446,1.739324764858362,0.9349610297422922,0.3752190015650424,-0.5272693895221551,0.1260740953833251,-3.088669800553379,0.10470737759907796,-0.5536548089236998,0.2714448103470941,False,False
2023-05-23,2023,5,1,143,0.49999999999999994,-0.8660254037844387,0.6300720909843687,-0.7765366444428655,0,Shoulder,2,scaled_from_onesite,20283.069123991958,32.27916666666667,39.2,26.6,19.041666666666668,58.875,6448.0,5639.4,2209.0,0.1,1.3883094304101702,1.7048196695339162,0.9672114877082199,-0.8430668983260388,-1.1339395510145605,1.4176796084549743,0.5931876419484392,0.7007264736406215,-0.5166671209477545,0.27788763756785384,-3.1983163267430963,0.2079829271570155,0.39089606389954634,0.22174821797206043,False,False
2023-05-24,2023,5,2,144,0.49999999999999994,-0.8660254037844387,0.6166212130956382,-0.7872599821916922,0,Shoulder,2,scaled_from_onesite,19752.64263450874,30.775,38.5,26.0,41.5,72.91666666666667,5467.0,3780.2,2220.0,11.9,1.0363702443346807,1.5430663118210266,0.8459481611144607,-0.24705829180068337,-0.07507076711432847,0.560250536629639,-0.40075117016845635,0.7205086957004633,0.7344005708315227,1.4850979316012896,-1.5208658075886277,0.8004051757238735,0.1390351870979874,0.2803478226035173,False,False
2023-05-25,2023,5,3,145,0.49999999999999994,-0.8660254037844387,0.6029878670694714,-0.7977503570459932,0,Shoulder,2,scaled_from_onesite,19910.030940020624,30.883333333333336,38.7,25.4,48.333333333333336,71.04166666666667,6337.0,5166.5,2205.0,1.5,1.0617176649384565,1.5892815568818528,0.7246848345207014,-0.06571244491727271,-0.21646274122563539,1.3206616400833002,0.340372633208078,0.6935329383461336,-0.3682353609061453,0.8050453846774437,-2.403831885523151,-0.14304119963797857,-0.11414959775590465,-0.034381969305442,False,False
2023-05-26,2023,5,4,146,0.49999999999999994,-0.8660254037844387,0.5891760872322963,-0.8080046647350754,0,Shoulder,2,scaled_from_onesite,17715.949337947233,28.59583333333333,36.8,24.0,50.41666666666666,77.70833333333333,6293.0,5254.0,2157.0,24.8,0.5264971298818258,1.1502367288040103,0.4417370724685974,-0.010424076965013705,0.28626427783678843,1.2822040670350692,0.3871506270012301,0.6072105148122784,2.102093216929207,1.3262904829783,-1.166401140490775,1.6745176285297807,-0.915560273125562,-1.0427321192453636,False,False
2023-05-27,2023,5,5,147,0.49999999999999994,-0.8660254037844387,0.5751899607119775,-0.8180198708443174,0,Shoulder,2,scaled_from_onesite,20116.16202628019,28.9125,33.8,25.1,40.208333333333336,82.70833333333333,4855.0,3076.6,2709.0,1.2000000000000002,0.6005895901082453,0.4570080528916294,0.6640531712238225,-0.2813370799310841,0.6633095421336068,0.025340656958787636,-0.7768997008297341,1.5999183854516135,-0.4000421666293472,1.4908817771763394,-0.5005295171073821,-0.8501499036974867,0.055879923110360434,0.571958089532703,False,False
2023-05-28,2023,5,6,148,0.49999999999999994,-0.8660254037844387,0.5610336262283677,-0.8277930117131022,0,Shoulder,2,scaled_from_onesite,22588.91447586055,29.5625,35.2,25.6,27.75,78.66666666666667,6009.0,4844.4,2183.0,4.1,0.7526741137308938,0.7805147683174084,0.7651059433852883,-0.6119615202855949,0.3585312868270127,1.033977913723759,0.16817615548494308,0.65396849422645,-0.09257637797172837,0.674692224759749,-1.5374970018385683,-0.059758818420053414,-0.6429604704824073,0.25433252616383883,False,False
2023-05-29,2023,5,0,149,0.49999999999999994,-0.8660254037844387,0.5467112728685939,-0.8373211953118121,0,Shoulder,2,scaled_from_onesite,21912.587878348066,31.079166666666666,36.0,27.2,20.75,73.5,6290.0,5276.7,2126.0,0.2,1.1075380021837409,0.9653757485607093,1.0884748143019785,-0.7977304366051862,-0.031082152946366685,1.2795819597817806,0.399286175105282,0.5514606162799969,-0.5060648523733537,0.48215393694595193,-2.281388650945867,-0.15455798033455495,-0.4970584439999954,0.4607299362217866,False,False
2023-05-30,2023,5,1,150,0.49999999999999994,-0.8660254037844387,0.5322271388474397,-0.8466016020976267,0,Shoulder,2,scaled_from_onesite,19633.98596622397,30.42083333333333,36.5,27.4,67.625,78.95833333333333,5677.0,4398.8,2302.0,2.1,0.9535036769761859,1.0809138612127729,1.1288959231665645,0.4462578423206485,0.38052559391099305,0.7437980443598331,-0.0700441191919546,0.867976169237466,-0.30462174945974135,1.528476965624262,-1.553609505286218,-0.4767379529297123,-0.24068843912731397,0.15997340453488354,False,False
2023-05-31,2023,5,2,151,0.49999999999999994,-0.8660254037844387,0.5175855102531889,-0.8556314858488706,0,Shoulder,2,scaled_from_onesite,18958.315837139064,31.229166666666668,37.0,27.1,67.5,71.91666666666667,6112.0,4752.8,2347.0,1.4,1.1426344307120448,1.1964519738648363,1.0682642598696857,0.442940540243513,-0.15047981997369217,1.1240035960866637,0.119206278554055,0.9489034413004552,-0.37883762948054595,1.3354787311830374,-2.1019185488857475,-0.43158778939219766,0.0174818218178593,-0.15105930204666684,False,False
2023-06-01,2023,6,3,152,1.2246467991473532e-16,-1.0,0.5027907197793043,-0.8644081744776648,1,Monsoon,1,scaled_from_onesite,19910.67200586472,32.74583333333333,39.7,26.8,57.16666666666666,55.41666666666666,6439.0,5606.5,2214.0,0.1,1.4974983191648912,1.8203577821859798,1.0076325965728061,0.1687102352003065,-1.394729192153194,1.409813286695109,0.5755991162822143,0.7097183927587314,-0.5166671209477545,0.704271131795675,-3.2334410396465936,0.043689810623657656,0.763971232050114,-0.2745799220876508,False,False
2023-06-02,2023,6,4,153,1.2246467991473532e-16,-1.0,0.4878471454423119,-0.8729290708206411,1,Monsoon,1,scaled_from_onesite,17356.49746459967,32.36666666666667,37.9,27.5,31.75,63.16666666666666,6307.0,5779.0,2049.0,0.8999999999999999,1.4087823470516803,1.4044205766385502,1.149106477598858,-0.505807853817257,-0.8103090324931255,1.2944405675504154,0.6678185897601426,0.41298506186110406,-0.43184897235254915,0.42745663587238925,-2.8823106361492496,0.19322742157202114,0.08000408221497028,0.2379141563561301,False,False
2023-06-03,2023,6,5,154,1.2246467991473532e-16,-1.0,0.47275920928627757,-0.881191653407483,1,Monsoon,1,scaled_from_onesite,18173.040690070975,32.483333333333334,39.2,28.0,47.083333333333336,69.5,6323.0,5599.3,2041.0,0.1,1.436079569240361,1.7048196695339162,1.2501592497603238,-0.09888546568862831,-0.3327183643838214,1.308425139567954,0.5717499556500921,0.3985979912721282,-0.5166671209477545,0.8534553422314208,-2.8668091194328142,-0.02537811831403942,-0.16748372510659695,0.3089563686453907,False,False
2023-06-04,2023,6,6,155,1.2246467991473532e-16,-1.0,0.4575313760742512,-0.8891934772070711,1,Monsoon,1,scaled_from_onesite,20957.487253916635,31.48333333333333,38.2,26.9,14.0,72.41666666666667,6395.0,5628.3,2098.0,1.2,1.2021033790516695,1.4737434442297892,1.0278431510050987,-0.9768647487705064,-0.11277529354401032,1.3713557136468777,0.5872535193072511,0.5011058692185812,-0.4000421666293472,0.4157809653284416,-2.678802335596484,0.1230600298114178,-0.5072298759231744,0.5221963525564597,False,False
2023-06-05,2023,6,0,156,1.2246467991473532e-16,-1.0,0.44216815196707204,-0.8969321743510065,1,Monsoon,1,scaled_from_onesite,22262.077340302483,32.612500000000004,38.5,28.0,24.916666666666668,64.08333333333333,6458.0,5879.7,2046.0,0.1,1.4663014938064007,1.5430663118210266,1.2501592497603238,-0.6871537007006675,-0.7411840673720417,1.426419965965936,0.7216533780455188,0.4075899103902381,-0.5166671209477545,0.4009644227373016,-3.1095773434174774,0.18232062613805727,-0.04779207474929451,0.3698984119040249,False,False
2023-06-06,2023,6,1,157,1.2246467991473532e-16,-1.0,0.42667408318992467,-0.9044054548343001,1,Monsoon,1,scaled_from_onesite,20870.366533207354,33.34166666666667,40.5,27.7,56.75,61.083333333333336,6427.0,5664.8,2037.0,0.0,1.6369091324856537,2.0052187624292808,1.1895275864634443,0.15765256160985489,-0.9674112259501322,1.399324857681955,0.6067666252895374,0.3914044559776403,-0.5272693895221551,0.8334170314845588,-3.2857242017070853,0.11616265480094645,0.375963771923295,0.06592860678155779,False,False
2023-06-07,2023,6,2,158,1.2246467991473532e-16,-1.0,0.4110537546870351,-0.9116111071930239,1,Monsoon,1,scaled_from_onesite,11709.024863327426,34.50833333333333,41.8,28.2,74.5,55.29166666666666,6322.0,5322.7,2296.0,0.0,1.9098813543724589,2.305617855324645,1.29058035862491,0.6287094565631043,-1.4041553237606144,1.307551103816858,0.4238780346993963,0.8571858662957341,-0.5272693895221551,1.3547908652283165,-3.5690752221984527,0.018875794401928724,1.0055846938949562,-0.1743291221535027,False,False
2023-06-08,2023,6,3,159,1.2246467991473532e-16,-1.0,0.3953117887649151,-0.9185469991587165,1,Monsoon,1,scaled_from_onesite,18641.78433247542,33.266666666666666,40.0,28.5,90.95833333333331,65.66666666666667,5213.0,3488.1,2487.0,0.0,1.6193609182215014,1.8896806497772172,1.3512120219217896,1.0654875633859524,-0.6217864003447152,0.3382454558512138,-0.5569094785910818,1.200677176607533,-0.5272693895221551,2.213714203963986,-2.2051377767713443,-0.46737159120949207,1.1641176547109808,0.2815323162098909,False,False
2023-06-09,2023,6,4,160,1.2246467991473532e-16,-1.0,0.37945284372454435,-0.925211078289358,1,Monsoon,1,scaled_from_onesite,15901.410603812103,31.1625,39.4,28.6,99.83333333333331,76.70833333333333,4080.0,2172.0,2274.0,0.0,1.127036018032799,1.7510349145947406,1.371422576354083,1.3010160108625772,0.21085522497742476,-0.6520370501407382,-1.2605039658044241,0.8176214221760505,-0.5272693895221551,2.5587487118058694,-0.9088936965035581,-0.6080440267133829,1.0729930307706765,1.0046420660386266,False,False
2023-06-10,2023,6,5,161,1.2246467991473532e-16,-1.0,0.36348161248290634,-0.9316013725767187,1,Monsoon,1,scaled_from_onesite,18532.285544289836,31.866666666666664,38.1,28.5,89.58333333333333,71.66666666666667,5222.0,3306.8,2551.0,1.9,1.2917942519573342,1.4506358216993762,1.3512120219217896,1.0289972405374617,-0.16933208318853307,0.34611177761107925,-0.6538334817304927,1.31577374131934,-0.3258262866085427,2.300475449177132,-1.6690521415639366,-0.5591924129078683,0.757156417117897,0.16274166399444331,False,False
2023-06-11,2023,6,6,162,1.2246467991473532e-16,-1.0,0.3474028211842774,-0.9377159910299093,1,Monsoon,1,scaled_from_onesite,21785.817400425076,33.37916666666667,41.8,28.8,78.04166666666667,70.75,6026.0,4633.1,2159.0,0.1,1.64568323961773,2.305617855324645,1.4118436852186693,0.7226996820819452,-0.2384570483096168,1.0488365214923938,0.055213983045023035,0.6108072824595223,-0.5166671209477545,1.771713152125992,-2.8714205125723034,-0.19329140242850965,0.271562849928967,0.34016458279889616,False,False
2023-06-12,2023,6,0,163,1.2246467991473532e-16,-1.0,0.3312212278016865,-0.9435531242349544,1,Monsoon,1,scaled_from_onesite,17416.627844383333,33.57083333333333,40.0,28.9,99.83333333333331,71.79166666666667,4913.0,2191.3,3238.0,0.6,1.6905286760705616,1.8896806497772172,1.4320542396509621,1.3010160108625772,-0.15990595158111262,0.07603473052236505,-1.250186076887763,2.5512634281476427,-0.4636557780757512,3.389566142534207,-1.845523873359278,-1.0645712390166373,1.4019869915786125,0.18884606979274896,False,False
2023-06-13,2023,6,1,164,1.2246467991473532e-16,-1.0,0.31494162072895193,-0.9491110448902284,1,Monsoon,1,scaled_from_onesite,20264.792111806564,35.270833333333336,42.3,29.2,81.95833333333333,55.708333333333336,6635.0,5749.6,2088.0,0.0,2.088288199391336,2.4211559679767083,1.4926859029478416,0.8266418138321926,-1.372734885069212,1.5811242939099568,0.6521011838456438,0.48312203098236145,-0.5272693895221551,1.3436416111936895,-3.8925650106060763,0.13345208921799195,0.7584213663901433,-0.20898711008597992,False,False
2023-06-14,2023,6,2,165,1.2246467991473532e-16,-1.0,0.2985688173637202,-0.9543881083175908,1,Monsoon,1,scaled_from_onesite,18048.68013188204,34.1,41.8,30.6,99.33333333333331,58.375,5977.0,4534.6,2430.0,0.6,1.8143410767120773,2.305617855324645,1.7756336649999465,1.2877468025540348,-1.1716440774442425,1.006008769688682,0.0025553271750175352,1.09816929866108,-0.4636557780757512,2.17233873364304,-3.2225848560691572,-0.21996778739295367,1.1628031101832708,-0.16840770255774493,False,False
2023-06-15,2023,6,3,166,1.2246467991473532e-16,-1.0,0.2821076626819194,-0.9593827529490743,1,Monsoon,1,scaled_from_onesite,20473.540191623706,34.74583333333333,40.0,30.3,94.54166666666669,52.333333333333336,6255.0,5351.2,2245.0,0.3,1.9654506995422723,1.8896806497772172,1.7150020017030667,1.1605835562638396,-1.6272404384695645,1.248990708493415,0.4391142955348801,0.7654682912910129,-0.49546258379895314,1.5924087061592829,-3.4512988455989233,-0.05393818718837567,1.1517173344875162,-0.39857500650972333,False,False
2023-06-16,2023,6,4,167,1.2246467991473532e-16,-1.0,0.26556302780405594,-0.9640935007889755,1,Monsoon,1,scaled_from_onesite,18518.61954888446,34.03333333333333,41.3,30.0,92.33333333333331,68.125,6049.0,4758.9,2279.0,1.4,1.7987426640328306,2.1900797426725815,1.6543703384061872,1.1019778862344436,-0.4364058120654465,1.0689393437676056,0.1224673729784916,0.8266133412941604,-0.37883762948054595,2.105807091080868,-2.9656992658762054,-0.1979358798914998,0.42726805745759094,0.04723251147838472,False,False
2023-06-17,2023,6,5,168,1.2246467991473532e-16,-1.0,0.24893980855376657,-0.9685189578512204,1,Monsoon,1,scaled_from_onesite,16472.64921175688,33.233333333333334,40.2,29.2,87.45833333333333,73.75,6109.0,4784.1,2245.0,4.699999999999999,1.6115617118818788,1.9358958948380431,1.4926859029478416,0.9726031052261571,-0.012229889731525764,1.1213814888333753,0.13593943519091978,0.7654682912910129,-0.028962766525324486,2.0828608820857255,-2.5624003262979445,-0.026918049220959417,-0.03269700171874379,-0.051812514267045695,False,False
2023-06-18,2023,6,6,169,1.2246467991473532e-16,-1.0,0.23224292400907015,-0.9726578145718654,1,Monsoon,1,scaled_from_onesite,18735.73805088739,32.545833333333334,36.5,29.2,95.79166666666669,73.79166666666667,5646.0,3441.4,2966.0,7.6,1.450703081127154,1.0809138612127729,1.4926859029478416,1.193756577035195,-0.009087845862385254,0.7167029360758521,-0.5818755621355411,2.0621030281224635,0.2785030221322945,2.9167106241578593,-1.6618907224966348,-0.47432514481118504,0.4678109054633874,-0.5003890279740562,False,False
2023-06-19,2023,6,0,170,1.2246467991473532e-16,-1.0,0.21547731504673012,-0.976508846196619,1,Monsoon,1,scaled_from_onesite,8093.6857788348125,30.8,34.2,27.3,94.16666666666669,79.16666666666667,3257.0,629.2,2800.0,2.5,1.0422196490893985,0.5494385430132814,1.108685368734272,1.1506316500324327,0.39623581325669455,-1.37136847329288,-2.085293552365282,1.763571313401214,-0.26221267516213875,3.0420936231606652,0.4177495663630086,-0.9587355582641339,1.4637748025274675,0.962932920464187,False,False
2023-06-20,2023,6,1,171,1.2246467991473532e-16,-1.0,0.19864794288017112,-0.9800709131432666,1,Monsoon,1,scaled_from_onesite,21989.61155690777,32.233333333333334,37.8,28.6,91.375,72.75,6303.0,5147.099999999999,2223.0,16.6,1.3775855216931883,1.3813129541081373,1.371422576354083,1.0765452369764048,-0.08763894259088945,1.2909444245460309,0.3300012837270817,0.7259038471713293,1.2327071938283534,2.1651000245643166,-2.0262346279846617,0.8906772882679589,-0.3496230036169094,-0.8738440323938751,False,False
2023-06-21,2023,6,2,172,1.2246467991473532e-16,-1.0,0.18175978759137534,-0.9833429613388902,1,Monsoon,1,scaled_from_onesite,17028.34274992804,30.7375,36.2,27.3,99.91666666666669,78.29166666666667,5250.0,3374.1,2511.0,5.5,1.0275961372026052,1.0115909936215353,1.108685368734272,1.3032275455806686,0.33025289200475133,0.3705847786417718,-0.617854521933017,1.2438383883744606,0.05585538206988081,2.3765275073596053,-1.027358527891604,-0.5193317511480808,0.270567394402926,-0.19434219544682754,False,False
2023-06-22,2023,6,3,173,1.2246467991473532e-16,-1.0,0.16481784665719793,-0.9863240225317866,1,Monsoon,1,scaled_from_onesite,9165.953943329243,29.08333333333333,32.8,26.4,99.75,85.04166666666667,3631.0,1385.9,2656.0,1.4,0.6405605225988118,0.22593182758750244,0.926790378843633,1.2988044761444872,0.8392639988054562,-1.0444791023829152,-1.6807574620421026,1.5046040427996483,-0.37883762948054595,2.658343652573071,0.641950108996598,-1.2200049940273627,0.7978649925209046,0.6459470318865947,False,False
2023-06-23,2023,6,4,174,1.2246467991473532e-16,-1.0,0.14782713347053048,-0.9890132145779883,1,Monsoon,1,scaled_from_onesite,19288.869214920047,29.804166666666664,34.4,26.5,85.45833333333333,80.04166666666667,6146.0,4743.2,2386.0,7.3,0.8092183596931599,0.5956537880741058,0.9470009332759265,0.9195262719919882,0.46221873450863776,1.1537208116239333,0.11407406437789183,1.0190404104217126,0.24669621640909253,1.6807666678312878,-1.2713150381560703,-0.35131995157246726,-0.5640477563482704,-0.7123373789988765,False,False
2023-06-24,2023,6,5,175,1.2246467991473532e-16,-1.0,0.13079267585675922,-0.9914097417023038,1,Monsoon,1,scaled_from_onesite,8289.621987959412,27.579166666666666,31.3,25.8,100.0,90.375,2782.0,580.0,2271.0,30.5,0.28862133652332406,-0.12068251036868717,0.8055270522498744,1.3054390802987583,1.2414456140553956,-1.786535455063557,-2.111596150018117,0.8122262707051845,2.706422525670044,3.423150997563313,2.382239605281746,1.4422099715358567,0.322160276544029,0.18490409915351166,False,False
2023-06-25,2023,6,6,176,1.2246467991473532e-16,-1.0,0.11371951458594969,-0.9935128947338007,1,Monsoon,1,scaled_from_onesite,15988.702149463952,27.47083333333333,31.2,25.6,95.125,89.375,4385.0,2361.4,2603.0,17.9,0.263273915919549,-0.1437901328991002,0.7651059433852883,1.1760642992904715,1.1660365611960317,-0.3854561460564087,-1.1592496569538755,1.4092897001476832,1.3705366852955616,2.7135884223247793,1.005290615451662,0.08275415530647953,-0.2250415276749188,-0.437736909982869,False,False
2023-06-26,2023,6,0,177,1.2246467991473532e-16,-1.0,0.0966127018812031,-0.9953220513156602,1,Monsoon,1,scaled_from_onesite,5536.094738718418,27.266666666666666,30.5,25.2,99.70833333333331,89.04166666666667,3294.0,1102.6,2607.0,18.2,0.21550377708935825,-0.3055434906119889,0.6842637256561152,1.2976987087854417,1.1409002102429109,-1.339029150502322,-1.8322112408032454,1.416483235442171,1.4023434910187635,3.005961239160108,1.8385968570611937,0.09059537801431354,0.3998811219060557,0.042342198298214416,False,False
2023-06-27,2023,6,1,178,1.2246467991473532e-16,-1.0,0.07947729992362097,-0.9968366760893436,1,Monsoon,1,scaled_from_onesite,11600.551024797242,27.15,31.4,25.2,95.66666666666669,90.5,3360.0,1069.2,2528.0,18.3,0.1882065549006776,-0.09757488783827498,0.6842637256561152,1.1904392749580595,1.250871745662816,-1.281342790929975,-1.8500670692911458,1.2744109133760344,1.4129457595931645,2.9693966155924945,1.7558913465024857,0.18180066739404288,0.2863090230923332,0.17561872311080792,False,False
2023-06-28,2023,6,2,179,1.2246467991473532e-16,-1.0,0.062318379354325076,-0.998056320853012,1,Monsoon,1,scaled_from_onesite,13305.383951618081,27.683333333333334,30.5,25.6,99.75,88.625,2829.0,737.8,2262.0,20.3,0.31299385633464627,-0.3055434906119889,0.7651059433852883,1.2988044761444872,1.109479771551509,-1.7454557747620374,-2.027235379497438,0.7960408162925866,1.6249911310811775,2.961652630082938,2.142895137668461,0.5440713783722654,0.5077855050093723,0.4431366132807873,False,False
2023-06-29,2023,6,3,180,1.2246467991473532e-16,-1.0,0.04514101777397193,-0.9989806246941579,1,Monsoon,1,scaled_from_onesite,12666.498666416685,29.20833333333333,33.3,26.5,98.5,83.70833333333333,4872.0,2417.9,2696.0,12.7,0.6698075463723981,0.3414699402395659,0.9470009332759265,1.2656314553731316,0.7387185949929705,0.0401992647274224,-1.129044438104583,1.5765393957445277,0.8192187194267277,2.7747846079870797,0.0754047305230062,-0.2576654987444669,0.12115698440709292,-0.41414189187982353,False,False
2023-06-30,2023,6,4,181,1.2246467991473532e-16,-1.0,0.02795029824021032,-0.999609314096404,1,Monsoon,1,scaled_from_onesite,13556.496617191891,29.3125,33.2,28.0,95.45833333333331,86.5,4260.0,2181.0,2501.0,20.8,0.6941800661837212,0.3183623177091545,1.2501592497603238,1.1849104381628326,0.9492355342253612,-0.494710614943429,-1.2556925150142715,1.2258545501382407,1.6780024739531807,3.131131773408478,0.5830104018268357,0.6115148098484101,-0.025376491406104366,-0.12788056817474375,False,False
2023-07-01,2023,7,5,182,-0.4999999999999997,-0.8660254037844388,0.01075130776352193,-0.9999422030204416,1,Monsoon,1,scaled_from_onesite,15667.425744729378,30.641666666666666,34.0,28.0,96.5,82.25,4628.0,2162.1,3046.0,4.0,1.0051734189761887,0.5032232979524555,1.2501592497603238,1.2125546221389627,0.6287470595730655,-0.17306545854004124,-1.2657965616735922,2.205973734012222,-0.10317864654612899,3.0323498352004843,-0.377161421258587,-1.1198063811249301,0.5658855294191278,0.04168837199914054,False,False
2023-07-02,2023,7,6,183,-0.4999999999999997,-0.8660254037844388,-0.00645086419810515,-0.9999791929590823,1,Monsoon,1,scaled_from_onesite,10379.179363689356,30.3,33.3,27.8,99.54166666666669,80.66666666666667,4557.0,1824.4,3093.0,6.800000000000001,0.9252315539950532,0.3414699402395659,1.2097381408957377,1.293275639349262,0.5093493925457401,-0.23512199686786875,-1.4463328874329917,2.290497773722455,0.19368487353708938,3.1567489577556094,-0.1294576367947813,-0.9427596975413265,0.7146527657666476,-0.14379429097498278,False,False
2023-07-03,2023,7,0,184,-0.4999999999999997,-0.8660254037844388,-0.023651127245231586,-0.9997202729664083,1,Monsoon,1,scaled_from_onesite,17557.18289422218,30.116666666666664,34.3,27.2,86.125,83.08333333333333,5825.0,4235.400000000001,2508.0,4.8,0.8823359191271257,0.5725461655436929,1.0884748143019785,0.9372185497367114,0.6915879369558683,0.8731553355220651,-0.157398681315395,1.2384432369035947,-0.018360497950923777,1.9691602642275852,-1.1113082157949972,-0.6869480081927404,-0.4781972207592663,-0.3817731075539388,False,False
2023-07-04,2023,7,1,185,-0.4999999999999997,-0.8660254037844388,-0.04084439154329611,-0.9991655196610109,1,Monsoon,1,scaled_from_onesite,18924.421661942717,30.22083333333333,34.7,26.2,65.25,78.75,6440.0,5644.6,2084.0,1.8000000000000005,0.9067084389384479,0.6649766556653449,0.8863692699790469,0.38322910285507295,0.36481537456529267,1.410687322446205,0.5959675912938612,0.47592849568787354,-0.3364285551829433,0.83397662221955,-1.798227664837615,-0.46036051321879473,-0.8292624655910328,-0.3323615446388392,False,False
2023-07-05,2023,7,2,186,-0.4999999999999997,-0.8660254037844388,-0.05802556932878035,-0.9983150972033183,1,Monsoon,1,scaled_from_onesite,12218.945741700907,27.98333333333333,31.2,26.0,95.25,88.75,4605.0,2635.6,2716.0,16.6,0.3831867133912527,-0.1437901328991002,0.8459481611144607,1.179381601367607,1.1189059031589295,-0.19316828081525297,-1.0126607895472206,1.6125070722169674,1.2327071938283534,2.749590604406295,0.7279555269552024,-0.08676924423498776,-0.26561665377425825,-0.5433868034540945,False,False
2023-07-06,2023,7,3,187,-0.4999999999999997,-0.8660254037844388,-0.07518957641475855,-0.9971692572470178,1,Monsoon,1,scaled_from_onesite,15902.89464361458,28.59166666666667,32.2,26.5,89.08333333333333,83.58333333333333,4209.0,2273.6,2546.0,13.9,0.5255222290893738,0.08728609240502758,0.9470009332759265,1.0157280322289195,0.7292924633855501,-0.5392864382493333,-1.2061880324400327,1.3067818222012302,0.9464459423195357,2.565054291373337,0.592591122970895,-0.003871562699751097,0.23431690570824856,-0.04611110649480205,False,False
2023-07-07,2023,7,4,188,-0.4999999999999997,-0.8660254037844388,-0.09233133369539122,-0.9957283388645872,1,Monsoon,1,scaled_from_onesite,17722.700042200748,29.34583333333333,32.7,25.4,95.625,80.95833333333333,5956.0,4521.900000000001,2533.0,4.3,0.7019792725233437,0.20282420505709103,0.7246848345207014,1.189333507599014,0.5313436996297204,0.9876540189156624,-0.0042341644955312995,1.2834028324941442,-0.07137184082292704,1.6882027812357747,-0.8912122082567338,-0.8816166242398408,-0.4194288655188549,-0.8604674106376309,False,False
2023-07-08,2023,7,5,189,-0.4999999999999997,-0.8660254037844388,-0.10944576864891556,-0.993992768446958,1,Monsoon,1,scaled_from_onesite,10323.005987961302,28.8875,32.4,25.6,72.0,83.25,4952.0,2900.0,2877.0,2.8000000000000003,0.5947401853535276,0.13350133746585197,0.7651059433852883,0.5623634150203931,0.7041561124324293,0.1101221248151154,-0.8713110574453988,1.9020468678201068,-0.2304058694389368,2.0488254523056715,-0.23745498348408942,-1.1095515726058307,0.11745149229962999,-0.035578533131188424,False,False
2023-07-09,2023,7,6,190,-0.4999999999999997,-0.8660254037844388,-0.12652781683868314,-0.9919630595773397,1,Monsoon,1,scaled_from_onesite,23979.848831631873,29.90416666666667,33.6,27.2,76.29166666666667,81.58333333333333,6003.0,4955.7,2403.0,4.699999999999999,0.8326159787120302,0.41079280783080496,1.0884748143019785,0.6762574530020474,0.5784743576668228,1.028733699217182,0.22767776358983263,1.0496129354232864,-0.028962766525324486,1.540799151262122,-1.2669744910328737,-0.5637488370974112,-0.6824990180105203,-0.43928770471591483,False,False
2023-07-10,2023,7,0,191,-0.4999999999999997,-0.8660254037844388,-0.1435724234118113,-0.9896398128792412,1,Monsoon,1,scaled_from_onesite,15966.663790274406,30.425,33.8,27.1,99.875,77.16666666666667,4953.0,2261.8,3097.0,1.3,0.9544785777686395,0.4570080528916294,1.0682642598696857,1.3021217782216228,0.24541770753796718,0.11099616056621155,-1.2124963790315664,2.297691309016943,-0.3894398980549466,2.7640544517104493,-0.6175567572628311,-1.374207710753894,0.8231021137577461,-0.2555173030818662,False,False
2023-07-11,2023,7,1,192,-0.4999999999999997,-0.8660254037844388,-0.16057454459499376,-0.9870237158387383,1,Monsoon,1,scaled_from_onesite,19596.38242065188,30.1375,34.1,27.0,92.20833333333331,76.83333333333333,6419.0,5503.2,2090.0,0.5,0.8872104230893907,0.5263309204828684,1.0480537054373922,1.098660584157308,0.22028135658484524,1.3923325716731856,0.5203743533241272,0.48671879862960543,-0.4742580466501518,1.1148366911355878,-1.70569070917091,-0.7518750885680752,-0.5950270116043308,-0.6356008830932925,False,False
2023-07-12,2023,7,2,193,-0.4999999999999997,-0.8660254037844388,-0.17752914918703497,-0.984115542601034,1,Monsoon,1,scaled_from_onesite,20409.65984785929,29.883333333333336,33.4,27.0,85.54166666666667,77.16666666666667,6087.0,4823.0,2407.0,1.0,0.827741474749766,0.36457756276997894,1.0480537054373922,0.9217378067100789,0.24541770753796718,1.1021527023092597,0.15673559471724663,1.0568064707177742,-0.42124670377814855,1.4172572724289723,-1.397965324152074,-0.9037881518999654,-0.33113616606350577,-0.5533847226763922,False,False
2023-07-13,2023,7,3,194,-0.4999999999999997,-0.8660254037844388,-0.19443122004766195,-0.9809161537413774,1,Monsoon,1,scaled_from_onesite,20727.269060309096,28.875,32.5,26.5,99.70833333333331,82.70833333333333,4098.0,1892.2,2734.0,10.1,0.591815482976169,0.156608959996265,0.9470009332759265,1.2976987087854417,0.6633095421336068,-0.6363044066210073,-1.4100866248138408,1.644877981042163,0.5435597364923108,2.800593248655545,0.543679352094003,-0.49969302575939284,0.5635900504189101,-0.0404809557590181,False,False
2023-07-14,2023,7,4,195,-0.4999999999999997,-0.8660254037844388,-0.2112757555821793,-0.9774264960104055,1,Monsoon,1,scaled_from_onesite,18237.79929887686,28.59166666666667,33.0,25.5,99.83333333333331,86.41666666666667,4239.0,1900.5,2626.0,35.9,0.5255222290893738,0.2721470726483285,0.7448953889529948,1.3010160108625772,0.9429514464870812,-0.5130653657164485,-1.4056493979740332,1.4506525280909888,3.278945028687679,3.5559713590936024,1.225994882517501,1.7829036596587349,-0.0871428399453867,-0.9492425197829417,False,False
2023-07-15,2023,7,5,196,-0.4999999999999997,-0.8660254037844388,-0.2280577712215198,-0.9736476020539838,1,Monsoon,1,scaled_from_onesite,10574.549657888183,26.683333333333334,30.9,25.1,96.83333333333331,91.54166666666669,2953.0,927.0,2159.0,28.3,0.07901766614595573,-0.21311300049033843,0.6640531712238225,1.2214007610113238,1.3294228423913212,-1.6370753416261132,-1.9260879917755598,0.6108072824595223,2.4731726170332298,3.035131119518117,2.39553447878123,1.2710933205302106,0.11125705748155908,0.1592433542623497,False,False
2023-07-16,2023,7,6,197,-0.4999999999999997,-0.8660254037844388,-0.24477230089725957,-0.9695805901076308,1,Monsoon,1,scaled_from_onesite,19763.31273531544,28.35,32.3,25.2,93.58333333333331,84.41666666666667,5279.0,3694.3,2735.0,1.6,0.46897798312710687,0.11039371493543895,0.6842637256561152,1.1351509070057992,0.7921333407683538,0.3959318154235605,-0.44667379493224774,1.646676364865785,-0.3576330923317446,1.9113712836156445,-0.3307466189567211,-1.3109877691148488,-0.16095474538504634,-0.4770849396473754,False,False
2023-07-17,2023,7,0,198,-0.4999999999999997,-0.8660254037844388,-0.2614143985111562,-0.965226663665613,1,Monsoon,1,scaled_from_onesite,14119.124995495456,28.441666666666663,31.2,25.9,82.04166666666667,84.95833333333333,4570.0,2533.5,2855.0,2.5,0.49042580056106894,-0.1437901328991002,0.8257376066821672,0.8288533485502831,0.8329799110671752,-0.22375953210361865,-1.0672440257332874,1.8624824237004232,-0.26221267516213875,2.2092409911949833,0.22724971241277148,-1.260202125778562,0.20086239294854108,0.03483343914388453,False,False
2023-07-18,2023,7,1,199,-0.4999999999999997,-0.8660254037844388,-0.2779791393987801,-0.9605871111248129,1,Monsoon,1,scaled_from_onesite,15966.310498603167,28.25,31.5,25.9,78.45833333333333,86.0,4556.0,2486.0,2787.0,11.4,0.4455803641082375,-0.07446726530786195,0.8257376066821672,0.7337573556723969,0.9115310077956793,-0.23599603261896493,-1.092637793792427,1.7401923236941281,0.6813892279595194,2.4409535026735423,0.46061970920786044,-0.4152642860032684,-0.005683517640435755,-0.16589985000373533,False,False
2023-07-19,2023,7,2,200,-0.4999999999999997,-0.8660254037844388,-0.2944616217868012,-0.9556633054034704,1,Monsoon,1,scaled_from_onesite,16217.147585187551,28.879166666666663,32.3,26.4,60.41666666666666,83.95833333333333,5506.0,4193.0,2391.0,6.2,0.592790383768621,0.11039371493543895,0.926790378843633,0.254960089205831,0.7575708582078114,0.5943379309223894,-0.18006596059344843,1.0280323295398226,0.1300712620906854,1.4423186832443022,-0.5993762052340843,-0.4326255537630656,-0.6251599451197813,-0.088746434785295,False,False
2023-07-20,2023,7,3,201,-0.4999999999999997,-0.8660254037844388,-0.3108569682435036,-0.9504567035349151,1,Monsoon,1,scaled_from_onesite,12908.217792301104,29.02916666666667,32.0,26.5,88.83333333333333,83.0,4864.0,3470.5,2527.0,9.0,0.627886812296926,0.04107084734420152,0.9470009332759265,1.0090934280746484,0.6853038492175882,0.0332069787186531,-0.5663185379140472,1.2726125295524124,0.4269347821739037,2.121043506406573,-0.04703142659140288,-0.4246721069702687,-0.12129713450897849,-0.2875256842876742,False,False
2023-07-21,2023,7,4,202,-0.4999999999999997,-0.8660254037844388,-0.3271603271220951,-0.9449688462364056,1,Monsoon,1,scaled_from_onesite,10520.672678023226,27.59166666666667,30.0,25.4,99.875,89.5,3838.0,1732.5,2626.0,26.6,0.2915460389006833,-0.42108160326405236,0.7246848345207014,1.3021217782216228,1.1754626928034522,-0.8635537019060096,-1.4954631460568852,1.4506525280909888,2.2929340512684186,3.17035633881385,1.7161000009950464,0.7772372088981755,-0.06774775668125706,-0.5683536460339418,False,False
2023-07-22,2023,7,5,203,-0.4999999999999997,-0.8660254037844388,-0.34336687399638804,-0.939201357453208,1,Monsoon,1,scaled_from_onesite,10327.952071358743,27.829166666666666,30.0,25.9,96.625,87.08333333333333,4086.0,1641.7,2843.0,12.5,0.3471153840704967,-0.42108160326405236,0.8257376066821672,1.2158719242160982,0.993224148393323,-0.6467928356341612,-1.5440053384730934,1.8409018178169594,0.7980141822779265,2.847725823357578,1.1307285716067372,-0.5599546047709492,0.26974708790209173,-0.23418506079925572,False,False
2023-07-23,2023,7,6,204,-0.4999999999999997,-0.8660254037844388,-0.3594718130884232,-0.9331559438780432,1,Monsoon,1,scaled_from_onesite,17928.669086536946,28.620833333333334,32.0,25.6,85.16666666666667,82.66666666666667,4842.0,3367.4,2396.0,1.8,0.5323465346365436,0.04107084734420152,0.7651059433852883,0.9117859004786721,0.6601674982644674,0.013978192194537525,-0.621436379743464,1.0370242486579324,-0.33642855518294335,1.6516906225193295,-0.10522965357555433,-0.9683680423562196,-0.0020685533920039396,0.03348172419739377,False,False
2023-07-24,2023,7,0,205,-0.4999999999999997,-0.8660254037844388,-0.3754703786876202,-0.9268343944460494,1,Monsoon,1,scaled_from_onesite,15688.446599168487,29.016666666666666,32.9,25.9,50.66666666666666,81.5,6005.0,5542.5,2099.0,1.8,0.6249621099195667,0.24903945011791545,0.8257376066821672,-0.003789472810742587,0.5721902699285428,1.0304817707193743,0.5413843551077944,0.5029042530422033,-0.33642855518294335,0.60243141282368,-1.250327204681628,-0.49843964814032543,-0.9405170341149901,-0.07507889482745976,False,False
2023-07-25,2023,7,1,206,-0.4999999999999997,-0.8660254037844388,-0.3913578365610259,-0.9202385798054075,1,Monsoon,1,scaled_from_onesite,13819.003720772307,28.241666666666664,33.0,26.5,93.625,86.08333333333333,5210.0,3890.8,2471.0,11.1,0.443630562523331,0.2721470726483285,0.9470009332759265,1.1362566743648448,0.9178150955339593,0.3356233485979253,-0.3416237860139119,1.1719030354295812,0.6495824222363173,2.1513702433640947,-0.164654811272905,-0.2786233773824917,-0.5051401668604956,-0.5375607806313669,False,False
2023-07-26,2023,7,2,207,-0.4999999999999997,-0.8660254037844388,-0.4071294853542516,-0.9133704517637858,1,Monsoon,1,scaled_from_onesite,16307.766898862052,28.475,31.9,25.8,91.58333333333331,83.20833333333333,4905.0,2965.3,2775.0,4.2,0.49822500690069316,0.0179632248137885,0.8055270522498744,1.0820740737716303,0.7010140685632887,0.06904244451359576,-0.8364013089346235,1.7186117178106644,-0.08197410939732766,2.1862760094990707,-0.019363750708808084,-1.0755847922399129,0.12014554605624714,-0.3105911687072089,False,False
2023-07-27,2023,7,3,208,-0.4999999999999997,-0.8660254037844388,-0.4227806579826773,-0.9062320427107697,1,Monsoon,1,scaled_from_onesite,18012.575858457778,28.633333333333336,31.9,26.0,63.708333333333336,83.16666666666667,5490.0,4465.0,2355.0,3.5,0.5352712370139029,0.0179632248137885,0.8459481611144607,0.3423157105704011,0.6978720246941492,0.5803533589048507,-0.03465322560216421,0.9632905118894312,-0.15618998941813225,1.2223476265333346,-0.6114806867113146,-0.6737225433032887,-0.5920398818287477,-0.11714403693448382,False,False
2023-07-28,2023,7,4,209,-0.4999999999999997,-0.8660254037844388,-0.4383067230125192,-0.898825465016444,1,Monsoon,1,scaled_from_onesite,18311.6372581672,29.0875,33.0,26.2,87.95833333333333,83.625,4808.0,3245.9,2613.0,3.3,0.6415354233912655,0.2721470726483285,0.8863692699790469,0.9858723135346994,0.7324345072546906,-0.015739023342731997,-0.6863909654105266,1.427273538383903,-0.17739452656693358,2.0761555408180916,-0.22798683537050007,-0.9489956323656358,0.051554978958664524,-0.020622734067633333,False,False
2023-07-29,2023,7,5,210,-0.4999999999999997,-0.8660254037844388,-0.45370308603134424,-0.8911529104063088,1,Monsoon,1,scaled_from_onesite,13044.41173156629,28.5625,32.8,25.5,84.79166666666667,87.95833333333333,4949.0,3583.0,2452.0,19.2,0.5186979235422032,0.22593182758750244,0.7448953889529948,0.9018339942472655,1.0592070696452662,0.10750001756182691,-0.5061754030371373,1.1377337427807637,1.50836617676277,2.356138214551589,0.25611590293279995,0.4799501678327248,-0.6130912620987652,-0.5631570084895668,False,False
2023-07-30,2023,7,6,211,-0.4999999999999997,-0.8660254037844388,-0.46896519100763184,-0.8832166493127127,1,Monsoon,1,scaled_from_onesite,11801.884923795456,28.6625,33.5,26.2,84.33333333333333,85.83333333333333,5468.0,4040.9,2522.0,18.0,0.5420955425610726,0.3876851853003919,0.8863692699790469,0.8896705532977682,0.8989628323191183,0.5611245723807352,-0.26137947894703045,1.2636206104343024,1.3811389538699623,2.2904415588482094,-0.26708197480748935,0.3795104345612404,-0.7012918029828974,-0.7950926485397599,False,False
2023-07-31,2023,7,0,212,-0.4999999999999997,-0.8660254037844388,-0.48408852163897587,-0.8750190302029955,1,Monsoon,1,scaled_from_onesite,13085.393565430782,28.820833333333336,33.2,26.1,100.0,86.66666666666667,4553.0,2374.0,2564.0,14.1,0.5791417726742824,0.3183623177091545,0.866158715546754,1.3054390802987583,0.9618037097019222,-0.23861813987225342,-1.1525136258476616,1.3391527310264257,0.9676504794683369,2.7648692875745304,0.42015863490789535,-0.10208768984529279,0.00453912886850652,-0.26508696058391307,False,False
2023-08-01,2023,8,1,213,-0.8660254037844385,-0.5000000000000004,-0.4990686026885319,-0.8665624788845385,1,Monsoon,1,scaled_from_onesite,7787.647697974085,28.120833333333334,32.7,25.8,100.0,90.375,4041.0,1729.7,2483.0,38.5,0.41535843954219837,0.20282420505709103,0.8055270522498744,1.3054390802987583,1.2414456140553956,-0.6861244444334885,-1.4969600418582663,1.1934836413130452,3.554604011622096,3.646831686162963,1.5780819577493665,2.024077434071183,-0.3244448004696412,-0.8064859483843316,False,False
2023-08-02,2023,8,2,214,-0.8660254037844385,-0.5000000000000004,-0.5139010013093103,-0.8578494977869301,1,Monsoon,1,scaled_from_onesite,6494.100387529022,26.77083333333333,28.9,25.7,100.0,89.70833333333333,2502.0,690.8,2020.0,11.7,0.09949058278746499,-0.6752654510985924,0.7853164978175811,1.3054390802987583,1.1911729121491526,-2.0312654653704825,-2.052361844734903,0.36083193097606653,0.7131960336827212,2.4210182326855145,2.415262301214205,-0.149657504672323,0.5563462715956019,0.925973777549735,False,False
2023-08-03,2023,8,3,215,-0.8660254037844385,-0.5000000000000004,-0.5285813283559292,-0.8488826652214553,1,Monsoon,1,scaled_from_onesite,16497.313223009973,29.058333333333334,33.5,25.8,99.33333333333331,78.08333333333333,5533.0,3851.9,2332.0,1.5,0.6347111178440957,0.3876851853003919,0.8055270522498744,1.2877468025540348,0.31454267265904984,0.6179368962019858,-0.362419945540239,0.9219276839461256,-0.3682353609061453,1.6186447221480824,-0.759689983480724,-0.9341487125919351,0.03413628280000191,-0.44097938878930243,False,False
2023-08-04,2023,8,4,216,-0.8660254037844385,-0.5000000000000004,-0.5431052396834317,-0.8396646346181327,1,Monsoon,1,scaled_from_onesite,8296.01121785214,29.52083333333333,33.0,26.8,99.95833333333331,74.91666666666667,5604.0,3666.8,2765.0,0.6000000000000001,0.742925105806364,0.2721470726483285,1.0076325965728061,1.3043333129397128,0.07574733860439889,0.6799934345298133,-0.46137545012438125,1.7006278795744445,-0.4636557780757512,1.9875795059090888,-0.9613665436092946,-1.2541710925582865,0.3487370401560142,-0.6626086770506486,False,False
2023-08-05,2023,8,5,217,-0.8660254037844385,-0.5000000000000004,-0.5574684374327892,-0.8301981337405212,1,Monsoon,1,scaled_from_onesite,7047.454365479713,29.15416666666667,32.0,26.5,99.45833333333331,81.29166666666667,5533.0,3855.9,2512.0,10.3,0.6571338360705122,0.04107084734420152,0.9470009332759265,1.2910641046311704,0.5564800505828423,0.6179368962019858,-0.36028152296683774,1.2456367721980826,0.5647642736411123,2.1232787312286896,-0.38434321882634087,-0.3822401851142691,-0.2968339907582945,-0.820565359439031,False,False
2023-08-06,2023,8,6,218,-0.8660254037844385,-0.5000000000000004,-0.5716666713027052,-0.8204859638785327,1,Monsoon,1,scaled_from_onesite,5088.650058756801,28.820833333333336,31.9,26.6,100.0,83.45833333333333,4045.0,1349.3,2917.0,4.0,0.5791417726742824,0.0179632248137885,0.9672114877082199,1.3054390802987583,0.7198663317781296,-0.6826283014291039,-1.7003240285887238,1.9739822207649862,-0.10317864654612899,2.853596486419526,0.5666098920678465,-1.212205590038942,0.7719321991812848,0.16004782904276907,False,False
2023-08-07,2023,8,0,219,-0.8660254037844385,-0.5000000000000004,-0.5856957398073508,-0.8105309990194823,1,Monsoon,1,scaled_from_onesite,3718.7335949591443,28.15,32.0,26.0,100.0,86.66666666666667,3535.0,782.1,2869.0,22.7,0.4221827450893681,0.04107084734420152,0.8459481611144607,1.3054390802987583,0.9618037097019222,-1.1283865344881467,-2.0035523494970198,1.8876597972311309,1.8794455768667933,3.5503659645288135,1.5026004688837251,0.4239777170583091,0.5773143271930608,-0.20416038362452066,False,False
2023-08-08,2023,8,1,220,-0.8660254037844385,-0.5000000000000004,-0.5995514915196489,-0.8003361849976323,1,Monsoon,1,scaled_from_onesite,7278.281206100779,28.2875,32.0,26.0,100.0,83.41666666666667,3723.0,1298.7,2580.0,0.7,0.4543544712403137,0.04107084734420152,0.8459481611144607,1.3054390802987583,0.7167242879089902,-0.9640678132820683,-1.7273750741422498,1.3679268722043776,-0.4530535095013505,2.4265307135583045,0.7648079132413377,-1.2779021004722502,0.8491230096143789,0.5452077560510166,False,False
2023-08-09,2023,8,2,221,-0.8660254037844385,-0.5000000000000004,-0.6132298262997502,-0.7899045386224707,1,Monsoon,1,scaled_from_onesite,14530.914985465886,28.495833333333334,33.5,25.9,84.20833333333333,84.91666666666667,6019.0,5180.2,2036.0,3.4000000000000004,0.5030995108629572,0.3876851853003919,0.8257376066821672,0.8863532512206326,0.8298378671980358,1.0427182712347207,0.34769673052197714,0.38960607215401827,-0.16679225799253286,1.1159426988105883,-0.9642836175635703,-0.6000070985839626,-0.9774118186765708,-0.42687253247546214,False,False
2023-08-10,2023,8,3,222,-0.8660254037844385,-0.5000000000000004,-0.6267266965083301,-0.7792391467859886,1,Monsoon,1,scaled_from_onesite,9468.055635158365,29.016666666666666,32.5,25.0,91.0,82.125,5592.0,4490.8,2407.0,1.4,0.6249621099195667,0.156608959996265,0.643842616791529,1.0665933307449982,0.6193209279656451,0.6695050055166594,-0.020860400003726125,1.0568064707177742,-0.37883762948054595,1.4326297678863003,-0.6897467700721213,-1.037723773019465,-0.3769131808282247,-0.4994302295291121,False,False
2023-08-11,2023,8,4,223,-0.8660254037844385,-0.5000000000000004,-0.6400381082043503,-0.7683431655492202,1,Monsoon,1,scaled_from_onesite,15663.413649816554,29.3625,34.0,26.5,96.79166666666669,84.25,5697.0,4245.5,2306.0,3.4,0.7058788756931559,0.5032232979524555,0.9470009332759265,1.2202949936522796,0.7795651652917929,0.7612787593817564,-0.15199916431755717,0.875169704531954,-0.16679225799253292,1.7904453330630197,-0.8472786318982164,-0.8008122890525902,-0.5080322493178613,-0.3821754526315328,False,False
2023-08-12,2023,8,5,224,-0.8660254037844385,-0.5000000000000004,-0.65316012232693,-0.7572198192083127,1,Monsoon,1,scaled_from_onesite,12072.487343394954,29.4375,32.5,26.9,99.54166666666669,83.16666666666667,4367.0,2103.9,2824.0,7.199999999999999,0.7234270899573074,0.156608959996265,1.0278431510050987,1.293275639349262,0.6978720246941492,-0.4011887895761396,-1.2969106101165802,1.8067325251681416,0.23609394783469184,2.801634592189127,0.23806807601788835,-0.8175530532004202,0.4717887010968369,-0.05911358849349015,False,False
2023-08-13,2023,8,6,225,-0.8660254037844385,-0.5000000000000004,-0.666088855860977,-0.7458723993404063,1,Monsoon,1,scaled_from_onesite,3680.190813998829,27.0875,29.3,25.1,99.95833333333331,92.625,1747.0,72.1,1686.0,6.4,0.1735830430138844,-0.5828349609769411,0.6640531712238225,1.3043333129397128,1.4111159829889637,-2.691162457448085,-2.3831223562757393,-0.23982826611367605,0.15127579923948672,2.2139302146288338,2.8023069931465487,-0.3918460150416948,0.7579137763140007,1.7633262277325714,False,False
2023-08-14,2023,8,0,226,-0.8660254037844385,-0.5000000000000004,-0.6788204829862355,-0.734304263829602,1,Monsoon,1,scaled_from_onesite,12723.702731739304,28.804166666666664,32.3,25.4,84.66666666666667,81.66666666666667,5038.0,3531.4,2205.0,8.3,0.5752421695044694,0.11039371493543895,0.7246848345207014,0.89851669217013,0.5847584454051037,0.18528919940938535,-0.5337610542340132,0.6935329383461336,0.35271890215309915,1.6527904743658692,-0.09615462981177404,-0.24585748758321185,-0.18042458591987964,-0.1970279893174125,False,False
2023-08-15,2023,8,1,227,-0.8660254037844385,-0.5000000000000004,-0.6913512362094071,-0.722518835873311,1,Monsoon,1,scaled_from_onesite,16214.188556922314,28.47083333333333,31.8,26.4,92.45833333333331,87.58333333333333,4442.0,2605.1,2775.0,5.4,0.49725010610823955,-0.005144397716623701,0.926790378843633,1.1052951883115791,1.0309286748230049,-0.3356361082439274,-1.028966261669405,1.7186117178106644,0.045253113495480196,2.4815281956671935,0.35354542146199913,-1.0218415542922286,0.05126168933678937,-0.008167084243277447,False,False
2023-08-16,2023,8,2,228,-0.8660254037844385,-0.5000000000000004,-0.7036774074790128,-0.7105196029692745,1,Monsoon,1,scaled_from_onesite,11593.35329309275,28.820833333333336,31.7,26.5,90.16666666666669,87.08333333333333,4271.0,2615.6,2550.0,16.9,0.5791417726742824,-0.028252020247036724,0.9470009332759265,1.044477983564095,0.993224148393323,-0.48509622168137123,-1.023352902414227,1.313975357495718,1.264513999551555,2.6840997683341374,0.6948131157353034,0.18350781531276394,-0.11733652255530075,-0.1842129321540483,False,False
2023-08-17,2023,8,3,229,-0.8660254037844385,-0.5000000000000004,-0.7157953492826642,-0.6983101158835584,1,Monsoon,1,scaled_from_onesite,9665.211273081763,28.15,32.8,25.2,73.95833333333333,89.16666666666667,4578.0,2925.1,2276.0,7.1000000000000005,0.4221827450893681,0.22593182758750244,0.6842637256561152,0.6143344808955168,1.1503263418503313,-0.21676724609484935,-0.8578924557973061,0.8212181898232944,0.22549167926029132,1.8282830257682183,0.30950486556350404,-0.4316021114521317,-0.34021180475019913,0.33904733278664345,False,False
2023-08-18,2023,8,4,230,-0.8660254037844385,-0.5000000000000004,-0.7277014757264236,-0.6858939875998223,1,Monsoon,1,scaled_from_onesite,10856.168876584126,27.954166666666666,30.9,25.3,79.29166666666667,86.95833333333333,4548.0,3114.6,2545.0,8.200000000000001,0.376362407844083,-0.21311300049033843,0.7044742800884086,0.7558727028533009,0.9837980167859025,-0.2429883186277342,-0.7565846863824224,1.304983438377608,0.34211663357869854,1.9578510016678408,0.4739729695000217,-0.5823672940988616,-0.21742681216386484,-0.0710285522835048,False,False
2023-08-19,2023,8,5,231,-0.8660254037844385,-0.5000000000000004,-0.7393922635959241,-0.673274892250183,1,Monsoon,1,scaled_from_onesite,15822.169788493236,28.508333333333336,31.4,25.7,77.0,82.91666666666667,4653.0,3396.6,2561.0,1.3,0.5060242132403165,-0.09757488783827498,0.7853164978175811,0.6950554981058155,0.6790197614793083,-0.15121456476263717,-0.6058258949576351,1.3337575795555598,-0.3894398980549466,1.6583832785432822,-0.017232741594560095,-1.0786792667359537,0.0426640090597254,0.11579914163815234,False,False
2023-08-20,2023,8,6,232,-0.8660254037844385,-0.5000000000000004,-0.7508642533989489,-0.6604565640279754,1,Monsoon,1,scaled_from_onesite,15631.46182768216,29.1,32.8,26.0,92.08333333333331,79.95833333333333,6282.0,6265.6,1777.0,1.3,0.6444601257686248,0.22593182758750244,0.8459481611144607,1.0953432820801725,0.4559346467703567,1.2725896737730114,0.9279576958144035,-0.07617533816407553,-0.3894398980549466,0.6100441641135782,-1.334020874397104,-0.5878049521449293,-1.0246456970528681,-0.6551488298889658,False,False
2023-08-21,2023,8,0,233,-0.8660254037844385,-0.5000000000000004,-0.7621140503891487,-0.6474427960827475,1,Monsoon,1,scaled_from_onesite,18518.015230011162,29.33333333333333,33.2,26.2,90.375,80.54166666666667,6375.0,6243.7,1764.0,0.7000000000000001,0.6990545701459844,0.3183623177091545,0.8863692699790469,1.0500068203593202,0.4999232609383196,1.3538749986249545,0.9162498322250314,-0.09955432787116132,-0.4530535095013505,0.6248578831635779,-1.4561522929006956,-0.6143598385780027,-1.076102456356418,-0.5841001996103444,False,False
2023-08-22,2023,8,1,234,-0.8660254037844385,-0.5000000000000004,-0.7731383255706026,-0.6342374393978054,1,Monsoon,1,scaled_from_onesite,11504.232067229123,28.616666666666664,32.2,26.5,97.54166666666669,86.66666666666667,4833.0,3472.8,2429.0,13.7,0.5313716338440899,0.08728609240502758,0.9470009332759265,1.2401988061150928,0.9618037097019222,0.006111870434672063,-0.5650889449343414,1.0963709148374579,0.9252414051707343,2.3600924557580103,0.22515347872012348,-0.06579487226930547,-0.3936981554772617,-0.446777130652519,False,False
2023-08-23,2023,8,2,235,-0.8660254037844385,-0.5000000000000004,-0.7839338166829201,-0.620844401650647,1,Monsoon,1,scaled_from_onesite,15028.675658537013,28.070833333333336,32.5,25.6,99.95833333333331,89.45833333333333,4635.0,2981.1,2599.0,14.1,0.4036596300327645,0.156608959996265,0.7651059433852883,1.3043333129397128,1.1723206489343116,-0.1669472082823681,-0.8279545397696887,1.4020961648531953,0.9676504794683369,2.603916372403134,0.5149039180181028,-0.21147641565075875,-0.317260699409016,-0.454209413598057,False,False
2023-08-24,2023,8,3,236,-0.8660254037844385,-0.5000000000000004,-0.7944973291665992,-0.6072676460566135,1,Monsoon,1,scaled_from_onesite,9362.027167089098,28.141666666666666,32.4,26.0,100.0,87.16666666666667,3617.0,1469.9,2368.0,13.4,0.42023294350446244,0.13350133746585197,0.8459481611144607,1.3054390802987583,0.999508236131604,-1.0567156028982614,-1.6358505880006766,0.9866695015965169,0.8934345994475325,2.743312573947811,1.174468395571288,-0.05355817549862184,0.38338829273589875,0.30971080108038723,False,False
2023-08-25,2023,8,4,237,-0.8660254037844385,-0.5000000000000004,-0.8048257371083452,-0.593511190196115,1,Monsoon,1,scaled_from_onesite,4776.295923093283,27.34166666666667,30.9,25.5,100.0,90.625,2945.0,989.7,2165.0,33.5,0.2330519913535107,-0.21311300049033843,0.7448953889529948,1.3054390802987583,1.2602978772702365,-1.6440676276348825,-1.8925682179374954,0.6215975854012542,3.024490582902063,3.294064069167321,2.4204459345109828,1.745273733985718,0.08711565714617657,-0.033111360446474065,False,False
2023-08-26,2023,8,5,238,-0.8660254037844385,-0.5000000000000004,-0.8149159841660791,-0.5795791048257612,1,Monsoon,1,scaled_from_onesite,11763.4286871444,28.0875,32.3,25.8,99.58333333333331,86.66666666666667,3760.0,1887.9,2253.0,17.7,0.4075592332025749,0.11039371493543895,0.8055270522498744,1.2943814067083061,0.9618037097019222,-0.9317284904915102,-1.4123854290802471,0.7798553618799888,1.3493321481467604,2.6619543099070326,1.1781282409004465,0.40653129719678377,0.1826032275343086,0.07832632202739795,False,False
2023-08-27,2023,8,6,239,-0.8660254037844385,-0.5000000000000004,-0.8247650844733614,-0.5654755126737576,1,Monsoon,1,scaled_from_onesite,18203.511868643538,29.55,34.5,26.4,77.41666666666667,78.08333333333333,5977.0,5151.0,2033.0,0.2,0.7497494113535353,0.618761410604519,0.926790378843633,0.7061131716962675,0.31454267265904984,1.006008769688682,0.3320862457361482,0.3842109206831523,-0.5060648523733537,0.945142058047078,-1.4332148753234453,-0.6421568869420088,-0.5016055834443601,-0.19562774893442167,False,False
2023-08-28,2023,8,0,240,-0.8660254037844385,-0.5000000000000004,-0.8343701235229538,-0.5512045872199277,1,Monsoon,1,scaled_from_onesite,19311.366078253774,29.725,34.4,25.5,43.958333333333336,71.625,6480.0,6773.400000000001,1550.0,0.1,0.7906952446365563,0.5956537880741058,0.7448953889529948,-0.1818180176170173,-0.1724741270576736,1.4456487524900514,1.1994304415076908,-0.48440846612626587,-0.5166671209477545,-0.3737359181849499,-2.0760414371950877,-0.003456467822336649,-0.858870893665266,-0.09133750037703657,False,False
2023-08-29,2023,8,1,241,-0.8660254037844385,-0.5000000000000004,-0.8437282590292712,-0.5367705514607103,1,Monsoon,1,scaled_from_onesite,12950.804247806585,29.5125,34.2,25.6,78.41666666666667,74.25,6529.0,6959.4,1474.0,0.0,0.7409753042214591,0.5494385430132814,0.7651059433852883,0.732651588313352,0.025474636698156077,1.4884765042937635,1.298867091170848,-0.6210856367215366,-0.5272693895221551,-0.04810422603099154,-1.8944304887563235,-0.24974405900192445,-0.9717287203376466,-0.5050219234682884,False,False
2023-08-30,2023,8,2,242,-0.8660254037844385,-0.5000000000000004,-0.8528367217694595,-0.522177676659508,1,Monsoon,1,scaled_from_onesite,14662.0177534164,29.695833333333336,34.1,26.2,83.66666666666667,77.54166666666667,5856.0,4842.3,2094.0,0.2,0.7838709390893865,0.5263309204828684,0.8863692699790469,0.8719782755530454,0.27369610236022857,0.9002504438060462,0.1670534836339077,0.49391233392409334,-0.5060648523733537,1.0949890251454184,-1.283399697514015,-0.7297260984847861,-0.33383234245322474,-0.24973221794101466,False,False
2023-08-31,2023,8,3,243,-0.8660254037844385,-0.5000000000000004,-0.8616928164028522,-0.5074302810827518,1,Monsoon,1,scaled_from_onesite,7388.894689005475,30.266666666666666,34.0,26.6,96.95833333333331,77.70833333333333,5687.0,4385.900000000001,2289.0,0.1,0.9174323476554298,0.5032232979524555,0.9672114877082199,1.2247180630884593,0.28626427783678843,0.7525384018707948,-0.07694053199117341,0.8445971795303803,-0.5166671209477545,1.5669052531048893,-1.1769276733798848,-0.9423040161936699,-0.09540247882331228,-0.33896712528058637,False,False
2023-09-01,2023,9,4,244,-1.0,-1.8369701987210297e-16,-0.8702939222685674,-0.49253272872205434,1,Monsoon,1,scaled_from_onesite,19278.62965907493,30.21666666666667,33.5,27.1,97.5,80.83333333333333,5465.0,4366.9,2394.0,3.4,0.9057335381459959,0.3876851853003919,1.0682642598696857,1.2390930387560473,0.5219175680222999,0.5585024651274467,-0.08709803921482978,1.0334274810106885,-0.16679225799253292,1.8687851428907505,-0.9082738400709045,-0.7743481121990826,-0.24878915150730313,-0.3652313347161547,False,False
2023-09-02,2023,9,5,245,-1.0,-1.8369701987210297e-16,-0.8786374941610001,-0.4774894280028391,1,Monsoon,1,scaled_from_onesite,15916.605984533611,29.541666666666668,34.3,26.6,99.125,84.20833333333333,5142.0,3235.7,2852.0,6.300000000000001,0.7477996097686297,0.5725461655436929,0.9672114877082199,1.2822179657588095,0.7764231214226524,0.27618891752338626,-0.6918439429726999,1.857087272229557,0.14067353066508612,2.6024290857316723,-0.4988274277698453,-0.8768223763618952,0.015418156153026857,-0.42381533106690156,False,False
2023-09-03,2023,9,6,246,-1.0,-1.8369701987210297e-16,-0.886721063082993,-0.46230483047981086,1,Monsoon,1,scaled_from_onesite,12069.749801954593,28.09166666666667,32.8,25.6,99.75,89.25,4794.0,2827.4,2403.0,14.5,0.4085341339950286,0.22593182758750244,0.7651059433852883,1.2988044761444872,1.1566104295886113,-0.02797552385807827,-0.9101234271526312,1.0496129354232864,1.0100595537659396,2.493049262706482,0.47035067947429904,-0.0514572573982642,-0.380718731859335,-0.38929722854820686,False,False
2023-09-04,2023,9,0,247,-1.0,-1.8369701987210297e-16,-0.8945422369764496,-0.4469834295196741,1,Monsoon,1,scaled_from_onesite,13557.111337181037,26.73333333333333,30.1,24.5,99.25,91.95833333333331,3377.0,1647.6,2305.0,20.4,0.0907164756553896,-0.3979739807336394,0.5427898446300632,1.285535267835945,1.3608432810827198,-1.2664841831613405,-1.5408511651773267,0.873371320708332,1.6355933996555778,2.6780453420693204,2.008866317925213,0.4061641919057807,-0.03742783821394726,-0.005364528128252184,False,False
2023-09-05,2023,9,1,248,-1.0,-1.8369701987210297e-16,-0.9020987014301837,-0.43152975897147144,1,Monsoon,1,scaled_from_onesite,8972.581786869729,26.8,31.0,24.8,100.0,91.125,3224.0,976.0,2408.0,14.9,0.1063148883346364,-0.19000537795992542,0.6034215079269428,1.3054390802987583,1.2980024036999183,-1.4002116530790532,-1.8998923152513945,1.0586048545413962,1.0524686280635422,2.7777642402428184,1.9000230191742113,-0.10398981988361214,0.3363371667557615,0.327991631565292,False,False
2023-09-06,2023,9,2,249,-1.0,-1.8369701987210297e-16,-0.9093882203647925,-0.4159483918249421,1,Monsoon,1,scaled_from_onesite,14620.951180801663,26.975,30.0,25.0,99.58333333333331,90.45833333333331,3205.0,634.2,2758.0,13.3,0.1472607216176574,-0.42108160326405236,0.643842616791529,1.2943814067083061,1.2477297017936744,-1.4168183323498804,-2.0826205241485303,1.6880391928090908,0.8828323308731318,3.0332431107647175,1.9398293567306877,-0.5025467789424357,0.5439215710862104,0.21351436935871765,False,False
2023-09-07,2023,9,3,250,-1.0,-1.8369701987210297e-16,-0.9164086366943458,-0.4002439388573056,1,Monsoon,1,scaled_from_onesite,13816.489661451937,26.4375,30.1,24.8,99.91666666666669,93.45833333333331,2653.0,560.3,2176.0,26.4,0.021498519391235926,-0.3979739807336394,0.6034215079269428,1.3032275455806686,1.4739568603717654,-1.899286066954962,-2.1221278811921183,0.641379807461096,2.2717295141196168,3.078330857606118,2.7257794508396587,1.0076070553233192,0.19251267211018774,0.32203519460309266,False,False
2023-09-08,2023,9,4,251,-1.0,-1.8369701987210297e-16,-0.9231578729647039,-0.38442104726885545,1,Monsoon,1,scaled_from_onesite,14263.510887886114,27.925,31.7,26.0,98.41666666666669,87.95833333333333,4335.0,2776.9,2219.0,3.1,0.36953810229691325,-0.028252020247036724,0.8459481611144607,1.2634199206550418,1.0592070696452662,-0.4291579336112168,-0.9371210121418219,0.7187103118768413,-0.19859906371573485,1.9431877315947734,0.5231568356634929,-0.9241392513833762,-0.07984447706730241,0.2762132133376076,False,False
2023-09-09,2023,9,5,252,-1.0,-1.8369701987210297e-16,-0.9296339319682695,-0.3684843993077793,1,Monsoon,1,scaled_from_onesite,21930.543330043532,28.7,32.0,25.6,94.58333333333331,84.41666666666667,5019.0,3317.7,2504.0,0.3,0.550869649693148,0.04107084734420152,0.7651059433852883,1.1616893236228836,0.7921333407683538,0.16868252013855828,-0.6480062802179746,1.2312497016091069,-0.49546258379895314,1.8371999143624729,-0.16307099857515175,-1.2772037104099379,-0.06271796106748581,-0.1230300368770582,False,False
2023-09-10,2023,9,6,253,-1.0,-1.8369701987210297e-16,-0.9358348973349941,-0.35243871088460327,1,Monsoon,1,scaled_from_onesite,21049.222429864218,29.29583333333333,33.2,26.1,68.25,82.95833333333333,5930.0,6233.900000000001,1598.0,1.2,0.690280463013909,0.3183623177091545,0.866158715546754,0.46284435270632635,0.6821618053484478,0.9649290893871623,0.9110106969201988,-0.39808604259241065,-0.4000421666293472,0.34003852006886076,-1.2392067670461622,-0.3215794421645387,-1.2122253181878182,0.003991726709122061,False,False
2023-09-11,2023,9,0,254,-1.0,-1.8369701987210297e-16,-0.9417589340994617,-0.33628873017668287,1,Monsoon,1,scaled_from_onesite,20034.148538218225,29.09583333333333,33.2,25.7,92.5,83.75,5366.0,4571.1,1857.0,10.0,0.6434852249761711,0.3183623177091545,0.7853164978175811,1.106400955670625,0.7418606388621111,0.47197292576892663,0.02206843315730384,0.06769536772568317,0.5329574679179102,1.4326389655776308,-0.38980425039400934,0.09718631771368498,-0.6974115343179805,-0.32877624747757184,False,False
2023-09-12,2023,9,1,255,-1.0,-1.8369701987210297e-16,-0.9474042892438845,-0.32003923622313857,1,Monsoon,1,scaled_from_onesite,11179.594490185664,27.73333333333333,32.3,25.7,91.5,90.41666666666669,4711.0,3891.2,1718.0,24.5,0.32469266584408013,0.11039371493543895,0.7853164978175811,1.0798625390535403,1.244587657924537,-0.10052049119905974,-0.34140994375657197,-0.18227998375777257,2.0702864112060047,1.9774903293832338,0.761046454482363,1.3196066522445342,-1.0453812636325923,-0.3871902650276025,False,False
2023-09-13,2023,9,2,256,-1.0,-1.8369701987210297e-16,-0.9527692922168511,-0.30369503751065885,1,Monsoon,1,scaled_from_onesite,16247.89641914392,27.320833333333336,31.0,26.0,99.95833333333331,89.95833333333333,3266.0,1045.1,2429.0,17.0,0.2281774873912466,-0.19000537795992542,0.8459481611144607,1.3043333129397128,1.2100251753639935,-1.3635021515330144,-1.8629510652958883,1.0963709148374579,1.2751162681259558,2.957491447276747,1.7760982374009469,0.11129948758427172,0.3307993126537243,0.2918843251098474,False,False
2023-09-14,2023,9,3,257,-1.0,-1.8369701987210297e-16,-0.9578523554276669,-0.28726097055059635,1,Monsoon,1,scaled_from_onesite,7170.185134357852,26.9125,29.4,25.2,99.95833333333331,91.125,2684.0,794.0,1998.0,18.3,0.13263720973086426,-0.5597273384465289,0.6842637256561152,1.3043333129397128,1.2980024036999183,-1.8721909586709808,-1.997190542341151,0.3212674868563829,1.4129457595931645,2.611522869616349,2.467911858248133,0.4342117039130023,0.3143978511877288,0.641900920369551,False,False
2023-09-15,2023,9,4,258,-1.0,-1.8369701987210297e-16,-0.9626519747161487,-0.2707418984477642,1,Monsoon,1,scaled_from_onesite,12504.932916858694,27.1875,30.5,25.2,98.20833333333331,90.79166666666669,3739.0,2057.0,2307.0,11.6,0.1969806620327538,-0.3055434906119889,0.6842637256561152,1.257891083859815,1.2728660527467983,-0.9500832412645296,-1.3219836147897097,0.8769680883555759,0.7025937651083206,2.3591652841413517,1.410496493719492,-0.32803638361827814,-0.038223312283348604,0.18035522039290647,False,False
2023-09-16,2023,9,5,259,-1.0,-1.8369701987210297e-16,-0.9671667297977312,-0.2541427094613622,1,Monsoon,1,scaled_from_onesite,15897.523655500057,27.5,31.6,25.1,91.375,89.70833333333333,4225.0,2269.4,2343.0,3.7000000000000006,0.2700982214667196,-0.05135964277744893,0.6640531712238225,1.0765452369764048,1.1911729121491526,-0.5253018662317946,-1.208433376142104,0.9417099060059674,-0.13498545226933087,2.0183861382857313,0.7642234474816033,-0.9643449417199655,-0.03038889509334334,0.3451463890139479,False,False
2023-09-17,2023,9,6,260,-1.0,-1.8369701987210297e-16,-0.97139528468375,-0.23746831555846842,1,Monsoon,1,scaled_from_onesite,23092.09176584523,28.8,33.1,25.0,38.79166666666666,86.125,5960.0,6429.7,1463.0,1.0,0.5742672687120174,0.2952546951787415,0.643842616791529,-0.3189331701386207,0.9209571394030998,0.9911501619200471,1.015686481888189,-0.6408678587813784,-0.42124670377814855,-0.19801887773143056,-1.1913451815875014,-0.13222839863104463,-1.5799064303917927,0.3951693208640917,True,False
2023-09-18,2023,9,0,261,-1.0,-1.8369701987210297e-16,-0.9753363880767837,-0.2207236509605022,1,Monsoon,1,scaled_from_onesite,8879.643776947052,27.370833333333334,32.9,25.2,92.0,90.16666666666669,4782.0,3859.4,2206.0,12.4,0.23987629690068046,0.24903945011791545,0.6842637256561152,1.0931317473620825,1.225735394709696,-0.03846395287123222,-0.3584104032151117,0.6953313221697556,0.7874119137035259,1.919504486081113,0.3537300414181774,-0.05594698570710308,-0.6901617076096703,-0.2852279150689852,False,False
2023-09-19,2023,9,1,262,-1.0,-1.8369701987210297e-16,-0.9789888737409319,-0.20391367068311472,1,Monsoon,1,scaled_from_onesite,14288.600616800602,26.84166666666667,30.0,25.4,99.75,90.25,2973.0,1018.2,2272.0,18.7,0.11606389625916545,-0.42108160326405236,0.7246848345207014,1.2988044761444872,1.232019482447975,-1.61959462660419,-1.8773319571020115,0.8140246545288065,1.455354833890767,2.790081864004944,2.1746929880530357,0.3206719785676881,0.31772008188078066,0.34303329315995784,False,False
2023-09-20,2023,9,2,263,-1.0,-1.8369701987210297e-16,-0.9823516608469237,-0.18704334906991657,1,Monsoon,1,scaled_from_onesite,12443.092035731435,27.166666666666668,30.2,25.2,99.91666666666669,89.83333333333333,3208.0,1066.6,2493.0,9.8,0.1921061580704897,-0.37486635820322717,0.6842637256561152,1.3032275455806686,1.200599043756573,-1.4141962250965918,-1.8514570439638565,1.211467479549265,0.511752930769109,2.6552568065879907,1.7604553206854572,-0.6045655768891509,0.46998239876304937,0.44245118114738596,False,False
2023-09-21,2023,9,3,264,-1.0,-1.8369701987210297e-16,-0.9854237542919524,-0.17011767832049052,1,Monsoon,1,scaled_from_onesite,13649.342594176549,27.791666666666668,31.5,25.2,99.91666666666669,86.75,4409.0,2660.2000000000003,2193.0,4.2,0.33834127693842125,-0.07446726530786195,0.6842637256561152,1.3032275455806686,0.9680877974402021,-0.36447928803010077,-0.9995094907208029,0.6719523324626697,-0.08197410939732766,1.8813171337462147,0.599051464192279,-0.8293983439894037,-0.01703045123010084,0.13045993790207333,False,False
2023-09-22,2023,9,4,265,-1.0,-1.8369701987210297e-16,-0.9882042449941422,-0.15314166701312007,1,Monsoon,1,scaled_from_onesite,11069.34103354735,28.075,31.8,25.1,100.0,86.58333333333333,4757.0,3051.8,2284.0,4.800000000000001,0.4046345308252165,-0.005144397716623701,0.6640531712238225,1.3054390802987583,0.9555196219636412,-0.06031484664863628,-0.7901579207848217,0.8356052604122703,-0.018360497950923683,1.8958858569947488,0.3195629862263412,-0.8281317335931508,-0.1664252990869157,-0.12001324743394934,False,False
2023-09-23,2023,9,5,266,-1.0,-1.8369701987210297e-16,-0.9906923101615609,-0.13612033862266704,1,Monsoon,1,scaled_from_onesite,14668.657003385548,27.808333333333334,31.6,25.1,99.41666666666669,87.83333333333333,4279.0,2614.7,2286.0,9.8,0.34224088010823256,-0.05135964277744893,0.6640531712238225,1.2899583372721264,1.0497809380378458,-0.4781039356726019,-1.0238340474932421,0.8392020280595143,0.511752930769109,2.170462150750129,0.7986938366757567,-0.39469638231354665,-0.08285020584058789,-0.03577180081184487,False,False
2023-09-24,2023,9,6,267,-1.0,-1.8369701987210297e-16,-0.9928872135356962,-0.11905873003404988,1,Monsoon,1,scaled_from_onesite,13493.326885504066,27.0625,30.4,25.0,97.79166666666669,92.54166666666669,3825.0,2698.3,2111.0,17.700000000000003,0.16773363825916748,-0.3286511131424019,0.643842616791529,1.2468334102693641,1.4048318952506849,-0.8749161666702596,-0.9791410157091561,0.5244848589256671,1.3493321481467608,2.27995785531931,1.514508983530235,0.31579294768016974,-0.45152736968483875,-0.038177516335364745,False,False
2023-09-25,2023,9,0,268,-1.0,-1.8369701987210297e-16,-0.994788305609327,-0.10196189005174576,1,Monsoon,1,scaled_from_onesite,14052.015074430892,26.866666666666664,31.2,24.4,87.91666666666667,91.375,3667.0,1697.3,2375.0,4.0,0.12191330101388155,-0.1437901328991002,0.5225792901977697,0.9847665461756545,1.3168546669147592,-1.0130138153434534,-1.514281264702816,0.9992581883618709,-0.10317864654612899,2.0777646626832222,1.2774514626840419,-0.9761082284463348,0.15636841814871885,0.6076914813454041,False,False
2023-09-26,2023,9,1,269,-1.0,-1.8369701987210297e-16,-0.9963950238187231,-0.08483487790576538,1,Monsoon,1,scaled_from_onesite,15512.166621961342,27.475,31.7,24.0,76.75,89.58333333333333,4305.0,2609.6,2448.0,4.8,0.2642488167120027,-0.028252020247036724,0.4417370724685974,0.6884208939515444,1.181746780541732,-0.4553790061441017,-1.0265605362743286,1.1305402074862756,-0.018360497950923777,1.809249390346069,0.6744286412744208,-0.8346127075490152,-0.1306242500047248,0.29388781352249066,False,False
2023-09-27,2023,9,2,270,-1.0,-1.8369701987210297e-16,-0.9977068927101168,-0.06768276175455162,1,Monsoon,1,scaled_from_onesite,19844.915441968817,28.508333333333336,33.0,25.3,86.875,86.375,5500.0,5890.8,1478.0,0.2,0.5060242132403165,0.2721470726483285,0.7044742800884086,0.9571223621995247,0.9398094026179408,0.5890937164158124,0.7275875006867074,-0.6138921014270488,-0.5060648523733537,0.46046351344641145,-0.7089223832872692,-0.5277006616532914,-1.1538436724427614,0.05441712118143095,False,False
2023-09-28,2023,9,3,271,-1.0,-1.8369701987210297e-16,-0.9987235240803972,-0.050510617185222886,1,Monsoon,1,scaled_from_onesite,18690.081158975227,28.5125,31.9,25.2,99.75,90.04166666666667,4658.0,3188.7000000000003,2350.0,17.6,0.5069991140327685,0.0179632248137885,0.6842637256561152,1.2988044761444872,1.2163092631022745,-0.14684438600715635,-0.7169704082101642,0.9542985927713212,1.33872987957236,2.467728705587981,0.6547745021517992,0.2356191152566081,-0.5370246366379169,-0.4883609266809721,False,False
2023-09-29,2023,9,4,272,-1.0,-1.8369701987210297e-16,-0.9994446170919858,-0.033323525711631344,1,Monsoon,1,scaled_from_onesite,8206.638302050693,28.141666666666666,33.0,25.3,100.0,89.33333333333333,3540.0,1447.5,2511.0,19.7,0.42023294350446244,0.2721470726483285,0.7044742800884086,1.3054390802987583,1.1628945173268912,-1.124016355732666,-1.6478257544117236,1.2438383883744606,1.5613775196347734,3.087491541980375,1.3587757420235096,0.40216639340061827,0.26627474981756416,0.06700472566540142,False,False
2023-09-30,2023,9,5,273,-1.0,-1.8369701987210297e-16,-0.9998699583618592,-0.016126573270657762,1,Monsoon,1,scaled_from_onesite,4545.304762853448,25.98333333333333,27.6,25.0,100.0,93.58333333333331,1722.0,303.5,1536.0,39.4,-0.0847656669861283,-0.9756645439939567,0.643842616791529,1.3054390802987583,1.4833829919791859,-2.7130133512254893,-2.2594146104044777,-0.5095858396569737,3.650024428791702,2.992631647079457,3.918924946456111,2.513572765741262,0.06379320399784288,0.5054956090650332,True,False
2023-10-01,2023,10,6,274,-0.8660254037844386,0.5000000000000001,-0.9999994220246925,0.001075151282798226,0,Shoulder,2,scaled_from_onesite,17289.89152823824,26.775,30.7,24.5,92.0,90.5,3319.0,1525.2,2407.0,8.5,0.10046548357991864,-0.2593282455511637,0.5427898446300632,1.0931317473620825,1.250871745662816,-1.3171782567249177,-1.6062868959234045,1.0568064707177742,0.3739234393019004,2.3097715382779085,1.620421203965417,-0.6107658869051067,0.29406569076762357,0.5026709484140204,False,False
2023-10-02,2023,10,0,275,-0.8660254037844386,0.5000000000000001,-0.999832969770105,0.018276557681691223,0,Shoulder,2,scaled_from_onesite,8576.873957688516,26.766666666666666,30.6,24.6,96.70833333333331,91.41666666666669,3715.0,2223.0,2183.0,6.6000000000000005,0.098515681995013,-0.2824358680815759,0.5630003990623567,1.2180834589341882,1.3199967107839008,-0.9710600992908375,-1.2332390779935585,0.65396849422645,0.17248033638828805,1.9885671565019147,1.3624419490966473,-0.6959060309415585,-0.05603618268451194,0.39311216966055146,False,False
2023-10-03,2023,10,1,276,-0.8660254037844386,0.5000000000000001,-0.9993706508539969,0.03547255575312556,0,Shoulder,2,scaled_from_onesite,2051.8787366938814,25.704166666666666,28.2,24.1,100.0,94.25,2155.0,447.7,1830.0,32.0,-0.15008402008047067,-0.837018808811481,0.46194762690089086,1.3054390802987583,1.5336556938854298,-2.334555871000851,-2.1823244766333634,0.019139004487889612,2.8654565542860535,2.8701384912439414,3.4983535951374556,1.6396077229398371,0.09090216366591108,0.3794199454354234,False,False
2023-10-04,2023,10,2,277,-0.8660254037844386,0.5000000000000001,-0.9986126020839734,0.052658056924614005,0,Shoulder,2,scaled_from_onesite,6886.19256123865,26.27083333333333,29.9,25.0,100.0,94.16666666666669,2101.0,400.0,1769.0,28.3,-0.017497512306880268,-0.4441892257944654,0.643842616791529,1.3054390802987583,1.527371606147151,-2.3817538015600435,-2.207825165821173,-0.09056240875305141,2.4731726170332298,2.901895382851905,3.153445886358929,1.4524690840784984,0.19864862781957005,0.7378266805384456,False,False
2023-10-05,2023,10,3,278,-0.8660254037844386,0.5000000000000001,-0.9975590477788613,0.06982797572987089,0,Shoulder,2,scaled_from_onesite,11428.075462239705,27.254166666666663,31.5,25.4,99.95833333333331,90.58333333333331,3327.0,1245.8,2326.0,19.4,0.21257907471199897,-0.07446726530786195,0.7246848345207014,1.3043333129397128,1.2571558334010948,-1.3101859707161485,-1.7556557126754808,0.9111373810043937,1.5295707139115713,2.893555962340839,1.78617057816342,0.3956313659828347,0.19464779877904376,0.20654577202134625,False,False
2023-10-06,2023,10,4,279,-0.8660254037844386,0.5000000000000001,-0.9962102997023297,0.0869772313136861,0,Shoulder,2,scaled_from_onesite,14792.246650964365,27.77083333333333,32.4,24.2,74.16666666666667,84.79166666666667,5046.0,4722.3,1674.0,1.2000000000000002,0.3334667729761555,0.13350133746585197,0.4821581813331836,0.619863317690743,0.8204117355906152,0.19228148541815465,0.10290080643187055,-0.26140887199713986,-0.4000421666293472,0.5545147569891049,-0.20304368597780578,-0.5100318529796534,-0.6804240608664744,0.25828572355798757,False,False
2023-10-07,2023,10,5,280,-0.8660254037844386,0.5000000000000001,-0.9945667569706337,0.1041007489354256,0,Shoulder,2,scaled_from_onesite,21676.702686528763,28.125,32.7,24.9,45.79166666666666,84.58333333333333,5518.0,6234.8,1395.0,0.3,0.4163333403346512,0.20282420505709103,0.6236320623592356,-0.1331642538190294,0.8047015162449138,0.6048263599355433,0.9114918419992138,-0.7631579587876733,-0.49546258379895314,-0.24276826358530693,-0.8604415164768696,-0.176946386241386,-1.3053206128333321,0.48225530915932313,False,False
2023-10-08,2023,10,6,281,-0.8660254037844386,0.5000000000000001,-0.9926289059345095,0.121193461470736,0,Shoulder,2,scaled_from_onesite,16531.377113725808,28.379166666666663,33.0,24.8,55.29166666666666,86.5,5352.0,5950.1,1404.0,0.8,0.47580228867427576,0.2721470726483285,0.6034215079269428,0.11895070404327311,0.9492355342253612,0.4597364252535803,0.7592896153373808,-0.7469725043750756,-0.4424512409269499,0.020565898002943214,-0.7032425975750556,-0.2113675497502131,-1.2643635120416914,0.5046027165348245,False,False
2023-10-09,2023,10,0,282,-0.8660254037844386,0.5000000000000001,-0.9903973200352558,0.1382503109109819,0,Shoulder,2,scaled_from_onesite,20132.236751850756,29.22083333333333,33.9,24.2,42.208333333333336,76.16666666666667,5677.0,6726.0,1286.0,0.0,0.6727322487497575,0.4801156754220424,0.4821581813331836,-0.2282602466969151,0.1700086546786035,0.7437980443598331,1.174090134012886,-0.9591817955624696,-0.5272693895221551,-0.60575220506714,-1.402220262932258,0.11110786024869564,-0.936750687812452,0.3827068660400447,False,False
2023-10-10,2023,10,1,283,-0.8660254037844386,0.5000000000000001,-0.9878726596350429,0.15526624985999563,0,Shoulder,2,scaled_from_onesite,20934.858918489135,29.15833333333333,34.1,23.5,4.458333333333333,71.79166666666667,5623.0,6799.7,1259.0,0.0,0.6581087368629642,0.5263309204828684,0.3406843003071316,-1.230085473991854,-0.15990595158111262,0.6966001138006404,1.2134905699278036,-1.0077381588002632,-0.5272693895221551,-1.2137250766709773,-1.6025040480482544,0.46297507931906273,-0.8015137760160894,0.78112121307067,False,False
2023-10-11,2023,10,2,284,-0.8660254037844386,0.5000000000000001,-0.9850556718215013,0.172236243027682,0,Shoulder,2,scaled_from_onesite,21061.451640141964,28.775,34.0,22.6,3.4166666666666665,69.625,5607.0,6818.4,1277.0,0.0,0.5684178639572997,0.5032232979524555,0.15878931041649344,-1.2577296579679837,-0.32329223277640096,0.6826155417831018,1.2234876954584544,-0.9753672499750675,-0.5272693895221551,-1.3722423123845446,-1.5557027226417086,0.4749190889796211,-0.656290497665622,0.6666145687487051,False,False
2023-10-12,2023,10,3,285,-0.8660254037844386,0.5000000000000001,-0.981947190186646,0.18915526872004093,0,Shoulder,2,scaled_from_onesite,18328.160228872355,28.3875,33.7,22.0,4.958333333333333,65.08333333333333,5510.0,6619.2,1282.0,0.0,0.47775209025918225,0.433900430361218,0.037525983822734185,-1.2168162656833117,-0.6657750145126781,0.597834073926774,1.1169942513030726,-0.9663753308569576,-0.5272693895221551,-1.503352515232957,-1.4697633401025698,0.5109362270599299,-0.30657127524975375,0.5510355868447675,False,False
2023-10-13,2023,10,4,286,-0.8660254037844386,0.5000000000000001,-0.9785481345802031,0.20601832032517084,0,Shoulder,2,scaled_from_onesite,19060.45310570361,28.004166666666663,33.7,22.5,5.416666666666667,69.125,5552.0,6731.4,1258.0,0.0,0.38806121735351684,0.433900430361218,0.1385787559842,-1.2046528247338149,-0.3609967592060828,0.6345435754728128,1.1769770044869774,-1.0095365426238851,-0.5272693895221551,-1.4344298605348969,-1.4042747328843241,0.4495692640074524,-0.6019086526715173,0.6102041523053501,False,False
2023-10-14,2023,10,5,287,-0.8660254037844386,0.5000000000000001,-0.9748595108374125,0.22282040779479959,0,Shoulder,2,scaled_from_onesite,19227.33322299904,27.2875,32.8,21.4,4.25,67.08333333333333,5254.0,6332.3,1311.0,0.0,0.2203782810516232,0.22593182758750244,-0.08373734277102507,-1.23561431078708,-0.5149569087939506,0.3740809216461564,0.9636158922258691,-0.91422219997192,-0.5272693895221551,-1.5400952225347078,-1.032191277360306,0.4016750260200166,-0.301940656610721,0.5868315400233841,False,False
2023-10-15,2023,10,6,288,-0.8660254037844386,0.5000000000000001,-0.9708824104813836,0.23955655912092708,0,Shoulder,2,scaled_from_onesite,19788.578320916666,26.84166666666667,32.8,21.4,2.458333333333333,70.125,5675.0,7074.5,1171.0,0.0,0.11606389625916545,0.22593182758750244,-0.08373734277102507,-1.283162307226023,-0.2855877063467191,0.7420499728576408,1.3604002007204687,-1.1659959352789977,-0.5272693895221551,-1.8034252143060143,-1.2189674502383723,0.4302242401301778,-0.8204738377790638,0.4437499286935717,False,False
2023-10-16,2023,10,0,289,-0.8660254037844386,0.5000000000000001,-0.9666180104000972,0.2562218218071163,0,Shoulder,2,scaled_from_onesite,16559.508829648665,27.03333333333333,32.0,21.8,6.25,75.83333333333333,5333.0,6431.2,1303.0,0.0,0.16090933271199692,0.04107084734420152,-0.002895125041851997,-1.1825374775529112,0.14487230372548154,0.4431297459827533,1.0164883903532145,-0.9286092705608959,-0.5272693895221551,-1.3641821930609939,-0.7908970818094414,0.20407551014767497,-0.8985237995906239,0.6612690048280114,False,False
2023-10-17,2023,10,1,290,-0.8660254037844386,0.5000000000000001,-0.9620675724981452,0.27281126433401914,0,Shoulder,2,scaled_from_onesite,13210.619066857402,27.266666666666666,31.6,22.6,6.666666666666667,79.25,5155.0,6108.0,1316.0,0.2,0.21550377708935825,-0.05135964277744893,0.15878931041649344,-1.1714798039624592,0.4025199009949745,0.2875513822876364,0.8437038464223945,-0.9052302808538101,-0.5060648523733537,-1.121653856507466,-0.5992459090169177,0.15218977490978472,-1.0046768692020032,0.8688337145331504,False,False
2023-10-18,2023,10,2,291,-0.8660254037844386,0.5000000000000001,-0.957232443323312,0.28931997761869527,0,Shoulder,2,scaled_from_onesite,12074.23666562816,26.820833333333336,31.7,22.2,6.166666666666667,79.66666666666667,5202.0,6203.6,1269.0,0.1,0.11118939229690135,-0.028252020247036724,0.07794709268732036,-1.1847490122710016,0.43394033968637635,0.328631062589156,0.8948121459266843,-0.9897543205640433,-0.5166671209477545,-1.2412566617536411,-0.5707835624771764,0.15825378675961727,-1.0696668066464081,0.8352685030282182,False,False
2023-10-19,2023,10,3,292,-0.8660254037844386,0.5000000000000001,-0.9521140536681102,0.3057430764672831,0,Shoulder,2,scaled_from_onesite,18251.058488935654,25.975,31.0,20.8,5.75,77.04166666666667,5244.0,6357.7,1260.0,0.2,-0.0867154685710331,-0.19000537795992542,-0.20500066936478362,-1.1958066858614533,0.2359915759305467,0.36534056413519483,0.9771948755669667,-1.0059397749766412,-0.5060648523733537,-1.5531604700974961,-0.434015030327582,0.15696406395424556,-0.9620459720109723,0.5882182366885144,False,False
2023-10-20,2023,10,4,293,-0.8660254037844386,0.5000000000000001,-0.9467139181463862,0.3220757010206104,0,Shoulder,2,scaled_from_onesite,17680.78345751193,25.5,31.2,20.5,3.333333333333333,70.79166666666667,5335.0,6583.1,1226.0,0.0,-0.19785415891066144,-0.1437901328991002,-0.26563233266166325,-1.259941192686074,-0.2353150044404763,0.4448778174849456,1.0976949875781268,-1.0670848249797886,-0.5272693895221551,-1.8606546350333306,-0.6184285582554557,0.2766851083948925,-0.6717818742922943,0.4176698549861163,False,False
2023-10-21,2023,10,5,294,-0.8660254037844386,0.5000000000000001,-0.9410336347451197,0.3383130181923076,0,Shoulder,2,scaled_from_onesite,9828.214358553118,25.566666666666663,31.0,20.6,22.541666666666668,65.91666666666667,5590.0,7159.1,1134.0,0.0,-0.18225574623141627,-0.19000537795992542,-0.24542177822936978,-0.7501824401662431,-0.6029341371298742,0.667756934014467,1.4056278381479053,-1.2325361367530112,-0.5272693895221551,-1.9572883096293203,-0.836747954489585,0.28169872188535644,-0.5449728032118667,-0.061431386377352404,False,False
2023-10-22,2023,10,6,295,-0.8660254037844386,0.5000000000000001,-0.9350748843515574,0.3544502230989869,0,Shoulder,2,scaled_from_onesite,8416.592637955237,26.2375,31.2,22.4,97.75,70.33333333333333,5067.0,5593.4,1532.0,0.0,-0.02529671864650201,-0.1437901328991002,0.11836820155190654,1.2457276429103183,-0.2698774870010187,0.21063623619117405,0.568595782354325,-0.5167793749514615,-0.5272693895221551,-0.15970703035716818,-0.21134241099903625,-0.5184473822939725,0.04931477403953158,-0.5903372242938885,False,False
2023-10-23,2023,10,0,296,-0.8660254037844386,0.5000000000000001,-0.9288394302558068,0.3704825404820963,0,Shoulder,2,scaled_from_onesite,6587.683797835062,24.975,30.1,23.0,99.29166666666669,85.5,3918.0,3067.3,2002.0,8.6,-0.3206916587597236,-0.3979739807336394,0.2396315281456658,1.2866410351949908,0.8738264813659975,-0.7936308418183166,-0.7818715333128918,0.32846102215087086,0.384525707876301,1.3365413443946472,1.4031046616173874,-0.3909173195928812,-0.00887384236167457,-0.15179251271349295,False,False
2023-10-24,2023,10,1,297,-0.8660254037844386,0.5000000000000001,-0.9223291176290545,0.3864052261209853,0,Shoulder,2,scaled_from_onesite,6268.5103789079,26.0125,30.0,22.8,78.58333333333333,80.54166666666667,4087.0,3408.5,1971.0,0.7,-0.0779413614389577,-0.42108160326405236,0.19921041928107963,0.7370746577495324,0.4999232609383196,-0.6459187998830651,-0.5994640878017663,0.27271112361858935,-0.4530535095013505,0.6869334103558755,0.8226018541111594,-0.8293172743453346,0.20247258644237137,0.2521023533374737,False,False
2023-10-25,2023,10,2,298,-0.8660254037844386,0.5000000000000001,-0.9155458729775467,0.40221356823680365,0,Shoulder,2,scaled_from_onesite,9332.78358368957,26.308333333333334,31.0,22.2,20.58333333333333,81.29166666666667,4848.0,5573.7,1293.0,0.2,-0.00872340517480321,-0.19000537795992542,0.07794709268732036,-0.802153506041367,0.5564800505828423,0.0192224067011145,0.558064051180324,-0.9465931087971158,-0.5060648523733537,-0.9432697986979847,-0.09137163067186557,-0.008243494156657963,-0.8909970393607282,0.8334593998471138,False,False
2023-10-26,2023,10,3,299,-0.8660254037844386,0.5000000000000001,-0.9084917035725082,0.41790288888678667,0,Shoulder,2,scaled_from_onesite,8755.909754703698,26.366666666666664,31.0,21.7,17.041666666666668,73.33333333333333,4954.0,5959.3,1267.0,0.0,0.0049252059195362945,-0.19000537795992542,-0.023105679474145446,-0.8961437315602079,-0.04365032842292765,0.11187019631730771,0.7642079872562035,-0.9933510882112874,-0.5272693895221551,-1.3150308298420956,-0.3692531479422649,0.15056660074373554,-0.5368331212166582,0.6227670524495085,False,False
2023-10-27,2023,10,4,300,-0.8660254037844386,0.5000000000000001,-0.9011686968561569,0.4334685453485363,0,Shoulder,2,scaled_from_onesite,11069.656563074492,25.625,30.2,20.8,14.541666666666666,72.75,4653.0,5339.5,1393.0,0.2,-0.16860713513707512,-0.37486635820322717,-0.20500066936478362,-0.962489773102919,-0.08763894259088945,-0.15121456476263717,0.43285940950768154,-0.7667547264349174,-0.5060648523733537,-1.2751670609890937,0.041076326360854565,0.05606343551330956,-0.2651788518492973,0.6436921476942999,False,False
2023-10-28,2023,10,5,301,-0.8660254037844386,0.5000000000000001,-0.8935790198239952,0.4489059314938798,0,Shoulder,2,scaled_from_onesite,14635.95934028186,25.04583333333333,30.9,20.1,6.333333333333333,73.95833333333333,4836.0,5925.099999999999,1342.0,0.1,-0.30411834528802567,-0.21311300049033843,-0.3464745503908356,-1.1803259428348207,0.003480329614174646,0.00873397768796055,0.7459244742536226,-0.8584723014396385,-0.5166671209477545,-1.5797287271775018,-0.12316116481153044,0.12876656335141354,-0.525681945904189,0.6057314976080489,False,False
2023-10-29,2023,10,6,302,-0.8660254037844386,0.5000000000000001,-0.8857249183835637,0.4642104791518923,0,Shoulder,2,scaled_from_onesite,15807.419560130958,25.183333333333334,30.8,19.8,26.541666666666668,67.25,5181.0,6562.0,1168.0,0.0,-0.27194661913708,-0.23622062302075064,-0.4071062136877152,-0.6440287736979052,-0.5023887333173896,0.3102763118161366,1.086414808503435,-1.1713910867498638,-0.5272693895221551,-1.8161264552700718,-0.4131813474297141,0.1987613842284312,-0.33835973496120225,0.06748043861307486,False,False
2023-10-30,2023,10,0,303,-0.8660254037844386,0.5000000000000001,-0.8776087166898392,0.4793776594606945,0,Shoulder,2,scaled_from_onesite,15187.13258928883,24.879166666666663,30.7,19.6,6.25,68.375,5131.0,6503.5,1186.0,0.0,-0.343114376986141,-0.2593282455511637,-0.44752732255230143,-1.1825374775529112,-0.4175535488506056,0.26657452426132844,1.055140378367442,-1.139020177924668,-0.5272693895221551,-2.0302071958576,-0.3847965647647967,0.2921200936988135,-0.44820038856945005,0.3380976686990164,False,False
2023-10-31,2023,10,1,304,-0.8660254037844386,0.5000000000000001,-0.8692328164574792,0.49440298420761813,0,Shoulder,2,scaled_from_onesite,17404.502222738745,25.820833333333336,31.2,19.6,2.0,72.79166666666667,5067.0,6458.6,1167.0,0.0,-0.12278679789178917,-0.1437901328991002,-0.44752732255230143,-1.29532574817552,-0.08449689872174894,0.21063623619117405,1.0311365849810132,-1.1731894705734858,-0.5272693895221551,-1.8850250015151047,-0.41128387244058223,0.3083760334744914,-0.6806879417505877,0.6031328598864271,False,False
2023-11-01,2023,11,2,305,-0.5000000000000004,0.8660254037844384,-0.8605996962501181,0.5092820071573356,0,Autumn_EarlyWinter,0,scaled_from_onesite,18208.394144637852,27.2875,31.9,20.9,17.625,70.41666666666667,4693.0,5730.1,1273.0,0.2,0.2203782810516232,0.0179632248137885,-0.18479011493249087,-0.8806629885335752,-0.26359339926273767,-0.11625313471879067,0.6416763738003127,-0.9825607852695554,-0.5060648523733537,-1.2639442473217573,-0.41812221762388946,0.28048611410544616,-0.18024965369862314,0.7381248285360765,False,False
2023-11-02,2023,11,3,306,-0.5000000000000004,0.8660254037844384,-0.8517119107469189,0.5240103253675756,0,Autumn_EarlyWinter,0,scaled_from_onesite,14036.226225885775,27.10833333333333,31.8,22.5,13.083333333333334,76.625,4526.0,5398.2,1284.0,0.0,0.17845754697614855,-0.005144397716623701,0.1385787559842,-1.0011916306695003,0.20457113723914483,-0.2622171051518498,0.46424076077234466,-0.9627785632097136,-0.5272693895221551,-0.9763666966145852,-0.23555634272013992,0.18852259329141366,-0.47743276797983397,1.1118520286469136,False,False
2023-11-03,2023,11,4,307,-0.5000000000000004,0.8660254037844384,-0.8425720899866032,0.5385835804920232,0,Autumn_EarlyWinter,0,scaled_from_onesite,12804.368693901819,25.454166666666666,30.4,22.0,29.45833333333333,82.33333333333333,4124.0,4254.7,1528.0,6.3,-0.2085780676276433,-0.3286511131424019,0.037525983822734185,-0.5666250585647423,0.6350311473113455,-0.613579477092507,-0.14708079239873442,-0.5239729102459495,0.140673530665086,-0.2391293186305731,0.7768596286538676,0.26953451020083485,-0.4607499084180706,0.7793450268965217,False,False
2023-11-04,2023,11,5,308,-0.5000000000000004,0.8660254037844384,-0.8331829385891785,0.5529974600700271,0,Autumn_EarlyWinter,0,scaled_from_onesite,12652.60084807802,24.5875,30.0,21.4,57.625,86.83333333333333,4095.0,4139.3,1396.0,10.5,-0.41135743245784184,-0.42108160326405236,-0.08373734277102507,0.1808736761498038,0.9743718851784821,-0.6389265138742958,-0.20877428364135997,-0.7613595749640514,0.5859688107899135,0.10662830376588124,1.2969778004587464,0.41395995338881886,-0.6992248560531854,0.3462132469552483,False,False
2023-11-05,2023,11,6,309,-0.5000000000000004,0.8660254037844384,-0.8235472349556007,0.5672476988027229,0,Autumn_EarlyWinter,0,scaled_from_onesite,13381.120574888779,24.85,29.9,21.1,38.91666666666666,83.79166666666667,4065.0,4387.9,1406.0,2.2,-0.34993868253330995,-0.4441892257944654,-0.14436900606790398,-0.31561586806148517,0.7450026827312516,-0.6651475864071806,-0.07587132070447328,-0.7433757367278315,-0.2940194808853407,-0.493192647513989,0.932615429712659,-0.13919906925533476,-0.49629934292457817,0.795458638373078,False,False
2023-11-06,2023,11,0,310,-0.5000000000000004,0.8660254037844384,-0.8136678304455991,0.5813300798152042,0,Autumn_EarlyWinter,0,scaled_from_onesite,16215.9940407086,24.775,30.9,18.7,46.125,72.20833333333333,4794.0,5994.8,1204.0,0.0,-0.3674868967974624,-0.21311300049033843,-0.6294223124429403,-0.12431811494666765,-0.1284855128897118,-0.02797552385807827,0.7831864875951395,-1.1066492690994723,-0.5272693895221551,-1.4370988890191152,0.11805926548153473,-0.04184587030718691,-0.28632911870327926,0.04484142282404332,False,False
2023-11-07,2023,11,1,311,-0.5000000000000004,0.8660254037844384,-0.8035476485339116,0.5952404359043674,0,Autumn_EarlyWinter,0,scaled_from_onesite,16009.378555877774,24.541666666666668,30.8,18.5,25.666666666666668,67.75,4849.0,6183.0,1193.0,0.0,-0.4220813411748229,-0.23622062302075064,-0.6698434213075265,-0.6672498882378541,-0.46468420688770784,0.02009644245221066,0.8837992696736677,-1.126431491159314,-0.5272693895221551,-1.8557035614689643,-0.0663076254365376,0.16707695474526066,-0.1567013284759603,0.15108665390991108,False,False
2023-11-08,2023,11,2,312,-0.5000000000000004,0.8660254037844384,-0.7931896839451843,0.6089746507720486,0,Autumn_EarlyWinter,0,scaled_from_onesite,15755.921143323554,24.008333333333336,30.5,18.0,3.7083333333333335,68.04166666666667,4857.0,6415.4,1118.0,0.0,-0.5468686426087908,-0.3055434906119889,-0.7708961934689923,-1.2499892864546673,-0.4426898998037264,0.027088728460979962,1.0080416211882794,-1.2613102779309628,-0.5272693895221551,-2.2917569951425154,-0.061005727667857716,0.3329090902055932,-0.33019544889386704,0.3745178954024229,False,False
2023-11-09,2023,11,3,313,-0.5000000000000004,0.8660254037844384,-0.7825970017677834,0.6225286602431057,0,Autumn_EarlyWinter,0,scaled_from_onesite,15543.514292883288,24.15833333333333,30.6,17.5,4.0,65.29166666666667,4834.0,6372.2,1146.0,0.0,-0.5117722140804883,-0.2824358680815759,-0.8719489656304581,-1.2422489149413511,-0.6500647951669766,0.0069859061857682255,0.9849466573955462,-1.2109555308695474,-0.5272693895221551,-2.3470771576077096,-0.10528864262044481,0.3639878679488468,-0.1261715020833214,0.30156531881760795,False,False
2023-11-10,2023,11,4,314,-0.5000000000000004,0.8660254037844384,-0.7717727365467836,0.6358984534680745,0,Autumn_EarlyWinter,0,scaled_from_onesite,14738.344138888802,24.870833333333334,30.9,17.8,13.916666666666666,65.95833333333333,4792.0,6382.0,1099.0,0.0,-0.3450641785710458,-0.21311300049033843,-0.8113173023335785,-0.9790762834885969,-0.5997920932607348,-0.029723595360270593,0.9901857927003793,-1.2954795705797806,-0.5272693895221551,-2.1665943687943745,-0.1467573771238396,0.3546158190617804,-0.12375938713441983,0.301898219047718,False,False
2023-11-11,2023,11,5,315,-0.5000000000000004,0.8660254037844384,-0.7607200913564104,0.6490800741100398,0,Autumn_EarlyWinter,0,scaled_from_onesite,13399.005674564982,24.491666666666664,31.0,18.7,19.58333333333333,68.83333333333333,4703.0,6251.2,1100.0,0.0,-0.4337801506842584,-0.19000537795992542,-0.6294223124429403,-0.8286919226584516,-0.38299106629006424,-0.10751277720782905,0.9202593745501587,-1.2936811867561586,-0.5272693895221551,-1.953749608371937,-0.02586095090903949,0.2727185666416483,-0.23669631065043817,0.37221771201944986,False,False
2023-11-12,2023,11,6,316,-0.5000000000000004,0.8660254037844384,-0.7494423368521954,0.6620696215153815,0,Autumn_EarlyWinter,0,scaled_from_onesite,11250.06836489828,24.5,30.9,18.5,16.0,70.625,4621.0,6038.5,1140.0,0.0,-0.4318303490993519,-0.21311300049033843,-0.6698434213075265,-0.9237879155363374,-0.24788317991703726,-0.17918370879771436,0.806548754209548,-1.2217458338112792,-0.5272693895221551,-1.8938424415239938,0.08692644214041716,0.23449426809240256,-0.27393499491183365,0.4795195632362994,False,False
2023-11-13,2023,11,0,317,-0.5000000000000004,0.8660254037844384,-0.7379428103031386,0.6748632518680403,0,Autumn_EarlyWinter,0,scaled_from_onesite,14168.746297772326,23.979166666666668,30.4,18.2,42.333333333333336,66.625,4715.0,6272.0,1122.0,0.0,-0.5536929481559613,-0.3286511131424019,-0.7304750846044061,-0.22494294461977957,-0.549519391354492,-0.0970243481946751,0.9313791719318453,-1.254116742636475,-0.5272693895221551,-1.8456843896163164,0.1432777485051442,0.09957039619731259,-0.034113236126744134,-0.07476448583084219,False,False
2023-11-14,2023,11,1,318,-0.5000000000000004,0.8660254037844384,-0.7262249146041543,0.6874571793269664,0,Autumn_EarlyWinter,0,scaled_from_onesite,13257.457885699016,23.4375,29.9,18.9,87.70833333333333,67.29166666666667,4587.0,5687.7,1327.0,0.0,-0.6804300511748356,-0.4441892257944654,-0.5890012035783541,0.9792377093804283,-0.4992466894482492,-0.2089009243349839,0.6190090945222593,-0.8854480587939683,-0.5272693895221551,-1.0467679160731875,0.5201891979597678,-0.38552269358151786,0.28161815912469473,-0.6488600558070418,False,False
2023-11-15,2023,11,2,319,-0.5000000000000004,0.8660254037844384,-0.7142921172691032,0.699847677146407,0,Autumn_EarlyWinter,0,scaled_from_onesite,12504.750690754727,24.84166666666667,29.9,18.8,93.54166666666669,63.04166666666666,4372.0,5181.9,1350.0,0.0,-0.35188848411821555,-0.4441892257944654,-0.6092117580106469,1.134045139646755,-0.8197351641005459,-0.3968186108206588,0.34860556011567256,-0.8440852308506627,-0.5272693895221551,-0.8537237324998124,0.4981222608274529,-0.3311214707825838,0.7460950291186563,-0.5822496065536737,False,False
2023-11-16,2023,11,3,320,-0.5000000000000004,0.8660254037844384,-0.7021479494046978,0.7120310787787131,0,Autumn_EarlyWinter,0,scaled_from_onesite,6369.65049896848,24.5375,28.5,21.4,94.29166666666669,76.33333333333333,3199.0,2267.1,1968.0,0.2,-0.4230562419672757,-0.7676959412202428,-0.08373734277102507,1.1539489521095683,0.18257683015516338,-1.4220625468564574,-1.2096629691218097,0.2673159721477234,-0.5060648523733537,0.733644490057069,1.7512280812674998,-0.9867321294338482,1.0075024197174784,0.2728531147041285,True,False
2023-11-17,2023,11,4,321,-0.5000000000000004,0.8660254037844384,-0.6897960046655887,0.7240037789593305,0,Autumn_EarlyWinter,0,scaled_from_onesite,12074.656627112652,24.804166666666664,30.2,20.2,45.708333333333336,78.45833333333333,3589.0,3448.7,1548.0,0.0,-0.36066259125029265,-0.37486635820322717,-0.3262639959585429,-0.13537578853711946,0.3428210674813112,-1.081188603928954,-0.577972940939084,-0.48800523377350985,-0.5272693895221551,-0.3544768288535137,1.1542869076706004,-0.3681609471961533,0.2937967532557004,0.8889502815437004,False,False
2023-11-18,2023,11,5,322,-0.5000000000000004,0.8660254037844384,-0.6772399381909491,0.7357622347736527,0,Autumn_EarlyWinter,0,scaled_from_onesite,13614.648876375228,24.48333333333333,29.4,19.8,23.58333333333333,76.79166666666667,3804.0,4176.400000000001,1471.0,0.0,-0.43572995226916406,-0.5597273384465289,-0.4071062136877152,-0.7225382561901137,0.2171393127157058,-0.893270917443279,-0.18894041427306327,-0.6264807881924026,-0.5272693895221551,-0.9474373577910296,0.972352589866392,-0.18248927381010197,0.051867733692317265,0.918517510295331,False,False
2023-11-19,2023,11,6,323,-0.5000000000000004,0.8660254037844384,-0.6644834655228552,0.7473029667054296,0,Autumn_EarlyWinter,0,scaled_from_onesite,17143.46420963181,23.666666666666668,29.5,18.2,17.625,73.54166666666667,4280.0,5421.900000000001,1300.0,0.0,-0.6268105075899271,-0.5366197159161159,-0.7304750846044061,-0.8806629885335752,-0.027940109077226175,-0.4772298999215057,0.4769109145197474,-0.9340044220317618,-0.5272693895221551,-1.6874861288019953,0.6400072593678435,-0.006098126005392462,-0.2021823551952805,0.5210570100796863,False,False
2023-11-20,2023,11,0,324,-0.5000000000000004,0.8660254037844384,-0.6515303615068021,0.75862255966641,0,Autumn_EarlyWinter,0,scaled_from_onesite,14963.355726243726,24.266666666666666,29.7,18.4,65.25,67.29166666666667,4340.0,5229.4,1280.0,0.0,-0.4864247934767133,-0.4904044708552906,-0.69005397573982,0.38322910285507295,-0.4992466894482492,-0.424787754855736,0.3739993281748123,-0.9699720985042015,-0.5272693895221551,-1.215341574912154,0.6012257427306651,-0.19195917483052502,0.36625984121284577,-0.15151608615458578,False,False
2023-11-21,2023,11,1,325,-0.5000000000000004,0.8660254037844384,-0.6383844591746642,0.7697176640069211,0,Autumn_EarlyWinter,0,scaled_from_onesite,15401.285166886799,23.5375,30.0,18.6,20.0,72.20833333333333,4272.0,5320.3,1252.0,0.0,-0.6570324321559662,-0.42108160326405236,-0.649632866875233,-0.8176342490679995,-0.1284855128897118,-0.48422218593027505,0.4225949811553557,-1.0203268455656171,-0.5272693895221551,-1.6638763554934373,0.5819280210584132,0.05024670138197452,-0.09870060090970934,0.5464241894774217,False,False
2023-11-22,2023,11,2,326,-0.5000000000000004,0.8660254037844384,-0.6250496486104377,0.7805849965070866,0,Autumn_EarlyWinter,0,scaled_from_onesite,13645.13871296609,22.52083333333333,29.2,16.4,0.0833333333333333,70.25,4420.0,5952.5,1114.0,0.0,-0.8949082255144697,-0.6059425835073541,-1.094265064385683,-1.3461910466915987,-0.27616157473929864,-0.354864894768043,0.7605726688814214,-1.268503813225451,-0.5272693895221551,-2.4650567817310725,0.6224091834228138,0.23354145454265096,-0.25872943990153857,0.4710607169451437,False,False
2023-11-23,2023,11,3,327,-0.5000000000000004,0.8660254037844384,-0.6115298757991053,0.7912213413483807,0,Autumn_EarlyWinter,0,scaled_from_onesite,15662.237287876767,21.47083333333333,28.5,16.1,0.0,69.91666666666667,4471.0,6117.7,1088.0,0.0,-1.140583225212594,-0.7676959412202428,-1.1548967276825621,-1.3484025814096892,-0.30129792569241953,-0.31028907146213874,0.8488895211628924,-1.3152617926396224,-0.5272693895221551,-2.662790728632591,0.7641305660305898,0.19709587177358645,-0.3196560347139581,0.32334178361547916,False,False
2023-11-24,2023,11,4,328,-0.5000000000000004,0.8660254037844384,-0.5978291414589552,0.801623551065242,0,Autumn_EarlyWinter,0,scaled_from_onesite,13441.078242374724,21.941666666666663,28.7,15.9,0.875,67.16666666666667,4371.0,5892.7,1105.0,0.0,-1.0304194356654195,-0.7214806961594176,-1.1953178365471486,-1.3251814668697401,-0.5086728210556697,-0.39769264657175496,0.7286032514090728,-1.2846892676380488,-0.5272693895221551,-2.6263969343536817,0.7303368844565202,0.2467803482142147,-0.05620760637285508,0.3474077192979859,False,False
2023-11-25,2023,11,5,329,-0.5000000000000004,0.8660254037844384,-0.5839514998576998,0.8117885474764613,0,Autumn_EarlyWinter,0,scaled_from_onesite,14164.998943554454,22.041666666666668,28.6,16.2,3.9166666666666665,65.79166666666667,4349.0,5911.4,1096.0,0.0,-1.0070218166465492,-0.7445883186898298,-1.1346861732502693,-1.2444604496594416,-0.6123602687372947,-0.41692143309587054,0.7386003769397235,-1.3008747220506465,-0.5272693895221551,-2.6059619553288673,0.7052437556135762,0.2587598694691351,0.028574932265432132,0.31116962645142077,False,False
2023-11-26,2023,11,6,330,-0.5000000000000004,0.8660254037844384,-0.5699010576127624,0.8217133225960589,0,Autumn_EarlyWinter,0,scaled_from_onesite,13749.212959653343,21.979166666666668,28.6,16.6,5.5,70.375,4290.0,5738.4,1134.0,0.0,-1.0216453285333424,-0.7445883186898298,-1.0538439555210963,-1.2024412900157244,-0.2667354431318782,-0.46848954241054414,0.6461136006401199,-1.2325361367530112,-0.5272693895221551,-2.3855170204807394,0.8444833024286075,0.1472493743951146,-0.1816420267210644,0.4266815184837154,False,False
2023-11-27,2023,11,0,331,-0.5000000000000004,0.8660254037844384,-0.5556819724760489,0.8313949395234058,0,Autumn_EarlyWinter,0,scaled_from_onesite,12652.430513795392,22.6,28.9,16.2,61.79166666666666,68.58333333333333,3945.0,4280.3,1459.0,0.0,-0.8763851104578636,-0.6752654510985924,-1.1346861732502693,0.2914504120543222,-0.40184332950490514,-0.7700318765387202,-0.1333948879289663,-0.6480613940758664,-0.5272693895221551,-1.2137518083930623,1.2916023429693209,-0.40222711905575087,0.660333652884965,-0.1499998484370662,False,False
2023-11-28,2023,11,1,332,-0.5000000000000004,0.8660254037844384,-0.5412984521036173,0.8408305333122887,0,Autumn_EarlyWinter,0,scaled_from_onesite,15165.372185443526,23.21666666666667,29.6,16.2,11.375,65.20833333333333,4251.0,5831.0,1077.0,0.0,-0.7320997931748376,-0.5135120933857028,-1.1346861732502693,-1.046528092390353,-0.6563488829052576,-0.5025769367032945,0.6956180832143587,-1.3350440146994642,-0.5272693895221551,-2.399587763923852,0.5558323746934943,0.3108441629087832,0.1725768265856808,0.38171632355761803,False,False
2023-11-29,2023,11,2,333,-0.5000000000000004,0.8660254037844384,-0.5267547528105542,0.8500173118187018,0,Autumn_EarlyWinter,0,scaled_from_onesite,10514.053929651782,23.745833333333334,29.8,19.1,24.75,73.45833333333333,3830.0,4491.6,1484.0,0.0,-0.6082873925333226,-0.4672968483248776,-0.5485800947137672,-0.6915767701368483,-0.034224196815507195,-0.8705459879147788,-0.02043271548904578,-0.6031017984853169,-0.5272693895221551,-1.16236060409635,0.900344492091408,-0.14115066579673288,0.2088653941974184,0.7093408998311211,False,False
2023-11-30,2023,11,3,334,-0.5000000000000004,0.8660254037844384,-0.5120551783114646,0.8589525565270845,0,Autumn_EarlyWinter,0,scaled_from_onesite,14530.195645514297,23.85833333333333,29.8,18.9,35.833333333333336,72.45833333333333,4112.0,5427.2,1139.0,0.0,-0.5819650711370956,-0.4672968483248776,-0.5890012035783541,-0.3974426526308286,-0.10963324967487088,-0.624067906105661,0.4797443244295036,-1.2235442176349012,-0.5272693895221551,-1.541499254920896,0.6943948980956791,0.031708672672322406,-0.06949086278716282,0.4873216465020348,False,False
2023-12-01,2023,12,4,335,-2.4492935982947064e-16,1.0,-0.4972040784469378,0.8676336233547726,0,Autumn_EarlyWinter,0,scaled_from_onesite,19904.125930476588,24.22083333333333,30.0,19.0,20.0,69.20833333333333,4094.0,5528.9,1091.0,0.0,-0.49714870219369517,-0.42108160326405236,-0.5687906491460607,-0.8176342490679995,-0.35471267146780283,-0.6398005496253919,0.53411371835823,-1.3098666411687565,-0.5272693895221551,-1.8057027955942764,0.49984462974628247,0.24731970062832667,0.042422169759388596,0.6870090157871616,False,False
2023-12-02,2023,12,5,336,-2.4492935982947064e-16,1.0,-0.4822058478963526,0.8760579434344281,0,Autumn_EarlyWinter,0,scaled_from_onesite,16692.309385276963,24.15,30.3,19.3,74.83333333333333,70.95833333333333,4027.0,5233.4,1156.0,0.0,-0.513722015665394,-0.3517587356728141,-0.5081589858491811,0.6375555954354657,-0.2227468289639164,-0.6983609449488348,0.37613775074821354,-1.1929716926333276,-0.5272693895221551,-1.0103517929828045,0.7698608908255993,-0.1812265230215268,0.24563483906725483,0.06596522258506617,False,False
2023-12-03,2023,12,6,337,-2.4492935982947064e-16,1.0,-0.46706492487743034,0.8842230238742036,0,Autumn_EarlyWinter,0,scaled_from_onesite,14930.553474407972,24.27083333333333,30.1,19.1,98.875,74.08333333333333,3893.0,4573.6,1350.0,0.0,-0.4854498926842613,-0.3979739807336394,-0.5485800947137672,1.2755833616045384,0.012906461221595106,-0.8154817355957206,0.023404947265679613,-0.8440852308506627,-0.5272693895221551,-0.3968971377882481,1.0896465193339697,-0.5376595853662283,0.3828265366013775,-0.16089036992518363,False,False
2023-12-04,2023,12,0,338,-2.4492935982947064e-16,1.0,-0.451785789832884,0.8921264484954345,0,Autumn_EarlyWinter,0,scaled_from_onesite,10015.341915138613,24.266666666666666,28.9,19.7,98.79166666666669,70.33333333333333,2556.0,1953.6,1327.0,0.0,-0.4864247934767133,-0.6752654510985924,-0.4273167681200087,1.2733718268864485,-0.2698774870010187,-1.9840675348112897,-1.3772618383121318,-0.8854480587939683,-0.5272693895221551,0.09497739372377512,2.148575506914719,-0.4852639530520404,1.5095352682683316,0.677478233258876,False,False
2023-12-05,2023,12,1,339,-2.4492935982947064e-16,1.0,-0.4363729641045924,0.8997658785476209,0,Autumn_EarlyWinter,0,scaled_from_onesite,6530.0816175199925,23.575,27.5,20.3,99.45833333333331,68.08333333333333,2219.0,1297.1,1524.0,0.1,-0.6482583250238908,-0.9987721665243697,-0.3060534415262494,1.2910641046311704,-0.439547855934587,-2.2786175829306963,-1.7282304431716102,-0.5311664455404375,-0.5166671209477545,0.2953169015322106,2.5236289760134185,-0.637130554563501,1.883301194482368,0.6702638240988872,False,False
2023-12-06,2023,12,2,340,-2.4492935982947064e-16,1.0,-0.42083100859565564,0.9071390534005044,0,Autumn_EarlyWinter,0,scaled_from_onesite,5786.690568777383,22.433333333333334,27.9,18.8,99.625,75.0,2756.0,1691.6,1745.0,7.6,-0.915381142155979,-0.9063416764027193,-0.6092117580106469,1.2954871740673517,0.08203142634267883,-1.8092603845920572,-1.5173285168699129,-0.13372362051997902,0.2785030221322945,0.5727705202253862,2.660742394062987,-0.28927387260250487,1.2106707771076013,-0.004938664702549746,False,False
2023-12-07,2023,12,3,341,-2.4492935982947064e-16,1.0,-0.4051645224207563,0.9142437912130223,0,Autumn_EarlyWinter,0,scaled_from_onesite,2147.987014405656,19.945833333333333,22.0,18.1,91.75,90.79166666666669,1166.0,101.3,1107.0,7.9,-1.4973969152503468,-2.269691405697068,-0.7506856390366988,1.0864971432078114,1.2728660527467983,-3.1989772288349556,-2.3675118714899104,-1.2810924999908047,0.3103098278554965,0.28264778564093823,5.004217962571239,-0.3207989898867981,0.6915713018544273,1.1736305337397293,False,False
2023-12-08,2023,12,4,342,-2.4492935982947064e-16,1.0,-0.3893781415452015,0.9210779895789526,0,Autumn_EarlyWinter,0,scaled_from_onesite,13492.733327795535,20.379166666666663,24.9,17.0,41.91666666666666,82.66666666666667,2699.0,1741.4,1762.0,0.0,-1.3960072328352484,-1.5995703523151001,-0.9730017377919239,-0.23600061821023174,0.6601674982644674,-1.8590804224045385,-1.4907051558310676,-0.10315109551840529,-0.5272693895221551,-0.5618929890133473,3.075437930412072,-0.9103368927035091,0.5969343265834051,0.8129943283329288,False,False
2023-12-09,2023,12,5,343,-2.4492935982947064e-16,1.0,-0.37347653741307074,0.9276396261490467,0,Autumn_EarlyWinter,0,scaled_from_onesite,20713.746760980153,20.2125,26.1,14.8,0.375,76.54166666666667,4042.0,5463.599999999999,1110.0,0.0,-1.4350032645333628,-1.3222788819501472,-1.4176339353023732,-1.3384506751782823,0.19828704950086487,-0.6852504086823924,0.4992039698474547,-1.2756973485199388,-0.5272693895221551,-2.6358472546039176,1.669952102859113,-0.06726426197485978,-0.4919175034718407,0.44400533390647656,False,False
2023-12-10,2023,12,6,344,-2.4492935982947064e-16,1.0,-0.3574644155648614,0.9339267592294762,0,Autumn_EarlyWinter,0,scaled_from_onesite,20664.347649831718,18.891666666666666,26.0,12.1,0.2916666666666667,63.79166666666666,4168.0,5834.6,1058.0,0.0,-1.7440468157409248,-1.3453865044805602,-1.963318904974289,-1.3406622098963727,-0.7631783744560231,-0.5751219040442759,0.69754266353042,-1.369213307348282,-0.5272693895221551,-3.382768265843453,1.5658503832941115,0.12201404311010408,0.18044707185785455,-0.11906145540476362,False,False
2023-12-11,2023,12,0,345,-2.4492935982947064e-16,1.0,-0.34134651424503615,0.9399375283564133,0,Autumn_EarlyWinter,0,scaled_from_onesite,19793.524380737173,17.716666666666665,25.1,11.9,0.0,68.45833333333333,4195.0,5922.8,1055.0,0.0,-2.0189688392126364,-1.5533551072542742,-2.003740013838875,-1.3484025814096892,-0.4112694611123256,-0.5515229387646795,0.7446948812739173,-1.3746084588191478,-0.5272693895221551,-3.4411637563430806,1.864984832031929,-0.024025278331486984,-0.1577630141549362,-0.16937000849020628,False,False
2023-12-12,2023,12,1,346,-2.4492935982947064e-16,1.0,-0.3251276029999093,0.9456701548465688,0,Autumn_EarlyWinter,0,scaled_from_onesite,19364.014409911168,17.520833333333332,24.6,12.4,35.958333333333336,69.66666666666667,4197.0,5921.1,1061.0,0.0,-2.0647891764579214,-1.6688932199063375,-1.9026872416774092,-0.3941253505536931,-0.32015018890726044,-0.5497748672624873,0.7437860516802218,-1.363818155877416,-0.5272693895221551,-3.0031353374240255,2.0732216043563976,-0.311687909968251,-0.12240693379010484,-0.6240069813566913,False,False
2023-12-13,2023,12,2,347,-2.4492935982947064e-16,1.0,-0.30881248126625377,0.9511229423235357,0,Autumn_EarlyWinter,0,scaled_from_onesite,15632.195716826018,18.679166666666667,25.1,12.5,14.958333333333334,66.79166666666667,4085.0,5651.3,1080.0,0.0,-1.793766756156021,-1.5533551072542742,-1.8824766872451162,-0.9514320995124671,-0.536951215877931,-0.6476668713852574,0.5995494491043082,-1.3296488632285983,-0.5272693895221551,-3.112464099633411,1.851043083000092,-0.08172744256732271,0.08844066790987205,-0.23474615628862905,False,False
2023-12-14,2023,12,3,348,-2.4492935982947064e-16,1.0,-0.29240597695107734,0.9562942772197719,0,Autumn_EarlyWinter,0,scaled_from_onesite,14553.28415652213,17.825,25.1,12.0,54.66666666666666,74.16666666666667,4061.0,5557.0,1099.0,0.0,-1.9936214186088612,-1.5533551072542742,-1.983529459406582,0.10236419365759532,0.019190548959876128,-0.6686437294115654,0.5491361369363739,-1.2954795705797806,-0.5272693895221551,-2.569828725821614,2.2938453219656365,-0.5119451448095732,-0.1652431291099688,-0.6757863852740903,False,False
2023-12-15,2023,12,4,349,-2.4492935982947064e-16,1.0,-0.27591294500296043,0.9611826292540837,0,Autumn_EarlyWinter,0,scaled_from_onesite,13099.944820124123,17.270833333333332,24.6,11.7,0.0,70.875,4129.0,5801.0,1065.0,0.0,-2.123283224005094,-1.6688932199063375,-2.0441611227034615,-1.3484025814096892,-0.22903091670219636,-0.6092092983370263,0.6795799139138494,-1.356624620582928,-0.5272693895221551,-3.4200909759709237,2.075921509001134,-0.10520374866717136,-0.2671378718541294,-0.14469682019206595,False,False
2023-12-16,2023,12,5,350,-2.4492935982947064e-16,1.0,-0.2593382659754056,0.9657865518844574,0,Autumn_EarlyWinter,0,scaled_from_onesite,11252.724075365582,17.233333333333334,24.9,11.9,0.2083333333333333,69.29166666666667,4134.0,5825.7,1062.0,0.0,-2.1320573311371693,-1.5995703523151001,-2.003740013838875,-1.342873744614463,-0.34842858372952185,-0.6048391195815455,0.692784673304602,-1.362019772053794,-0.5272693895221551,-3.4356049657607985,1.994814617484437,-0.06358625373666331,-0.17464955341244787,-0.1593242523107389,False,False
2023-12-17,2023,12,6,351,-2.4492935982947064e-16,1.0,-0.2426868445825954,0.9701046827361175,0,Autumn_EarlyWinter,0,scaled_from_onesite,9360.694402352929,17.133333333333333,24.8,12.1,8.833333333333334,66.29166666666667,4141.0,5848.2,1062.0,0.0,-2.155454950156039,-1.6226779748455122,-1.963318904974289,-1.1139799012921094,-0.5746557423076128,-0.5987208693238724,0.704813300279984,-1.362019772053794,-0.5272693895221551,-3.409745526219895,1.9647270291692573,-0.07564134216984543,0.02095385608678754,-0.33555310634247865,False,False
2023-12-18,2023,12,0,352,-2.4492935982947064e-16,1.0,-0.22596360824801906,0.974135744004672,0,Autumn_EarlyWinter,0,scaled_from_onesite,8390.417170548033,17.9875,24.5,12.8,46.125,67.0,3985.0,5418.9,1119.0,0.0,-1.9556002877031988,-1.6920008424367505,-1.8218450239482364,-0.12431811494666765,-0.5212409965322307,-0.7350704464948736,0.47530709758969597,-1.2595118941073409,-0.5272693895221551,-2.7312691703513297,2.16741062179887,-0.3599976564406562,0.25284630444734146,-0.6368117113673479,False,False
2023-12-19,2023,12,1,353,-2.4492935982947064e-16,1.0,-0.20917350564635637,0.9778785428342386,0,Autumn_EarlyWinter,0,scaled_from_onesite,9447.689297207251,17.341666666666665,24.0,12.8,41.04166666666666,63.333333333333336,4088.0,5716.6,1077.0,0.0,-2.1067099105333953,-1.8075389550888141,-1.8218450239482364,-0.2592217327501807,-0.7977408570165639,-0.6450447641319689,0.6344591976150835,-1.3350440146994642,-0.5272693895221551,-3.0405122732659757,2.097189232604646,-0.2743149324055241,0.3258635981983153,-0.7647835360524412,False,False
2023-12-20,2023,12,2,354,-2.4492935982947064e-16,1.0,-0.19232150523909483,0.9813319716704275,0,Autumn_EarlyWinter,0,scaled_from_onesite,8830.856148265279,18.04583333333333,24.4,13.1,41.333333333333336,67.625,4042.0,5504.7,1114.0,0.0,-1.9419516766088591,-1.7151084649671635,-1.7612133606513574,-0.25148136123686404,-0.4741103384951283,-0.6852504086823924,0.5211762617891527,-1.268503813225451,-0.5272693895221551,-2.769185137119795,2.113448649296294,-0.3374090101123915,0.15145125030354906,-0.5786379293191696,False,False
2023-12-21,2023,12,3,355,-2.4492935982947064e-16,1.0,-0.17541259380427843,0.9844950085880858,0,Autumn_EarlyWinter,0,scaled_from_onesite,12443.330086098014,18.1375,24.6,12.9,76.16666666666667,67.04166666666667,3927.0,5056.8,1237.0,0.0,-1.9205038591748955,-1.6688932199063375,-1.8016344695159434,0.6729401509249119,-0.5180989526630901,-0.7857645200584511,0.28172639413254913,-1.0473026029199468,-0.5272693895221551,-2.2058774046836773,2.317836037995106,-0.6354863816585139,0.4914631228839536,-0.9997576171782564,False,False
2023-12-22,2023,12,4,356,-2.4492935982947064e-16,1.0,-0.15845177496083632,0.9873667175937016,0,Autumn_EarlyWinter,0,scaled_from_onesite,13432.842370031503,19.054166666666667,25.4,13.4,48.54166666666666,74.58333333333333,3873.0,5021.9,1212.0,0.0,-1.7060256848352622,-1.4840322396630368,-1.7005816973544776,-0.060183608122047094,0.050610987651276945,-0.8329624506176438,0.263068657179623,-1.0922621985104963,-0.5272693895221551,-2.202140083142701,2.2073781109494,-0.4955575036548953,-0.022034846497609072,-0.3302522468377743,False,False
2023-12-23,2023,12,5,357,-2.4492935982947064e-16,1.0,-0.14144406768794202,0.9899462489023779,0,Autumn_EarlyWinter,0,scaled_from_onesite,8389.761430134558,19.9125,26.1,14.6,41.708333333333336,76.20833333333333,3187.0,3185.3,1464.0,0.0,-1.5051961215899694,-1.3222788819501472,-1.4580550441669597,-0.24152945500545736,0.17315069854774293,-1.4325509758696113,-0.7187880673975553,-0.6390694749577565,-0.5272693895221551,-1.4452605743894456,2.5626284022003953,-0.5808515921984552,0.5271578569447611,0.34178656830542914,False,False
2023-12-24,2023,12,6,358,-2.4492935982947064e-16,1.0,-0.12439450483979998,0.9922328391893008,0,Autumn_EarlyWinter,0,scaled_from_onesite,12955.900509297493,19.891666666666666,26.4,15.0,4.083333333333333,77.08333333333333,3801.0,4893.8,1222.0,0.0,-1.5100706255522343,-1.2529560143589098,-1.3772128264377872,-1.2400373802232607,0.23913361979968614,-0.8958930246965675,0.19458567426644865,-1.0742783602742767,-0.5272693895221551,-2.3620165168415914,1.8657662249688884,-0.16569639036605935,-0.2804530141410253,0.5282676164945738,False,False
2023-12-25,2023,12,0,359,-2.4492935982947064e-16,1.0,-0.10730813165636247,0.9942258118156161,0,Autumn_EarlyWinter,0,scaled_from_onesite,11708.463662730575,19.8625,26.7,14.1,0.375,75.625,3946.0,5322.599999999999,1121.0,0.0,-1.516894931099404,-1.1836331467676715,-1.5591078163284255,-1.3384506751782823,0.12916208437978113,-0.769157840787624,0.423824574135061,-1.255915126460097,-0.5272693895221551,-2.6736701387572555,1.718042621798792,-0.04449836122742433,-0.34293099014376544,0.4451043098390551,False,False
2023-12-26,2023,12,1,360,-2.4492935982947064e-16,1.0,-0.09019000427034513,0.9959245770286599,0,Autumn_EarlyWinter,0,scaled_from_onesite,11508.681416758582,19.4,26.6,13.8,0.2916666666666667,73.75,3982.0,5425.7,1111.0,0.0,-1.6251089190616739,-1.2067407692980836,-1.6197394796253048,-1.3406622098963727,-0.012229889731525764,-0.7376925537481621,0.4789424159644782,-1.2738989646963168,-0.5272693895221551,-2.81235462732239,1.7167573934008102,-0.024366576195577572,-0.267016559153507,0.3360066586207797,False,False
2023-12-27,2023,12,2,361,-2.4492935982947064e-16,1.0,-0.07304518821104743,0.9973286321364752,0,Autumn_EarlyWinter,0,scaled_from_onesite,12822.12946494863,19.8875,26.6,14.0,3.9583333333333335,73.875,3891.0,5164.8,1153.0,0.0,-1.5110455263446871,-1.2067407692980836,-1.5793183707607188,-1.2433546823003963,-0.0028037581241053037,-0.8172298070979129,0.33946380361438255,-1.1983668441041935,-0.5272693895221551,-2.625925742427749,1.7534509947290318,-0.0647662625703326,-0.16710075596251958,0.3821449210079613,False,False
2023-12-28,2023,12,3,362,-2.4492935982947064e-16,1.0,-0.05587875690537313,0.9984375616565666,0,Autumn_EarlyWinter,0,scaled_from_onesite,13615.575365253151,20.10833333333333,26.8,14.4,2.833333333333333,75.75,3929.0,5229.7,1143.0,0.0,-1.459375784344685,-1.1605255242372585,-1.498476153031546,-1.2732104009946164,0.1385882159872016,-0.7840164485562587,0.3741597098678175,-1.2163506823404133,-0.5272693895221551,-2.5593801913250043,1.6984888999174867,-0.06550289864870734,-0.31191688472221263,0.45986483940923467,False,False
2023-12-29,2023,12,4,363,-2.4492935982947064e-16,1.0,-0.03869579017652689,0.9992510374388481,0,Autumn_EarlyWinter,0,scaled_from_onesite,15113.942210043095,19.7625,26.8,14.4,2.2916666666666665,72.45833333333333,4041.0,5547.4,1096.0,0.0,-1.5402925501182734,-1.1605255242372585,-1.498476153031546,-1.2875853766622039,-0.10963324967487088,-0.6861244444334885,0.5440039227602107,-1.3008747220506465,-0.5272693895221551,-2.774176928903761,1.5618868074017724,0.016340627843861335,-0.2349456840872972,0.3173167282724425,False,False
2023-12-30,2023,12,5,364,-2.4492935982947064e-16,1.0,-0.021501372740813793,0.999768818762748,0,Autumn_EarlyWinter,0,scaled_from_onesite,17321.164441799305,19.454166666666666,26.5,13.6,1.25,69.75,4048.0,5545.6,1104.0,0.0,-1.6124352087597864,-1.2298483918284966,-1.6601605884898916,-1.3152295606383335,-0.3138661011689805,-0.6800061941758154,0.5430416326021805,-1.2864876514616708,-0.5272693895221551,-2.9450041722990705,1.6017667405300502,0.035196363073516576,-0.07173173076373511,0.19235316417866774,False,False
2023-12-31,2023,12,6,365,-2.4492935982947064e-16,1.0,-0.004300592702981974,0.9999907524084426,0,Autumn_EarlyWinter,0,scaled_from_onesite,16152.85360512502,18.9,25.6,13.6,14.958333333333334,75.70833333333333,3989.0,5305.6,1164.0,0.0,-1.7420970141560193,-1.4378169946022106,-1.6601605884898916,-0.9514320995124671,0.1354461721180611,-0.731574303490489,0.41473627819810627,-1.1785846220443517,-0.5272693895221551,-2.6356941527769497,1.9950430307226934,-0.2527631976234393,-0.32184770152728387,0.0800015658909258,False,False
2024-01-01,2024,1,0,1,0.49999999999999994,0.8660254037844387,0.017201575418260506,0.9998520419557735,0,Winter_Spring,3,scaled_from_onesite,12133.317047587896,18.525,25.2,13.5,0.0416666666666666,78.375,4032.0,5432.8,1133.0,0.0,-1.8298380854767782,-1.5302474847238619,-1.6803711429221846,-1.3472968140506438,0.33653697974303126,-0.693990766193354,0.4827381160322656,-1.2343345205766332,-0.5272693895221551,-2.844363046187816,2.048123717709926,-0.20566512201558165,-0.5978554643892918,0.26173090600600174,False,False
2024-01-02,2024,1,1,2,0.49999999999999994,0.8660254037844387,0.03439806061360801,0.9994082116062598,0,Winter_Spring,3,scaled_from_onesite,13895.827312244488,17.258333333333333,24.6,12.3,0.0,72.41666666666667,4099.0,5635.5,1101.0,0.0,-2.1262079263824525,-1.6688932199063375,-1.9228977961097022,-1.3484025814096892,-0.11277529354401032,-0.6354303708699112,0.5911026799393733,-1.2918828029325367,-0.5272693895221551,-3.2725546668440826,2.1131765429643554,-0.15261334848645522,-0.3176612414218509,-0.06547700684111671,False,False
2024-01-03,2024,1,2,3,0.49999999999999994,0.8660254037844387,0.051584366869408364,0.9986686402879997,0,Winter_Spring,3,scaled_from_onesite,13979.308338077006,17.604166666666668,24.8,11.7,0.0,74.25,4128.0,5669.3,1107.0,0.0,-2.0452911606088633,-1.6226779748455122,-2.0441611227034615,-1.3484025814096892,0.025474636698156077,-0.6100833340881224,0.6091723506846137,-1.2810924999908047,-0.5272693895221551,-3.2491789342049415,2.1110899978143705,-0.17608637941661978,-0.4197542882890775,-0.0541303351200752,False,False
2024-01-04,2024,1,3,4,0.49999999999999994,0.8660254037844387,0.06875540848113941,0.9976335468520451,0,Winter_Spring,3,scaled_from_onesite,11319.377045720861,18.695833333333333,26.1,12.0,0.6666666666666666,75.04166666666667,4089.0,5594.4,1094.0,0.0,-1.78986715298621,-1.3222788819501472,-1.983529459406582,-1.3307103036649661,0.08517347021181935,-0.6441707283808727,0.5691303879976753,-1.3044714896978906,-0.5272693895221551,-3.054553533601126,1.8954913992348623,-0.09688798100563556,-0.3984597578261385,0.12917098226847143,False,False
2024-01-05,2024,1,4,5,0.49999999999999994,0.8660254037844387,0.08590610426133272,0.9963032375991965,0,Winter_Spring,3,scaled_from_onesite,10602.94561910902,19.654166666666665,26.5,13.5,1.125,74.79166666666667,4035.0,5425.9,1117.0,0.0,-1.5656399707220485,-1.2298483918284966,-1.6803711429221846,-1.318546862715469,0.06632120699697842,-0.6913686589400655,0.4790493370931481,-1.2631086617545848,-0.5272693895221551,-2.7875981280593605,1.721750001869631,-0.05620056253473792,-0.3363333459531001,0.3138027108786632,False,False
2024-01-06,2024,1,5,6,0.49999999999999994,0.8660254037844387,0.10303137904317879,0.9946781061893646,0,Winter_Spring,3,scaled_from_onesite,11160.62624249837,20.2875,27.0,13.4,52.75,73.58333333333333,3991.0,5292.8,1120.0,0.0,-1.4174550502692105,-1.1143102791764332,-1.7005816973544776,0.05149889514151699,-0.024798065208086736,-0.7298262319882967,0.4078933259632222,-1.257713510283719,-0.5272693895221551,-2.1509424200541765,1.820012650117868,-0.3463264592923793,-0.008526444986080215,-0.291957878367736,False,False
2024-01-07,2024,1,6,7,0.49999999999999994,0.8660254037844387,0.1201261651823505,0.9927586335250793,0,Winter_Spring,3,scaled_from_onesite,10994.861664564542,19.95833333333333,26.5,15.1,2.7916666666666665,78.45833333333333,3922.0,5077.4,1168.0,0.0,-1.494472212872989,-1.2298483918284966,-1.357002272005494,-1.2743161683536617,0.3428210674813112,-0.7901346988139318,0.2927392703855652,-1.1713910867498638,-0.5272693895221551,-2.412348793822104,1.7920256167685213,-0.1426981124980265,-0.4579352990781194,0.5410479675176727,False,False
2024-01-08,2024,1,0,8,0.49999999999999994,0.8660254037844387,0.13718540405660057,0.9905453876091833,0,Winter_Spring,3,scaled_from_onesite,11024.798507844647,19.475,26.4,14.7,2.083333333333333,76.91666666666667,3996.0,5156.5,1193.0,0.0,-1.6075607047975213,-1.2529560143589098,-1.4378444897346667,-1.2931142134574296,0.22656544432312625,-0.7254560532328158,0.3350265767745749,-1.126431491159314,-0.5272693895221551,-2.5303497612883374,1.784570659090737,-0.15180778765473713,-0.39904866460933347,0.4075840477689835,False,False
2024-01-09,2024,1,1,9,0.49999999999999994,0.8660254037844387,0.1542040475626894,0.988039023376751,0,Winter_Spring,3,scaled_from_onesite,11434.33452391646,18.83333333333333,26.1,13.8,0.4166666666666667,76.875,4160.0,5611.0,1133.0,0.0,-1.757695426835266,-1.3222788819501472,-1.6197394796253048,-1.3373449078192372,0.22342340045398573,-0.5821141900530452,0.5780048416772906,-1.2343345205766332,-0.5272693895221551,-2.831873912523879,1.7822333182355325,-0.13733381744208303,-0.5603246783844452,0.22665651931204334,False,False
2024-01-10,2024,1,2,10,0.49999999999999994,0.8660254037844387,0.17117705961019986,0.985240282501282,0,Winter_Spring,3,scaled_from_onesite,11715.227647721771,20.391666666666666,26.9,13.9,8.333333333333334,74.125,4088.0,5460.5,1124.0,0.0,-1.393082530457889,-1.1374179017068462,-1.5995289251930118,-1.1272491096006516,0.016048505090735618,-0.6450447641319689,0.49754669235306903,-1.250519974989231,-0.5272693895221551,-2.6224257559385427,1.5665629150062264,-0.06063972957470989,-0.2828523282018986,0.2620843208387218,False,False
2024-01-11,2024,1,3,11,0.49999999999999994,0.8660254037844387,0.18809941761179758,0.9821499931752291,0,Winter_Spring,3,scaled_from_onesite,10650.502433005411,19.64583333333333,26.2,12.4,3.333333333333333,66.54166666666667,3994.0,5022.5,1257.0,0.0,-1.567589772306955,-1.2991712594197349,-1.9026872416774092,-1.259941192686074,-0.555803479092772,-0.7272041247350082,0.2633894205656334,-1.011334926447507,-0.5272693895221551,-2.868941269079912,1.7079352902504903,-0.05439009353039622,0.31345235421593076,0.04065444772779773,False,False
2024-01-12,2024,1,4,12,0.49999999999999994,0.8660254037844387,0.20496611396949532,0.9787690698649216,0,Winter_Spring,3,scaled_from_onesite,15627.37432756566,17.0125,24.1,11.4,0.0,61.958333333333336,4414.0,6124.4,1103.0,0.0,-2.1837270731371725,-1.7844313325584011,-2.104792786000341,-1.3484025814096892,-0.901428304698189,-0.36010910927462,0.8524713789733394,-1.2882860352852927,-0.5272693895221551,-3.745085119402094,1.791524450963981,-0.022818337792818257,0.106190765252871,-0.55921894965581,False,False
2024-01-13,2024,1,5,13,0.49999999999999994,0.8660254037844387,0.22177215755648186,0.975098513039961,0,Winter_Spring,3,scaled_from_onesite,16110.298376592695,16.195833333333333,24.0,10.1,0.0,70.16666666666667,4361.0,5980.2,1118.0,0.0,-2.374807628457936,-1.8075389550888141,-2.367529993620152,-1.3484025814096892,-0.2824456624775786,-0.4064330040827166,0.7753812452022248,-1.2613102779309628,-0.5272693895221551,-3.6834272374936123,2.176397417597921,-0.2086167361327146,-0.31220771011131976,-0.4937587000069103,False,False
2024-01-14,2024,1,6,14,0.49999999999999994,0.8660254037844387,0.23851257519407648,0.9711394088771653,0,Winter_Spring,3,scaled_from_onesite,13912.591944481346,16.4375,24.2,9.9,0.0,70.08333333333333,4410.0,6064.6,1111.0,0.0,-2.3182633824956693,-1.7613237100279888,-2.407951102484738,-1.3484025814096892,-0.2887297502158596,-0.36360525227900464,0.8205019615009913,-1.2738989646963168,-0.5272693895221551,-3.700580460681438,2.1051201542866758,-0.19059203056357263,-0.3300551650054054,-0.5112489739580481,False,False
2024-01-15,2024,1,0,15,0.49999999999999994,0.8660254037844387,0.2551824131233728,0.9668929289391521,0,Winter_Spring,3,scaled_from_onesite,10567.021407172895,16.583333333333332,24.4,10.2,0.0,71.625,4409.0,5974.6,1143.0,0.0,-2.284141854759819,-1.7151084649671635,-2.347319439187859,-1.3484025814096892,-0.1724741270576736,-0.36447928803010077,0.7723874535994634,-1.2163506823404133,-0.5272693895221551,-3.5774942717402896,2.096204055088267,-0.2249536619557676,-0.3926615501584952,-0.4508634285463885,False,False
2024-01-16,2024,1,1,16,0.49999999999999994,0.8660254037844387,0.2717767384711357,0.9623603298276545,0,Winter_Spring,3,scaled_from_onesite,6475.082599972499,17.591666666666665,24.4,9.9,4.208333333333333,72.125,4313.0,5691.3,1178.0,0.0,-2.048215862986223,-1.7151084649671635,-2.407951102484738,-1.2367200781461252,-0.13476960062799176,-0.4483867201353324,0.6209336748383206,-1.153407248513644,-0.5272693895221551,-3.379778522845944,2.1282057946838515,-0.26194043149176743,-0.29496552705885737,-0.3925494075245421,False,False
2024-01-17,2024,1,2,17,0.49999999999999994,0.8660254037844387,0.2882906407095177,0.9575429528116719,0,Winter_Spring,3,scaled_from_onesite,8807.761428358142,19.8,25.5,12.4,62.79166666666666,75.41666666666667,3686.0,3919.3,1515.0,1.6,-1.5315184429861972,-1.4609246171326236,-1.9026872416774092,0.31798882867140665,0.11345186503408072,-0.9964071360726262,-0.32638752517842806,-0.5473518999530353,-0.3576330923317446,-1.5298445691671771,2.5093671208558535,-0.664203800207249,0.36133897159669087,-0.5040697106120964,False,False
2024-01-18,2024,1,3,18,0.49999999999999994,0.8660254037844387,0.3047192331091634,0.9524422234305676,0,Winter_Spring,3,scaled_from_onesite,946.0042476512622,18.616666666666667,21.8,17.0,94.45833333333331,89.66666666666667,1788.0,541.0,1454.0,8.5,-1.8083902680428143,-2.3159066507578934,-0.9730017377919239,1.158372021545748,1.1880308682800131,-2.6553269916531423,-2.132445770108779,-0.6570533131939763,0.3739234393019004,0.2526107017093861,4.80671743826526,-0.5783074959716532,0.5825959440533158,0.42846740257411725,True,False
2024-01-19,2024,1,4,19,0.49999999999999994,0.8660254037844387,0.321057654185271,0.9470596510722283,0,Winter_Spring,3,scaled_from_onesite,3365.4143877112615,18.695833333333333,23.6,14.9,61.625,80.08333333333333,2935.0,2164.9,1701.0,0.0,-1.78986715298621,-1.8999694452104645,-1.3974233808700802,0.2870273426181417,0.4653607783777772,-1.6528079851458441,-1.2642996658722114,-0.2128525087593463,-0.5272693895221551,-0.9041795683639237,3.3495049186585097,-1.0838441744071898,0.635975006819137,0.10124490316919298,False,False
2024-01-20,2024,1,5,20,0.49999999999999994,0.8660254037844387,0.3373010691361842,0.9413968285264122,0,Winter_Spring,3,scaled_from_onesite,14852.095620448928,18.308333333333334,23.7,14.1,59.333333333333336,78.83333333333333,4315.0,5501.5,1223.0,0.6,-1.8805329266843274,-1.8768618226800524,-1.5591078163284255,0.2262101378706565,0.3710994623035726,-0.44663864863314007,0.5194655237304318,-1.0724799764506545,-0.4636557780757512,-2.146278471634994,2.3018622563510207,-0.702037062090821,-0.5537840186494533,-0.7474229904756821,False,False
2024-01-21,2024,1,6,21,0.49999999999999994,0.8660254037844387,0.3534446712740877,0.9354554315134164,0,Winter_Spring,3,scaled_from_onesite,4477.012145620466,17.4125,21.1,12.8,68.95833333333333,87.33333333333333,1853.0,960.8,1424.0,1.0,-2.0901365970616954,-2.477660008470782,-1.8218450239482364,0.4816423978100944,1.012076411608164,-2.5985146678318918,-1.9080183210303192,-0.7110048279026359,-0.42124670377814855,-0.9097281837451602,4.8081015222832155,-1.1021032236568757,0.6831083469026805,0.5699639574634067,False,False
2024-01-22,2024,1,0,22,0.49999999999999994,0.8660254037844387,0.3694836834473831,0.9292372181882051,0,Winter_Spring,3,scaled_from_onesite,14631.418318555596,15.354166666666666,22.7,9.9,51.79166666666666,72.58333333333333,4587.0,6144.1,1153.0,0.0,-2.5717375885334173,-2.107938047984179,-2.407951102484738,0.026066245883477446,-0.10020711806745042,-0.2089009243349839,0.8630031101473409,-1.1983668441041935,-0.5272693895221551,-3.205425115341148,2.529033358902188,-0.7122475688058324,-0.4016882730990329,-1.3788626845749703,False,False
2024-01-23,2024,1,1,23,0.49999999999999994,0.8660254037844387,0.38541335945432564,0.9227440286201427,0,Winter_Spring,3,scaled_from_onesite,13381.768946206143,18.0875,23.5,9.7,70.04166666666667,73.33333333333333,4251.0,5206.1,1270.0,0.0,-1.93220266868433,-1.9230770677408775,-2.4483722113493247,0.5103923491452694,-0.04365032842292765,-0.5025769367032945,0.3615430166847505,-0.9879559367404214,-0.5272693895221551,-2.467049803523386,2.562672764584055,-0.8213286660756728,0.0024721992376547115,-1.2074151212326618,False,False
2024-01-24,2024,1,2,24,0.49999999999999994,0.8660254037844387,0.4012289854475009,0.9159777842484877,0,Winter_Spring,3,scaled_from_onesite,3555.4705756209464,16.833333333333332,20.5,12.5,56.54166666666666,88.25,1395.0,536.0,1152.0,5.7,-2.225647807212646,-2.616305743653258,-1.8824766872451162,0.1521237248146287,1.0812013767292477,-2.9988230418339343,-2.135118798325531,-1.2001652279278154,0.07705991921868213,-1.0659267575310547,5.3532747748489005,-0.46534896260771275,0.6475955495030719,0.902094716671243,False,False
2024-01-25,2024,1,3,25,0.49999999999999994,0.8660254037844387,0.4169258813287287,0.908940487313808,0,Winter_Spring,3,scaled_from_onesite,10416.995055420606,16.537499999999998,22.8,12.4,28.33333333333333,84.58333333333333,3520.0,2995.0,1739.0,0.0,-2.2948657634768006,-2.084830425453766,-1.9026872416774092,-0.5964807772589624,0.8047015162449138,-1.141497070754589,-0.8205235213271194,-0.1445139234617109,-0.5272693895221551,-1.7416785120268121,3.349520316579826,-1.09495922315357,-0.08701150549020976,-0.06695996550683404,False,False
2024-01-26,2024,1,4,26,0.49999999999999994,0.8660254037844387,0.4324994021339788,0.901634220265486,0,Winter_Spring,3,scaled_from_onesite,9731.526878144186,16.316666666666666,23.0,10.4,47.79166666666666,70.79166666666667,4627.0,6052.9,1194.0,0.0,-2.346535505476803,-2.038615180392941,-2.3068983303232726,-0.08008742058486046,-0.2353150044404763,-0.1739394942911374,0.8142470754737923,-1.124633107335692,-0.5272693895221551,-3.1179529558654844,2.312849989325224,-0.645350628480815,-0.2868402817501223,-1.287931786502,False,False
2024-01-27,2024,1,5,27,0.49999999999999994,0.8660254037844387,0.44794493940789115,0.8940611451454876,0,Winter_Spring,3,scaled_from_onesite,8741.558237790145,16.320833333333333,23.4,10.4,30.0,68.79166666666667,4171.0,4359.5,1683.0,0.0,-2.34556060468435,-1.9461846902712905,-2.3068983303232726,-0.5522500828971548,-0.38613311015920365,-0.5724997967909874,-0.09105412097562188,-0.24522341758454202,-0.5272693895221551,-2.6013785249231858,2.563556623227109,-0.8074821421448328,0.41569709400990484,-0.926693064226268,False,False
2024-01-28,2024,1,6,28,0.49999999999999994,0.8660254037844387,0.4632579225674917,0.88622350294858,0,Winter_Spring,3,scaled_from_onesite,8886.62362694173,17.504166666666666,24.1,9.5,29.20833333333333,70.66666666666667,4679.0,6125.1,1183.0,0.0,-2.068688779627733,-1.7844313325584011,-2.488793320213911,-0.5732596627190135,-0.24474113604789677,-0.12848963523413695,0.852845602923685,-1.144415329395534,-0.5272693895221551,-3.292684088829673,2.0185270702396636,-0.44238690735629865,-0.3212575571724494,-1.0034169280465117,False,False
2024-01-29,2024,1,0,29,0.49999999999999994,0.8660254037844387,0.4784338202547012,0.8781236129591848,0,Winter_Spring,3,scaled_from_onesite,8956.932441731,19.1,25.9,11.8,24.375,75.70833333333333,4664.0,6015.2,1207.0,0.0,-1.6953017761182805,-1.3684941270109732,-2.023950568271168,-0.701528676368255,0.1354461721180611,-0.14160017150057938,0.7940924427194856,-1.1012541176286064,-0.5272693895221551,-2.800596849604256,1.6501340945974303,-0.37269316084176496,-0.5860649880458072,-0.5226730109802089,False,False
2024-01-30,2024,1,1,30,0.49999999999999994,0.8660254037844387,0.49346814167723735,0.8697638720650646,0,Winter_Spring,3,scaled_from_onesite,9108.32733489038,21.22083333333333,27.9,14.6,44.125,80.58333333333333,4462.0,5487.3,1258.0,0.0,-1.1990772727597667,-0.9063416764027193,-1.4580550441669597,-0.17739494818083662,0.503065304807459,-0.3181553932220042,0.5118741235948574,-1.0095365426238851,-0.5272693895221551,-1.8351078031682877,1.4197093044585631,-0.45383895884270625,-0.5974381121605528,-0.17532639518498824,False,False
2024-01-31,2024,1,2,31,0.49999999999999994,0.8660254037844387,0.5083564379375122,0.8611467540480452,0,Winter_Spring,3,scaled_from_onesite,8093.040678505162,20.629166666666663,26.8,17.0,65.70833333333333,87.125,3219.0,1945.2,1959.0,0.7,-1.3375131852880757,-1.1605255242372585,-0.9730017377919239,0.39539254380456984,0.9963661922624635,-1.404581831834534,-1.3817525257162746,0.2511305177351255,-0.4530535095013505,0.010621560515575569,2.7430089058279488,-1.1556006671390464,0.32198088850841206,0.3127912163700827,False,False
2024-02-01,2024,2,3,32,0.8660254037844386,0.5000000000000001,0.5230943033491326,0.8522748088519838,0,Winter_Spring,3,scaled_from_onesite,3521.3032619801506,20.116666666666667,24.5,17.2,61.54166666666666,92.0,1772.0,824.7,1391.0,20.5,-1.4574259827597786,-1.6920008424367505,-0.9325806289273377,0.28481580790005107,1.3639853249518614,-2.6693115636706812,-1.9807781490902965,-0.7703514940821613,1.6461956682299788,0.4732817661275102,4.533366299794462,0.8750299453243418,0.16187260059784772,0.6987075472288029,True,False
2024-02-02,2024,2,4,33,0.8660254037844386,0.5000000000000001,0.5376773767406141,0.8431506618282,0,Winter_Spring,3,scaled_from_onesite,10084.650435246182,20.816666666666663,27.4,15.5,28.5,81.58333333333333,4021.0,3937.7,1625.0,0.2,-1.2936426496276963,-1.0218797890547828,-1.2761600542763214,-0.5920577078227816,0.5784743576668228,-0.7036051594554118,-0.31655078134078257,-0.3495296793546171,-0.5060648523733537,-1.336182512794744,1.8295192899986208,-0.6242274285277826,-0.18929402791639738,0.2375072646523693,False,False
2024-02-03,2024,2,5,34,0.8660254037844386,0.5000000000000001,0.5521013427459208,0.8337770129585915,0,Winter_Spring,3,scaled_from_onesite,15382.345708851957,20.275,26.9,14.8,0.0,71.58333333333333,4886.0,6352.9,1198.0,0.0,-1.4203797526465698,-1.1374179017068462,-1.4176339353023732,-1.3484025814096892,-0.17561617092681409,0.05243576524276867,0.9746287684788851,-1.1174395720412043,-0.5272693895221551,-2.8750941873505105,0.9248933673366738,-0.040732007059385435,-0.5981213123069801,-0.13033279280885907,False,False
2024-02-04,2024,2,6,35,0.8660254037844386,0.5000000000000001,0.5663619330814524,0.8241566360566663,0,Winter_Spring,3,scaled_from_onesite,15883.062095835476,21.125,27.8,15.2,14.583333333333334,72.66666666666667,4806.0,5838.3,1250.0,0.0,-1.2214999909861823,-0.9294492989331316,-1.336791717573201,-0.9613840057438737,-0.09392303032916939,-0.01748709484492432,0.6995207044108162,-1.023923613212861,-0.5272693895221551,-2.4055573316955647,0.9123812703347899,-0.13593515927590893,-0.43703271934147403,-0.10796230374379988,False,False
2024-02-05,2024,2,0,36,0.8660254037844386,0.5000000000000001,0.580454927809098,0.8142923779467267,0,Winter_Spring,3,scaled_from_onesite,15896.844717685506,22.40416666666667,28.0,16.5,17.5,75.04166666666667,4798.0,5953.8,1255.0,0.0,-0.9222054477031487,-0.8832340538723062,-1.0740545099533898,-0.8839802906107107,0.08517347021181935,-0.02447938085369362,0.7612676562177768,-1.014931694094751,-0.5272693895221551,-2.124501602357107,0.7432608784813324,-0.1406025054650541,-0.5997642552522467,0.046318268843964006,False,False
2024-02-06,2024,2,1,37,0.8660254037844386,0.5000000000000001,0.5943761565849831,0.804187157621448,0,Winter_Spring,3,scaled_from_onesite,9352.448649463267,23.495833333333334,29.5,18.4,32.25,82.29166666666667,4197.0,4238.4,1512.0,5.5,-0.6667814400804952,-0.5366197159161159,-0.69005397573982,-0.49253864550871473,0.6318891034422061,-0.5497748672624873,-0.15579486438534457,-0.5527470514239012,0.05585538206988081,-0.7323338949599119,1.2253430067247644,0.06247333934820467,-0.4257985231598716,0.385260441316344,False,False
2024-02-07,2024,2,2,38,0.8660254037844386,0.5000000000000001,0.6081214998935418,0.7938439653781019,0,Winter_Spring,3,scaled_from_onesite,14203.461678565756,22.179166666666664,29.2,17.1,14.416666666666666,67.625,4633.0,5417.9,1391.0,0.0,-0.9748500904956052,-0.6059425835073541,-0.9527911833596304,-0.9658070751800546,-0.4741103384951283,-0.16869527978456042,0.47477249194634563,-0.7703514940821613,-0.5272693895221551,-2.0254670449099135,0.5631110966668336,-0.03428174202918137,0.056517086465801024,0.08347830587735523,False,False
2024-02-08,2024,2,3,39,0.8660254037844386,0.5000000000000001,0.6216868902665479,0.7832658619336791,0,Winter_Spring,3,scaled_from_onesite,18937.322421942976,19.7,27.0,14.1,33.458333333333336,48.41666666666666,5076.0,6481.3,1236.0,0.0,-1.5549160620050666,-1.1143102791764332,-1.5591078163284255,-0.46047139209640425,-1.9225925621687399,0.21850255795103954,1.0432721330850652,-1.0491009867435688,-0.5272693895221551,-3.1477065775862436,0.5140510295195367,0.07445182973632283,0.8428273283260945,-1.2080810861791575,False,False
2024-02-09,2024,2,4,40,0.8660254037844386,0.5000000000000001,0.6350683134867438,0.7724559775191742,0,Winter_Spring,3,scaled_from_onesite,19777.749113389196,18.029166666666665,24.4,12.2,30.45833333333333,50.625,5134.0,6329.4,1370.0,0.0,-1.9458512797786705,-1.7151084649671635,-1.9431083505419957,-0.5400866419476579,-1.756064237104311,0.2691966315146169,0.9620655358601529,-0.808117554378223,-0.5272693895221551,-3.391921167333991,1.086368147526428,-0.2124925430177966,0.6994699582623243,-1.5328162144940027,False,False
2024-02-10,2024,2,5,41,0.8660254037844386,0.5000000000000001,0.6482618097757122,0.7614175109532997,0,Winter_Spring,3,scaled_from_onesite,18121.79842224851,18.725,26.2,11.9,0.0416666666666666,58.04166666666666,5195.0,6637.8,1227.0,0.0,-1.7830428474390394,-1.2991712594197349,-2.003740013838875,-1.3472968140506438,-1.1967804283973644,0.3225128123314829,1.1269379162693887,-1.0652864411561667,-0.5272693895221551,-3.6291306617150183,0.8246283934537513,0.056883136475378585,0.08835093953480139,-0.8723960280157912,False,False
2024-02-11,2024,2,6,42,0.8660254037844386,0.5000000000000001,0.6612634749656386,0.7501537286959042,0,Winter_Spring,3,scaled_from_onesite,15389.393640479808,20.579166666666666,28.1,12.8,32.5,58.0,5057.0,6290.4,1288.0,0.0,-1.3492119947975096,-0.8601264313418933,-1.8218450239482364,-0.48590404135444365,-1.1999224722665038,0.20189587868021244,0.9412159157694908,-0.9555850279152257,-0.5272693895221551,-2.8511450535159257,0.6150371935726565,-0.05941362637252128,0.3979054155507752,-0.9741524964083599,False,False
2024-02-12,2024,2,0,43,0.8660254037844386,0.5000000000000001,0.6740694616546161,0.7386679638813748,0,Winter_Spring,3,scaled_from_onesite,13248.858494748249,22.67083333333333,29.6,15.7,74.625,62.66666666666666,4988.0,5906.6,1312.0,0.0,-0.8598117969861656,-0.5135120933857028,-1.2357389454117351,0.6320267586402398,-0.8480135589228073,0.14158741185457724,0.7360342698516423,-0.912423816148298,-0.5272693895221551,-1.7146963160027506,0.4394714859915784,-0.29750386550125596,0.38368275783130207,-1.0011062580488819,False,False
2024-02-13,2024,2,1,44,0.8660254037844386,0.5000000000000001,0.6866759803451553,0.726963615332308,0,Winter_Spring,3,scaled_from_onesite,10255.210380640317,23.15416666666667,30.2,16.5,91.70833333333331,69.95833333333333,4782.0,5376.0,1518.0,0.0,-0.7467233050616309,-0.37486635820322717,-1.0740545099533898,1.0853913758487659,-0.29815588182328007,-0.03846395287123222,0.4523725154899679,-0.5419567484821693,-0.5272693895221551,-0.9492085147534354,0.6525540382094065,-0.6216201943307352,0.2542608356862325,-0.9347735065688283,False,False
2024-02-14,2024,2,2,45,0.8660254037844386,0.5000000000000001,0.6990793005655562,0.7150441465537444,0,Winter_Spring,3,scaled_from_onesite,13995.156143786873,22.85,30.0,16.8,88.54166666666667,65.66666666666667,4900.0,5237.5,1612.0,0.0,-0.8178910629106909,-0.42108160326405236,-1.01342284665651,1.0013530565613322,-0.6217864003447152,0.06467226575811494,0.37832963388595,-0.3729086690617029,-0.5272693895221551,-0.9970910978795804,0.5374172400395612,-0.6168385533336247,0.5014061463273897,-1.0700594401508394,False,False
2024-02-15,2024,2,3,46,0.8660254037844386,0.5000000000000001,0.7112757519738152,0.7029130847082615,0,Winter_Spring,3,scaled_from_onesite,14443.717836724256,22.39583333333333,29.0,17.5,28.20833333333333,75.41666666666667,4605.0,4859.0,1709.0,0.0,-0.924155249288056,-0.6521578285681793,-0.8719489656304581,-0.599798079336098,0.11345186503408072,-0.19316828081525297,0.1759813978778578,-0.19846543817037043,-0.5272693895221551,-1.289973082012994,0.8200383716146366,-0.47781206810384047,-0.1514997177223127,-0.005682148557117685,False,False
2024-02-16,2024,2,4,47,0.8660254037844386,0.5000000000000001,0.7232617254437388,0.6905740195722293,0,Winter_Spring,3,scaled_from_onesite,15575.30241475239,22.445833333333336,29.5,15.6,3.6666666666666665,72.33333333333333,5086.0,6032.1,1335.0,0.0,-0.9124564397786197,-0.5366197159161159,-1.2559494998440281,-1.2510950538137127,-0.11905938128229133,0.22724291546200115,0.8031272780921062,-0.8710609882049924,-0.5272693895221551,-2.3194628158290986,0.35312865953832057,-0.015970030660890488,-0.5075218693032566,0.01768674678771656,False,False
2024-02-17,2024,2,5,48,0.8660254037844386,0.5000000000000001,0.7350336741329413,0.6780306024735382,0,Winter_Spring,3,scaled_from_onesite,16875.724110443407,22.52916666666667,29.6,15.4,9.5,69.33333333333333,5250.0,6294.8,1380.0,0.0,-0.8929584239295624,-0.5135120933857028,-1.2963706087086144,-1.0962876235473866,-0.3452865398603824,0.3705847786417718,0.9435681806002324,-0.7901337161420031,-0.5272693895221551,-2.3577307842123387,0.17694068312807773,-0.03282238610598678,-0.39198992415768313,-0.24865400706506455,False,False
2024-02-18,2024,2,6,49,0.8660254037844386,0.5000000000000001,0.746588114532413,0.6652865452111116,0,Winter_Spring,3,scaled_from_onesite,16046.574109601757,23.9875,30.5,17.6,37.208333333333336,75.0,4746.0,4981.6,1442.0,0.1,-0.5517431465710557,-0.3055434906119889,-0.8517384111981646,-0.3609523297823375,0.08203142634267883,-0.06992923991069407,0.24152404975260594,-0.6786339190774401,-0.5166671209477545,-1.2458026208869515,0.4809377389396682,-0.25142595668040535,-0.18915280128108572,0.11033887455206841,False,False
2024-02-19,2024,2,0,50,0.8660254037844386,0.5000000000000001,0.7579216274973472,0.6523456189565257,0,Winter_Spring,3,scaled_from_onesite,14184.353952819118,25.6375,31.3,21.6,39.083333333333336,76.375,4769.0,4920.900000000001,1509.0,0.0,-0.16568243275971664,-0.12068251036868717,-0.04331623390643818,-0.3111927986253041,0.1857188740243039,-0.04982641763548233,0.20907348720124225,-0.5581422028947672,-0.5272693895221551,-0.6438562342774081,0.03814147093323235,-0.23008941545167988,-0.2862858457747949,0.4443305323066329,False,False
2024-02-20,2024,2,1,51,0.8660254037844386,0.5000000000000001,0.7690308592589181,0.6392116531380588,0,Winter_Spring,3,scaled_from_onesite,17300.792697954603,26.65,35.0,20.8,21.875,67.33333333333333,4910.0,5606.0,1405.0,0.0,0.07121845980633233,0.7342995232565823,-0.20500066936478362,-0.7678747179109662,-0.49610464557910977,0.07341262326907656,0.5753318134605391,-0.7451741205514535,-0.5272693895221551,-1.1044220516637646,-0.8567501327426987,0.29788137245329616,0.11337112553355491,0.5799684006055684,False,False
2024-02-21,2024,2,2,52,0.8660254037844386,0.5000000000000001,0.7799125224167177,0.6258885343075018,0,Winter_Spring,3,scaled_from_onesite,15453.608128644726,26.479166666666668,34.2,20.2,41.16666666666666,63.833333333333336,4723.0,5103.6,1501.0,0.1,0.031247527315764974,0.5494385430132814,-0.3262639959585429,-0.2559044306730451,-0.7600363305868821,-0.0900320621859058,0.3067459382413437,-0.572529273483743,-0.5166671209477545,-0.8797666437253462,-0.5665648911989125,0.12914821511961394,0.5688166851558927,0.2686711457982312,False,False
2024-02-22,2024,2,3,53,0.8660254037844386,0.5000000000000001,0.7905633969115482,0.612380204990065,0,Winter_Spring,3,scaled_from_onesite,10957.497612180547,25.525,31.6,20.4,35.0,68.83333333333333,4768.0,5186.0,1471.0,0.0,-0.1920047541559445,-0.05135964277744893,-0.28584288709395667,-0.4195579998117324,-0.38299106629006424,-0.05070045338657849,0.35079744325340906,-0.6264807881924026,-0.5272693895221551,-1.0425603841936328,-0.13753902619523758,-0.04187681169150767,0.11665617835791461,0.2724770978193677,False,False
2024-02-23,2024,2,4,54,0.8660254037844386,0.5000000000000001,0.8009803309782905,0.5986906625177214,0,Winter_Spring,3,scaled_from_onesite,16547.44711728812,23.52916666666667,30.0,18.5,17.0,62.75,4962.0,5297.6,1426.0,1.1,-0.6589822337408718,-0.42108160326405236,-0.6698434213075265,-0.897249498919253,-0.8417294711845262,0.11886248232607702,0.4104594330513038,-0.7074080602553918,-0.4106444352037479,-1.7917280467669838,0.06554635828811987,0.15610918047247538,0.27316530287775037,-0.025346942644569645,False,False
2024-02-24,2024,2,5,55,0.8660254037844386,0.5000000000000001,0.8111602420785621,0.5848239578463322,0,Winter_Spring,3,scaled_from_onesite,9780.649651031285,24.066666666666663,29.6,18.3,39.25,51.583333333333336,4604.0,4542.8,1643.0,0.0,-0.5332200315144521,-0.5135120933857028,-0.7102645301721127,-0.30676972918912343,-1.6837972281140872,-0.19404231656634913,0.006939093450489977,-0.3171587705294214,-0.5272693895221551,-1.494911727070031,0.1344643022423694,-0.04104495161580262,1.3650129196850453,-0.35995204392883917,False,False
2024-02-25,2024,2,6,56,0.8660254037844386,0.5000000000000001,0.8211001178128892,0.5707841943569036,0,Winter_Spring,3,scaled_from_onesite,10374.711976908202,21.808333333333334,25.0,18.1,48.41666666666666,63.875,3107.0,2263.4,1837.0,1.1,-1.0616162610239106,-1.5764627297846872,-0.7506856390366988,-0.06350091019918265,-0.7568942867177422,-1.5024738359573042,-1.211641010002206,0.0317276912532435,-0.4106444352037479,-0.7592822199610587,2.22721032098406,-0.5517763390315843,1.4969553283965207,0.19164797197994612,False,False
2024-02-26,2024,2,0,57,0.8660254037844386,0.5000000000000001,0.8307970168121247,0.5565755266413303,0,Winter_Spring,3,scaled_from_onesite,17332.27345922569,23.84583333333333,30.1,17.8,35.916666666666664,58.958333333333336,5403.0,6113.2,1436.0,0.0,-0.5848897735144541,-0.3979739807336394,-0.8113173023335785,-0.3952311179127384,-1.12765546327628,0.5043122485594846,0.8464837957678161,-0.6894242220191721,-0.5272693895221551,-1.9168045897307022,-0.31011444364810203,-0.012193420480685647,0.301207925577014,-0.6246509140239488,False,False
2024-02-27,2024,2,1,58,0.8660254037844386,0.5000000000000001,0.8402480696078469,0.5422021592729844,0,Winter_Spring,3,scaled_from_onesite,15136.92106749969,24.9625,31.0,18.2,65.45833333333333,59.875,5209.0,5100.0,1802.0,0.1,-0.3236163611370829,-0.19000537795992542,-0.7304750846044061,0.3887579396502987,-1.0585304981551968,0.33474931284682913,0.3048213579252824,-0.031215742573525936,-0.5166671209477545,-0.9121259820888591,-0.20961585552288384,-0.39681492044450545,0.759985256284344,-0.8475123147248407,False,False
2024-02-28,2024,2,2,59,0.8660254037844386,0.5000000000000001,0.8494504794814806,0.527668345562516,0,Winter_Spring,3,scaled_from_onesite,19767.8820091102,25.5125,32.3,19.4,9.25,62.54166666666666,5365.0,5942.9,1462.0,0.0,-0.19492945653330296,0.11039371493543895,-0.4879484314168883,-1.1029222277016577,-0.8574396905302277,0.47109889001783045,0.7554404547052582,-0.6426662426050005,-0.5272693895221551,-1.722126842759616,-0.7863491687041839,0.24004072197301043,0.09038077335952026,0.11103223565154685,False,False
2024-02-29,2024,2,3,60,0.8660254037844386,0.5000000000000001,0.8584015232918917,0.512978386299228,0,Winter_Spring,3,scaled_from_onesite,17988.827445536277,25.55,32.8,18.7,4.458333333333333,55.083333333333336,5559.0,6314.8,1439.0,0.0,-0.18615534940122674,0.22593182758750244,-0.6294223124429403,-1.230085473991854,-1.4198655431063143,0.6406618257304859,0.9542602934672386,-0.6840290705483061,-0.5272693895221551,-2.086574567582604,-1.1342055465406269,0.4262313022516945,0.4025267343754253,-0.1069342324193669,False,False
2024-03-01,2024,3,4,61,1.0,6.123233995736766e-17,0.8670985522812081,0.4981366284784055,0,Winter_Spring,3,scaled_from_onesite,22561.056044161403,25.354166666666668,33.0,18.3,17.625,64.70833333333333,5504.0,6045.400000000001,1517.0,0.0,-0.23197568664651186,0.2721470726483285,-0.7102645301721127,-0.8806629885335752,-0.6940534093349394,0.592589859420197,0.8102375331486654,-0.5437551323057913,-0.5272693895221551,-1.6378663701644072,-0.7993696405975345,0.12118930074263728,-0.01185901269302571,-0.09930155555377562,False,False
2024-03-02,2024,3,5,62,1.0,6.123233995736766e-17,0.8755389928586302,0.4831474640149687,0,Winter_Spring,3,scaled_from_onesite,15596.677744074495,26.454166666666666,34.2,20.0,28.625,67.54166666666667,5194.0,5231.2,1608.0,0.0,0.025398122561047214,0.5494385430132814,-0.36668510482312905,-0.588740405745646,-0.4803944262334083,0.3216387765803867,0.3749616183328429,-0.3801022043561908,-0.5272693895221551,-0.92438696923193,-0.7699830536906582,0.03542977529510838,0.16184406789032357,0.2226120482633326,False,False
2024-03-03,2024,3,6,63,1.0,6.123233995736766e-17,0.8837203473619977,0.4680153284438345,0,Winter_Spring,3,scaled_from_onesite,15194.629890714035,25.570833333333336,33.6,20.8,34.416666666666664,73.91666666666667,4514.0,3697.4,1768.0,0.7,-0.1812808454389618,0.41079280783080496,-0.20500066936478362,-0.43503874283836513,0.00033828574503520683,-0.27270553416500376,-0.44501651743786186,-0.09236079257667339,-0.4530535095013505,-0.24406176426008516,0.04970158345963975,-0.18974987721256117,0.3297276739971773,0.6171657309636183,False,False
2024-03-04,2024,3,0,64,1.0,6.123233995736766e-17,0.8916401947968874,0.45274469960737107,0,Winter_Spring,3,scaled_from_onesite,14712.64164281198,24.7375,32.3,20.2,36.708333333333336,79.04166666666667,4562.0,3992.1,1674.0,17.7,-0.37626100392953776,0.11039371493543895,-0.3262639959585429,-0.3742215380908797,0.3868096816492741,-0.23075181811238796,-0.28746823434252566,-0.26140887199713986,1.3493321481467604,0.155421524328981,0.7841963369889665,1.1949602589123953,-0.358701068544498,-0.07689037744420832,False,False
2024-03-05,2024,3,1,65,1.0,6.123233995736766e-17,0.8992961915530253,0.4373400963303323,0,Winter_Spring,3,scaled_from_onesite,21087.301637341436,25.52916666666667,32.7,19.4,13.125,67.20833333333333,5570.0,5946.5,1497.0,0.0,-0.19102985336349085,0.20282420505709103,-0.4879484314168883,-1.0000858633104552,-0.5055307771865302,0.6502762189925437,0.7573650350213195,-0.579722808778231,-0.5272693895221551,-1.5376246140638632,-0.8140378449496201,0.11364297856875548,-0.21623534485590762,0.06622395122094497,False,False
2024-03-06,2024,3,2,66,1.0,6.123233995736766e-17,0.9066860720977985,0.4218060770826634,0,Winter_Spring,3,scaled_from_onesite,21472.026064345253,24.65416666666667,31.0,18.9,10.458333333333334,65.20833333333333,5885.0,6655.7,1445.0,0.0,-0.39575901977859507,-0.19000537795992542,-0.5890012035783541,-1.0708549742893472,-0.6563488829052576,0.9255974805878349,1.136507357285359,-0.6732387676065742,-0.5272693895221551,-1.9930467148894324,-0.8152049452948023,0.09495557848772232,-0.41710300997292904,-0.297368769090197,False,False
2024-03-07,2024,3,3,67,1.0,6.123233995736766e-17,0.9138076496466615,0.4061472386305789,0,Winter_Spring,3,scaled_from_onesite,7067.777501153126,24.616666666666664,30.4,20.1,41.208333333333336,70.75,4532.0,3855.0,1947.0,0.2,-0.4045331269106721,-0.3286511131424019,-0.3464745503908356,-0.2547986633139996,-0.2384570483096168,-0.25697289064527284,-0.3607626680458531,0.22954991185166174,-0.5060648523733537,-0.4178474576076885,0.422026272468521,-0.5071894415140579,0.4736739763139764,0.11087543238149979,True,False
2024-03-08,2024,3,4,68,1.0,6.123233995736766e-17,0.9206588168102428,0.3903682146763026,0,Winter_Spring,3,scaled_from_onesite,23042.6833873477,24.0,31.5,17.1,0.7916666666666666,47.083333333333336,5996.0,6789.0,1438.0,0.0,-0.5488184441936972,-0.07446726530786195,-0.9527911833596304,-1.3273930015878306,-2.0231379659812236,1.022615448959509,1.2077702895439553,-0.685827454371928,-0.5272693895221551,-2.738561032754495,-1.2143147949067314,0.4548720211262131,0.6102717396814317,-0.7072141922416986,False,False
2024-03-09,2024,3,5,69,1.0,6.123233995736766e-17,0.9272375462179537,0.374473674486883,0,Winter_Spring,3,scaled_from_onesite,25342.368236192273,24.229166666666668,32.0,16.8,0.0,45.208333333333336,6124.0,7002.3,1441.0,0.0,-0.4951989006087887,0.04107084734420152,-1.01342284665651,-1.3484025814096892,-2.164529940092531,1.1344920250998176,1.3218016732705764,-0.6804323029010622,-0.5272693895221551,-2.8252522597391736,-1.4134488308799915,0.511877898569008,0.6590770530535608,-0.7985598454857007,False,False
2024-03-10,2024,3,6,70,1.0,6.123233995736766e-17,0.9335418911179212,0.35846832151248087,0,Winter_Spring,3,scaled_from_onesite,24541.88157662898,24.391666666666666,31.4,16.5,0.0,46.16666666666666,6106.0,6938.7,1449.0,0.0,-0.45717776970312696,-0.09757488783827498,-1.0740545099533898,-1.3484025814096892,-2.092262931102308,1.1187593815800867,1.2878007543534966,-0.6660452323120862,-0.5272693895221551,-2.8214082253649333,-1.306114511803699,0.4652282061252392,0.611523552353507,-0.8027443866870786,False,False
2024-03-11,2024,3,0,71,1.0,6.123233995736766e-17,0.9395699859530622,0.342356891994542,0,Winter_Spring,3,scaled_from_onesite,23228.00795889222,26.504166666666663,34.2,16.4,0.0416666666666666,64.08333333333333,6040.0,6800.4,1458.0,0.0,0.03709693207048107,0.5494385430132814,-1.094265064385683,-1.3472968140506438,-0.7411840673720417,1.06107302200774,1.2138647938781486,-0.6498597778994883,-0.5272693895221551,-2.0964135906858488,-1.3756851097813703,0.33419403220387517,-0.29729376612643454,-0.16125143945722242,False,False
2024-03-12,2024,3,1,72,1.0,6.123233995736766e-17,0.945320046913132,0.3261441535642696,0,Winter_Spring,3,scaled_from_onesite,20978.669317896645,28.175,35.7,21.6,19.95833333333333,68.0,5800.0,6156.6,1586.0,0.0,0.4280321498440859,0.8960528809694719,-0.04331623390643818,-0.8187400164270449,-0.44583194367286694,0.8513044417446611,0.8696856806892198,-0.4196666484758745,-0.5272693895221551,-0.9216005624870437,-1.6347676859521558,0.20529935395084692,-0.2620323005095321,0.24187465719500278,False,False
2024-03-13,2024,3,2,73,1.0,6.123233995736766e-17,0.9507903724625832,0.3098349038318025,0,Winter_Spring,3,scaled_from_onesite,19148.341051902404,28.15833333333333,35.6,24.0,56.833333333333336,76.70833333333333,5091.0,4878.8,1604.0,7.2,0.42413254667427375,0.8729452584390589,0.4417370724685974,0.15986409632794532,0.21085522497742476,0.23161309421748197,0.18656658961619402,-0.38729573965067876,0.23609394783469193,0.43042753301207637,-0.7237631321588307,0.4683651731379569,-0.31251289542222377,0.26647703206436335,False,False
2024-03-14,2024,3,3,74,1.0,6.123233995736766e-17,0.9559793438440766,0.2934339689665273,0,Winter_Spring,3,scaled_from_onesite,21844.118826297352,26.83333333333333,34.9,22.0,18.5,78.95833333333333,5043.0,4330.6,1979.0,8.3,0.11411409467425815,0.7111919007261693,0.037525983822734185,-0.8574418739936263,0.38052559391099305,0.18965937816486617,-0.10650422406844563,0.2870981942075652,0.35271890215309915,0.20153402687921432,-0.42554464824693256,0.44724244532756713,-0.35450126583723335,0.42881241834313816,False,False
2024-03-15,2024,3,4,75,1.0,6.123233995736766e-17,0.9608854255574977,0.27694620226893646,0,Winter_Spring,3,scaled_from_onesite,21110.03863443453,27.33333333333333,35.3,21.7,34.0,79.66666666666667,5269.0,5057.2,1687.0,17.5,0.23110218976860342,0.8036223908478198,-0.023105679474145446,-0.4460964164288169,0.43394033968637635,0.38719145791259885,0.2819402363898891,-0.2380298822900541,1.3281276109979592,0.3359805841432438,-0.38095840225521055,1.366217616970187,-0.7622066017422542,-0.09009049892215135,False,False
2024-03-16,2024,3,5,76,1.0,6.123233995736766e-17,0.9655071658143364,0.2603764827344581,0,Winter_Spring,3,scaled_from_onesite,15874.033018138693,26.9375,34.1,22.5,45.0,77.33333333333333,4669.0,3685.9,1967.0,20.2,0.1384866144855812,0.5263309204828684,0.1385787559842,-0.1541738336408877,0.2579858830145271,-0.13722999274509856,-0.4511644823363904,0.2655175883241014,1.6143888625067766,1.0034869049351565,0.25554571323066866,1.3392197675611204,-0.12549008874851836,-0.12681572847335454,False,False
2024-03-17,2024,3,6,77,1.0,6.123233995736766e-17,0.969843196967294,0.24372971360968387,0,Winter_Spring,3,scaled_from_onesite,17810.82817528315,26.825,32.1,22.5,36.25,79.08333333333333,4985.0,4150.0,1846.0,0.1,0.11216429308935333,0.06417846987461455,0.1385787559842,-0.38638497904037683,0.3899517255184135,0.13896530460128875,-0.20305400325751174,0.04791314566584136,-0.5166671209477545,-0.009237058408373367,-0.1851389610409711,-0.4344693700996695,-0.25745098656822696,0.5197943334600195,False,False
2024-03-18,2024,3,0,78,1.0,6.123233995736766e-17,0.9738922359149924,0.22701082094141847,0,Winter_Spring,3,scaled_from_onesite,10111.46742154401,25.28333333333333,30.8,21.5,92.08333333333331,85.45833333333333,4323.0,2807.6,2165.0,17.6,-0.2485490001182115,-0.23622062302075064,-0.06352678833873163,1.0953432820801725,0.870684437496857,-0.43964636262437073,-0.9207086188909674,0.6215975854012542,1.33872987957236,1.6324815877118886,1.4027468052296364,0.33274895287951894,-0.14060879615199318,-0.6412773327946796,False,False
2024-03-19,2024,3,1,79,1.0,6.123233995736766e-17,0.9776530844816641,0.2102247521189836,0,Winter_Spring,3,scaled_from_onesite,15500.496637323544,25.2625,31.8,20.9,93.29166666666669,75.95833333333333,3790.0,2212.0,2277.0,7.3,-0.2534235040804756,-0.005144397716623701,-0.18479011493249087,1.127410535492484,0.15429843533290202,-0.9055074179586253,-1.2391197400704117,0.8230165736469164,0.24669621640909253,1.315379186840804,1.1913253868751201,-0.4352639307968044,0.9536356014513756,-0.2217793140406403,False,False
2024-03-20,2024,3,2,80,1.0,6.123233995736766e-17,0.981124629771712,0.19337647441020586,0,Winter_Spring,3,scaled_from_onesite,4713.23513551251,20.64583333333333,24.1,17.3,93.75,87.20833333333333,2162.0,315.9,1946.0,0.3,-1.3336135821182644,-1.7844313325584011,-0.9123700744950443,1.1395739764419806,1.0026502800007435,-2.328437620743178,-2.252785500426934,0.22775152802803975,-0.49546258379895314,0.5980964180971136,3.8741876158982262,-1.454548856306746,1.001836081858173,0.5302916612326353,True,False
2024-03-21,2024,3,3,81,1.0,6.123233995736766e-17,0.984305844499033,0.17647097349152166,0,Winter_Spring,3,scaled_from_onesite,16459.78137182274,19.716666666666665,26.1,16.5,46.66666666666666,89.5,4281.0,2861.8,2188.0,18.9,-1.5510164588352553,-1.3222788819501472,-1.0740545099533898,-0.10994313927908049,1.1754626928034522,-0.4763558641704096,-0.8917329930213805,0.6629604133445598,1.4765593710395681,0.2438052277460235,2.692355578413519,0.27945580324766145,-0.6392359034836961,-0.8594323139417255,False,False
2024-03-22,2024,3,4,82,1.0,6.123233995736766e-17,0.9871957872910085,0.15951325197263655,0,Winter_Spring,3,scaled_from_onesite,21105.166420771726,23.475,28.8,16.5,18.08333333333333,80.91666666666667,6104.0,6376.0,1667.0,0.0,-0.6716559440427594,-0.6983730736290046,-1.0740545099533898,-0.8684995475840782,0.528201655760581,1.1170113100778944,0.9869781588402775,-0.27399755876249376,-0.5272693895221551,-1.7081411758912735,-0.03676893212649996,-0.5393910412252266,-1.297077923290357,-0.5751786409736502,False,False
2024-03-23,2024,3,5,83,1.0,6.123233995736766e-17,0.9897936029670716,0.14250832791617088,0,Winter_Spring,3,scaled_from_onesite,21520.567748615435,26.53333333333333,33.0,20.4,20.20833333333333,76.625,5846.0,5402.6,1824.0,0.0,0.043921237617651654,0.2721470726483285,-0.28584288709395667,-0.8121054122727738,0.20457113723914483,0.8915100862950845,0.4665930256030863,0.00834870154615771,-0.5272693895221551,-0.7228265620086314,-0.8502535588546603,-0.2958344682917066,-0.6357267044174674,0.068433427323526,False,False
2024-03-24,2024,3,6,84,1.0,6.123233995736766e-17,0.992098522791769,0.12546123335273648,0,Winter_Spring,3,scaled_from_onesite,23913.90737120062,27.929166666666664,35.3,21.5,30.625,68.91666666666667,6284.0,6676.0,1598.0,0.0,0.37051300308936524,0.8036223908478198,-0.06352678833873163,-0.535663572511477,-0.3767069785517832,1.2743377452752036,1.1473598518453705,-0.39808604259241065,-0.5272693895221551,-0.9479523812915256,-1.8045706022400476,0.06319158709745287,-0.5466670440994815,-0.19730778333993176,False,False
2024-03-25,2024,3,0,85,1.0,6.123233995736766e-17,0.9941098647022418,0.10837701279187609,0,Winter_Spring,3,scaled_from_onesite,18515.855537527,27.05,34.8,20.8,55.958333333333336,77.25,5728.0,5043.7,1974.0,0.7,0.16480893588180903,0.6880842781957563,-0.20500066936478362,0.13664298178799641,0.25170179527624714,0.7883738676657374,0.27472306020465986,0.2781062750894553,-0.4530535095013505,0.054963499687932335,-0.8717079482405878,-0.4859323383129105,-0.3427946133618545,-0.25933234085249474,False,False
2024-03-26,2024,3,1,86,1.0,6.123233995736766e-17,0.9958270335100595,0.09126072172931188,0,Winter_Spring,3,scaled_from_onesite,23294.955783666337,27.441666666666663,33.8,21.8,36.91666666666666,74.04166666666667,6102.0,6263.599999999999,1649.0,0.7,0.25644961037237846,0.4570080528916294,-0.002895125041851997,-0.3686927012956541,0.009764417352455666,1.1152632385757022,0.9268884845277024,-0.3063684675876895,-0.4530535095013505,-0.6786571316594702,-1.3102921088675954,-0.11098412524868365,-0.7383875669418744,-0.18064263751889412,False,False
2024-03-27,2024,3,2,87,1.0,6.123233995736766e-17,0.9972495210773451,0.07411742515094437,0,Winter_Spring,3,scaled_from_onesite,21306.009895094074,28.366666666666664,36.6,22.4,25.875,73.25,5949.0,5621.0,1795.0,0.0,0.47287758629691734,1.1040214837431859,0.11836820155190654,-0.6617210514426283,-0.049934416161207605,0.9815357686579893,0.5833508981107938,-0.043804429338879826,-0.5272693895221551,-0.3543011217263825,-1.6720850441418003,-0.03633261022710132,-0.4161590613595994,0.26195458455099196,False,False
2024-03-28,2024,3,3,88,1.0,6.123233995736766e-17,0.998376906467142,0.056952196034039754,0,Winter_Spring,3,scaled_from_onesite,21365.017816121395,28.95833333333333,35.9,22.0,60.04166666666666,72.83333333333333,5930.0,5781.8,1694.0,0.1,0.6113134988252255,0.9422681260302963,0.037525983822734185,0.24500818297442437,-0.0813548548526095,0.9649290893871623,0.6693154855615236,-0.22544119552470018,-0.5166671209477545,-0.10967654606771231,-1.5070123049585205,-0.19598940828280995,-0.3326654492317619,-0.17186261314791046,False,False
2024-03-29,2024,3,4,89,1.0,6.123233995736766e-17,0.9992088560679753,0.03977011384605572,0,Winter_Spring,3,scaled_from_onesite,19557.60699957814,29.59583333333333,37.2,23.6,25.08333333333333,74.875,6070.0,6051.1,1680.0,1.3,0.7604733200705164,1.2426672189256622,0.36089485473942506,-0.682730631264487,0.07260529473525838,1.0872940945406249,0.8132847853157621,-0.25061856905540797,-0.3894398980549466,-0.24773165853872414,-1.965911246027064,0.20347715637914193,-0.6943171518102139,0.3826702736476993,False,False
2024-03-30,2024,3,5,90,1.0,6.123233995736766e-17,0.9997451236925734,0.022576263041545485,0,Winter_Spring,3,scaled_from_onesite,20222.75439073014,29.92083333333333,36.6,23.0,59.75,71.08333333333333,5460.0,4568.0,2122.0,0.8,0.8365155818818406,1.1040214837431859,0.2396315281456658,0.2372678114611083,-0.21332069735649595,0.5541322863719659,0.020411155662917683,0.5442670809855089,-0.4424512409269499,0.6553949076919315,-1.4121665244950752,-0.3136700608319504,0.2929685745955313,0.04349059850286723,False,False
2024-03-31,2024,3,6,91,1.0,6.123233995736766e-17,0.9999855506507186,0.005375731557583884,0,Winter_Spring,3,scaled_from_onesite,20805.074149614433,31.366666666666664,37.8,23.9,12.458333333333334,53.375,6059.0,6079.0,1660.0,0.5,1.1748061568629888,1.3813129541081373,0.421526518036304,-1.0177781410551783,-1.5486893417410608,1.0776797012785673,0.8282002827652355,-0.28658624552784767,-0.4742580466501518,-0.7534353872103684,-2.7519099956472015,0.6702295452075142,0.5659635674933213,0.3188114629260991,False,False
2024-04-01,2024,4,0,92,0.8660254037844387,-0.4999999999999998,0.9999300657962057,-0.011826390691832589,0,Winter_Spring,3,scaled_from_onesite,22427.11283664361,31.77916666666667,40.0,24.0,5.666666666666667,51.833333333333336,6533.0,6989.2,1560.0,0.0,1.2713213353158248,1.8896806497772172,0.4417370724685974,-1.1980182205795438,-1.6649449648992463,1.491972647298148,1.3147983393426872,-0.466424627890046,-0.5272693895221551,-1.0349260018092359,-3.464386664299076,0.8610320951859174,0.3432746831395415,0.2593393561357416,False,False
2024-04-02,2024,4,1,93,0.8660254037844387,-0.4999999999999998,0.9995786855478958,-0.029025013321975237,0,Winter_Spring,3,scaled_from_onesite,22366.165787952777,30.566666666666663,37.5,23.9,14.916666666666666,56.66666666666666,6661.0,7157.0,1553.0,0.0,0.9876252047120363,1.3119900865168996,0.421526518036304,-0.9525378668715123,-1.3004678760789894,1.603849223438457,1.4045051662968693,-0.4790133146553999,-0.5272693895221551,-1.0710646657323042,-3.0038089204834977,0.5749047076941117,-0.07248860015224622,-0.03205841698404632,False,False
2024-04-03,2024,4,2,94,0.8660254037844387,-0.4999999999999998,0.9989315138848577,-0.046215046983708354,0,Winter_Spring,3,scaled_from_onesite,21220.956732236442,31.054166666666664,38.2,24.0,44.875,65.91666666666667,6463.0,6571.0,1656.0,0.0,1.1016885974290231,1.4737434442297892,0.4417370724685974,-0.15749113571802326,-0.6029341371298742,1.4307901447214169,1.091226259293588,-0.2937797808223356,-0.5272693895221551,-0.24005869828766313,-2.6502140127910137,0.19304362954201246,-0.27474162288282555,-0.06834315101077347,False,False
2024-04-04,2024,4,3,95,0.8660254037844387,-0.4999999999999998,0.9979887423155984,-0.06339140486951038,0,Winter_Spring,3,scaled_from_onesite,20577.68515223244,31.20833333333333,39.1,24.9,31.08333333333333,74.95833333333333,5778.0,5294.3,1747.0,1.4,1.137759926749779,1.6817120470035032,0.6236320623592356,-0.52350013156198,0.07888938247353833,0.8320756552205455,0.4086952344282477,-0.13012685287273504,-0.37883762948054595,0.3530150661692226,-2.132877588734234,0.2628649511141745,-0.36762128696438134,0.7502366762977757,False,False
2024-04-05,2024,4,4,96,0.8660254037844387,-0.4999999999999998,0.9967506498213929,-0.08054900421874167,0,Winter_Spring,3,scaled_from_onesite,19162.242486947303,32.854166666666664,42.0,25.3,19.041666666666668,62.54166666666666,6296.0,6634.2,1600.0,0.3,1.522845739768666,2.351833100385471,0.7044742800884086,-0.8430668983260388,-0.8574396905302277,1.2848261742883575,1.1250133359533274,-0.39448927494516667,-0.49546258379895314,-0.23784875466428776,-3.4142670267590396,0.7262758185820529,-0.045356876323135835,0.6400082751450802,False,False
2024-04-06,2024,4,5,97,0.8660254037844387,-0.4999999999999998,0.9952176027737294,-0.09768276782171598,0,Winter_Spring,3,scaled_from_onesite,21440.75140495765,31.679166666666664,39.3,25.0,24.58333333333333,72.29166666666667,6248.0,6357.6,1660.0,0.1,1.2479237162969548,1.7279272920643276,0.643842616791529,-0.6959998395730291,-0.12220142515143077,1.2428724582357418,0.977141415002632,-0.28658624552784767,-0.5166671209477545,-0.07866075015994857,-2.6930530289157786,0.31125170340475145,-0.5993754161719453,0.5791438767249603,False,False
2024-04-07,2024,4,6,98,0.8660254037844387,-0.4999999999999998,0.9933900548258936,-0.11478762552212701,0,Winter_Spring,3,scaled_from_onesite,10255.917159007384,29.866666666666664,35.9,24.2,48.875,69.54166666666667,4961.0,3969.8,2231.0,0.0,0.8238418715799531,0.9422681260302963,0.4821581813331836,-0.05133746924968535,-0.3295763205146809,0.11798844657498085,-0.2993899401892374,0.7402909177603052,-0.5272693895221551,0.7714552261580397,-1.1830589008183499,-0.3555461928346138,0.6227949325283602,0.44621199422102165,True,False
2024-04-08,2024,4,0,99,0.8660254037844387,-0.4999999999999998,0.9912685467787256,-0.13185851571739118,0,Winter_Spring,3,scaled_from_onesite,12640.20773623974,26.34166666666667,31.5,23.2,88.20833333333333,58.66666666666666,2547.0,1039.2,1778.0,1.5,-0.0009241988351798049,-0.07446726530786195,0.28005263701025196,0.9925069176889705,-1.149649770360262,-1.991933856571155,-1.866105238591655,-0.07437695434045355,-0.3682353609061453,0.8435761428591722,1.2903154139564115,-0.20506430970266223,2.4872524620099523,0.8565215735248689,True,False
2024-04-09,2024,4,1,100,0.8660254037844387,-0.4999999999999998,0.9888537064205885,-0.1488903868564548,0,Winter_Spring,3,scaled_from_onesite,20530.398648937837,30.075,37.8,23.6,63.79166666666666,46.5,5779.0,4354.2,2451.0,0.0,0.8725869112025975,1.3813129541081373,0.36089485473942506,0.34452724528849116,-2.067126580149186,0.8329496909716417,-0.09388753088537861,1.1359353589571417,-0.5272693895221551,0.4926806220159075,-2.296600767930345,-0.1785799372721513,1.8481950164485412,-0.6498651503111467,False,False
2024-04-10,2024,4,2,101,0.8660254037844387,-0.4999999999999998,0.986146248341595,-0.16587819893463143,0,Winter_Spring,3,scaled_from_onesite,13134.964668859202,29.02916666666667,34.9,23.1,51.125,56.375,4232.0,3030.0,2288.0,0.0,0.627886812296926,0.7111919007261693,0.25984208257795927,0.008373968138754715,-1.3224621831629697,-0.5191836159741215,-0.8018123238098586,0.8427987957067582,-0.5272693895221551,0.5670996314880248,-0.7368515449548338,-0.23081856429010789,1.8428983066295572,0.4000360704492768,True,False
2024-04-11,2024,4,3,102,0.8660254037844387,-0.4999999999999998,0.9831469737221499,-0.1828169249850199,0,Winter_Spring,3,scaled_from_onesite,5222.356450895512,26.666666666666668,31.4,22.0,70.08333333333333,68.66666666666667,2400.0,483.3,2180.0,1.2,0.07511806297614444,-0.09757488783827498,0.037525983822734185,0.5114981165043144,-0.3955592417666241,-2.120417111982291,-2.163292515730092,0.648573342755584,-0.4000421666293472,1.2173196835615245,1.572711820997006,-0.54896242868503,2.1345851717262225,1.1578623358651543,True,False
2024-04-12,2024,4,4,103,0.8660254037844387,-0.4999999999999998,0.9798567700958665,-0.1997015525660636,0,Winter_Spring,3,scaled_from_onesite,18112.30697860972,29.33333333333333,36.3,21.9,45.29166666666666,53.04166666666666,6205.0,5466.1,1939.0,0.0,0.6990545701459844,1.0346986161519467,0.017315429390440736,-0.14643346212757163,-1.5738256926941827,1.2052889209386068,0.500540483955831,0.21516284126268587,-0.5272693895221551,-0.46470210476187546,-2.1822382455346063,0.0640938644737755,0.8577657525123101,-0.5356022652368848,False,False
2024-04-13,2024,4,5,104,0.8660254037844387,-0.4999999999999998,0.9762766110869321,-0.21652708524481437,0,Winter_Spring,3,scaled_from_onesite,21925.700766523427,31.0375,38.0,23.4,36.79166666666666,49.0,6605.0,6660.8,1691.0,0.0,1.0977889942592127,1.4275281991689632,0.3204737458748382,-0.37201000337278967,-1.8786039480007768,1.554903221377072,1.1392338460664457,-0.23083634699556616,-0.5272693895221551,-0.782959136148123,-3.0772196951050286,0.4873720469504288,0.6544856549175029,-0.42973223728574517,False,False
2024-04-14,2024,4,6,105,0.8660254037844387,-0.4999999999999998,0.9724075561219968,-0.23328854407545518,0,Winter_Spring,3,scaled_from_onesite,18519.84658293024,31.7875,39.4,24.3,18.041666666666668,54.91666666666666,6468.0,6336.3,1776.0,0.0,1.2732711369007306,1.7510349145947406,0.502368735765477,-0.8696053149431234,-1.4324337185828757,1.4351603234768975,0.9657543147992703,-0.07797372198769752,-0.5272693895221551,-0.5242112745823794,-3.19627323218082,0.5475507903985569,0.39854084963211234,0.1455462854490614,False,False
2024-04-15,2024,4,0,106,0.8660254037844387,-0.4999999999999998,0.9682507501166718,-0.2499809690726521,0,Winter_Spring,3,scaled_from_onesite,20920.950139111785,33.09583333333334,41.0,24.8,18.875,53.41666666666666,6252.0,6161.2,1702.0,0.0,1.5793899857309348,2.120756875081344,0.6034215079269428,-0.8474899677622196,-1.5455472978719214,1.2463686012401265,0.8721448666486309,-0.2110541249357243,-0.5272693895221551,-0.35263568594188666,-3.4214658946222203,0.7352777730064292,0.6224816134267743,0.4415269705807438,False,False
2024-04-16,2024,4,1,107,0.8660254037844387,-0.4999999999999998,0.9638074231367307,-0.26659942067929354,0,Winter_Spring,3,scaled_from_onesite,22098.03380075265,34.204166666666666,42.0,25.8,14.041666666666666,42.5,6488.0,6542.0,1696.0,0.0,1.8387135965233987,2.351833100385471,0.8055270522498744,-0.9757589814114613,-2.368762791586641,1.4526410384988209,1.075722695636429,-0.22184442787745623,-0.5272693895221551,-0.5468066280701052,-4.119520315836425,1.0306821361768463,1.1167460881641262,0.3137160032609223,False,False
2024-04-17,2024,4,2,108,0.8660254037844387,-0.4999999999999998,0.9590788900341131,-0.28313898122818354,0,Winter_Spring,3,scaled_from_onesite,20783.118738767884,34.59583333333333,41.5,27.0,14.916666666666666,34.541666666666664,6197.0,6066.5,1812.0,0.0,1.930354271013969,2.2362949877334075,1.0480537054373922,-0.9525378668715123,-2.9688931705924104,1.1982966349298376,0.8215177122233567,-0.013231904337306097,-0.5272693895221551,-0.4132044944526342,-4.146255649684725,1.0920483653635715,1.7794941016543977,0.33801314247040837,False,False
2024-04-18,2024,4,3,109,0.8660254037844387,-0.4999999999999998,0.9540665500578387,-0.2995947563972602,0,Winter_Spring,3,scaled_from_onesite,25166.227323782885,33.59166666666667,42.0,25.9,31.125,28.916666666666668,7040.0,7374.0,1654.0,0.0,1.6954031800328264,2.351833100385471,0.8257376066821672,-0.5223943642029347,-3.3930690929263303,1.9351087731039025,1.5205145909038864,-0.29737654846957956,-0.5272693895221551,-0.9417220221008739,-4.6774794425981066,1.1400162316414568,1.6231346011991206,-0.5267689391967825,False,False
2024-04-19,2024,4,4,110,0.8660254037844387,-0.4999999999999998,0.9487718864399473,-0.31596187665790293,0,Winter_Spring,3,scaled_from_onesite,24488.80438028833,34.2625,43.2,25.5,2.458333333333333,39.125,6984.0,7228.6,1670.0,0.0,1.85236220761774,2.629124570750424,0.7448953889529948,-1.283162307226023,-2.623268344986993,1.8861627710425173,1.4427829303607518,-0.2686024072916278,-0.5272693895221551,-0.9095272827723485,-4.6934809625262695,1.2153210455873522,1.0127119602416446,0.15327316179160136,False,False
2024-04-20,2024,4,5,111,0.8660254037844387,-0.4999999999999998,0.9431964659565866,-0.33223549871590435,0,Winter_Spring,3,scaled_from_onesite,22089.101905685886,35.27916666666667,45.0,26.5,11.041666666666666,42.29166666666666,6788.0,6922.8,1707.0,0.0,2.0902380009762416,3.045061776297852,0.9470009332759265,-1.0553742312627148,-2.3844730109323424,1.7148517638276695,1.2793005246242268,-0.20206220581761442,-0.5272693895221551,-0.4036698924003478,-4.814857372362111,1.2007842898317274,1.034999776672539,0.40749538102393323,False,False
2024-04-21,2024,4,6,112,0.8660254037844387,-0.4999999999999998,0.9373419384643772,-0.3484108069446808,0,Winter_Spring,3,scaled_from_onesite,20015.326033421432,35.6,43.8,27.4,38.958333333333336,38.16666666666666,6469.0,6374.4,1755.0,0.0,2.165305361995113,2.767770305932899,1.1288959231665645,-0.3145101007024397,-2.6955353539772173,1.4360343592279938,0.9861227898109168,-0.11573978228375918,-0.5272693895221551,0.022847656990892112,-4.517595912577942,1.0245501820982215,1.5571954286901728,0.16101130395597668,False,False
2024-04-22,2024,4,0,113,0.8660254037844387,-0.4999999999999998,0.9312100364121947,-0.3644830148102912,0,Winter_Spring,3,scaled_from_onesite,19340.17984749293,34.920833333333334,43.0,27.5,60.125,29.45833333333333,6270.0,5476.2,1926.0,0.0,2.006396532825294,2.582909325689598,1.149106477598858,0.247219717692515,-3.352222522627509,1.2621012447598574,0.5059400009536688,0.19178385155560007,-0.5272693895221551,0.301592254241323,-4.26713557050535,0.8545080996404397,2.4193973594744076,-0.24552817937140278,False,False
2024-04-23,2024,4,1,114,0.8660254037844387,-0.4999999999999998,0.9248025743285089,-0.38044736628785164,0,Winter_Spring,3,scaled_from_onesite,23573.722973939053,33.770833333333336,41.1,27.2,19.83333333333333,40.79166666666666,6471.0,5979.5,1962.0,0.0,1.7373239141083003,2.143864497611757,1.0884748143019785,-0.8220573185041804,-2.497586590221388,1.437782430730186,0.7750070212518797,0.2565256692059915,-0.5272693895221551,-0.157103875576325,-4.009966521940888,0.7942750675906454,1.3780398300263725,0.15424117566874154,False,False
2024-04-24,2024,4,2,115,0.8660254037844387,-0.4999999999999998,0.9181214482844364,-0.39629913726891813,0,Winter_Spring,3,scaled_from_onesite,23037.108729143998,34.38333333333333,41.5,27.1,10.333333333333334,36.25,6255.0,6119.3,1866.0,0.0,1.8806343305988724,2.2362949877334075,1.0682642598696857,-1.0741722763664827,-2.840069371957664,1.248990708493415,0.8497448901922531,0.08388082213828103,-0.5272693895221551,-0.4037456334464841,-4.154928411651443,1.0516649583765558,1.6441482465500403,0.36238544366229747,False,False
2024-04-25,2024,4,3,116,0.8660254037844387,-0.4999999999999998,0.9111686353326631,-0.41203363695942635,0,Winter_Spring,3,scaled_from_onesite,23741.15222264143,34.43333333333333,42.5,27.1,0.9166666666666666,40.833333333333336,7027.0,7110.2,1756.0,0.0,1.8923331401083063,2.4673712130375347,1.0682642598696857,-1.324075699510695,-2.4944445463522467,1.9237463083396524,1.3794856221880747,-0.11394139846013719,-0.5272693895221551,-0.6830942864583711,-4.699762427064218,1.1217590033461808,0.8861947102691609,0.22776283123998314,False,False
2024-04-26,2024,4,4,117,0.8660254037844387,-0.4999999999999998,0.9039461929224011,-0.42764620926777464,0,Winter_Spring,3,scaled_from_onesite,22292.083599457907,34.8875,43.2,26.9,5.791666666666667,46.333333333333336,6643.0,6449.8,1778.0,0.0,1.9985973264856713,2.629124570750424,1.0278431510050987,-1.1947009185024082,-2.0796947556257463,1.588116579918726,1.0264320553195305,-0.07437695434045355,-0.5272693895221551,-0.28264946115563166,-4.394748831624923,1.032360786081992,0.8707001214091462,0.5583315035081527,False,False
2024-04-27,2024,4,5,118,0.8660254037844387,-0.4999999999999998,0.8964562582905575,-0.44313223418263453,0,Winter_Spring,3,scaled_from_onesite,21637.42823162373,34.825,43.6,27.3,9.708333333333334,53.833333333333336,6667.0,6423.6,1828.0,0.0,1.9839738145988783,2.7215550608720744,1.108685368734272,-1.0907587867521606,-1.5141268591805188,1.609093437945034,1.0124253874637523,0.015542236840645646,-0.5272693895221551,0.02401087083511796,-4.291773433030294,0.8639580875414925,0.4554563065902298,0.6572409816217786,False,False
2024-04-28,2024,4,6,119,0.8660254037844387,-0.4999999999999998,0.8887010478292915,-0.45848712914008766,0,Winter_Spring,3,scaled_from_onesite,19383.788511642386,36.075,43.6,27.6,15.916666666666666,36.41666666666666,6362.0,5793.7,1971.0,0.0,2.2764440523347416,2.7215550608720744,1.1693170320311514,-0.9259994502544279,-2.827501196481104,1.3425125338607045,0.6756772927173921,0.27271112361858935,-0.5272693895221551,0.059205949342023445,-4.566268540250375,1.064569084444148,1.785230121788544,0.4620379492463816,False,False
2024-04-29,2024,4,0,120,0.8660254037844387,-0.4999999999999998,0.8806828564301475,-0.47370635037968,0,Winter_Spring,3,scaled_from_onesite,22433.592838946945,36.16666666666666,44.0,29.9,4.583333333333333,37.54166666666666,6750.0,6663.400000000001,1818.0,0.0,2.297891869768702,2.813985550993725,1.6341597839738937,-1.2267681719147185,-2.7426660120143196,1.6816384052860154,1.1406238207391568,-0.002441601395574193,-0.5272693895221551,-0.13994171046435552,-5.0579582302221775,1.256361966409558,1.2934951107409935,0.5920426652502078,False,False
2024-04-30,2024,4,1,121,0.8660254037844387,-0.4999999999999998,0.8724040568049612,-0.48878539428899265,0,Winter_Spring,3,scaled_from_onesite,21579.633616485877,37.35833333333333,45.1,30.0,12.458333333333334,34.541666666666664,6722.0,6461.0,1870.0,0.0,2.5767134964102256,3.068169398828265,1.6543703384061872,-1.0177781410551783,-2.9688931705924104,1.6571654042553228,1.032419638525054,0.09107435743276897,-0.5272693895221551,0.10380368900457351,-5.299213222530878,1.2966888444147318,1.6074864015794899,0.5693775316825737,False,False
2024-05-01,2024,5,2,122,0.49999999999999994,-0.8660254037844387,0.8638670987837349,-0.503719798736334,0,Shoulder,2,scaled_from_onesite,18541.833472408143,36.21666666666667,43.5,29.8,18.25,38.333333333333336,6679.0,6406.2,1838.0,0.0,2.309590679278139,2.6984474383416615,1.613949229541601,-0.8640764781478973,-2.682967178500656,1.6195818669581878,1.0031232492694568,0.03352607507686548,-0.5272693895221551,0.07522286756021103,-4.860264782551535,1.1143388884585859,1.3647302815482167,0.45797572178306917,False,False
2024-05-02,2024,5,3,123,0.49999999999999994,-0.8660254037844387,0.8550745085896932,-0.518505144391157,0,Shoulder,2,scaled_from_onesite,21009.25913088309,35.475,43.4,28.9,0.9166666666666666,38.458333333333336,7099.0,7059.5,1816.0,0.0,2.1360583382215266,2.6753398158112485,1.4320542396509621,-1.324075699510695,-2.6735410468932357,1.986676882418576,1.3523811160702142,-0.006038369042818161,-0.5272693895221551,-0.42041867206375416,-5.084498953656439,1.1979685763392756,1.029747462252382,0.33256166765083167,False,False
2024-05-03,2024,5,4,124,0.49999999999999994,-0.8660254037844387,0.8460288880917339,-0.533137056031809,0,Shoulder,2,scaled_from_onesite,21227.354268174422,33.583333333333336,41.7,26.2,12.041666666666666,46.458333333333336,7267.0,7267.900000000001,1846.0,0.0,1.6934533784479209,2.2825102327942335,0.8863692699790469,-1.0288358146456302,-2.070268624018326,2.1335148886027313,1.463792932144419,0.04791314566584136,-0.5272693895221551,-0.5762396765969241,-4.461942673413149,0.8150673336053794,0.49878502015843795,-0.11854428453764956,False,False
2024-05-04,2024,5,5,125,0.49999999999999994,-0.8660254037844387,0.8367329140344921,-0.5476112038402312,0,Shoulder,2,scaled_from_onesite,18865.463550865505,32.96666666666667,41.7,26.6,40.625,66.29166666666667,6525.0,5811.9,2090.0,0.0,1.5491680611648948,2.2825102327942335,0.9672114877082199,-0.27027940634063224,-0.5746557423076128,1.4849803612893788,0.6854071154263677,0.48671879862960543,-0.5272693895221551,0.7137201194298065,-3.3496466767902238,0.13234840393595662,0.019815610846521375,0.25583940543092953,False,False
2024-05-05,2024,5,6,126,0.49999999999999994,-0.8660254037844387,0.8271893372462497,-0.5619233046832195,0,Shoulder,2,scaled_from_onesite,19770.316389620377,33.083333333333336,41.0,27.0,21.0,64.41666666666667,6735.0,6166.5,2083.0,0.0,1.5764652833535755,2.120756875081344,1.0480537054373922,-0.7910958324509151,-0.7160477164189197,1.6685278690195728,0.8749782765583877,0.4741301118642515,-0.5272693895221551,0.37585928447243405,-3.5699731317646273,0.27022656373151677,-0.11311592301464521,0.3406412727996496,False,False
2024-05-06,2024,5,0,127,0.49999999999999994,-0.8660254037844387,0.8174009818249189,-0.5760691233798758,0,Shoulder,2,scaled_from_onesite,12751.30610141832,31.566666666666663,38.0,27.5,44.29166666666666,71.625,5045.0,3424.5,2671.0,0.2,1.2216013949007267,1.4275281991689632,1.149106477598858,-0.1729718787446561,-0.1724741270576736,0.1914074496670585,-0.5909103975081614,1.531579800153978,-0.5060648523733537,1.711469866973465,-1.7477449216433325,-0.4841955875054651,0.702080688596727,0.7223109284434803,False,False
2024-05-07,2024,5,1,128,0.49999999999999994,-0.8660254037844387,0.8073707443023492,-0.5900444739548627,0,Shoulder,2,scaled_from_onesite,14414.730358998233,29.558333333333334,35.8,25.0,64.625,71.08333333333333,5826.0,4510.4,2270.0,0.5,0.751699212938441,0.9191605034998833,0.643842616791529,0.3666425924693951,-0.21332069735649595,0.8740293712731613,-0.010382129394060347,0.8104278868815625,-0.4742580466501518,0.9097079106081636,-1.5626057461861078,-0.5274779205691998,0.18355762850338628,-0.1789374454248375,False,False
2024-05-08,2024,5,2,129,0.49999999999999994,-0.8660254037844387,0.7971015927871943,-0.6038452208771035,0,Shoulder,2,scaled_from_onesite,15769.199515146833,28.120833333333334,31.1,24.3,54.41666666666666,76.79166666666667,3683.0,1685.7,2697.0,6.6,0.41535843954219837,-0.1668977554295124,0.502368735765477,0.09572958950332419,0.2171393127157058,-0.9990292433259147,-1.5204826901656798,1.5783377795681497,0.17248033638828794,1.783184133674939,0.7351551925834348,-0.4550490633138794,0.9614771099236388,0.5448660760472246,False,False
2024-05-09,2024,5,3,130,0.49999999999999994,-0.8660254037844387,0.7865965660866021,-0.6174672802835514,0,Shoulder,2,scaled_from_onesite,15359.549092632551,26.366666666666664,33.3,23.5,67.375,87.29166666666667,4069.0,2668.4,2135.0,30.6,0.0049252059195362945,0.3414699402395659,0.3406843003071316,0.43962323816637744,1.0089343677390246,-0.661651443402796,-0.9951257244453304,0.5676460706925947,2.7170247942444448,2.19921889006232,1.3084803715811728,1.808349332551482,-0.39113226342638646,-0.3156825973265346,False,False
2024-05-10,2024,5,4,131,0.49999999999999994,-0.8660254037844387,0.7758587728069828,-0.6309066211876704,0,Shoulder,2,scaled_from_onesite,12279.989552039271,27.7125,31.0,23.9,36.583333333333336,83.04166666666667,4412.0,2624.5,2555.0,3.4,0.319818161881816,-0.19000537795992542,0.421526518036304,-0.3775388401680153,0.6884458930867288,-0.3618571807768123,-1.018594912188409,1.3229672766138278,-0.16679225799253292,1.2182498716856827,0.3410434100386259,-0.6814224127213481,0.10640454872368074,0.609854498728963,False,False
2024-05-11,2024,5,5,132,0.49999999999999994,-0.8660254037844387,0.7648913904341225,-0.6441592666722685,0,Shoulder,2,scaled_from_onesite,14921.329299950537,28.883333333333336,33.4,25.9,55.16666666666666,80.83333333333333,5446.0,3961.7,2370.0,6.4,0.5937652845610756,0.36457756276997894,0.8257376066821672,0.11563340196613754,0.5219175680222999,0.5418957858566196,-0.30372024590037516,0.9902662692437609,0.15127579923948672,1.3565320516224502,-0.7114004226978891,-0.27267969407156545,-0.3561990197410891,0.0017365908864818234,False,False
2024-05-12,2024,5,6,133,0.49999999999999994,-0.8660254037844387,0.753697664392914,-0.6572212950663319,0,Shoulder,2,scaled_from_onesite,18297.354599825307,29.2625,34.9,26.4,55.375,76.25,6137.0,4903.7,2265.0,1.2,0.6824812566742865,0.7111919007261693,0.926790378843633,0.12116223876136373,0.17629274241688345,1.145854489864068,0.19987827013561651,0.8014359677634526,-0.4000421666293472,0.9059446039592743,-1.6176782725288787,-0.5354089741649865,-0.4102927071925992,-0.14148920850930055,False,False
2024-05-13,2024,5,0,134,0.49999999999999994,-0.8660254037844387,0.742280907086982,-0.6700888411055113,0,Shoulder,2,scaled_from_onesite,17901.91080400645,29.245833333333334,34.4,25.5,49.958333333333336,79.75,5566.0,3710.8,2622.0,4.8,0.6785816535044752,0.5956537880741058,0.7448953889529948,-0.02258751791451044,0.44022442742465634,0.6467800759881591,-0.4378528018169676,1.443458992796501,-0.018360497950923777,1.4960119508378433,-0.9714046419189292,-0.49093605893614223,-0.1566380330112005,-0.005625660123966994,False,False
2024-05-14,2024,5,1,135,0.49999999999999994,-0.8660254037844387,0.7306444969184916,-0.6827580970759147,0,Shoulder,2,scaled_from_onesite,21134.620902711966,30.67083333333333,36.3,25.8,31.75,71.79166666666667,6424.0,5607.0,2104.0,0.2,1.0119977245233585,1.0346986161519467,0.8055270522498744,-0.505807853817257,-0.15990595158111262,1.3967027504286664,0.5758664191038894,0.5118961721603132,-0.5060648523733537,0.339792760930114,-2.307182250945197,-0.19461815253646353,-0.4346850763840267,0.10324446147230876,False,False
2024-05-15,2024,5,2,136,0.49999999999999994,-0.8660254037844387,0.7187918772884232,-0.6952253139408722,0,Shoulder,2,scaled_from_onesite,21258.26538999524,31.34583333333333,37.2,26.4,45.0,68.45833333333333,6171.0,5187.0,2225.0,0.1,1.1699316529007247,1.2426672189256622,0.926790378843633,-0.1541738336408877,-0.4112694611123256,1.1755717054013373,0.35133204889675934,0.7295006148185732,-0.5166671209477545,0.7368926687319644,-2.3682937762462877,-0.243919537849735,0.03747924793025609,0.08063180374698535,False,False
2024-05-16,2024,5,3,137,0.49999999999999994,-0.8660254037844387,0.7067265555776158,-0.7074868024503348,0,Shoulder,2,scaled_from_onesite,13665.525946785563,31.691666666666663,36.2,27.7,74.29166666666667,63.583333333333336,3834.0,1961.3,2530.0,0.0,1.2508484186743132,1.0115909936215353,1.1895275864634443,0.6231806197678785,-0.778888593801723,-0.8670498449103942,-1.3731453748583344,1.2780076810232783,-0.5272693895221551,2.052550798886762,-0.8273850623775504,-0.4993329597007432,1.8784927962079785,0.9022467420410993,False,False
2024-05-17,2024,5,4,138,0.49999999999999994,-0.8660254037844387,0.6944521021088763,-0.719538934232584,0,Shoulder,2,scaled_from_onesite,18315.62026271943,33.88333333333333,40.8,28.3,69.79166666666667,57.04166666666666,6507.0,5548.5,2174.0,0.0,1.7636462355045273,2.074541630020518,1.3107909130572035,0.5037577449909983,-1.272189481256728,1.469247717769648,0.5445919889678963,0.6377830398138521,-0.5272693895221551,1.1118498575812141,-3.4815822778487897,0.03151325115719617,0.7040838012542292,-0.19587729553748473,False,False
2024-05-18,2024,5,5,139,0.49999999999999994,-0.8660254037844387,0.6819721490904629,-0.7313781428679254,0,Shoulder,2,scaled_from_onesite,14226.453526089612,34.020833333333336,40.0,29.1,83.125,54.875,5712.0,4077.2,2482.0,0.0,1.7958179616554728,1.8896806497772172,1.4724753485155488,0.8576032998854579,-1.4355757624520153,0.7743892956481988,-0.2419732940934144,1.191685257489423,-0.5272693895221551,1.8307163136832068,-2.8948662538438925,-0.22618577631323045,1.487619127575927,-0.03313940317331397,False,False
2024-05-19,2024,5,6,140,0.49999999999999994,-0.8660254037844387,0.6692903895412567,-0.7430009249440493,0,Shoulder,2,scaled_from_onesite,12787.993543983433,32.208333333333336,36.2,28.5,49.41666666666666,62.958333333333336,4215.0,2027.5,2850.0,0.5,1.3717361169384714,1.0115909936215353,1.3512120219217896,-0.03696249358209818,-0.8260192518388253,-0.5340422237427563,-1.337754481268544,1.8534905045823131,-0.4742580466501518,2.096067923200766,-1.2482156323903302,-0.49172966703771354,1.762097273964335,0.9269568520812217,False,False
2024-05-20,2024,5,0,141,0.49999999999999994,-0.8660254037844387,0.6564105761979381,-0.7544038410927472,0,Shoulder,2,scaled_from_onesite,20575.09837439977,30.10833333333333,38.0,27.1,33.625,78.41666666666667,5573.0,4445.3,2093.0,14.6,0.8803861175422201,1.4275281991689632,1.0682642598696857,-0.4560483226602236,0.3396790236121718,0.6528983262458322,-0.045184956776165214,0.4921139501004714,1.02066182234034,1.3976249867102293,-1.443589690089374,1.064610257672095,-0.5085755473034002,0.32826051854145855,False,False
2024-05-21,2024,5,1,142,0.49999999999999994,-0.8660254037844387,0.6433365204044917,-0.765583517007675,0,Shoulder,2,scaled_from_onesite,18318.89871503376,31.6625,36.3,27.2,19.791666666666668,70.58333333333333,6388.0,5547.2,2134.0,0.5,1.2440241131271441,1.0346986161519467,1.0884748143019785,-0.8231630858632255,-0.25102522378617775,1.3652374633892046,0.5438970016315408,0.5658476868689727,-0.4742580466501518,0.41622612900887657,-2.521181862316031,-0.047834941243245346,-0.4022656076734456,0.37158050306354057,False,False
2024-05-22,2024,5,2,143,0.49999999999999994,-0.8660254037844387,0.6300720909843687,-0.7765366444428655,0,Shoulder,2,scaled_from_onesite,20791.944577476123,30.479166666666668,36.4,24.5,41.91666666666666,75.20833333333333,5707.0,4519.4,2260.0,8.4,0.967152288070527,1.0578062386823597,0.5427898446300632,-0.23600061821023174,0.09774164568837924,0.770019116892718,-0.00557067860390756,0.7924440486453427,0.36332117072749975,1.062325847917174,-1.4425708229806626,0.3165813572285719,-0.19532157273862918,0.021095115680706798,False,False
2024-05-23,2024,5,3,144,0.49999999999999994,-0.8660254037844387,0.6166212130956382,-0.7872599821916922,0,Shoulder,2,scaled_from_onesite,17120.54633575798,30.80416666666667,37.0,26.2,22.08333333333333,71.875,5494.0,4225.4,2412.0,4.3,1.043194549881852,1.1964519738648363,0.8863692699790469,-0.7623458811157403,-0.15362186384283266,0.5838495019092355,-0.16274473774889858,1.0657983898358843,-0.07137184082292704,1.0104246377509731,-1.7618775500358672,0.10308624132528621,0.14956858242482585,0.5504326463400804,False,False
2024-05-24,2024,5,4,145,0.49999999999999994,-0.8660254037844387,0.6029878670694714,-0.7977503570459932,0,Shoulder,2,scaled_from_onesite,18472.049273145996,31.2375,36.2,26.6,22.875,72.08333333333333,5419.0,4376.0,2279.0,0.3,1.1445842322969506,1.0115909936215353,0.9672114877082199,-0.7413363012938817,-0.13791164449713225,0.5182968205770232,-0.08223312786034177,0.8266133412941604,-0.49546258379895314,0.7957607480931457,-1.7934828376032177,-0.1835371486943055,0.12263550080904295,0.785721067047232,False,False
2024-05-25,2024,5,5,146,0.49999999999999994,-0.8660254037844387,0.5891760872322963,-0.8080046647350754,0,Shoulder,2,scaled_from_onesite,20914.02789699067,31.02083333333333,38.7,26.5,47.16666666666666,73.66666666666667,6178.0,5288.1,2110.0,5.199999999999999,1.0938893910893996,1.5892815568818528,0.9470009332759265,-0.09667393097053825,-0.018513977469805713,1.1816899556590106,0.40538067943947587,0.5226864751020451,0.024048576346678778,0.987501736054289,-2.269249684566027,0.23926061936919668,-0.35452441840246374,0.07273117561744818,False,False
2024-05-26,2024,5,6,147,0.49999999999999994,-0.8660254037844387,0.5751899607119775,-0.8180198708443174,0,Shoulder,2,scaled_from_onesite,7641.60399437087,28.09583333333333,31.5,26.5,100.0,84.70833333333333,2738.0,504.2000000000001,2324.0,28.2,0.4095090347874806,-0.07446726530786195,0.9470009332759265,1.3054390802987583,0.8141276478523343,-1.824993028111788,-2.1521192577840704,0.9075406133571496,2.4625703484588293,3.3798035346386968,2.1164480500760687,1.3300369227813542,0.7340057679025129,0.236481994454306,False,False
2024-05-27,2024,5,0,148,0.49999999999999994,-0.8660254037844387,0.5610336262283677,-0.8277930117131022,0,Shoulder,2,scaled_from_onesite,7992.710625557844,29.15416666666667,32.9,26.4,99.79166666666669,78.54166666666667,2810.0,508.9,2422.0,8.5,0.6571338360705122,0.24903945011791545,0.926790378843633,1.299910243503533,0.34910515521959223,-1.7620624540328644,-2.149606611260324,1.0837822280721041,0.3739234393019004,2.790140296201593,1.2033473742903915,-0.28793139928061606,1.453948904754302,0.8645110460475626,False,False
2024-05-28,2024,5,1,149,0.49999999999999994,-0.8660254037844387,0.5467112728685939,-0.8373211953118121,0,Shoulder,2,scaled_from_onesite,17300.861213046086,32.35,38.2,26.8,90.33333333333331,78.20833333333333,6296.0,4967.3,2417.0,15.5,1.404882743881869,1.4737434442297892,1.0076325965728061,1.0489010530002747,0.3239688042664703,1.2848261742883575,0.23387918905269642,1.074790308953994,1.1160822395099461,2.3077601466831297,-1.8934640042553754,0.5836835174613743,-0.513116615952457,-0.8730656674622589,False,False
2024-05-29,2024,5,2,150,0.49999999999999994,-0.8660254037844387,0.5322271388474397,-0.8466016020976267,0,Shoulder,2,scaled_from_onesite,19231.4012758554,33.28333333333333,38.2,29.1,82.70833333333333,76.95833333333333,6510.0,5389.5,2287.0,0.0,1.6232605213913127,1.4737434442297892,1.4724753485155488,0.846545626295006,0.2297074881922657,1.4718698250229365,0.45958969167519703,0.8410004118831362,-0.5272693895221551,1.7498741102398887,-2.6827677105600736,-0.5919941875360825,-0.4711802859002747,-0.12556877014171816,False,False
2024-05-30,2024,5,3,151,0.49999999999999994,-0.8660254037844387,0.5175855102531889,-0.8556314858488706,0,Shoulder,2,scaled_from_onesite,17825.725816892515,32.78333333333333,37.7,29.2,51.708333333333336,76.875,6627.0,5734.7,2055.0,1.3,1.5062724262969673,1.3582053315777258,1.4926859029478416,0.02385471116538739,0.22342340045398573,1.5741320079011873,0.6441355597597238,0.423775364802836,-0.3894398980549466,1.1402225339444616,-2.7435475203278448,-0.15223454429193822,-0.7993367357185852,0.2162942828994986,False,False
2024-05-31,2024,5,4,152,0.49999999999999994,-0.8660254037844387,0.5027907197793043,-0.8644081744776648,0,Shoulder,2,scaled_from_onesite,5516.074077247405,31.758333333333336,36.7,29.0,59.16666666666666,80.16666666666667,3576.0,1942.2,2388.0,2.3,1.2664468313535608,1.1271291062735989,1.4522647940832556,0.22178706843447546,0.4716448661160582,-1.092551068693204,-1.3833563426463253,1.0226371780689567,-0.2834172123109401,2.389615369128634,-0.4596835693955739,-0.3282338564655738,0.8343519766322222,1.6318136773531688,True,False
2024-06-01,2024,6,5,153,1.2246467991473532e-16,-1.0,0.4878471454423119,-0.8729290708206411,1,Monsoon,1,scaled_from_onesite,16486.693258800955,32.28333333333333,36.7,29.0,53.583333333333336,73.04166666666667,6648.0,5798.3,2114.0,0.0,1.3892843312026222,1.1271291062735989,1.4522647940832556,0.07361424232242078,-0.06564463550690801,1.5924867586742069,0.6781364786768037,0.529880010396533,-0.5272693895221551,0.9645757180065743,-2.7094771418335637,-0.3107977667900959,-0.5776212244526505,0.025594561466048448,False,False
2024-06-02,2024,6,6,154,1.2246467991473532e-16,-1.0,0.47275920928627757,-0.881191653407483,1,Monsoon,1,scaled_from_onesite,14927.979337004765,31.775,38.3,27.9,67.54166666666667,76.08333333333333,6294.0,5169.5,2185.0,0.1,1.2703464345233713,1.4968510667602006,1.2299486953280305,0.4440463076025583,0.16372456694032247,1.2830781027861653,0.34197645013812894,0.6575652618736939,-0.5166671209477545,1.3337093334362788,-2.4094605474042217,-0.4367011850597175,-0.37456095822189817,0.07270859384993729,False,False
2024-06-03,2024,6,0,155,1.2246467991473532e-16,-1.0,0.4575313760742512,-0.8891934772070711,1,Monsoon,1,scaled_from_onesite,13936.070477679918,30.9375,36.2,27.9,62.083333333333336,75.66666666666667,6283.0,4928.8,2332.0,0.3,1.0743913752403433,1.0115909936215353,1.2299486953280305,0.2991907835676388,0.13230412824892165,1.2734637095241075,0.21329687178370949,0.9219276839461256,-0.49546258379895314,1.2807181558087932,-2.0954463736560642,-0.590588268452946,-0.34880477527208176,-0.06238335602138155,False,False
2024-06-04,2024,6,1,156,1.2246467991473532e-16,-1.0,0.44216815196707204,-0.8969321743510065,1,Monsoon,1,scaled_from_onesite,19322.98216964995,31.804166666666664,37.8,27.5,8.208333333333334,73.70833333333333,6682.0,6025.0,1977.0,1.8,1.277170740070541,1.3813129541081373,1.149106477598858,-1.1305664116777872,-0.015371933600666274,1.6222039742114764,0.7993315780243189,0.28350142656032123,-0.33642855518294335,0.26814318183630065,-2.850336849824538,0.2558184174521564,-0.8470475618819292,0.5310130497442541,False,False
2024-06-05,2024,6,2,157,1.2246467991473532e-16,-1.0,0.42667408318992467,-0.9044054548343001,1,Monsoon,1,scaled_from_onesite,19133.896242260013,31.929166666666664,37.6,27.6,14.291666666666666,73.16666666666667,6567.0,5963.6,1971.0,1.9,1.3064177638441272,1.3350977090473128,1.1693170320311514,-0.9691243772571901,-0.05621850389948756,1.5216898628354176,0.76650679152261,0.27271112361858935,-0.3258262866085427,0.34977198870449727,-2.769136532656399,0.23992770118344223,-0.7537318974402043,0.5012477779029748,False,False
2024-06-06,2024,6,3,158,1.2246467991473532e-16,-1.0,0.4110537546870351,-0.9116111071930239,1,Monsoon,1,scaled_from_onesite,16250.373576205071,31.387500000000003,39.2,26.4,52.333333333333336,75.04166666666667,6604.0,5894.0,1935.0,9.8,1.1796806608252546,1.7048196695339162,0.926790378843633,0.040441221551065186,0.08517347021181935,1.5540291856259756,0.7292982387454282,0.20796930596819793,0.511752930769109,0.9862393270751957,-2.457269319692293,0.7158474866777769,-0.778100454797023,-0.25643285918403236,False,False
2024-06-07,2024,6,4,159,1.2246467991473532e-16,-1.0,0.3953117887649151,-0.9185469991587165,1,Monsoon,1,scaled_from_onesite,18292.743042522197,32.1625,37.7,26.9,56.708333333333336,68.83333333333333,6723.0,6139.4,1990.0,0.1,1.3610122082214895,1.3582053315777258,1.0278431510050987,0.15654679425080975,-0.38299106629006424,1.658039440006419,0.860490463623594,0.30688041626740703,-0.5166671209477545,0.5948926601190189,-2.8444384582624207,-0.14456458295537003,-0.37205410820958806,-0.19264602148835933,False,False
2024-06-08,2024,6,5,160,1.2246467991473532e-16,-1.0,0.37945284372454435,-0.925211078289358,1,Monsoon,1,scaled_from_onesite,18902.858289479496,32.141666666666666,37.8,27.8,59.04166666666666,70.0,6702.0,5817.2,2167.0,0.0,1.3561377042592244,1.3813129541081373,1.2097381408957377,0.2184697663573399,-0.29501383795413955,1.6396846892333996,0.6882405253361243,0.6251943530484981,-0.5272693895221551,0.9250693471901464,-2.8366538282262654,-0.29948118306656707,-0.3221865275443632,-0.18728913306032804,False,False
2024-06-09,2024,6,6,161,1.2246467991473532e-16,-1.0,0.36348161248290634,-0.9316013725767187,1,Monsoon,1,scaled_from_onesite,17764.11734128761,32.65833333333333,39.9,28.0,33.875,68.75,6346.0,5498.7,2072.0,3.2,1.477025402523381,1.8665730272468042,1.2501592497603238,-0.44941371850595246,-0.3892751540283442,1.3285279618431658,0.5179686279290507,0.4543478898044097,-0.1879967951413342,0.8763437748770004,-2.952568151490688,0.359951068630442,-0.1726565951374645,0.3843379781754019,False,False
2024-06-10,2024,6,0,162,1.2246467991473532e-16,-1.0,0.3474028211842774,-0.9377159910299093,1,Monsoon,1,scaled_from_onesite,18513.5193488043,33.24166666666667,39.0,28.6,49.833333333333336,65.79166666666667,6792.0,6179.7,2001.0,9.1,1.6135115134667843,1.6586044244730902,1.371422576354083,-0.025904819991646,-0.6123602687372947,1.7183479068320542,0.8820350710506116,0.32666263832724884,0.4375370507483043,1.0157718599615135,-3.1019998968127105,0.8376460496678342,-0.36627898759722705,-0.30458994705575027,False,False
2024-06-11,2024,6,1,163,1.2246467991473532e-16,-1.0,0.3312212278016865,-0.9435531242349544,1,Monsoon,1,scaled_from_onesite,18189.070231574962,32.95,39.8,28.1,34.291666666666664,67.66666666666667,6674.0,5954.2,2067.0,0.0,1.5452684579950835,1.843465404716391,1.2703698041926172,-0.4383560449155007,-0.4709682946259878,1.615211688202707,0.7614814984751168,0.4453559706862998,-0.5272693895221551,0.6629714674246421,-3.2950865057411947,0.08776522144723296,-0.26158394350710185,0.29545419161794145,False,False
2024-06-12,2024,6,2,164,1.2246467991473532e-16,-1.0,0.31494162072895193,-0.9491110448902284,1,Monsoon,1,scaled_from_onesite,18770.96595066162,31.40416666666667,38.5,28.0,40.16666666666666,78.41666666666667,6272.0,5232.8,2004.0,12.2,1.1835802639950659,1.5430663118210266,1.2501592497603238,-0.2824428472901296,0.3396790236121718,1.2638493162620497,0.37581698736220365,0.3320577897981148,0.7662073765547245,1.3174317170770546,-2.1341283708141954,0.8971085401252957,-0.8544879323632878,0.133644051332585,False,False
2024-06-13,2024,6,3,165,1.2246467991473532e-16,-1.0,0.2985688173637202,-0.9543881083175908,1,Monsoon,1,scaled_from_onesite,17706.32012645094,32.675000000000004,38.5,28.1,59.208333333333336,72.625,6422.0,5581.3,2126.0,1.7,1.480925005693194,1.5430663118210266,1.2703698041926172,0.22289283579352095,-0.09706507419830991,1.3949546789264742,0.5621270540697866,0.5514606162799969,-0.34703082375734395,1.1698412127870284,-2.713372393252805,-0.10571447076643976,-0.35817182662934555,0.05386792314362511,False,False
2024-06-14,2024,6,4,166,1.2246467991473532e-16,-1.0,0.2821076626819194,-0.9593827529490743,1,Monsoon,1,scaled_from_onesite,18380.117944324884,33.78333333333333,40.8,29.1,53.375,64.5,6474.0,5515.0,2292.0,0.0,1.7402486164856579,2.074541630020518,1.4724753485155488,0.06808540552719479,-0.7097636286806398,1.4404045379834745,0.5266826999156609,0.8499923310012462,-0.5272693895221551,1.262807575965335,-3.413723014744312,-0.05400256783782963,0.23456561061724704,0.1560391456928766,False,False
2024-06-15,2024,6,5,167,1.2246467991473532e-16,-1.0,0.26556302780405594,-0.9640935007889755,1,Monsoon,1,scaled_from_onesite,17855.868533508747,32.5125,39.5,29.2,73.16666666666667,74.33333333333333,6103.0,4934.4,2179.0,8.1,1.4429038747875316,1.7741425371251536,1.4926859029478416,0.5933249010736584,0.03175872443643603,1.1161372743267983,0.21629066338647093,0.646774958931962,0.33151436500429776,1.8847039385517683,-2.3855556684741797,0.3580446872175624,-0.24669993147914257,-0.033603386875099436,False,False
2024-06-16,2024,6,6,168,1.2246467991473532e-16,-1.0,0.24893980855376657,-0.9685189578512204,1,Monsoon,1,scaled_from_onesite,17084.43416733369,32.99166666666667,38.4,29.2,96.875,67.91666666666667,6520.0,5501.900000000001,2203.0,0.0,1.5550174659196119,1.5199586892906136,1.4926859029478416,1.2225065283703693,-0.45211603141114687,1.480610182533898,0.5196793659877721,0.6899361706988896,-0.5272693895221551,1.6032925195606909,-2.8370911025396137,-0.4752920835360916,0.07044346552923997,-0.4625667255214076,False,False
2024-06-17,2024,6,0,169,1.2246467991473532e-16,-1.0,0.23224292400907015,-0.9726578145718654,1,Monsoon,1,scaled_from_onesite,14933.864693084739,33.016666666666666,39.2,29.5,87.75,69.0,6243.0,5016.4,2357.0,0.0,1.5608668706743287,1.7048196695339162,1.5533175662447214,0.9803434767394736,-0.37042289081350327,1.2385022794802611,0.26012832614119635,0.9668872795366751,-0.5272693895221551,1.820637530482399,-2.7778062406088084,-0.48598653254132385,0.22512817057286855,-0.1714800997582015,False,False
2024-06-18,2024,6,1,170,1.2246467991473532e-16,-1.0,0.21547731504673012,-0.976508846196619,1,Monsoon,1,scaled_from_onesite,7740.752310827311,30.883333333333336,33.4,28.1,100.0,78.25,3160.0,700.6,2699.0,20.200000000000003,1.0617176649384565,0.36457756276997894,1.2703698041926172,1.3054390802987583,0.3271108481356108,-1.4561499411492076,-2.0471227094300697,1.5819345472153936,1.614388862506777,3.6164419761720863,0.9330272266123941,0.6332024811708488,1.2194236884625822,0.33314980469987693,False,False
2024-06-19,2024,6,2,171,1.2246467991473532e-16,-1.0,0.19864794288017112,-0.9800709131432666,1,Monsoon,1,scaled_from_onesite,10518.489474008875,30.866666666666664,35.1,28.5,100.0,77.95833333333333,4559.0,1825.9,3090.0,0.4,1.0578180617686437,0.7574071457869954,1.3512120219217896,1.3054390802987583,0.3051165410516294,-0.23337392536567644,-1.4455309789679662,2.285102622251589,-0.4848603152245524,3.063638116579198,-0.6381011378009944,-1.364872018607998,1.0175218618713766,0.18493987754611593,False,False
2024-06-20,2024,6,3,172,1.2246467991473532e-16,-1.0,0.18175978759137534,-0.9833429613388902,1,Monsoon,1,scaled_from_onesite,9216.618527805402,30.141666666666666,35.0,27.6,98.91666666666669,83.375,4878.0,2864.3,2492.0,4.0,0.8881853238818435,0.7342995232565823,1.1693170320311514,1.276689128963584,0.7135822440398497,0.04544347923399937,-0.8903964789130048,1.2096690957256429,-0.10317864654612899,2.472799356261549,-0.5260623056995556,-0.7710781487747843,0.15593950700365822,0.13427670086607832,False,False
2024-06-21,2024,6,4,173,1.2246467991473532e-16,-1.0,0.16481784665719793,-0.9863240225317866,1,Monsoon,1,scaled_from_onesite,10229.805212957845,28.679166666666664,30.8,27.0,84.08333333333333,86.5,3724.0,1718.2,2500.0,18.4,0.5459951457308831,-0.23622062302075064,1.0480537054373922,0.883035949143497,0.9492355342253612,-0.963193777530972,-1.5031080067567948,1.2240561663146188,1.4235480281675648,2.8165059087564046,1.1852218241396935,0.37470445603534447,0.1752346655307105,0.18818176925564584,False,False
2024-06-22,2024,6,5,174,1.2246467991473532e-16,-1.0,0.14782713347053048,-0.9890132145779883,1,Monsoon,1,scaled_from_onesite,15786.939511548659,29.825,33.7,26.8,52.333333333333336,79.125,6009.0,4821.0,2277.0,1.1,0.8140928636554249,0.433900430361218,1.0076325965728061,0.040441221551065186,0.393093769387554,1.033977913723759,0.155666383430546,0.8230165736469164,-0.4106444352037479,0.9932460105320434,-1.4392380960082996,-0.6066278569239003,-0.5725271971459329,0.018138132501480813,False,False
2024-06-23,2024,6,6,175,1.2246467991473532e-16,-1.0,0.13079267585675922,-0.9914097417023038,1,Monsoon,1,scaled_from_onesite,13868.917055741753,29.90833333333333,33.2,26.9,70.41666666666667,79.5,5649.0,4227.9,2624.0,1.4,0.8335908795044822,0.3183623177091545,1.0278431510050987,0.5203442553766762,0.4213721642098154,0.7193250433291406,-0.16140822364052282,1.4470557604437448,-0.37883762948054595,1.6145617771838057,-1.10940395520311,-0.9377075565660958,-0.2094368054149,-0.19617392458351385,False,False
2024-06-24,2024,6,0,176,1.2246467991473532e-16,-1.0,0.11371951458594969,-0.9935128947338007,1,Monsoon,1,scaled_from_onesite,17637.959451983552,30.375,33.5,27.2,74.5,77.04166666666667,5541.0,4093.4,2588.0,1.3,0.9427797682592048,0.3876851853003919,1.0884748143019785,0.6287094565631043,0.2359915759305467,0.624929182210755,-0.23331268267113922,1.3823139427933533,-0.3894398980549466,1.6769446756913278,-1.1684809903706899,-0.8770132088228636,0.010923586017362824,-0.1510710088169073,False,False
2024-06-25,2024,6,1,177,1.2246467991473532e-16,-1.0,0.0966127018812031,-0.9953220513156602,1,Monsoon,1,scaled_from_onesite,13645.424431268895,30.95833333333333,35.4,27.1,85.45833333333333,75.5,6458.0,5632.3,2168.0,1.6,1.0792658792026064,0.8267300133782328,1.0682642598696857,0.9195262719919882,0.11973595277236068,1.426419965965936,0.5893919418806524,0.6269927368721202,-0.3576330923317446,1.202304171796478,-2.016237354094206,-0.5560723637235392,-0.5280494167018431,-0.5765911097071055,False,False
2024-06-26,2024,6,2,178,1.2246467991473532e-16,-1.0,0.07947729992362097,-0.9968366760893436,1,Monsoon,1,scaled_from_onesite,16636.090759292594,30.816666666666663,35.0,27.2,91.95833333333331,73.16666666666667,6428.0,5349.6,2198.0,0.8,1.0461192522592089,0.7342995232565823,1.0884748143019785,1.092025980003037,-0.05621850389948756,1.4001988934330512,0.4382589265055199,0.6809442515807796,-0.4424512409269499,1.2558718852890465,-1.9528206903699468,-0.6777951700539486,-0.2928830522017406,-0.6642131721667511,False,False
2024-06-27,2024,6,3,179,1.2246467991473532e-16,-1.0,0.062318379354325076,-0.998056320853012,1,Monsoon,1,scaled_from_onesite,12000.995579897708,28.78333333333333,31.9,26.8,95.33333333333331,84.45833333333333,4004.0,1928.4,2692.0,10.1,0.5703676655422053,0.0179632248137885,1.0076325965728061,1.181593136085697,0.7952753846374933,-0.7184637672240466,-1.3907339005245596,1.5693458604500397,0.5435597364923108,2.7510785968835996,0.6682407002383953,-0.4900719821366986,0.42750516100859315,0.09254496807949297,False,False
2024-06-28,2024,6,4,180,1.2246467991473532e-16,-1.0,0.04514101777397193,-0.9989806246941579,1,Monsoon,1,scaled_from_onesite,14233.054599869376,28.95833333333333,32.6,26.5,91.45833333333331,86.0,4650.0,2459.7,2782.0,7.399999999999999,0.6113134988252255,0.17971658252667802,0.9470009332759265,1.0787567716944948,0.9115310077956793,-0.15383667201592566,-1.1066979222125402,1.7312004045760183,0.25729848498349306,2.5997355382733125,0.15181485476605303,-0.7899999162594316,0.10292732674887047,-0.09607050102787358,False,False
2024-06-29,2024,6,5,181,1.2246467991473532e-16,-1.0,0.02795029824021032,-0.999609314096404,1,Monsoon,1,scaled_from_onesite,7672.391636359922,28.65416666666667,32.5,26.1,97.04166666666669,87.91666666666667,3808.0,1575.3,2612.0,29.4,0.540145740976167,0.156608959996265,0.866158715546754,1.2269295978065506,1.0560650257761268,-0.8897747744388944,-1.5795031531915538,1.425475154560281,2.5897975713516366,3.4596654648449543,1.3577412196267604,1.2200177676101305,0.0828496075977029,-0.40251456562302784,False,False
2024-06-30,2024,6,6,182,1.2246467991473532e-16,-1.0,0.01075130776352193,-0.9999422030204416,1,Monsoon,1,scaled_from_onesite,10510.64233256891,28.141666666666666,31.6,25.9,100.0,88.91666666666667,3417.0,1134.2,2573.0,26.0,0.42023294350446244,-0.05135964277744893,0.8257376066821672,1.3054390802987583,1.1314740786354904,-1.231522753117494,-1.8153177024733755,1.3553381854390236,2.2293204398220143,3.391857123796768,1.7245317704140655,0.870441392016753,0.2611830596971307,-0.13753424087026475,False,False
2024-07-01,2024,7,0,183,-0.4999999999999997,-0.8660254037844388,-0.00645086419810515,-0.9999791929590823,1,Monsoon,1,scaled_from_onesite,10558.651615370796,28.21666666666667,32.0,25.9,99.54166666666669,85.45833333333333,4336.0,1757.9,2765.0,10.1,0.4377811577686149,0.04107084734420152,0.8257376066821672,1.293275639349262,0.870684437496857,-0.42828389786012067,-1.4818841627157873,1.7006278795744445,0.5435597364923108,2.7793425222257655,0.6669852264151592,-0.6340361647586721,0.35188157488219113,-0.17874327299600645,False,False
2024-07-02,2024,7,1,184,-0.4999999999999997,-0.8660254037844388,-0.023651127245231586,-0.9997202729664083,1,Monsoon,1,scaled_from_onesite,8782.487286591888,27.7125,30.3,25.5,99.875,89.16666666666667,3173.0,865.6,2506.0,41.3,0.319818161881816,-0.3517587356728141,0.7448953889529948,1.3021217782216228,1.1503263418503313,-1.4447874763849575,-1.9589127782772688,1.2348464692563508,3.851467531705314,3.7921111784649804,2.4729324535823323,2.203302108440356,0.09397985593496269,-0.6142106563414972,False,False
2024-07-03,2024,7,2,185,-0.4999999999999997,-0.8660254037844388,-0.04084439154329611,-0.9991655196610109,1,Monsoon,1,scaled_from_onesite,10799.635484418379,26.620833333333334,28.4,25.2,100.0,94.04166666666669,1842.0,183.0,1718.0,20.8,0.06439415425916258,-0.7908035637506559,0.6842637256561152,1.3054390802987583,1.5179454745397303,-2.60812906109395,-2.32383459042819,-0.18227998375777257,1.6780024739531807,2.651083784611046,3.255482517689319,0.782890712766756,0.38085671805444576,1.1357740303700588,False,False
2024-07-04,2024,7,3,186,-0.4999999999999997,-0.8660254037844388,-0.05802556932878035,-0.9983150972033183,1,Monsoon,1,scaled_from_onesite,12804.168419301439,28.15416666666667,32.8,25.3,99.95833333333331,87.70833333333333,4649.0,2156.2000000000003,2741.0,15.4,0.42315764588182175,0.22593182758750244,0.7044742800884086,1.3043333129397128,1.0403548064304253,-0.1547107077670218,-1.268950734969359,1.657466667807517,1.1054799709355454,2.8731500854053076,0.5916678429299074,-0.17486532227690402,-0.01076102340160266,-0.5043079195262985,False,False
2024-07-05,2024,7,4,187,-0.4999999999999997,-0.8660254037844388,-0.07518957641475855,-0.9971692572470178,1,Monsoon,1,scaled_from_onesite,20814.53692009926,29.116666666666664,33.5,26.1,99.66666666666669,83.5,6070.0,4423.8,2471.0,7.700000000000001,0.6483597289384352,0.3876851853003919,0.866158715546754,1.2965929414263975,0.7230083756472702,1.0872940945406249,-0.056678978108196866,1.1719030354295812,0.2891052907066953,1.9434472882744298,-0.8697657246546752,-0.5892092604172506,-0.6328693692346733,-0.9215744881037207,False,False
2024-07-06,2024,7,5,188,-0.4999999999999997,-0.8660254037844388,-0.09233133369539122,-0.9957283388645872,1,Monsoon,1,scaled_from_onesite,15010.060358858489,28.45,32.7,25.5,98.75,87.125,4625.0,2336.5,2757.0,15.2,0.4923756021459754,0.20282420505709103,0.7448953889529948,1.272266059527403,0.9963661922624635,-0.17568756579332973,-1.1725613374732982,1.6862408089854686,1.084275433786744,2.852000796653212,0.5196001110658737,-0.1713667862658309,-0.00710109962470036,-0.49211970805162947,False,False
2024-07-07,2024,7,6,189,-0.4999999999999997,-0.8660254037844388,-0.10944576864891556,-0.993992768446958,1,Monsoon,1,scaled_from_onesite,12303.762989212026,28.60833333333333,32.0,25.6,91.25,85.5,5507.0,4151.8,2500.0,4.2,0.5294218322591843,0.04107084734420152,0.7651059433852883,1.0732279348992693,0.8738264813659975,0.5952119666734855,-0.2020917130994811,1.2240561663146188,-0.08197410939732766,1.748542264690946,-0.4054182444996864,-0.9400248154920552,-0.5260015878172527,-0.5202259762748355,False,False
2024-07-08,2024,7,0,190,-0.4999999999999997,-0.8660254037844388,-0.12652781683868314,-0.9919630595773397,1,Monsoon,1,scaled_from_onesite,16224.36028423383,29.04583333333333,32.2,26.0,89.875,79.66666666666667,5633.0,4303.5,2539.0,0.9,0.6317864154667364,0.08728609240502758,0.8459481611144607,1.036737612050778,0.43394033968637635,0.7053404713116019,-0.12099203700323921,1.2941931354358762,-0.43184897235254915,1.5563393359790787,-0.7916401660346015,-1.1308443216420492,-0.19356635884403223,-0.5342037666938437,False,False
2024-07-09,2024,7,1,191,-0.4999999999999997,-0.8660254037844388,-0.1435724234118113,-0.9896398128792412,1,Monsoon,1,scaled_from_onesite,15666.700968478079,29.27916666666667,32.8,26.2,94.41666666666669,80.25,5147.0,3740.2,2625.0,1.7000000000000002,0.6863808598440986,0.22593182758750244,0.8863692699790469,1.157266254186704,0.47792895385433815,0.28055909627886705,-0.42213539590246874,1.4488541442673668,-0.34703082375734395,1.913623115680237,-0.5471066319776132,-1.09953965729607,0.08941158693061106,-0.3265620796079866,False,False
2024-07-10,2024,7,2,192,-0.4999999999999997,-0.8660254037844388,-0.16057454459499376,-0.9870237158387383,1,Monsoon,1,scaled_from_onesite,20144.14890855414,29.78333333333333,33.6,26.0,83.95833333333333,78.5,5861.0,4352.4,2534.0,9.1,0.8043438557308958,0.41079280783080496,0.8459481611144607,0.8797186470663615,0.3459631113504517,0.904620622561527,-0.09484982104340926,1.2852012163177662,0.4375370507483043,1.8193339887092292,-0.9790971305720273,-0.27976828663810716,-0.3044340457123614,-0.7650425566970671,False,False
2024-07-11,2024,7,3,193,-0.4999999999999997,-0.8660254037844388,-0.17752914918703497,-0.984115542601034,1,Monsoon,1,scaled_from_onesite,20080.102188995177,29.4625,32.5,26.0,98.25,82.375,5052.0,3798.2,2347.0,17.4,0.7292764947120244,0.156608959996265,0.8459481611144607,1.2589968512188605,0.638173191180486,0.19752569992473162,-0.39112826858815075,0.9489034413004552,1.3175253424235585,2.2818764522869492,-0.0022522634526550237,0.4054388599546876,-0.3265664038879811,-0.7270081813533384,False,False
2024-07-12,2024,7,4,194,-0.4999999999999997,-0.8660254037844388,-0.19443122004766195,-0.9809161537413774,1,Monsoon,1,scaled_from_onesite,5109.343226229686,27.975,32.0,25.6,90.66666666666669,89.41666666666667,3877.0,1487.2,2750.0,10.1,0.38123691180634794,0.04107084734420152,0.7651059433852883,1.057747191872637,1.1691786050651722,-0.8294663076132592,-1.6266019103707163,1.6736521222201148,0.5435597364923108,2.799404038152048,1.0112773324071134,-0.6114690546369059,0.28636253469876005,0.2184243979239372,False,False
2024-07-13,2024,7,5,195,-0.4999999999999997,-0.8660254037844388,-0.2112757555821793,-0.9774264960104055,1,Monsoon,1,scaled_from_onesite,13105.317388540769,28.566666666666663,31.5,25.8,89.79166666666667,87.0,4032.0,2481.6000000000004,2641.0,11.9,0.5196728243346552,-0.07446726530786195,0.8055270522498744,1.0345260773326879,0.986940060655043,-0.693990766193354,-1.0949900586231682,1.4776282854453187,0.7344005708315227,2.5401546604974645,0.7700161615021017,-0.31891634867682056,0.09935757250370948,0.0006998100890037552,False,False
2024-07-14,2024,7,6,196,-0.4999999999999997,-0.8660254037844388,-0.2280577712215198,-0.9736476020539838,1,Monsoon,1,scaled_from_onesite,16206.407794660487,28.98333333333333,32.7,26.0,72.83333333333333,84.25,5656.0,4530.2,2571.0,3.3,0.6171629035799433,0.20282420505709103,0.8459481611144607,0.5844787622012967,0.7795651652917929,0.7254432935868137,0.00020306234427588132,1.3517414177917797,-0.17739452656693358,1.5476206271627888,-0.8020452316441923,-0.8760314816458229,-0.5937744907005897,-0.34897523442896944,False,False
2024-07-15,2024,7,0,197,-0.4999999999999997,-0.8660254037844388,-0.24477230089725957,-0.9695805901076308,1,Monsoon,1,scaled_from_onesite,16809.029201419748,28.9625,32.7,26.3,94.79166666666669,82.75,5353.0,3898.9,2581.0,4.2,0.6122883996176791,0.20282420505709103,0.9065798244113402,1.1672181604181107,0.6664515860027473,0.4606104610046765,-0.33729348030277445,1.3697252560279995,-0.08197410939732766,1.9604650738834923,-0.5058308164592697,-0.9187121565834843,-0.21441606243394234,-0.4731079977005839,False,False
2024-07-16,2024,7,1,198,-0.4999999999999997,-0.8660254037844388,-0.2614143985111562,-0.965226663665613,1,Monsoon,1,scaled_from_onesite,13091.731720755539,29.066666666666663,32.2,26.2,99.375,82.45833333333333,4579.0,2163.7,3036.0,0.8,0.6366609194290005,0.08728609240502758,0.8863692699790469,1.2888525699130806,0.6444572789187659,-0.2158932103437532,-1.2649411926442318,2.1879898957760022,-0.4424512409269499,2.615509674464024,0.03640221351898626,-1.5507219695705667,0.59530038331037,-0.13180688872059876,False,False
2024-07-17,2024,7,2,199,-0.4999999999999997,-0.8660254037844388,-0.2779791393987801,-0.9605871111248129,1,Monsoon,1,scaled_from_onesite,14875.49755412856,29.1125,32.2,26.2,94.375,83.91666666666667,5452.0,4217.9,2394.0,3.0,0.6473848281459832,0.08728609240502758,0.8863692699790469,1.1561604868276583,0.754428814338672,0.5471400003631965,-0.1667542800740259,1.0334274810106885,-0.20920133229013552,1.7107746053619564,-0.5299940617969623,-0.938678838793711,-0.4328243226323454,-0.4015068533662321,False,False
2024-07-18,2024,7,3,200,-0.4999999999999997,-0.8660254037844388,-0.2944616217868012,-0.9556633054034704,1,Monsoon,1,scaled_from_onesite,15537.798858658667,29.55,32.8,26.2,88.45833333333333,80.70833333333333,6136.0,5309.3,2228.0,1.6,0.7497494113535353,0.22593182758750244,0.8863692699790469,0.9991415218432417,0.5124914364148795,1.1449804541129718,0.4167143190785023,0.7348957662894392,-0.3576330923317446,1.1963237633604036,-1.2258296242928166,-0.844923455059455,-0.7123246393739536,-0.6247905734520897,False,False
2024-07-19,2024,7,4,201,-0.4999999999999997,-0.8660254037844388,-0.3108569682435036,-0.9504567035349151,1,Monsoon,1,scaled_from_onesite,11243.595699542953,28.65833333333333,31.8,26.5,89.20833333333333,84.33333333333333,5282.0,4080.1,2433.0,15.000000000000002,0.541120641768619,-0.005144397716623701,0.9470009332759265,1.019045334306055,0.7858492530300728,0.39855392267684897,-0.24042293772769843,1.103564450131946,1.063070896637943,2.097629202445099,-0.08664798045022708,0.10866521701092526,-0.5842332173604554,-0.7189898004113889,False,False
2024-07-20,2024,7,5,202,-0.4999999999999997,-0.8660254037844388,-0.3271603271220951,-0.9449688462364056,1,Monsoon,1,scaled_from_onesite,16833.774524885706,28.775,32.2,26.5,99.75,83.29166666666667,5089.0,3312.8,2636.0,5.2,0.5684178639572997,0.08728609240502758,0.9470009332759265,1.2988044761444872,0.7072981563015698,0.22986502271528964,-0.6506258478703909,1.4686363663272086,0.02404857634667887,2.217040065999885,-0.18093226823714761,-0.9308801166079035,-0.04422698975158476,-0.42573058529460617,False,False
2024-07-21,2024,7,6,203,-0.4999999999999997,-0.8660254037844388,-0.34336687399638804,-0.939201357453208,1,Monsoon,1,scaled_from_onesite,13241.4975346737,28.97083333333333,32.2,26.1,94.5,83.0,5327.0,3777.4,2601.0,10.7,0.6142382012025848,0.08728609240502758,0.866158715546754,1.1594777889047938,0.6853038492175882,0.4378855314761763,-0.4022480659698371,1.4056929325004393,0.6071733479387147,2.1796752064246463,-0.24918541809843417,-0.384032459499057,-0.3003059890441231,-0.7157881426522431,False,False
2024-07-22,2024,7,0,204,-0.4999999999999997,-0.8660254037844388,-0.3594718130884232,-0.9331559438780432,1,Monsoon,1,scaled_from_onesite,16935.667033274956,28.370833333333334,32.7,26.0,99.29166666666669,87.5,4910.0,2812.1,2711.0,14.9,0.473852487089371,0.20282420505709103,0.8459481611144607,1.2866410351949908,1.024644587084725,0.07341262326907656,-0.918302893495891,1.6035151530988574,1.0524686280635422,2.7455193702216136,0.30373757656891576,-0.1837562445238348,-0.23603244636021697,-0.6153906632146375,False,False
2024-07-23,2024,7,1,205,-0.4999999999999997,-0.8660254037844388,-0.3754703786876202,-0.9268343944460494,1,Monsoon,1,scaled_from_onesite,9948.752172298016,27.67083333333333,30.8,25.6,97.625,91.41666666666669,3019.0,902.8,2420.0,15.5,0.31006915395728696,-0.23622062302075064,0.7651059433852883,1.2424103408331828,1.3199967107839008,-1.5793889820537665,-1.939025448344637,1.0801854604248602,1.1160822395099461,2.9366590451092334,1.9094637615918726,-0.011861063747713261,0.3679257840493531,0.5209322301279004,False,False
2024-07-24,2024,7,2,206,-0.4999999999999997,-0.8660254037844388,-0.3913578365610259,-0.9202385798054075,1,Monsoon,1,scaled_from_onesite,14066.3416502057,28.558333333333334,32.3,25.6,95.66666666666669,87.29166666666667,4736.0,3166.6,2615.0,4.0,0.5177230227497505,0.11039371493543895,0.7651059433852883,1.1904392749580595,1.0089343677390246,-0.07866959742165569,-0.7287851929282063,1.430870306031147,-0.10317864654612899,2.172581944479231,0.10554643754854888,-1.0482040606563356,-0.12153287427472301,-0.13324121423473867,False,False
2024-07-25,2024,7,3,207,-0.4999999999999997,-0.8660254037844388,-0.4071294853542516,-0.9133704517637858,1,Monsoon,1,scaled_from_onesite,7662.154896731074,27.9375,32.2,25.4,99.125,87.91666666666667,4368.0,2269.7000000000003,2758.0,44.4,0.3724628046742717,0.08728609240502758,0.7246848345207014,1.2822179657588095,1.0560650257761268,-0.40031475382504345,-1.2082729944490989,1.6880391928090908,4.180137857511735,3.791673164261003,1.4785354572530294,2.379369701979732,-0.41072256660335144,-1.4774858353005913,False,False
2024-07-26,2024,7,4,208,-0.4999999999999997,-0.8660254037844388,-0.4227806579826773,-0.9062320427107697,1,Monsoon,1,scaled_from_onesite,11648.254518574537,28.17083333333333,31.3,25.4,97.20833333333331,88.54166666666667,4148.0,2052.6,2679.0,34.8,0.4270572490516322,-0.12068251036868717,0.7246848345207014,1.2313526672427304,1.103195683813229,-0.5926026190661992,-1.3243358796204512,1.545966870742954,3.1623200743692714,3.444562265568903,1.480390744824356,1.5601534070644427,-0.24716388139680165,-0.9558929591391487,False,False
2024-07-27,2024,7,5,209,-0.4999999999999997,-0.8660254037844388,-0.4383067230125192,-0.898825465016444,1,Monsoon,1,scaled_from_onesite,10688.03892761111,28.54583333333333,32.0,26.5,97.875,87.375,4497.0,2181.8,2769.0,5.3,0.5147983203723911,0.04107084734420152,0.9470009332759265,1.2490449449874539,1.0152184554773045,-0.2875641419336385,-1.255264830499591,1.7078214148689326,0.034650844921079484,2.632190798313335,0.3793478795978102,-1.0675511880448694,0.15636084826063842,-0.020141970084005593,False,False
2024-07-28,2024,7,6,210,-0.4999999999999997,-0.8660254037844388,-0.45370308603134424,-0.8911529104063088,1,Monsoon,1,scaled_from_onesite,10896.837702738916,28.10833333333333,31.2,25.9,93.5,89.08333333333333,4125.0,2476.3,2586.0,18.8,0.41243373716483905,-0.1437901328991002,0.8257376066821672,1.1329393722877092,1.1440422541120503,-0.6127054413414109,-1.097823468532925,1.3787171751461094,1.4659571024651676,2.769938540773262,1.03651110499373,0.2343909327413557,-0.17415433062424482,-0.29778559802238685,False,False
2024-07-29,2024,7,0,211,-0.4999999999999997,-0.8660254037844388,-0.46896519100763184,-0.8832166493127127,1,Monsoon,1,scaled_from_onesite,7212.695720836285,27.67083333333333,30.4,25.6,99.95833333333331,91.625,3429.0,1435.8,2423.0,28.9,0.31006915395728696,-0.3286511131424019,0.7651059433852883,1.3043333129397128,1.3357069301296,-1.22103432410434,-1.6540806404389221,1.085580611895726,2.536786228479633,3.2610893529161054,2.019147082395519,1.1193023576932497,-0.08838688812204756,-0.2516538954323794,False,False
2024-07-30,2024,7,1,212,-0.4999999999999997,-0.8660254037844388,-0.48408852163897587,-0.8750190302029955,1,Monsoon,1,scaled_from_onesite,11008.272525405884,28.8125,33.0,26.1,99.20833333333331,85.625,5801.0,4236.3,2250.0,3.4000000000000004,0.5771919710893759,0.2721470726483285,0.866158715546754,1.2844295004768993,0.883252612973418,0.8521784774957573,-0.1569175362363799,0.7744602104091228,-0.16679225799253286,1.6846622957441306,-0.6561589759118139,-0.8753177834435775,-0.6561239042619046,-0.4989145790579096,False,False
2024-07-31,2024,7,2,213,-0.4999999999999997,-0.8660254037844388,-0.4990686026885319,-0.8665624788845385,1,Monsoon,1,scaled_from_onesite,6444.458554409422,27.7,31.9,25.2,99.875,90.70833333333331,3576.0,1587.2,2338.0,35.7,0.3168934595044575,0.0179632248137885,0.6842637256561152,1.3021217782216228,1.2665819650085153,-1.092551068693204,-1.5731413460356853,0.9327179868878575,3.257740491538878,3.389380242321312,1.935048563736985,1.8471522339211695,-0.1831553433786977,-0.5004262116929838,False,False
2024-08-01,2024,8,3,214,-0.8660254037844385,-0.5000000000000004,-0.5139010013093103,-0.8578494977869301,1,Monsoon,1,scaled_from_onesite,4639.621516823261,26.92083333333333,29.5,25.2,100.0,92.25,1967.0,178.6,1815.0,65.5,0.13458701131576906,-0.5366197159161159,0.6842637256561152,1.3054390802987583,1.3828375881667023,-2.4988745922069295,-2.326186855258931,-0.007836752866440144,6.4172165267102725,4.210277694535124,4.07050040127426,4.752179389562092,-0.155406068466126,-0.5460721555842454,False,False
2024-08-02,2024,8,4,215,-0.8660254037844385,-0.5000000000000004,-0.5285813283559292,-0.8488826652214553,1,Monsoon,1,scaled_from_onesite,6225.850777884163,27.17083333333333,30.2,25.8,100.0,87.20833333333333,2291.0,344.9,2014.0,32.1,0.1930810588629417,-0.37486635820322717,0.8055270522498744,1.3054390802987583,1.0026502800007435,-2.2156870088517726,-2.237281936769775,0.35004162803433464,2.8760588228604544,3.2004257344339613,2.814567173159111,1.7756612628450257,0.5775935881928284,0.3705528278482693,False,False
2024-08-03,2024,8,5,216,-0.8660254037844385,-0.5000000000000004,-0.5431052396834317,-0.8396646346181327,1,Monsoon,1,scaled_from_onesite,14447.1873329694,28.166666666666668,32.0,25.4,99.45833333333331,84.58333333333333,4640.0,2281.4,2684.0,17.5,0.42608234825918023,0.04107084734420152,0.7246848345207014,1.2910641046311704,0.8047015162449138,-0.16257702952688727,-1.2020181084219004,1.554958789861064,1.3281276109979592,2.769961689463539,0.6483845597317989,0.07475159188113203,0.07477354778339247,-0.6462615888818259,False,False
2024-08-04,2024,8,6,217,-0.8660254037844385,-0.5000000000000004,-0.5574684374327892,-0.8301981337405212,1,Monsoon,1,scaled_from_onesite,12628.949976491009,28.195833333333336,32.1,25.5,99.33333333333331,88.70833333333333,4271.0,2170.8,2578.0,16.3,0.4329066538063508,0.06417846987461455,0.7448953889529948,1.2877468025540348,1.115763859289789,-0.48509622168137123,-1.2611454925764445,1.3643301045571337,1.2009003881051514,2.8016581045377453,0.8893579479459911,0.0007024644806658249,-0.042472234825716285,-0.2810811270738186,False,False
2024-08-05,2024,8,0,218,-0.8660254037844385,-0.5000000000000004,-0.5716666713027052,-0.8204859638785327,1,Monsoon,1,scaled_from_onesite,17281.180628934784,28.3,32.8,25.5,99.75,88.125,5377.0,3910.5,2043.0,12.2,0.4572791736176722,0.22593182758750244,0.7448953889529948,1.2988044761444872,1.0717752451218272,0.4815873190309844,-0.3310920548399109,0.4021947589193722,0.7662073765547245,1.869349981064799,-0.006207274740274649,-0.013327881210819464,-0.7911299937976335,-0.5115985058696508,False,False
2024-08-06,2024,8,1,219,-0.8660254037844385,-0.5000000000000004,-0.5856957398073508,-0.8105309990194823,1,Monsoon,1,scaled_from_onesite,10771.444169080149,27.5875,32.0,25.4,99.91666666666669,90.0,4798.0,2442.5,2945.0,10.3,0.2905711381082297,0.04107084734420152,0.7246848345207014,1.3032275455806686,1.213167219233134,-0.02447938085369362,-1.1158931392781655,2.0243369678264016,0.5647642736411123,2.7840130057206753,0.5100863402691823,-0.8462109652682233,-0.1469683353235219,-0.55636626018373,False,False
2024-08-07,2024,8,2,220,-0.8660254037844385,-0.5000000000000004,-0.5995514915196489,-0.8003361849976323,1,Monsoon,1,scaled_from_onesite,14065.310654176634,27.59166666666667,30.8,25.7,99.75,86.375,3672.0,1447.1,2542.0,15.0,0.2915460389006833,-0.23622062302075064,0.7853164978175811,1.2988044761444872,0.9398094026179408,-1.0086436365879725,-1.6480395966690637,1.299588286906742,1.0630708966379427,2.7767899342927063,1.3958377408190787,-0.10037478830144235,0.39662208454213776,-0.0008899998667971828,False,False
2024-08-08,2024,8,3,221,-0.8660254037844385,-0.5000000000000004,-0.6132298262997502,-0.7899045386224707,1,Monsoon,1,scaled_from_onesite,15871.299136052243,28.17083333333333,32.2,25.8,98.95833333333331,83.58333333333333,5196.0,3787.2,2419.0,7.4,0.4270572490516322,0.08728609240502758,0.8055270522498744,1.2777948963226282,0.7292924633855501,0.323386848082579,-0.3970089306650042,1.0783870766012382,0.2572984849834932,1.9146472145891484,-0.12057569936070714,-0.611743953380367,-0.28227518510596467,-0.5543484894863993,False,False
2024-08-09,2024,8,4,222,-0.8660254037844385,-0.5000000000000004,-0.6267266965083301,-0.7792391467859886,1,Monsoon,1,scaled_from_onesite,13082.698728320713,27.729166666666668,31.5,25.3,96.41666666666669,87.66666666666667,3756.0,1231.4,2888.0,16.7,0.32371776505162814,-0.07446726530786195,0.7044742800884086,1.210343087420873,1.037212762561286,-0.9352246334958948,-1.7633540339397253,1.9218290898799486,1.2433094624027539,3.139081610225115,1.3245243145018961,-0.15392408421701165,0.43405487607475884,-0.17511403929243477,False,False
2024-08-10,2024,8,5,223,-0.8660254037844385,-0.5000000000000004,-0.6400381082043503,-0.7683431655492202,1,Monsoon,1,scaled_from_onesite,18526.422836715163,27.491666666666664,31.1,25.1,99.45833333333331,89.5,3933.0,1397.1,2936.0,35.1,0.26814841988181315,-0.1668977554295124,0.6640531712238225,1.2910641046311704,1.1754626928034522,-0.7805203055518741,-1.6747698788365792,2.0081515134138037,3.194126880092474,3.7603074164984025,1.784346797353244,1.3577418910525112,-0.02550702201974997,-1.0087537344818034,False,False
2024-08-11,2024,8,6,224,-0.8660254037844385,-0.5000000000000004,-0.65316012232693,-0.7572198192083127,1,Monsoon,1,scaled_from_onesite,14517.258100917697,28.05,31.8,25.0,94.54166666666669,86.83333333333333,4534.0,2133.0,3052.0,5.300000000000001,0.39878512607049954,-0.005144397716623701,0.643842616791529,1.1605835562638396,0.9743718851784821,-0.2552248191430805,-1.2813535858950862,2.216764036953954,0.03465084492107958,2.6397599682171786,0.45251602280743297,-1.256033485308578,0.2813342850401823,-0.28017923081005386,False,False
2024-08-12,2024,8,0,225,-0.8660254037844385,-0.5000000000000004,-0.666088855860977,-0.7458723993404063,1,Monsoon,1,scaled_from_onesite,18954.23279526838,28.475,32.9,25.6,99.5,86.125,5391.0,3578.0,2557.0,6.1,0.49822500690069316,0.24903945011791545,0.7651059433852883,1.2921698719902162,0.9209571394030998,0.4938238195463307,-0.5088484312538889,1.326564044261072,0.11946899351628469,2.1105237872876224,-0.2655884249980213,-0.8483442721663708,-0.3624498675906077,-0.5549699658338346,False,False
2024-08-13,2024,8,1,226,-0.8660254037844385,-0.5000000000000004,-0.6788204829862355,-0.734304263829602,1,Monsoon,1,scaled_from_onesite,10410.462629315665,28.27916666666667,32.8,25.4,99.16666666666669,89.16666666666667,5583.0,4242.7,2297.0,19.5,0.45240466965540804,0.22593182758750244,0.7246848345207014,1.283323733117855,1.1503263418503313,0.6616386837567939,-0.15349606011893813,0.8589842501193561,1.5401729824859722,2.235349813355069,0.009151158848311098,0.449854304305567,-1.0201372815192273,-1.027602300840193,False,False
2024-08-14,2024,8,2,227,-0.8660254037844385,-0.5000000000000004,-0.6913512362094071,-0.722518835873311,1,Monsoon,1,scaled_from_onesite,9005.624790681328,28.1,32.0,25.4,99.95833333333331,88.95833333333333,4362.0,2624.6,2356.0,15.2,0.41048393557993423,0.04107084734420152,0.7246848345207014,1.3043333129397128,1.1346161225046298,-0.4055589683316204,-1.018541451624074,0.9650888957130531,1.084275433786744,2.4906666359253014,0.81612846807334,0.0369499359041017,-0.22813369410134715,-0.2370941857955267,False,False
2024-08-15,2024,8,3,228,-0.8660254037844385,-0.5000000000000004,-0.7036774074790128,-0.7105196029692745,1,Monsoon,1,scaled_from_onesite,12630.75128157965,28.070833333333336,31.6,24.9,100.0,88.79166666666667,4105.0,2236.1,2530.0,11.9,0.4036596300327645,-0.05135964277744893,0.6236320623592356,1.3054390802987583,1.12204794702807,-0.6301861563633342,-1.2262357440656695,1.2780076810232783,0.7344005708315227,2.54603028067882,0.9596181100408623,-0.37790704823333504,0.042771708325298446,-0.10810291783190655,False,False
2024-08-16,2024,8,4,229,-0.8660254037844385,-0.5000000000000004,-0.7157953492826642,-0.6983101158835584,1,Monsoon,1,scaled_from_onesite,14871.75494236306,27.883333333333336,32.2,24.7,86.70833333333333,87.58333333333333,4468.0,2476.5,2716.0,4.7,0.359789094372385,0.08728609240502758,0.5832109534946494,0.9526992927633439,1.0309286748230049,-0.31291117871542723,-1.097716547404255,1.6125070722169674,-0.028962766525324393,2.2049005202261887,0.43826853889836226,-1.0269779325160877,0.08542309096329077,0.017080560278135076,False,False
2024-08-17,2024,8,5,230,-0.8660254037844385,-0.5000000000000004,-0.7277014757264236,-0.6858939875998223,1,Monsoon,1,scaled_from_onesite,18748.703884653976,27.8125,31.5,24.8,95.83333333333331,89.125,3633.0,1424.0,2709.0,7.6,0.3432157809006854,-0.07446726530786195,0.6034215079269428,1.1948623443942392,1.1471842979811908,-1.0427310308807227,-1.6603889870304558,1.5999183854516135,0.2785030221322945,2.6633465861170635,1.2057331499541646,-0.8507749827771548,0.43943989574974146,0.28948238241939717,False,False
2024-08-18,2024,8,6,231,-0.8660254037844385,-0.5000000000000004,-0.7393922635959241,-0.673274892250183,1,Monsoon,1,scaled_from_onesite,13133.315401311644,27.47083333333333,32.0,25.1,99.54166666666669,87.33333333333333,4552.0,3005.0,2153.0,20.3,0.263273915919549,0.04107084734420152,0.6640531712238225,1.293275639349262,1.012076411608164,-0.23949217562334957,-0.8151774648936163,0.6000169795177904,1.6249911310811775,2.298705797332997,0.8630130948807135,0.6261209504996122,-0.40630832244843085,-0.5201057119887059,False,False
2024-08-19,2024,8,0,232,-0.8660254037844385,-0.5000000000000004,-0.7508642533989489,-0.6604565640279754,1,Monsoon,1,scaled_from_onesite,6581.248271873847,26.683333333333334,29.5,24.9,100.0,91.125,2560.0,480.1,2244.0,22.4,0.07901766614595573,-0.5366197159161159,0.6236320623592356,1.3054390802987583,1.2980024036999183,-1.980571391806905,-2.165003253788813,0.7636699074673909,1.8476387711435909,2.969254621813976,2.661504875991631,0.6352357737334452,0.43854222071489996,0.42405812929891523,False,False
2024-08-20,2024,8,1,233,-0.8660254037844385,-0.5000000000000004,-0.7621140503891487,-0.6474427960827475,1,Monsoon,1,scaled_from_onesite,8846.209290336234,27.433333333333334,31.0,25.0,100.0,88.79166666666667,3557.0,966.9,2869.0,16.7,0.25449980878747364,-0.19000537795992542,0.643842616791529,1.3054390802987583,1.12204794702807,-1.109157747964031,-1.9047572266058823,1.8876597972311309,1.2433094624027539,3.186372546271123,1.599748844962849,-0.2094345159496178,0.4809851616861435,-0.12790386352787383,False,False
2024-08-21,2024,8,2,234,-0.8660254037844385,-0.5000000000000004,-0.7731383255706026,-0.6342374393978054,1,Monsoon,1,scaled_from_onesite,12908.87278726646,28.245833333333334,32.8,25.4,99.625,87.125,5168.0,3624.7,2107.0,12.5,0.44460546331578465,0.22593182758750244,0.7246848345207014,1.2954871740673517,0.9963661922624635,0.29891384705188645,-0.4838823477094295,0.5172913236311791,0.7980141822779265,1.9609864895739169,0.11973261335009787,-0.004430802582515582,-0.5904016233419429,-0.45904699907068625,False,False
2024-08-22,2024,8,3,235,-0.8660254037844385,-0.5000000000000004,-0.7839338166829201,-0.620844401650647,1,Monsoon,1,scaled_from_onesite,15452.495702942248,27.829166666666666,32.3,25.5,99.75,89.58333333333333,4116.0,2252.3,2319.0,32.9,0.3471153840704967,0.11039371493543895,0.7448953889529948,1.2988044761444872,1.181746780541732,-0.6205717631012764,-1.2175751326433943,0.8985486942390397,2.9608769714556593,3.142896195240491,1.4199230617316345,1.6323881010744412,-0.381965084723045,-0.6820440972565429,False,False
2024-08-23,2024,8,4,236,-0.8660254037844385,-0.5000000000000004,-0.7944973291665992,-0.6072676460566135,1,Monsoon,1,scaled_from_onesite,4697.623540677635,26.679166666666664,30.2,25.0,99.91666666666669,92.08333333333331,2613.0,742.1,1953.0,26.1,0.07804276535350207,-0.37486635820322717,0.643842616791529,1.3032275455806686,1.3702694126901402,-1.9342474969988084,-2.024936575231032,0.24034021479339363,2.2399227083964153,2.8683176937392694,2.6668453886015624,1.168648849865795,0.1884388106727387,0.453023777466697,False,False
2024-08-24,2024,8,5,237,-0.8660254037844385,-0.5000000000000004,-0.8048257371083452,-0.593511190196115,1,Monsoon,1,scaled_from_onesite,7648.521536896088,26.245833333333334,29.9,24.6,99.95833333333331,92.83333333333331,2701.0,807.2,1953.0,25.4,-0.02334691706159637,-0.4441892257944654,0.5630003990623567,1.3043333129397128,1.4268262023346632,-1.8573323509023463,-1.990133747848927,0.24034021479339363,2.1657068283756105,2.766899771428223,2.713558237916593,1.0606479482830078,0.10907127163875119,0.383970805381424,False,False
2024-08-25,2024,8,6,238,-0.8660254037844385,-0.5000000000000004,-0.8149159841660791,-0.5795791048257612,1,Monsoon,1,scaled_from_onesite,13867.527355443399,26.6125,30.5,24.5,100.0,91.54166666666669,2924.0,803.8,2201.0,19.2,0.06244435267425693,-0.3055434906119889,0.5427898446300632,1.3054390802987583,1.3294228423913212,-1.662422378407902,-1.9919514070363178,0.6863394030516456,1.50836617676277,2.759098351267719,2.299689124266571,0.3914286170612921,0.30580858243068554,0.39419926107732045,False,False
2024-08-26,2024,8,0,239,-0.8660254037844385,-0.5000000000000004,-0.8247650844733614,-0.5654755126737576,1,Monsoon,1,scaled_from_onesite,10157.739525378754,26.9875,30.2,24.8,98.20833333333331,89.625,3210.0,1393.4,2347.0,23.7,0.1501854239950159,-0.37486635820322717,0.6034215079269428,1.257891083859815,1.1848888244108726,-1.4124481535943996,-1.6767479197169752,0.9489034413004552,1.9854682626107998,2.8612249788958874,2.0916375067753856,0.7366605513102754,0.16445158400562138,-0.03816516966967955,False,False
2024-08-27,2024,8,1,240,-0.8660254037844385,-0.5000000000000004,-0.8343701235229538,-0.5512045872199277,1,Monsoon,1,scaled_from_onesite,8026.6154750027,26.83333333333333,29.6,24.7,99.91666666666669,90.45833333333331,3223.0,685.3,2667.0,5.2,0.11411409467425815,-0.5135120933857028,0.5832109534946494,1.3032275455806686,1.2477297017936744,-1.4010856888301495,-2.0553021757733294,1.5243862648594901,0.02404857634667887,2.6373907835953503,1.8192381114984428,-1.1871093958167134,0.6157740779058325,0.49328855371121816,False,False
2024-08-28,2024,8,2,241,-0.8660254037844385,-0.5000000000000004,-0.8437282590292712,-0.5367705514607103,1,Monsoon,1,scaled_from_onesite,10651.657380685248,27.416666666666668,31.6,24.4,77.08333333333333,87.54166666666667,5197.0,3981.9,2266.0,7.699999999999999,0.25060020561766233,-0.05135964277744893,0.5225792901977697,0.6972670328239058,1.0277866309538655,0.3242608838336752,-0.2929212119046987,0.8032343515870746,0.2891052907066951,1.4180682921099528,0.09887749546642964,-0.4595995369856298,-0.6834257010399546,-0.2979145672952144,False,False
2024-08-29,2024,8,3,242,-0.8660254037844385,-0.5000000000000004,-0.8528367217694595,-0.522177676659508,1,Monsoon,1,scaled_from_onesite,17586.862102477866,27.941666666666663,32.1,24.5,29.5,85.875,5780.0,5327.6,1981.0,1.5,0.37343770546672367,0.06417846987461455,0.5427898446300632,-0.565519291205697,0.9021048761882589,0.8338237267227379,0.42649760235181305,0.2906949618548092,-0.3682353609061453,0.1933244632421814,-0.8169513337382618,-0.4458454696781523,-1.1969754777369563,0.304256909798492,False,False
2024-08-30,2024,8,4,243,-0.8660254037844385,-0.5000000000000004,-0.8616928164028522,-0.5074302810827518,1,Monsoon,1,scaled_from_onesite,19543.98008129079,28.15833333333333,32.6,24.5,51.958333333333336,85.79166666666667,6114.0,6204.3,1675.0,2.9,0.42413254667427375,0.17971658252667802,0.5427898446300632,0.030489315319658507,0.8958207884499789,1.1257516675888561,0.8951863698770294,-0.2596104881735179,-0.21980360086453618,0.09232953098852552,-1.0233162117870849,-0.24564801967926278,-1.4893619654606252,-0.09300251573702649,False,False
2024-08-31,2024,8,5,244,-0.8660254037844385,-0.5000000000000004,-0.8702939222685674,-0.49253272872205434,1,Monsoon,1,scaled_from_onesite,16497.43278486529,28.5625,32.5,25.5,84.91666666666667,83.375,5733.0,5246.8,2009.0,3.5,0.5186979235422032,0.156608959996265,0.7448953889529948,0.9051512963244011,0.7135822440398497,0.7927440464212182,0.38330146636910795,0.3410497089162247,-0.15618998941813225,1.0028923056239736,-0.743688748760121,-0.5715509633520893,-0.8369828772470139,-0.4103056063190223,False,False
2024-09-01,2024,9,6,245,-1.0,-1.8369701987210297e-16,-0.8786374941610001,-0.4774894280028391,1,Monsoon,1,scaled_from_onesite,14367.211634979989,27.58333333333333,30.9,25.3,97.5,87.45833333333333,4001.0,1905.6,2647.0,5.3,0.28959623731577605,-0.21311300049033843,0.7044742800884086,1.2390930387560473,1.0215025432155844,-0.7210858744773351,-1.4029229091929467,1.4884185883870504,0.034650844921079484,2.401020991526088,0.9482212064346885,-1.0400198536456502,0.31332869231508526,0.12100516364689576,False,False
2024-09-02,2024,9,0,246,-1.0,-1.8369701987210297e-16,-0.886721063082993,-0.46230483047981086,1,Monsoon,1,scaled_from_onesite,15297.56808914364,27.429166666666664,31.1,24.6,86.125,87.70833333333333,4717.0,3430.2000000000003,2391.0,8.9,0.25352490799502,-0.1668977554295124,0.5630003990623567,0.9372185497367114,1.0403548064304253,-0.09527627669248277,-0.5878631453410644,1.0280323295398226,0.416332513599503,1.7929951718265142,0.4955804963958779,-0.4948853763390153,-0.3939330119894376,-0.26095638466996274,False,False
2024-09-03,2024,9,1,247,-1.0,-1.8369701987210297e-16,-0.8945422369764496,-0.4469834295196741,1,Monsoon,1,scaled_from_onesite,13938.076272950511,27.95833333333333,32.0,24.6,92.66666666666669,85.58333333333333,5033.0,4031.5,2132.0,6.1,0.377337308636535,0.04107084734420152,0.5630003990623567,1.110824025106806,0.8801105691042774,0.18091902065390456,-0.26640477199452345,0.5622509192217288,0.11946899351628469,1.4628370934022414,0.05487428478488854,-0.537830920877703,-0.47055438700059254,-0.28298021659497197,False,False
2024-09-04,2024,9,2,248,-1.0,-1.8369701987210297e-16,-0.9020987014301837,-0.43152975897147144,1,Monsoon,1,scaled_from_onesite,20071.182752769037,28.245833333333334,32.4,25.0,97.375,82.20833333333333,5351.0,4036.7,2285.0,0.5,0.44460546331578465,0.13350133746585197,0.643842616791529,1.2357757366789117,0.625605015703925,0.4588623895024842,-0.2636248226491019,0.8374036442358923,-0.4742580466501518,1.423934632928202,-0.39785697656787694,-1.1036795292646866,-0.2198343597888242,-0.3682080470979667,False,False
2024-09-05,2024,9,3,249,-1.0,-1.8369701987210297e-16,-0.9093882203647925,-0.4159483918249421,1,Monsoon,1,scaled_from_onesite,20431.611403292485,28.45833333333333,32.7,25.2,91.41666666666669,82.33333333333333,5778.0,5333.0,1997.0,1.9,0.49432540373088024,0.20282420505709103,0.6842637256561152,1.0776510043354506,0.6350311473113455,0.8320756552205455,0.42938447282590453,0.31946910303276094,-0.3258262866085427,0.9451329002471932,-0.8093888654354778,-0.728696665601308,-0.7504250725001329,-0.49611379664139527,False,False
2024-09-06,2024,9,4,250,-1.0,-1.8369701987210297e-16,-0.9164086366943458,-0.4002439388573056,1,Monsoon,1,scaled_from_onesite,17236.18614849554,28.416666666666668,32.8,25.5,92.54166666666669,87.125,5316.0,4289.7,2172.0,0.5,0.48457639580635287,0.22593182758750244,0.7448953889529948,1.1075067230296705,0.9963661922624635,0.4282711382141185,-0.1283695948814736,0.6341862721666081,-0.4742580466501518,1.4202436457890464,-0.4060667344808005,-1.0442211349179438,-0.6010160126436357,-0.1090060358883408,False,False
2024-09-07,2024,9,5,251,-1.0,-1.8369701987210297e-16,-0.9231578729647039,-0.38442104726885545,1,Monsoon,1,scaled_from_onesite,17491.677499205132,28.4875,33.1,25.5,80.91666666666667,86.29166666666667,5722.0,5325.1,1663.0,1.4,0.5011497092780517,0.2952546951787415,0.7448953889529948,0.7989976298560632,0.9335253148796607,0.7831296531591604,0.4251610882434373,-0.28119109405698167,-0.37883762948054595,0.6940147162632666,-0.7583846433655606,-0.5313580036056738,-1.0914071636360838,-0.014773608870942897,False,False
2024-09-08,2024,9,6,252,-1.0,-1.8369701987210297e-16,-0.9296339319682695,-0.3684843993077793,1,Monsoon,1,scaled_from_onesite,12261.707601505514,27.65833333333333,30.5,25.8,78.70833333333333,88.79166666666667,3993.0,2214.7,2478.0,8.9,0.3071444515799285,-0.3055434906119889,0.8055270522498744,0.7403919598266681,1.12204794702807,-0.7280781604861043,-1.237676304833366,1.1844917221949351,0.416332513599503,2.179095242363116,0.983364834190622,-0.5102726577200821,-0.023347623779202867,0.33247761085457245,False,False
2024-09-09,2024,9,0,253,-1.0,-1.8369701987210297e-16,-0.9358348973349941,-0.35243871088460327,1,Monsoon,1,scaled_from_onesite,13589.661910777844,28.27916666666667,31.7,25.9,70.0,85.54166666666667,5466.0,5108.3,1865.0,7.6,0.45240466965540804,-0.028252020247036724,0.8257376066821672,0.5092865817862242,0.876968525235138,0.5593765008785428,0.30925858476509005,0.08208243831465906,0.2785030221322945,0.9314158311191423,-0.39266974637285756,-0.07500393115063646,-1.0476179339417426,-0.14121849708009726,False,False
2024-09-10,2024,9,1,254,-1.0,-1.8369701987210297e-16,-0.9417589340994617,-0.33628873017668287,1,Monsoon,1,scaled_from_onesite,16589.291810108145,28.4375,32.1,25.3,78.875,85.125,5503.0,4996.8,1945.0,4.7,0.48945089976861694,0.06417846987461455,0.7044742800884086,0.7448150292628489,0.8455480865437361,0.5917158236691009,0.24965005553153055,0.22595314420441776,-0.028962766525324393,0.9864350543498911,-0.4765053319147417,-0.4255276573495605,-0.8852409186211456,-0.21195553788747498,False,False
2024-09-11,2024,9,2,255,-1.0,-1.8369701987210297e-16,-0.9474042892438845,-0.32003923622313857,1,Monsoon,1,scaled_from_onesite,10632.269743930758,28.4125,32.2,25.3,97.41666666666669,88.83333333333333,4762.0,3223.5,2389.0,21.8,0.48360149501390004,0.08728609240502758,0.7044742800884086,1.2368815040379573,1.1251899908972094,-0.05594466789315547,-0.6983661318215736,1.0244355618925787,1.7840251596971874,2.5819917923968476,0.6324559809128993,0.6222447783752513,-0.5587892642001318,-0.6892314061843003,False,False
2024-09-12,2024,9,3,256,-1.0,-1.8369701987210297e-16,-0.9527692922168511,-0.30369503751065885,1,Monsoon,1,scaled_from_onesite,12774.942981990465,29.383333333333336,32.0,25.8,100.0,81.375,3196.0,768.6,2619.0,0.3,0.7107533796554207,0.04107084734420152,0.8055270522498744,1.3054390802987583,0.5627641383211223,-1.4246846541097458,-2.0107695256822486,1.4380638413256348,-0.49546258379895314,2.597612499317621,0.9342291121669595,-1.2506802003923843,1.2767967571737981,0.8444274781268434,False,False
2024-09-13,2024,9,4,257,-1.0,-1.8369701987210297e-16,-0.9578523554276669,-0.28726097055059635,1,Monsoon,1,scaled_from_onesite,10682.204129888696,27.6625,31.3,25.9,100.0,88.54166666666667,2561.0,425.8,2234.0,56.400000000000006,0.30811935237238214,-0.12068251036868717,0.8257376066821672,1.3054390802987583,1.103195683813229,-1.9796973560558089,-2.194032340222735,0.7456860692311711,5.452410086439813,4.25749773645627,3.0834677478825663,3.805080316811102,0.13301794677414103,-0.6391188716292278,False,False
2024-09-14,2024,9,5,258,-1.0,-1.8369701987210297e-16,-0.9626519747161487,-0.2707418984477642,1,Monsoon,1,scaled_from_onesite,3355.7409149776868,25.52916666666667,26.5,24.7,100.0,92.29166666666669,962.0,42.9,930.0,60.7,-0.19102985336349085,-1.2298483918284966,0.5832109534946494,1.3054390802987583,1.385979632035844,-3.3772805220585727,-2.3987328410615687,-1.5994064367718959,5.908307635139042,3.179787708328092,5.068795605739451,4.799217265577369,-0.0942188076330149,0.30920790910232215,False,False
2024-09-15,2024,9,6,259,-1.0,-1.8369701987210297e-16,-0.9671667297977312,-0.2541427094613622,1,Monsoon,1,scaled_from_onesite,1353.8601185287023,25.058333333333334,25.7,24.5,100.0,92.625,826.0,6.4,820.0,54.8,-0.30119364291066636,-1.4147093720717985,0.5427898446300632,1.3054390802987583,1.4111159829889637,-3.4961493842076505,-2.418245947043855,-1.797228657370314,5.282773789249402,2.8384953272993014,5.164626627987624,4.302775515825948,-0.03174122885781914,0.5747847950795171,True,False
2024-09-16,2024,9,0,260,-1.0,-1.8369701987210297e-16,-0.97139528468375,-0.23746831555846842,1,Monsoon,1,scaled_from_onesite,7160.7035803213175,26.05,28.0,24.5,99.91666666666669,90.41666666666669,1742.0,319.0,1556.0,17.3,-0.06916725430688148,-0.8832340538723062,0.5427898446300632,1.3032275455806686,1.244587657924537,-2.695532636203566,-2.251128222932548,-0.473618163184534,1.306923073849158,2.186336543450965,3.2774277829038247,0.613024892076396,0.6030751547445447,1.212187129823936,False,False
2024-09-17,2024,9,1,261,-1.0,-1.8369701987210297e-16,-0.9753363880767837,-0.2207236509605022,1,Monsoon,1,scaled_from_onesite,19140.075405583462,27.5,32.0,23.8,40.625,84.79166666666667,5975.0,6359.1,1584.0,1.3,0.2700982214667196,0.04107084734420152,0.4013159636040112,-0.27027940634063224,0.8204117355906152,1.0042606981864894,0.9779433234676574,-0.4232634161231184,-0.3894398980549466,-0.33527045076900425,-0.9070039260328115,-0.26882869857729047,-1.4704440212277992,0.07217010757926806,False,False
2024-09-18,2024,9,2,262,-1.0,-1.8369701987210297e-16,-0.9789888737409319,-0.20391367068311472,1,Monsoon,1,scaled_from_onesite,19655.375741878703,28.15833333333333,32.5,23.6,47.333333333333336,83.5,5712.0,5915.7,1647.0,0.9,0.42413254667427375,0.156608959996265,0.36089485473942506,-0.09225086153435719,0.7230083756472702,0.7743892956481988,0.7408991812061299,-0.3099652352349334,-0.43184897235254915,-0.09765774744043096,-0.8467900452288493,-0.32332010862307553,-1.1447886564958398,0.1602418799349207,False,False
2024-09-19,2024,9,3,263,-1.0,-1.8369701987210297e-16,-0.9823516608469237,-0.18704334906991657,1,Monsoon,1,scaled_from_onesite,16018.049943679573,28.941666666666663,33.0,24.5,66.54166666666667,82.875,5775.0,5569.4,1703.0,0.0,0.6074138956554141,0.2721470726483285,0.5427898446300632,0.4175078909854738,0.6758777176101678,0.829453547967257,0.5557652469139176,-0.20925574111210235,-0.5272693895221551,0.3347164917660075,-0.9690976485985152,-0.5239423206855126,-0.9541471493511745,0.04298746309429694,False,False
2024-09-20,2024,9,4,264,-1.0,-1.8369701987210297e-16,-0.9854237542919524,-0.17011767832049052,1,Monsoon,1,scaled_from_onesite,19589.86032571585,29.09583333333333,32.9,25.1,48.375,84.45833333333333,5659.0,6018.2,1574.0,7.899999999999999,0.6434852249761711,0.24903945011791545,0.6640531712238225,-0.06460667755822759,0.7952753846374933,0.7280654008401022,0.7956962596495366,-0.44124725435933826,0.3103098278554963,0.30297929278056984,-0.8514318680181229,0.38258412029155675,-1.3414442829963125,0.12331277633652014,False,False
2024-09-21,2024,9,5,265,-1.0,-1.8369701987210297e-16,-0.9882042449941422,-0.15314166701312007,1,Monsoon,1,scaled_from_onesite,22152.84593279743,28.85,33.0,24.9,92.75,85.54166666666667,5496.0,5389.7,1536.0,17.5,0.5859660782214521,0.2721470726483285,0.6236320623592356,1.113035559824896,0.876968525235138,0.5855975734114277,0.45969661280386703,-0.5095858396569737,1.3281276109979592,1.2095192610227434,-0.22185857370881765,0.9291883644505665,-1.210512953584738,-0.624721832675207,False,False
2024-09-22,2024,9,6,266,-1.0,-1.8369701987210297e-16,-0.9906923101615609,-0.13612033862266704,1,Monsoon,1,scaled_from_onesite,21888.156142569274,29.620833333333334,33.7,25.5,69.83333333333333,83.0,5553.0,5303.0,1715.0,7.1,0.7663227248252341,0.433900430361218,0.7448953889529948,0.5048635123500433,0.6853038492175882,0.6354176112239089,0.41334630352539525,-0.18767513522863855,0.2254916792602912,0.8454978259610302,-0.8399616543830516,0.13910924341497374,-0.9211906844034492,-0.0003209263027798692,False,False
2024-09-23,2024,9,0,267,-1.0,-1.8369701987210297e-16,-0.9928872135356962,-0.11905873003404988,1,Monsoon,1,scaled_from_onesite,14209.336377120504,27.954166666666666,33.1,25.8,96.08333333333331,91.25,3773.0,2594.6000000000004,1965.0,17.3,0.376362407844083,0.2952546951787415,0.8055270522498744,1.2014969485485103,1.3074285353073387,-0.9203660257272601,-1.0345796209245832,0.26192082067685746,1.306923073849158,2.3760632221801345,1.0999821281755064,0.5560024097284977,-0.3064096702279711,0.3142151636660532,False,False
2024-09-24,2024,9,1,268,-1.0,-1.8369701987210297e-16,-0.994788305609327,-0.10196189005174576,1,Monsoon,1,scaled_from_onesite,14647.670178668548,26.7875,30.9,24.9,100.0,92.29166666666669,3379.0,1418.8000000000002,2277.0,31.0,0.10339018595727793,-0.21311300049033843,0.6236320623592356,1.3054390802987583,1.385979632035844,-1.264736111659148,-1.6631689363758773,0.8230165736469164,2.759433868542047,3.136045109370476,2.198961872223283,1.383083671280138,-0.15858547410965318,-0.28073147121869085,False,False
2024-09-25,2024,9,2,269,-1.0,-1.8369701987210297e-16,-0.9963950238187231,-0.08483487790576538,1,Monsoon,1,scaled_from_onesite,10096.883019299055,25.6375,28.1,24.8,100.0,95.29166666666669,1431.0,107.0,1353.0,37.1,-0.16568243275971664,-0.8601264313418933,0.6034215079269428,1.3054390802987583,1.612206790613935,-2.9673577547944725,-2.3644646193228134,-0.8386900793797967,3.406172251580487,2.850186851975387,4.080051733194704,2.4267586649559925,0.09313253917719651,0.862565074488802,False,False
2024-09-26,2024,9,3,270,-1.0,-1.8369701987210297e-16,-0.9977068927101168,-0.06768276175455162,1,Monsoon,1,scaled_from_onesite,2233.343570457012,25.891666666666666,28.0,24.8,99.95833333333331,93.41666666666669,2195.0,377.0,1890.0,23.3,-0.1062134844200912,-0.8832340538723062,0.6034215079269428,1.3043333129397128,1.470814816502628,-2.299594440957004,-2.22012109561823,0.12704203390520866,1.9430591883131973,2.6874685537076606,3.220996537200523,0.8421535846606095,0.270086384503187,0.6790680854563291,False,False
2024-09-27,2024,9,4,271,-1.0,-1.8369701987210297e-16,-0.9987235240803972,-0.050510617185222886,1,Monsoon,1,scaled_from_onesite,18066.8615539988,26.9875,30.0,24.8,99.91666666666669,89.04166666666667,3562.0,1710.8,2455.0,6.8,0.1501854239950159,-0.42108160326405236,0.6034215079269428,1.3032275455806686,1.1409002102429109,-1.1047875692085503,-1.507064088517587,1.1431288942516296,0.19368487353708927,2.3050225239340545,1.4731522129196042,-0.8567317036490989,0.3069922455822087,0.2771232431065142,False,False
2024-09-28,2024,9,5,272,-1.0,-1.8369701987210297e-16,-0.9994446170919858,-0.033323525711631344,1,Monsoon,1,scaled_from_onesite,23053.917559106052,28.3875,31.6,25.3,96.91666666666669,86.625,4815.0,3582.8,2217.0,2.5,0.47775209025918225,-0.05135964277744893,0.7044742800884086,1.223612295729415,0.9586616658327817,-0.00962077308505886,-0.5062823241658073,0.7151135442295974,-0.26221267516213875,1.6577114477401944,0.13141127206546918,-0.9541513235492456,-0.3009427055816179,-0.03530203862748523,False,False
2024-09-29,2024,9,6,273,-1.0,-1.8369701987210297e-16,-0.9998699583618592,-0.016126573270657762,1,Monsoon,1,scaled_from_onesite,22472.538636881513,28.441666666666663,32.6,25.6,76.625,87.58333333333333,5091.0,4981.2,1664.0,2.2,0.49042580056106894,0.17971658252667802,0.7651059433852883,0.6851035918744088,1.0309286748230049,0.23161309421748197,0.24131020749526552,-0.2793927102333597,-0.2940194808853407,0.7926434688260601,-0.33356410369802986,-0.4350964449348248,-0.9413620222167076,0.32610970534008143,False,False
2024-09-30,2024,9,0,274,-1.0,-1.8369701987210297e-16,-0.9999994220246925,0.001075151282798226,1,Monsoon,1,scaled_from_onesite,21636.606980224784,29.554166666666664,33.6,25.5,60.875,82.625,5418.0,5864.5,1463.0,0.8,0.7507243121459873,0.41079280783080496,0.7448953889529948,0.26712353015532836,0.6570254543953269,0.5174227848259271,0.7135273722665941,-0.6408678587813784,-0.4424512409269499,0.22246246256405675,-1.009410248615537,-0.16641614519105485,-0.9874220788920227,0.44631178669893257,False,False
2024-10-01,2024,10,1,275,-0.8660254037844386,0.5000000000000001,-0.999832969770105,0.018276557681691223,0,Shoulder,2,scaled_from_onesite,22135.275894791874,29.8125,34.0,25.4,99.33333333333331,82.875,5214.0,4812.400000000001,2035.0,14.6,0.8111681612780665,0.5032232979524555,0.7246848345207014,1.2877468025540348,0.6758777176101678,0.3391194916023099,0.15106877489773365,0.3878076883303963,1.02066182234034,1.8005206673545289,-0.41652940923295273,0.43245301723937885,-0.5990642465968281,-0.6087176599405982,False,False
2024-10-02,2024,10,2,276,-0.8660254037844386,0.5000000000000001,-0.9993706508539969,0.03547255575312556,0,Shoulder,2,scaled_from_onesite,7417.318758055997,28.4,32.2,25.0,100.0,85.70833333333333,4364.0,2880.3,2273.0,9.4,0.48067679263654073,0.08728609240502758,0.643842616791529,1.3054390802987583,0.8895367007116979,-0.4038108968294281,-0.8818427886193998,0.8158230383524284,0.4693438564715063,2.107726461291588,0.5458465832057636,-0.3467899826783684,-0.008349384868452825,-0.0780318678923548,False,False
2024-10-03,2024,10,3,277,-0.8660254037844386,0.5000000000000001,-0.9986126020839734,0.052658056924614005,0,Shoulder,2,scaled_from_onesite,14985.65575237625,27.929166666666664,32.3,25.0,80.0,84.75,4782.0,4318.099999999999,1745.0,2.3,0.37051300308936524,0.11039371493543895,0.643842616791529,0.7746707479570689,0.8172696917214748,-0.03846395287123222,-0.11318679461032499,-0.13372362051997902,-0.2834172123109401,0.8794553781717483,-0.02939483137903986,-0.4813902877133447,-0.5036611286856004,0.3185928407727589,False,False
2024-10-04,2024,10,4,278,-0.8660254037844386,0.5000000000000001,-0.9975590477788613,0.06982797572987089,0,Shoulder,2,scaled_from_onesite,6200.460277388235,27.27916666666667,31.9,24.5,99.54166666666669,88.70833333333333,4333.0,3077.7,2025.0,16.7,0.21842847946671756,0.0179632248137885,0.5427898446300632,1.293275639349262,1.115763859289789,-0.43090600511340915,-0.7763116346220489,0.36982385009417645,1.2433094624027539,2.0435662907149554,0.9746304239434759,0.37247597218927825,-0.40851938493622036,-0.2619697917931599,False,False
2024-10-05,2024,10,5,279,-0.8660254037844386,0.5000000000000001,-0.9962102997023297,0.0869772313136861,0,Shoulder,2,scaled_from_onesite,8450.70033176922,26.816666666666663,31.1,24.2,97.83333333333331,91.0,4379.0,3406.4,2042.0,6.1,0.11021449150444686,-0.1668977554295124,0.4821581813331836,1.2479391776284081,1.2885762720924978,-0.3907003605629857,-0.600586759652802,0.4003963750957502,0.11946899351628469,1.5827961478596255,0.8352908591517713,-0.6457384805699579,-0.4908835295718401,0.030691969744312056,False,False
2024-10-06,2024,10,6,280,-0.8660254037844386,0.5000000000000001,-0.9945667569706337,0.1041007489354256,0,Shoulder,2,scaled_from_onesite,15029.902045580371,26.883333333333336,30.5,24.0,71.95833333333333,90.70833333333331,3873.0,2562.5,2348.0,5.8,0.1258129041836945,-0.3055434906119889,0.4417370724685974,0.5612576476613478,1.2665819650085153,-0.8329624506176438,-1.0517404620761284,0.9507018251240773,0.08766218779308275,1.676959339777131,1.1134066059597783,-0.7023634891701325,-0.15373441145124545,0.4931505068618831,False,False
2024-10-07,2024,10,0,281,-0.8660254037844386,0.5000000000000001,-0.9926289059345095,0.121193461470736,0,Shoulder,2,scaled_from_onesite,15866.994079171838,27.004166666666663,30.9,24.5,83.83333333333333,90.375,3575.0,2756.4,1773.0,2.7,0.15408502716482633,-0.21311300049033843,0.5427898446300632,0.876401344989226,1.2414456140553956,-1.0934251044443002,-0.9480804278305032,-0.08336887345856347,-0.24100813801333745,1.2995540411132949,1.1854941172869804,-0.6268426083194677,-0.15634249601523875,0.9169002543015843,False,False
2024-10-08,2024,10,1,282,-0.8660254037844386,0.5000000000000001,-0.9903973200352558,0.1382503109109819,0,Shoulder,2,scaled_from_onesite,13601.037194772402,26.945833333333336,30.3,24.0,58.29166666666666,88.875,3789.0,2699.6,1900.0,3.5,0.14043641607048765,-0.3517587356728141,0.4417370724685974,0.19856595389452653,1.12833203476635,-0.9063814537097215,-0.9784460283728009,0.14502587214142848,-0.15618998941813225,1.0329512099417182,1.0704183055214793,-0.49313884747542225,-0.20203059278275937,0.979962653309094,False,False
2024-10-09,2024,10,2,283,-0.8660254037844386,0.5000000000000001,-0.9878726596350429,0.15526624985999563,0,Shoulder,2,scaled_from_onesite,11671.967145116305,26.7875,31.2,24.0,54.083333333333336,90.125,4519.0,4337.2,1537.0,20.1,0.10339018595727793,-0.1437901328991002,0.4417370724685974,0.08688345063096302,1.2225933508405544,-0.2683353554095229,-0.10297582682233387,-0.5077874558333517,1.6037865939323763,0.9345860407039689,0.8550966930793901,1.2451673171793667,-1.1890484536300183,0.16657660245638922,False,False
2024-10-10,2024,10,3,284,-0.8660254037844386,0.5000000000000001,-0.9850556718215013,0.172236243027682,0,Shoulder,2,scaled_from_onesite,12989.105834706148,27.42083333333333,31.5,24.1,47.208333333333336,87.33333333333333,4713.0,4655.2,1558.0,2.7,0.2515751064101143,-0.07446726530786195,0.46194762690089086,-0.09556816361149274,1.012076411608164,-0.09877241969686743,0.06702876776306459,-0.47002139553729,-0.24100813801333745,0.23363786026616007,0.10591823462413442,-0.18954384953073536,-0.8969810852370794,0.7494528245905735,False,False
2024-10-11,2024,10,4,285,-0.8660254037844386,0.5000000000000001,-0.981947190186646,0.18915526872004093,0,Shoulder,2,scaled_from_onesite,17080.777527879465,28.329166666666666,31.9,24.9,53.5,85.70833333333333,5162.0,5778.8,1385.0,3.4000000000000004,0.4641034791648419,0.0179632248137885,0.6236320623592356,0.07140270760433035,0.8895367007116979,0.2936696325453095,0.6677116686314727,-0.7811417970238932,-0.16679225799253286,0.0555019496004145,-0.42438707606291703,0.017638205164974143,-1.210080373820278,0.48454377390518255,False,False
2024-10-12,2024,10,5,286,-0.8660254037844386,0.5000000000000001,-0.9785481345802031,0.20601832032517084,0,Shoulder,2,scaled_from_onesite,12038.066783480903,28.09583333333333,32.2,24.6,23.45833333333333,84.54166666666667,5214.0,5787.5,1380.0,1.0,0.4095090347874806,0.08728609240502758,0.5630003990623567,-0.7258555582672492,0.8015594723757743,0.3391194916023099,0.6723627377286203,-0.7901337161420031,-0.42124670377814855,-0.42206313048118715,-0.6401584157008273,0.029429236137074648,-1.2219009401918137,0.9018713753768842,False,False
2024-10-13,2024,10,6,287,-0.8660254037844386,0.5000000000000001,-0.9748595108374125,0.22282040779479959,0,Shoulder,2,scaled_from_onesite,10030.241748623652,27.554166666666664,31.9,24.2,28.5,87.54166666666667,5023.0,5425.1,1465.0,2.1,0.28277193176860627,0.0179632248137885,0.4821581813331836,-0.5920577078227816,1.0277866309538655,0.17217866314294292,0.4786216525784683,-0.6372710911341345,-0.30462174945974135,-0.1971714402032961,-0.28983709080411024,-0.03911066634025769,-1.2422295009665014,0.8675989795688026,False,False
2024-10-14,2024,10,0,288,-0.8660254037844386,0.5000000000000001,-0.9708824104813836,0.23955655912092708,0,Shoulder,2,scaled_from_onesite,12300.469510745494,27.933333333333334,32.0,24.0,33.375,81.375,5263.0,6175.6,1289.0,0.0,0.37148790388181885,0.04107084734420152,0.4417370724685974,-0.4626829268144947,0.5627641383211223,0.3819472434060219,0.8798431879128756,-0.9537866440916036,-0.5272693895221551,-0.6397498300981521,-0.6972387065073831,-0.022573668038791732,-1.098161895484046,0.6699268730162848,False,False
2024-10-15,2024,10,1,289,-0.8660254037844386,0.5000000000000001,-0.9666180104000972,0.2562218218071163,0,Shoulder,2,scaled_from_onesite,11358.655555400643,26.575,31.1,23.8,58.125,89.625,4429.0,4507.6,1515.0,4.1,0.05367024554218071,-0.1668977554295124,0.4013159636040112,0.19414288445834604,1.1848888244108726,-0.34699857300817755,-0.011879025195440825,-0.5473518999530353,-0.09257637797172837,0.3618237504593774,0.5309898927379493,-0.1732781375761345,-0.9171611344205578,0.6771202941368933,False,False
2024-10-16,2024,10,2,290,-0.8660254037844386,0.5000000000000001,-0.9620675724981452,0.27281126433401914,0,Shoulder,2,scaled_from_onesite,12692.877755880107,26.325,31.0,23.6,54.625,89.20833333333333,4577.0,4371.0,1541.0,8.0,-0.004823802004991923,-0.19000537795992542,0.36089485473942506,0.10125842629855038,1.1534683857194707,-0.2176412818459455,-0.08490615607709331,-0.5005939205388638,0.32091209642989715,0.4399684069364667,0.601715261297878,0.1557008788565494,-0.9764671168752794,0.4861818926711482,False,False
2024-10-17,2024,10,3,291,-0.8660254037844386,0.5000000000000001,-0.957232443323312,0.28931997761869527,0,Shoulder,2,scaled_from_onesite,15880.83172299243,26.258333333333336,31.0,23.0,49.91666666666666,90.33333333333331,4694.0,4602.9,1519.0,12.0,-0.02042221468423707,-0.19000537795992542,0.2396315281456658,-0.023693285273555943,1.238303570186254,-0.11537909896769451,0.039068892615843294,-0.5401583646585474,0.7450028394059233,0.4198765159964009,0.6568988420493763,0.5274627279845232,-1.1997679097181295,0.31858643811763626,False,False
2024-10-18,2024,10,4,292,-0.8660254037844386,0.5000000000000001,-0.9521140536681102,0.3057430764672831,0,Shoulder,2,scaled_from_onesite,11240.779330262252,26.33333333333333,31.0,23.0,58.54166666666666,90.0,4057.0,3972.1,1583.0,18.1,-0.0028740004200871107,-0.19000537795992542,0.2396315281456658,0.20520055804879764,1.213167219233134,-0.67213987241595,-0.2981603472095319,-0.4250617999467404,1.3917412224443633,0.9258229528370918,1.2006032909366646,1.0082611895735887,-0.8866418755272258,0.3000075766304172,False,False
2024-10-19,2024,10,5,293,-0.8660254037844386,0.5000000000000001,-0.9467139181463862,0.3220757010206104,0,Shoulder,2,scaled_from_onesite,10160.93060692926,26.541666666666668,30.5,23.5,85.04166666666667,88.66666666666667,4331.0,4037.9,1722.0,4.1,0.04587103920255813,-0.3055434906119889,0.3406843003071316,0.9084685984015366,1.1126218154206495,-0.43265407661560146,-0.2629832958770814,-0.17508644846328464,-0.09257637797172837,0.8453371290844569,0.7877720640355341,-0.5070108701572283,-0.5842183763839234,0.2508606005587679,False,False
2024-10-20,2024,10,6,294,-0.8660254037844386,0.5000000000000001,-0.9410336347451197,0.3383130181923076,0,Shoulder,2,scaled_from_onesite,14825.754090449389,26.5375,30.6,22.9,82.95833333333333,81.0,4985.0,5481.4,1398.0,0.0,0.04489613841010531,-0.2824358680815759,0.21942097371337235,0.853180230449277,0.5344857434988609,0.13896530460128875,0.5087199502990903,-0.7577628073168075,-0.5272693895221551,-0.11392141638035316,0.05527070997814857,-0.5254730960380734,-0.6589870617851294,-0.044460198294094894,False,False
2024-10-21,2024,10,0,295,-0.8660254037844386,0.5000000000000001,-0.9350748843515574,0.3544502230989869,0,Shoulder,2,scaled_from_onesite,13116.89049616052,26.4,30.7,22.5,33.541666666666664,77.41666666666667,4846.0,5367.1,1404.0,0.0,0.0127244122591597,-0.2593282455511637,0.1385787559842,-0.45825985737831404,0.2642699707528081,0.017474335198922174,0.4476145252641503,-0.7469725043750756,-0.5272693895221551,-0.7498705402415936,-0.1057166708865103,-0.13313468754281815,-0.5488284023910799,0.5724410965753702,False,False
2024-10-22,2024,10,1,296,-0.8660254037844386,0.5000000000000001,-0.9288394302558068,0.3704825404820963,0,Shoulder,2,scaled_from_onesite,15168.6201540041,26.166666666666668,31.0,22.5,52.625,79.66666666666667,5186.0,6350.7,1304.0,0.0,-0.04187003211820081,-0.19000537795992542,0.1385787559842,0.048181593064381426,0.43394033968637635,0.31464649057161737,0.9734526360635146,-0.926810886737274,-0.5272693895221551,-0.7833471982279417,-0.2963598423809782,-0.22224633517232212,-0.9427317733992859,0.14581281580679717,False,False
2024-10-23,2024,10,2,297,-0.8660254037844386,0.5000000000000001,-0.9223291176290545,0.3864052261209853,0,Shoulder,2,scaled_from_onesite,9157.786847490668,25.995833333333334,30.8,22.9,98.95833333333331,85.66666666666667,4212.0,3762.5,1786.0,17.3,-0.081840964608769,-0.23622062302075064,0.21942097371337235,1.2777948963226282,0.8863946568425585,-0.5366643309960448,-0.41021369005575675,-0.05998988375147768,1.306923073849158,1.3956535371070748,1.2323628163897538,0.5720175808406561,-0.4197043681031891,-0.46670941402530847,False,False
2024-10-24,2024,10,3,298,-0.8660254037844386,0.5000000000000001,-0.9155458729775467,0.40221356823680365,0,Shoulder,2,scaled_from_onesite,2737.120114735206,24.725,25.9,23.9,99.66666666666669,91.375,1781.0,504.2,1533.0,44.5,-0.37918570630689624,-1.3684941270109732,0.421526518036304,1.2965929414263975,1.3168546669147592,-2.6614452419108154,-2.152119257784071,-0.5149809911278396,4.190740126086135,2.800984634292472,4.305402534349932,2.891514325713506,0.018070617793311834,0.01529396445133538,False,False
2024-10-25,2024,10,4,299,-0.8660254037844386,0.5000000000000001,-0.9084917035725082,0.41790288888678667,0,Shoulder,2,scaled_from_onesite,1237.5295288442037,24.933333333333334,25.6,24.4,100.0,95.0,562.0,2.5,560.0,81.9,-0.33044066668425265,-1.4378169946022106,0.5225792901977697,1.3054390802987583,1.5902124835299525,-3.7268948224970377,-2.420330909052921,-2.26480845151203,8.15598857291198,3.5732404814876815,6.059085356582751,6.840245488158798,-0.573018852869889,-0.1167144737407347,True,False
2024-10-26,2024,10,5,300,-0.8660254037844386,0.5000000000000001,-0.9011686968561569,0.4334685453485363,0,Shoulder,2,scaled_from_onesite,8980.460004456392,26.4875,29.8,24.4,79.0,86.20833333333333,3600.0,2934.0,1740.0,5.1,0.03319732890067062,-0.4672968483248776,0.5225792901977697,0.7481323313399845,0.9272412271413798,-1.0715742106668962,-0.8531344655714883,-0.14271553963808895,0.013446307772278161,1.071168137297046,1.2777332565273005,-0.34913015670914954,-0.05253832398197924,0.7081375477915173,False,False
2024-10-27,2024,10,6,301,-0.8660254037844386,0.5000000000000001,-0.8935790198239952,0.4489059314938798,0,Shoulder,2,scaled_from_onesite,8736.1657987348,26.116666666666664,29.6,22.9,50.708333333333336,90.125,3598.0,2874.5,1816.0,2.1,-0.05356884162763633,-0.5135120933857028,0.21942097371337235,-0.0026837054516970866,1.2225933508405544,-1.0733222821690884,-0.8849435013508317,-0.006038369042818161,-0.30462174945974135,0.6602724395122604,1.322936904854049,-0.5733659318157206,-0.28707463300818786,1.109970617082483,False,False
2024-10-28,2024,10,0,302,-0.8660254037844386,0.5000000000000001,-0.8857249183835637,0.4642104791518923,0,Shoulder,2,scaled_from_onesite,14544.73033631511,26.7375,31.1,23.0,18.08333333333333,83.25,4844.0,5757.2,1289.0,0.1,0.09169137644784324,-0.1668977554295124,0.2396315281456658,-0.8684995475840782,0.7041561124324293,0.01572626369672985,0.6561641867351058,-0.9537866440916036,-0.5166671209477545,-0.8652389973311096,-0.18470914830542393,-0.0016070310415136492,-1.0634406696563274,0.9628605588906293,False,False
2024-10-29,2024,10,1,303,-0.8660254037844386,0.5000000000000001,-0.8776087166898392,0.4793776594606945,0,Shoulder,2,scaled_from_onesite,15319.296720050563,26.65,31.1,23.0,27.125,86.20833333333333,4596.0,5343.5,1351.0,0.5,0.07121845980633233,-0.1668977554295124,0.2396315281456658,-0.6285480306712726,0.9272412271413798,-0.20103460257511843,0.4349978320810828,-0.8422868470270407,-0.4742580466501518,-0.5442416253190635,0.10153779195754849,-0.11197707200546071,-1.0300983173975813,1.0086976323451533,False,False
2024-10-30,2024,10,2,304,-0.8660254037844386,0.5000000000000001,-0.8692328164574792,0.49440298420761813,0,Shoulder,2,scaled_from_onesite,15901.502771168874,26.67083333333333,30.6,23.4,20.45833333333333,88.41666666666667,4241.0,4494.0,1522.0,2.1,0.07609296376859644,-0.2824358680815759,0.3204737458748382,-0.8054708081185026,1.0937695522058086,-0.5113172942142561,-0.01914966194500523,-0.5347632131876814,-0.30462174945974135,-0.17826470553166435,0.46852368521804366,-0.08977456904572427,-0.8966078790720611,1.2518963269606993,False,False
2024-10-31,2024,10,3,305,-0.8660254037844386,0.5000000000000001,-0.8605996962501181,0.5092820071573356,0,Shoulder,2,scaled_from_onesite,11659.325347057988,26.46666666666667,31.1,23.2,27.45833333333333,88.95833333333333,4603.0,5402.7,1289.0,0.8,0.02832282493840651,-0.1668977554295124,0.28005263701025196,-0.6197018917989113,1.1346161225046298,-0.19491635231744528,0.46664648616742105,-0.9537866440916036,-0.4424512409269499,-0.5239766073964912,0.1736484672300273,-0.09617956820730648,-1.2352511319745247,1.071455503053054,False,False
2024-11-01,2024,11,4,306,-0.5000000000000004,0.8660254037844384,-0.8517119107469189,0.5240103253675756,0,Autumn_EarlyWinter,0,scaled_from_onesite,14610.81778726482,26.2875,32.5,19.5,15.625,77.625,4969.0,5950.0,1238.0,0.0,-0.01359790913706732,0.156608959996265,-0.46773787698459485,-0.9337398217677442,0.2799801900985085,0.12498073258375016,0.7592361547730456,-1.0455042190963248,-0.5272693895221551,-1.3771296067615297,-0.3230754483854473,0.14903614135328255,-0.7151397933777845,0.6735746870908176,False,False
2024-11-02,2024,11,5,307,-0.5000000000000004,0.8660254037844384,-0.8425720899866032,0.5385835804920232,0,Autumn_EarlyWinter,0,scaled_from_onesite,15789.44882817284,25.525,31.4,19.5,1.3333333333333333,75.29166666666667,4991.0,6469.4,1144.0,0.0,-0.1920047541559445,-0.09757488783827498,-0.46773787698459485,-1.313018025920243,0.10402573342666027,0.14420951910786572,1.0369103259291963,-1.2145522985167914,-0.5272693895221551,-1.871484135762951,-0.3125411322711841,0.29225611106110355,-0.8099693335787711,0.6890332655314019,False,False
2024-11-03,2024,11,6,308,-0.5000000000000004,0.8660254037844384,-0.8331829385891785,0.5529974600700271,0,Autumn_EarlyWinter,0,scaled_from_onesite,12920.320480348617,25.48333333333333,31.0,20.2,3.7916666666666665,75.83333333333333,4730.0,6033.6,1191.0,0.0,-0.20175376208047355,-0.19000537795992542,-0.3262639959585429,-1.2477777517365771,0.14487230372548154,-0.08391381192823266,0.8039291865571316,-1.130028258806558,-0.5272693895221551,-1.6549633661358572,-0.09903052942833884,0.23096722450682786,-0.674433534243776,0.829441129247332,False,False
2024-11-04,2024,11,0,309,-0.5000000000000004,0.8660254037844384,-0.8235472349556007,0.5672476988027229,0,Autumn_EarlyWinter,0,scaled_from_onesite,14414.644881456576,24.941666666666663,30.0,20.1,3.208333333333333,78.75,4792.0,6135.1,1188.0,0.0,-0.32849086509934783,-0.42108160326405236,-0.3464745503908356,-1.2632584947632097,0.36481537456529267,-0.029723595360270593,0.8581916593571881,-1.135423410277424,-0.5272693895221551,-1.7108908147520312,0.08868089115023445,0.1269681704194069,-0.9247489662019691,0.7719019282889918,False,False
2024-11-05,2024,11,1,310,-0.5000000000000004,0.8660254037844384,-0.8136678304455991,0.5813300798152042,0,Autumn_EarlyWinter,0,scaled_from_onesite,12482.397535457427,24.97083333333333,29.5,19.8,12.208333333333334,78.5,4285.0,5076.2,1298.0,2.3000000000000003,-0.32166655955217727,-0.5366197159161159,-0.4071062136877152,-1.0244127452094494,0.3459631113504517,-0.4728597211660249,0.29209774361354496,-0.9376011896790059,-0.28341721231094,-1.2597313587008265,0.6280713411806617,0.1864551832730243,-0.5092862142174349,0.8241926834347585,False,False
2024-11-06,2024,11,2,311,-0.5000000000000004,0.8660254037844384,-0.8035476485339116,0.5952404359043674,0,Autumn_EarlyWinter,0,scaled_from_onesite,11804.636878753561,24.925,29.5,20.5,12.541666666666666,82.41666666666667,4487.0,5508.0,1234.0,0.5,-0.3323904682691583,-0.5366197159161159,-0.26563233266166325,-1.015566606337088,0.6413152350496265,-0.29630449944460013,0.5229404604122088,-1.0526977543908127,-0.4742580466501518,-1.316301093533521,0.48570997322408843,0.0024533516609147247,-0.9010536419199968,0.891039463805239,False,False
2024-11-07,2024,11,3,312,-0.5000000000000004,0.8660254037844384,-0.7931896839451843,0.6089746507720486,0,Autumn_EarlyWinter,0,scaled_from_onesite,11588.065815395803,25.245833333333334,29.9,21.1,7.791666666666667,79.875,4486.0,5539.5,1278.0,0.4,-0.2573231072502869,-0.4441892257944654,-0.14436900606790398,-1.1416240852682393,0.4496505590320768,-0.2971785351956963,0.5397805381777435,-0.9735688661514454,-0.4848603152245524,-1.3127637965396912,0.28913327985978077,0.07256965683304994,-0.7568068138959857,0.950267754502086,False,False
2024-11-08,2024,11,4,313,-0.5000000000000004,0.8660254037844384,-0.7825970017677834,0.6225286602431057,0,Autumn_EarlyWinter,0,scaled_from_onesite,12165.110569198925,24.891666666666666,29.5,20.8,7.375,80.33333333333333,4336.0,5302.3,1310.0,0.1,-0.3401896746087817,-0.5366197159161159,-0.20500066936478362,-1.152681758858691,0.48421304159261813,-0.42828389786012067,0.41297207957505017,-0.916020583795542,-0.5166671209477545,-1.3040314161790478,0.4870092131767114,-0.00431763350029829,-0.6837938983459204,0.9956612894066543,False,False
2024-11-09,2024,11,5,314,-0.5000000000000004,0.8660254037844384,-0.7717727365467836,0.6358984534680745,0,Autumn_EarlyWinter,0,scaled_from_onesite,15728.573076735995,24.3,29.6,19.7,2.5416666666666665,80.66666666666667,4636.0,5961.599999999999,1193.0,0.0,-0.47862558713708986,-0.5135120933857028,-0.4273167681200087,-1.2809507725079328,0.5093493925457401,-0.16607317253127193,0.7654375802359089,-1.126431491159314,-0.5272693895221551,-1.7241235090155087,0.353879552297172,0.06524470579134592,-0.9627535274619766,0.8238901851904079,False,False
2024-11-10,2024,11,6,315,-0.5000000000000004,0.8660254037844384,-0.7607200913564104,0.6490800741100398,0,Autumn_EarlyWinter,0,scaled_from_onesite,14521.097766168115,24.070833333333336,29.5,19.4,1.5,79.04166666666667,4657.0,6051.4,1189.0,0.0,-0.5322451307219975,-0.5366197159161159,-0.4879484314168883,-1.3085949564840624,0.3868096816492741,-0.1477184217582525,0.8134451670087668,-1.1336250264538021,-0.5272693895221551,-1.8420508632840114,0.3402098611167947,0.09063561386690071,-0.8944233996037727,0.7509905291712601,False,False
2024-11-11,2024,11,0,316,-0.5000000000000004,0.8660254037844384,-0.7494423368521954,0.6620696215153815,0,Autumn_EarlyWinter,0,scaled_from_onesite,15464.831274044978,23.97083333333333,29.5,18.8,32.125,77.0,4666.0,6089.4,1134.0,0.0,-0.5556427497408678,-0.5366197159161159,-0.6092117580106469,-0.4958559475858503,0.2328495320614062,-0.13985209999838705,0.8337601814560786,-1.2325361367530112,-0.5272693895221551,-1.6577282984593795,0.4519819195009592,-0.05185792971512855,-0.6742358106060956,0.2933236155474007,False,False
2024-11-12,2024,11,1,317,-0.5000000000000004,0.8660254037844384,-0.7379428103031386,0.6748632518680403,0,Autumn_EarlyWinter,0,scaled_from_onesite,12189.174020683124,24.945833333333336,29.6,18.7,76.83333333333333,72.75,4462.0,5313.0,1357.0,0.0,-0.3275159643068934,-0.5135120933857028,-0.6294223124429403,0.6906324286696346,-0.08763894259088945,-0.3181553932220042,0.41869235995889836,-0.8314965440853088,-0.5272693895221551,-0.8521762165347011,0.6138135407830542,-0.402211841953147,0.04630567983361842,-0.24707008409035242,False,False
2024-11-13,2024,11,2,318,-0.5000000000000004,0.8660254037844384,-0.7262249146041543,0.6874571793269664,0,Autumn_EarlyWinter,0,scaled_from_onesite,12959.363828783238,25.945833333333336,32.0,19.5,14.0,62.083333333333336,4657.0,6155.6,1127.0,0.0,-0.09353977411820286,0.04107084734420152,-0.46773787698459485,-0.9768647487705064,-0.8920021730907686,-0.1477184217582525,0.8691510750458694,-1.245124823518365,-0.5272693895221551,-1.9129876394561376,-0.45763468338901286,0.49617410761321507,0.21069842047445808,0.5096852759132354,False,False
2024-11-14,2024,11,3,319,-0.5000000000000004,0.8660254037844384,-0.7142921172691032,0.699847677146407,0,Autumn_EarlyWinter,0,scaled_from_onesite,11223.926831015757,25.620833333333334,31.9,19.1,8.125,58.16666666666666,4641.0,6196.7,1122.0,0.0,-0.16958203592952795,0.0179632248137885,-0.5485800947137672,-1.1327779463958776,-1.1873542967899438,-0.16170299377579112,0.8911233669875669,-1.254116742636475,-0.5272693895221551,-2.1423857345587325,-0.5002590370919688,0.5913130796289637,0.42039737451151077,0.465985346324204,False,False
2024-11-15,2024,11,4,320,-0.5000000000000004,0.8660254037844384,-0.7021479494046978,0.7120310787787131,0,Autumn_EarlyWinter,0,scaled_from_onesite,13904.690942718657,24.391666666666666,31.2,17.9,4.125,52.0,4732.0,6471.0,1080.0,0.0,-0.45717776970312696,-0.1437901328991002,-0.7911067479012858,-1.2389316128642156,-1.652376789422686,-0.08216574042604034,1.037765694958557,-1.3296488632285983,-0.5272693895221551,-2.6442781180564765,-0.4679632660909248,0.6778114915715452,0.6701059611020533,0.1696884348010955,False,False
2024-11-16,2024,11,5,321,-0.5000000000000004,0.8660254037844384,-0.6897960046655887,0.7240037789593305,0,Autumn_EarlyWinter,0,scaled_from_onesite,14485.082269244751,23.9,30.4,17.5,3.7916666666666665,54.375,4738.0,6521.1,1075.0,0.0,-0.5722160632125666,-0.3286511131424019,-0.8719489656304581,-1.2477777517365771,-1.4732802888816972,-0.07692152591946337,1.0645494376904077,-1.3386407823467081,-0.5272693895221551,-2.710782273002239,-0.26828760833807375,0.5929890909301222,0.49384863486303926,0.12461264867296895,False,False
2024-11-17,2024,11,6,322,-0.5000000000000004,0.8660254037844384,-0.6772399381909491,0.7357622347736527,0,Autumn_EarlyWinter,0,scaled_from_onesite,13544.695334090855,23.791666666666668,30.4,17.5,0.0833333333333333,52.958333333333336,4677.0,6414.0,1078.0,0.0,-0.5975634838163408,-0.3286511131424019,-0.8719489656304581,-1.3461910466915987,-1.5801097804324622,-0.13023770673632928,1.0072931732875892,-1.3332456308758422,-0.5272693895221551,-2.7658426500003706,-0.2583507441175207,0.638398896793411,0.6059042775273528,0.17710398501897057,False,False
2024-11-18,2024,11,0,323,-0.5000000000000004,0.8660254037844384,-0.6644834655228552,0.7473029667054296,0,Autumn_EarlyWinter,0,scaled_from_onesite,14023.095872869366,23.254166666666663,30.0,17.0,0.0,54.0,4619.0,6297.2,1093.0,0.0,-0.7233256860427631,-0.42108160326405236,-0.9730017377919239,-1.3484025814096892,-1.5015586837039585,-0.1809317802999067,0.944851234144273,-1.3062698735215126,-0.5272693895221551,-2.802844791781734,-0.06918290385570203,0.5767157370226889,0.5848842385094016,0.15087524567363012,False,False
2024-11-19,2024,11,1,324,-0.5000000000000004,0.8660254037844384,-0.6515303615068021,0.75862255966641,0,Autumn_EarlyWinter,0,scaled_from_onesite,12147.421541948957,23.041666666666668,29.6,17.1,3.5,58.54166666666666,4522.0,6036.6,1135.0,0.0,-0.7730456264578587,-0.5135120933857028,-0.9527911833596304,-1.2555181232498933,-1.1590759019676824,-0.2657132481562344,0.8055330034871826,-1.2307377529293893,-0.5272693895221551,-2.5924936747652203,0.18333004706971298,0.4266425403297103,0.40814415785317126,0.22170751035673483,False,False
2024-11-20,2024,11,2,325,-0.5000000000000004,0.8660254037844384,-0.6383844591746642,0.7697176640069211,0,Autumn_EarlyWinter,0,scaled_from_onesite,10776.123528561522,23.7,29.5,17.4,12.0,59.04166666666666,4078.0,4897.0,1347.0,0.0,-0.6190113012503046,-0.5366197159161159,-0.8921595200627516,-1.0299415820046753,-1.1213713755380006,-0.6537851216429306,0.19629641232516956,-0.8494803823215286,-0.5272693895221551,-1.9993048844750094,0.5127368577285326,0.23921778132398974,0.8423339583399376,0.3968023986348327,False,False
2024-11-21,2024,11,3,326,-0.5000000000000004,0.8660254037844384,-0.6250496486104377,0.7805849965070866,0,Autumn_EarlyWinter,0,scaled_from_onesite,10191.907547494891,24.075,29.8,18.2,23.25,57.16666666666666,4287.0,5561.2,1199.0,0.0,-0.5312702299295455,-0.4672968483248776,-0.7304750846044061,-0.731384395062475,-1.2627633496493076,-0.4711116496638326,0.5513814806384452,-1.1156411882175823,-0.5272693895221551,-2.070200258310511,0.22044635119199718,0.32548511608244535,0.7442679718124066,0.2000131490302339,False,False
2024-11-22,2024,11,4,327,-0.5000000000000004,0.8660254037844384,-0.6115298757991053,0.7912213413483807,0,Autumn_EarlyWinter,0,scaled_from_onesite,10089.916759747308,23.3375,29.6,18.4,12.333333333333334,58.41666666666666,4307.0,5654.4,1175.0,0.0,-0.703827670193705,-0.5135120933857028,-0.69005397573982,-1.0210954431323138,-1.1685020335751028,-0.45363093464190934,0.6012067265986939,-1.1588023999845098,-0.5272693895221551,-2.2474573168253116,0.2677364009712019,0.36795933436591693,0.581406427514729,0.3166435249084673,False,False
2024-11-23,2024,11,5,328,-0.5000000000000004,0.8660254037844384,-0.5978291414589552,0.801623551065242,0,Autumn_EarlyWinter,0,scaled_from_onesite,10414.056232057595,23.116666666666664,29.6,17.0,14.916666666666666,59.083333333333336,4175.0,5350.6,1225.0,0.0,-0.7554974121937079,-0.5135120933857028,-0.9730017377919239,-0.9525378668715123,-1.1182293316688596,-0.5690036537866028,0.4387935321488702,-1.0688832088034106,-0.5272693895221551,-2.229053146484342,0.4912480624546918,0.2901837550187932,0.6987440916438988,0.27097041103324604,False,False
2024-11-24,2024,11,6,329,-0.5000000000000004,0.8660254037844384,-0.5839514998576998,0.8117885474764613,0,Autumn_EarlyWinter,0,scaled_from_onesite,11067.912797883122,22.745833333333334,29.2,17.0,76.79166666666667,61.25,4252.0,5525.5,1197.0,0.0,-0.8422635827220132,-0.6059425835073541,-0.9730017377919239,0.6895266613105897,-0.9548430504735718,-0.5017029009521983,0.5322960591708391,-1.1192379558648262,-0.5272693895221551,-1.5971734140991312,0.7933768250463797,-0.16999996849510784,0.7158371302200203,-0.5739063866126758,False,False
2024-11-25,2024,11,0,330,-0.5000000000000004,0.8660254037844384,-0.5699010576127624,0.8217133225960589,0,Autumn_EarlyWinter,0,scaled_from_onesite,10704.889337744067,22.04583333333333,28.5,16.5,62.375,55.333333333333336,4355.0,5831.900000000001,1129.0,0.0,-1.0060469158540972,-0.7676959412202428,-1.0740545099533898,0.30693115508095503,-1.4010132798914734,-0.41167721858929357,0.6960992282933743,-1.241528055871121,-0.5272693895221551,-2.1385847146787356,0.6967802591672261,0.018498331830335665,0.8824009707204834,-0.6521121310585453,False,False
2024-11-26,2024,11,1,331,-0.5000000000000004,0.8660254037844384,-0.5556819724760489,0.8313949395234058,0,Autumn_EarlyWinter,0,scaled_from_onesite,9628.408445189489,22.27916666666667,28.9,16.2,51.583333333333336,54.75,4376.0,5996.6,1100.0,0.0,-0.9514524714767351,-0.6752654510985924,-1.1346861732502693,0.02053740908825183,-1.4450018940594358,-0.39332246781627417,0.7841487777531703,-1.2936811867561586,-0.5272693895221551,-2.319039323211253,0.560042344014441,0.14405483301660657,0.8487747027964162,-0.5232112233388208,False,False
2024-11-27,2024,11,2,332,-0.5000000000000004,0.8660254037844384,-0.5412984521036173,0.8408305333122887,0,Autumn_EarlyWinter,0,scaled_from_onesite,10174.377880850772,22.65416666666667,29.1,16.0,88.66666666666667,53.333333333333336,4311.0,5617.6,1189.0,0.0,-0.863711400155976,-0.6290502060377663,-1.1751072821148556,1.0046703586384678,-1.5518313856102008,-0.45013479163752473,0.5815332389234029,-1.1336250264538021,-0.5272693895221551,-1.772137355646133,0.699549266182068,-0.127739497055708,1.208304891169692,-0.9839885429870961,False,False
2024-11-28,2024,11,3,333,-0.5000000000000004,0.8660254037844384,-0.5267547528105542,0.8500173118187018,0,Autumn_EarlyWinter,0,scaled_from_onesite,11259.464246121554,23.7625,29.6,16.9,93.16666666666669,58.41666666666666,4155.0,5346.1,1232.0,0.0,-0.6043877893635113,-0.5135120933857028,-0.9932122922242174,1.1240932334153484,-1.1685020335751028,-0.5864843688085261,0.4363878067537938,-1.0562945220380568,-0.5272693895221551,-1.3283614601223468,0.7242847313751937,-0.20881107170899554,1.044779475281633,-0.7231846310038686,False,False
2024-11-29,2024,11,4,334,-0.5000000000000004,0.8660254037844384,-0.5120551783114646,0.8589525565270845,0,Autumn_EarlyWinter,0,scaled_from_onesite,7677.356547699381,24.275,27.8,20.3,99.33333333333331,62.875,1929.0,725.0,1521.0,0.7,-0.48447499189180765,-0.9294492989331316,-0.3060534415262494,1.2877468025540348,-0.8323033395771058,-2.5320879507485836,-2.034078331732322,-0.5365615970113035,-0.4530535095013505,0.3855516338911368,2.548699565831994,-0.45735983276432585,2.406279127820721,0.8057692147288095,False,False
2024-11-30,2024,11,5,335,-0.5000000000000004,0.8660254037844384,-0.4972040784469378,0.8676336233547726,0,Autumn_EarlyWinter,0,scaled_from_onesite,4204.251503682436,21.17083333333333,24.4,18.2,89.33333333333333,78.58333333333333,1796.0,789.1,1348.0,0.3,-1.2107760822692013,-1.7151084649671635,-0.7304750846044061,1.0223626363831906,0.3522471990887317,-2.6483347056443733,-1.9998101099935675,-0.8476819984979066,-0.49546258379895314,-0.06236658262330985,3.7164659892478853,-0.8157349776687508,1.334859651087619,0.9373669492189325,True,False
2024-12-01,2024,12,6,336,-2.4492935982947064e-16,1.0,-0.4822058478963526,0.8760579434344281,0,Autumn_EarlyWinter,0,scaled_from_onesite,9446.935826254945,23.77916666666667,29.8,18.1,51.583333333333336,69.66666666666667,3641.0,4140.1,1281.0,1.2000000000000002,-0.6004881861936993,-0.4672968483248776,-0.7506856390366988,0.02053740908825183,-0.32015018890726044,-1.0357387448719535,-0.2083465991266796,-0.9681737146805796,-0.4000421666293472,-1.0708828612962107,1.1752679981335785,-0.02506618477241828,0.6088298197852594,0.4279492644818483,False,False
2024-12-02,2024,12,0,337,-2.4492935982947064e-16,1.0,-0.46706492487743034,0.8842230238742036,0,Autumn_EarlyWinter,0,scaled_from_onesite,5317.717521317417,22.316666666666663,25.6,19.2,55.833333333333336,67.95833333333333,2425.0,1521.3,1642.0,0.0,-0.9426783643446605,-1.4378169946022106,-0.5283695402814745,0.13332567971086084,-0.44897398754200746,-2.098566218204887,-1.6083718579324706,-0.31895715435304334,-0.5272693895221551,-0.4265393222428692,2.6007495994187364,-0.562555701989341,1.6086115684876219,0.8309675940907346,False,False
2024-12-03,2024,12,1,338,-2.4492935982947064e-16,1.0,-0.451785789832884,0.8921264484954345,0,Autumn_EarlyWinter,0,scaled_from_onesite,9728.263672426112,23.47083333333333,29.4,18.2,14.625,57.66666666666666,3901.0,4956.5,1160.0,0.0,-0.6726308448352131,-0.5597273384465289,-0.7304750846044061,-0.9602782383848286,-1.2250588232196258,-0.8084894495869513,0.22810544810451297,-1.1857781573388395,-0.5272693895221551,-2.1036883001861293,0.5809608952903821,0.37776492506023324,0.9010275908881182,0.5331765295203964,False,False
2024-12-04,2024,12,2,339,-2.4492935982947064e-16,1.0,-0.4363729641045924,0.8997658785476209,0,Autumn_EarlyWinter,0,scaled_from_onesite,13346.654506524137,22.96666666666667,29.5,17.4,8.25,65.16666666666667,4060.0,5487.8,1106.0,0.0,-0.7905938407220103,-0.5366197159161159,-0.8921595200627516,-1.129460644318742,-0.659490926774397,-0.6695177651626615,0.5121414264165326,-1.2828908838144266,-0.5272693895221551,-2.256347540255734,0.6502108322467847,0.31757528573623967,0.2729241499441852,0.5815210145087178,False,False
2024-12-05,2024,12,3,340,-2.4492935982947064e-16,1.0,-0.42083100859565564,0.9071390534005044,0,Autumn_EarlyWinter,0,scaled_from_onesite,16801.75094410641,23.15,30.5,17.0,8.625,62.583333333333336,4138.0,5754.7,1060.0,0.0,-0.7476982058540844,-0.3055434906119889,-0.9730017377919239,-1.1195087380873354,-0.8542976466610867,-0.6013429765771608,0.65482767262673,-1.365616539701038,-0.5272693895221551,-2.382779941269647,0.414356715148912,0.4359612997458651,0.3764429798619531,0.5160772945965694,False,False
2024-12-06,2024,12,4,341,-2.4492935982947064e-16,1.0,-0.4051645224207563,0.9142437912130223,0,Autumn_EarlyWinter,0,scaled_from_onesite,15973.209375698209,22.175,28.5,16.4,7.916666666666667,51.79166666666666,4156.0,5777.3,1067.0,0.0,-0.9758249912880572,-0.7676959412202428,-1.094265064385683,-1.1383067831911038,-1.6680870087683872,-0.5856103330574299,0.6669097601664472,-1.353027852935684,-0.5272693895221551,-2.850158653732448,0.5149895378798002,0.49956566258731017,0.9503544224528213,0.1148086466240836,False,False
2024-12-07,2024,12,5,342,-2.4492935982947064e-16,1.0,-0.3893781415452015,0.9210779895789526,0,Autumn_EarlyWinter,0,scaled_from_onesite,15284.710501693193,21.33333333333333,28.1,16.0,33.25,59.66666666666666,4138.0,5740.4,1080.0,0.0,-1.1727549513635396,-0.8601264313418933,-1.1751072821148556,-0.4660002288916303,-1.0742407175008983,-0.6013429765771608,0.6471828119268205,-1.3296488632285983,-0.5272693895221551,-2.4797249334911386,0.9418785348924008,0.14603622645403902,0.5834124411262399,-0.14800135683228774,False,False
2024-12-08,2024,12,6,343,-2.4492935982947064e-16,1.0,-0.37347653741307074,0.9276396261490467,0,Autumn_EarlyWinter,0,scaled_from_onesite,13296.601224113872,21.73333333333333,27.6,15.8,36.04166666666666,65.375,4004.0,5385.7,1113.0,0.0,-1.079164475288063,-0.9756645439939567,-1.2155283909794417,-0.39191381583560303,-0.6437807074286966,-0.7184637672240466,0.4575581902304658,-1.2703021970490729,-0.5272693895221551,-2.219729262194134,1.2205450700530338,-0.004431596946621096,0.37012737327227324,0.0036457763799525762,False,False
2024-12-09,2024,12,0,344,-2.4492935982947064e-16,1.0,-0.3574644155648614,0.9339267592294762,0,Autumn_EarlyWinter,0,scaled_from_onesite,8212.110699559176,21.279166666666665,28.9,17.0,95.125,79.5,2801.0,2459.3,1351.0,5.4,-1.1854286616654264,-0.6752654510985924,-0.9730017377919239,1.1760642992904715,0.4213721642098154,-1.76992877579273,-1.10691176446988,-0.8422868470270407,0.045253113495480196,-0.09861165711116136,2.6993313070470193,-0.25746530420813335,0.733346691344973,0.18864920147325456,False,False
2024-12-10,2024,12,1,345,-2.4492935982947064e-16,1.0,-0.34134651424503615,0.9399375283564133,0,Autumn_EarlyWinter,0,scaled_from_onesite,12867.77593935076,20.5375,27.0,14.9,63.75,71.5,3825.0,4675.4,1327.0,0.0,-1.3589610027220378,-1.1143102791764332,-1.3974233808700802,0.3434214779294462,-0.18190025866509404,-0.8749161666702596,0.07782780175874074,-0.8854480587939683,-0.5272693895221551,-1.6406941034971592,1.8536664463808659,-0.5047548761818444,0.36675301344973604,-0.3360827427291051,False,False
2024-12-11,2024,12,2,346,-2.4492935982947064e-16,1.0,-0.3251276029999093,0.9456701548465688,0,Autumn_EarlyWinter,0,scaled_from_onesite,12372.745426435065,19.0625,25.3,12.8,66.20833333333333,65.5,4032.0,5298.8,1193.0,0.0,-1.7040758832503566,-1.5071398621934489,-1.8218450239482364,0.40866175211311206,-0.6343545758212762,-0.693990766193354,0.41110095982332406,-1.126431491159314,-0.5272693895221551,-2.350468454564029,2.0047956075356392,-0.46122085434795673,0.48053276755254903,-0.8704934708923724,False,False
2024-12-12,2024,12,3,347,-2.4492935982947064e-16,1.0,-0.30881248126625377,0.9511229423235357,0,Autumn_EarlyWinter,0,scaled_from_onesite,15440.72764792944,18.47083333333333,25.5,12.6,86.79166666666667,56.29166666666666,4234.0,5985.0,1073.0,0.0,-1.8425117957786656,-1.4609246171326236,-1.8622661328128232,0.9549108274814344,-1.3287462709012507,-0.5174355444719292,0.7779473522903064,-1.3422375499939523,-0.5272693895221551,-2.6303199303289513,1.7401602822398266,-0.3682096666857818,0.8713359030699974,-1.4689741070286966,False,False
2024-12-13,2024,12,4,348,-2.4492935982947064e-16,1.0,-0.29240597695107734,0.9562942772197719,0,Autumn_EarlyWinter,0,scaled_from_onesite,15880.025073338675,18.10833333333333,24.9,12.3,51.875,58.04166666666666,4170.0,5626.9,1178.0,0.0,-1.9273281647220661,-1.5995703523151001,-1.9228977961097022,0.028277780601568072,-1.1967804283973644,-0.5733738325420836,0.5865050714065604,-1.153407248513644,-0.5272693895221551,-2.898243937088778,1.837111851901737,-0.2767076500449218,0.7472231031794017,-1.0289434585385626,False,False
2024-12-14,2024,12,5,349,-2.4492935982947064e-16,1.0,-0.27591294500296043,0.9611826292540837,0,Autumn_EarlyWinter,0,scaled_from_onesite,15947.11777103754,17.8625,24.8,12.4,21.20833333333333,50.625,4235.0,6068.3,1044.0,0.0,-1.984847311476785,-1.6226779748455122,-1.9026872416774092,-0.7855669956556893,-1.756064237104311,-0.5165615087208331,0.8224800023813873,-1.3943906808789897,-0.5272693895221551,-3.6216501597831137,1.5074368937646003,0.13920855534622045,0.9170156431146097,-0.801490657060117,False,False
2024-12-15,2024,12,6,350,-2.4492935982947064e-16,1.0,-0.2593382659754056,0.9657865518844574,0,Autumn_EarlyWinter,0,scaled_from_onesite,15599.229708895278,17.654166666666665,24.4,11.6,0.0,53.083333333333336,4260.0,6109.8,1044.0,0.0,-2.0335923510994296,-1.7151084649671635,-2.0643716771357545,-1.3484025814096892,-1.5706836488250417,-0.494710614943429,0.8446661365804252,-1.3943906808789897,-0.5272693895221551,-3.90865015651612,1.57211731441514,0.2089550971294797,0.6784712189221588,-0.5700738162843274,False,False
2024-12-16,2024,12,0,351,-2.4492935982947064e-16,1.0,-0.2426868445825954,0.9701046827361175,0,Autumn_EarlyWinter,0,scaled_from_onesite,13369.906208636708,18.6375,25.8,12.4,0.0,65.95833333333333,4126.0,5791.0,1074.0,0.0,-1.8035157640805501,-1.3916017495413855,-1.9026872416774092,-1.3484025814096892,-0.5997920932607348,-0.6118314055903148,0.6742338574803464,-1.34043916617033,-0.5272693895221551,-3.3144236924563213,1.6658479557672636,0.0663790798893849,0.06323593250188946,-0.06562848057209685,False,False
2024-12-17,2024,12,1,352,-2.4492935982947064e-16,1.0,-0.22596360824801906,0.974135744004672,0,Autumn_EarlyWinter,0,scaled_from_onesite,14163.126489102913,20.075,27.6,12.9,64.95833333333333,65.58333333333333,3981.0,5412.5,1116.0,0.0,-1.4671749906843077,-0.9756645439939567,-1.8016344695159434,0.3754887313417565,-0.6280704880829961,-0.7385665894992584,0.47188562147225416,-1.264907045578207,-0.5272693895221551,-2.2600333144326514,1.655725404762026,-0.26875941386137653,0.5187773624956569,-0.6322250962975551,False,False
2024-12-18,2024,12,2,353,-2.4492935982947064e-16,1.0,-0.20917350564635637,0.9778785428342386,0,Autumn_EarlyWinter,0,scaled_from_onesite,14562.48778492949,20.89583333333333,28.1,14.2,90.70833333333331,61.625,4030.0,5340.0,1161.0,0.0,-1.2751195345710917,-0.8601264313418933,-1.5388972618961325,1.0588529592316813,-0.9265646556513104,-0.6957388376955463,0.43312671232935673,-1.1839797735152175,-0.5272693895221551,-1.829368569706216,1.4434702415830056,-0.35488673578323093,0.8559433545249655,-0.9332911329052858,False,False
2024-12-19,2024,12,3,354,-2.4492935982947064e-16,1.0,-0.19232150523909483,0.9813319716704275,0,Autumn_EarlyWinter,0,scaled_from_onesite,14127.982695070177,20.45,27.9,13.9,79.41666666666667,62.04166666666666,3966.0,5199.7,1199.0,0.0,-1.3794339193635488,-0.9063416764027193,-1.5995289251930118,0.7591900049304364,-0.8951442169599096,-0.7516771257657008,0.35812154056730816,-1.1156411882175823,-0.5272693895221551,-1.9505301254376435,1.5372566662803007,-0.33313530432392185,0.8467816725944269,-0.8067160185838553,False,False
2024-12-20,2024,12,4,355,-2.4492935982947064e-16,1.0,-0.17541259380427843,0.9844950085880858,0,Autumn_EarlyWinter,0,scaled_from_onesite,9431.13886833114,21.1375,27.2,13.3,99.75,72.29166666666667,3257.0,3198.8,1486.0,2.5,-1.218575288608824,-1.068095034115608,-1.7207922517867706,1.2988044761444872,-0.12220142515143077,-1.37136847329288,-0.7115708912123262,-0.5995050308380728,-0.26221267516213875,-0.7699182694444877,2.549378536310238,-0.6321659416381683,0.9901698406606313,-0.5747347153921635,False,False
2024-12-21,2024,12,5,356,-2.4492935982947064e-16,1.0,-0.15845177496083632,0.9873667175937016,0,Autumn_EarlyWinter,0,scaled_from_onesite,4859.783235436278,18.83333333333333,22.7,15.7,71.625,88.41666666666667,1665.0,913.9,1256.0,7.1,-1.757695426835266,-2.107938047984179,-1.2357389454117351,0.5524115087889865,1.0937695522058086,-2.7628333890379704,-1.9330913257034488,-1.013133310271129,0.2254916792602912,-0.35016683342731986,4.632541621263293,-0.3447426906641594,0.5553438832178046,0.8412347551376756,False,False
2024-12-22,2024,12,6,357,-2.4492935982947064e-16,1.0,-0.14144406768794202,0.9899462489023779,0,Autumn_EarlyWinter,0,scaled_from_onesite,10435.399406903036,20.229166666666668,26.2,16.1,90.54166666666669,80.54166666666667,3513.0,3957.2,1249.0,0.0,-1.4311036613635508,-1.2991712594197349,-1.1548967276825621,1.0544298897955016,0.4999232609383196,-1.1476153210122624,-0.30612597129545155,-1.025721997036483,-0.5272693895221551,-0.9890926240738092,2.478418386064169,-0.8185236457057632,0.09812388685942863,-0.22123940036351902,False,False
2024-12-23,2024,12,0,358,-2.4492935982947064e-16,1.0,-0.12439450483979998,0.9922328391893008,0,Autumn_EarlyWinter,0,scaled_from_onesite,13554.322380353957,21.23333333333333,27.4,15.8,41.54166666666666,68.29166666666667,3945.0,5351.2,1103.0,0.0,-1.1961525703824083,-1.0218797890547828,-1.2155283909794417,-0.24595252444163843,-0.4238376365888855,-0.7700318765387202,0.4391142955348801,-1.2882860352852927,-0.5272693895221551,-2.1338409908995897,1.408816558477968,-0.102154660017093,0.2304047110078103,-0.015485221247516657,False,False
2024-12-24,2024,12,1,359,-2.4492935982947064e-16,1.0,-0.10730813165636247,0.9942258118156161,0,Autumn_EarlyWinter,0,scaled_from_onesite,11638.09813602342,21.55,27.1,16.5,60.04166666666666,65.16666666666667,3442.0,3815.7,1287.0,0.8,-1.1220601101559888,-1.0912026566460202,-1.0740545099533898,0.24500818297442437,-0.659490926774397,-1.20967185934009,-0.38177266982952035,-0.9573834117388477,-0.4424512409269499,-1.428251437538199,1.8464124364135894,-0.22971264028555333,0.9792168322182906,0.018102372070621032,False,False
2024-12-25,2024,12,2,360,-2.4492935982947064e-16,1.0,-0.09019000427034513,0.9959245770286599,0,Autumn_EarlyWinter,0,scaled_from_onesite,5636.496582341652,21.091666666666665,24.9,17.0,72.16666666666667,75.0,2002.0,1132.8,1433.0,0.1,-1.2292991973258058,-1.5995703523151001,-0.9730017377919239,0.566786484456574,0.08203142634267883,-2.4682833409185636,-1.8160661503740658,-0.694819373490038,-0.5166671209477545,-0.44188300990689144,3.422123479186816,-0.7081805253764132,1.4176249726687635,0.8661681545313581,False,False
2024-12-26,2024,12,3,361,-2.4492935982947064e-16,1.0,-0.07304518821104743,0.9973286321364752,0,Autumn_EarlyWinter,0,scaled_from_onesite,12580.768288083395,21.65833333333333,28.0,16.2,8.916666666666666,71.79166666666667,3785.0,4858.4,1144.0,0.0,-1.0967126895522146,-0.8832340538723062,-1.1346861732502693,-1.1117683665740192,-0.15990595158111262,-0.9098775967141062,0.1756606344918474,-1.2145522985167914,-0.5272693895221551,-2.184781270641858,1.3792189837360063,0.06786088505187912,0.07812816934408194,0.6660210050417436,False,False
2024-12-27,2024,12,4,362,-2.4492935982947064e-16,1.0,-0.05587875690537313,0.9984375616565666,0,Autumn_EarlyWinter,0,scaled_from_onesite,15526.279712190955,21.195833333333333,28.0,15.6,0.0,64.75,3985.0,5486.5,1077.0,0.0,-1.2049266775144836,-0.8832340538723062,-1.2559494998440281,-1.3484025814096892,-0.6909113654657989,-0.7350704464948736,0.5114464390801771,-1.3350440146994642,-0.5272693895221551,-2.721019688224658,1.0850767622921669,0.2770470558684641,0.26179203531638473,0.4491362046450056,False,False
2024-12-28,2024,12,5,363,-2.4492935982947064e-16,1.0,-0.03869579017652689,0.9992510374388481,0,Autumn_EarlyWinter,0,scaled_from_onesite,7848.6031734023645,21.425,27.9,14.9,1.2083333333333333,63.208333333333336,4016.0,5551.1,1071.0,0.0,-1.151307133929575,-0.9063416764027193,-1.3974233808700802,-1.3163353279973786,-0.8071669886239844,-0.7079753382108926,0.5459819636406072,-1.3458343176411962,-0.5272693895221551,-2.8082760892246688,1.0602239788410763,0.29402825989569975,0.3463051744402524,0.35379707994692666,False,False
2024-12-29,2024,12,6,364,-2.4492935982947064e-16,1.0,-0.021501372740813793,0.999768818762748,0,Autumn_EarlyWinter,0,scaled_from_onesite,7519.7069595505245,22.075,28.0,16.5,2.0,65.5,3898.0,5224.0,1109.0,0.0,-0.9992226103069266,-0.8832340538723062,-1.0740545099533898,-1.29532574817552,-0.6343545758212762,-0.8111115568402398,0.3711124577007208,-1.2774957323435607,-0.5272693895221551,-2.4588405533695403,1.0537187573209648,0.25949473869256034,0.3020587174506486,0.5974089491686028,False,False
2024-12-30,2024,12,0,365,-2.4492935982947064e-16,1.0,-0.004300592702981974,0.9999907524084426,0,Autumn_EarlyWinter,0,scaled_from_onesite,7866.88504605576,21.625,26.9,17.0,36.79166666666666,70.16666666666667,3388.0,3913.7,1361.0,0.0,-1.1045118958918372,-1.1374179017068462,-0.9730017377919239,-0.37201000337278967,-0.2824456624775786,-1.2568697898992827,-0.32938131678119,-0.8243030087908209,-0.5272693895221551,-1.5161916641608297,1.8323969844703138,-0.2711133064630217,0.6106014887885314,0.4389957850718007,False,False
2024-12-31,2024,12,1,366,-2.4492935982947064e-16,1.0,0.012901459949419653,0.9999167727021953,0,Autumn_EarlyWinter,0,scaled_from_onesite,9938.948942713288,19.008333333333333,24.5,13.8,5.208333333333333,66.5,3949.0,5094.0,1196.0,0.0,-1.716749593552244,-1.6920008424367505,-1.6197394796253048,-1.2101816615290406,-0.5589455229619125,-0.7665357335343355,0.30161372406518056,-1.1210363396884482,-0.5272693895221551,-2.9115911532915395,1.908508273735357,-0.10004317689823407,0.21664103084320288,0.022784722107214956,False,False
2025-01-01,2025,1,2,1,0.49999999999999994,0.8660254037844387,0.017201575418260506,0.9998520419557735,0,Winter_Spring,3,real_campus_measured,12846.02,17.320833333333333,23.0,12.1,26.291666666666668,70.08333333333333,4117.0,5566.9,1150.0,0.0,-2.1115844144956593,-2.038615180392941,-1.963318904974289,-0.6506633778521764,-0.2887297502158596,-0.6196977273501802,0.5544287328055417,-1.2037619955750594,-0.5272693895221551,-3.064548012424743,2.3431734637468624,-0.39441394895015386,-0.10459363666040714,-0.5597039175121772,False,False
2025-01-02,2025,1,3,2,0.49999999999999994,0.8660254037844387,0.03439806061360801,0.9994082116062598,0,Winter_Spring,3,real_campus_measured,12883.0,16.675,22.8,11.6,4.833333333333333,68.45833333333333,4201.0,5819.9,1097.0,0.0,-2.262694037325855,-2.084830425453766,-2.0643716771357545,-1.2201335677604475,-0.4112694611123256,-0.5462787242581025,0.6896839605731702,-1.2990763382270245,-0.5272693895221551,-3.535346538715651,2.2669993697446658,-0.21784313958366633,-0.1818031132907076,-0.42921297507475004,False,False
2025-01-03,2025,1,4,3,0.49999999999999994,0.8660254037844387,0.051584366869408364,0.9986686402879997,0,Winter_Spring,3,real_campus_measured,11600.82,16.633333333333333,22.8,12.1,5.75,70.54166666666667,4180.0,5761.5,1104.0,0.0,-2.272443045250384,-2.084830425453766,-1.963318904974289,-1.1958066858614533,-0.2541672676553172,-0.5646334750311219,0.6584629910015122,-1.2864876514616708,-0.5272693895221551,-3.419836197674125,2.310545895783478,-0.26067447982171155,-0.2925297337341533,-0.36122610963932256,False,False
2025-01-04,2025,1,5,4,0.49999999999999994,0.8660254037844387,0.06875540848113941,0.9976335468520451,0,Winter_Spring,3,real_campus_measured,9740.32,18.466666666666665,24.4,12.4,52.083333333333336,74.04166666666667,3946.0,4996.4,1330.0,0.0,-1.8434866965711185,-1.7151084649671635,-1.9026872416774092,0.03380661739679407,0.009764417352455666,-0.769157840787624,0.24943621327419013,-0.8800529073231024,-0.5272693895221551,-2.2525413955202054,2.385426394152814,-0.6602151973876069,0.026034446005596845,-0.6185772728860238,False,False
2025-01-05,2025,1,6,5,0.49999999999999994,0.8660254037844387,0.08590610426133272,0.9963032375991965,0,Winter_Spring,3,real_campus_measured,9488.67,19.508333333333333,25.8,14.0,18.875,75.20833333333333,3929.0,4837.0,1345.0,0.0,-1.599761498457899,-1.3916017495413855,-1.5793183707607188,-0.8474899677622196,0.09774164568837924,-0.7840164485562587,0.16422007372415098,-0.8530771499687726,-0.5272693895221551,-2.2794646192632118,1.9723565224977935,-0.3691606687818633,-0.10709028518599444,0.0766874334182497,False,False
2025-01-06,2025,1,0,6,0.49999999999999994,0.8660254037844387,0.10303137904317879,0.9946781061893646,0,Winter_Spring,3,real_campus_measured,9386.82,19.325,25.6,13.6,17.041666666666668,76.45833333333333,4032.0,4893.4,1267.0,0.0,-1.6426571333258255,-1.4378169946022106,-1.6601605884898916,-0.8961437315602079,0.19200296176258386,-0.693990766193354,0.19437183200910824,-0.9933510882112874,-0.5272693895221551,-2.404012121950355,2.0122520792223852,-0.3520799507500923,-0.2552908156629577,0.07515033112617557,False,False
2025-01-07,2025,1,1,7,0.49999999999999994,0.8660254037844387,0.1201261651823505,0.9927586335250793,0,Winter_Spring,3,real_campus_measured,10456.27,21.008333333333333,27.8,14.6,15.125,68.08333333333333,4129.0,5547.5,1134.0,0.0,-1.248797213174863,-0.9294492989331316,-1.4580550441669597,-0.9470090300762863,-0.439547855934587,-0.6092092983370263,0.544057383324546,-1.2325361367530112,-0.5272693895221551,-2.5573216012474793,1.2267168124648755,0.05083918040841959,0.09170258928936222,0.13927481113626408,False,False
2025-01-08,2025,1,2,8,0.49999999999999994,0.8660254037844387,0.13718540405660057,0.9905453876091833,0,Winter_Spring,3,real_campus_measured,12156.4,17.775000000000002,24.1,12.8,0.7083333333333334,72.83333333333333,4267.0,5804.3,1138.0,0.0,-2.005320228118295,-1.7844313325584011,-1.8218450239482364,-1.3296045363059208,-0.0813548548526095,-0.48859236468575584,0.6813441125369055,-1.2253426014585231,-0.5272693895221551,-3.210962022990778,1.9961447702600157,-0.20039258935883694,-0.4401732288211416,-0.14304947414262928,False,False
2025-01-09,2025,1,3,9,0.49999999999999994,0.8660254037844387,0.1542040475626894,0.988039023376751,0,Winter_Spring,3,real_campus_measured,11084.87,17.283333333333335,23.4,12.6,0.5416666666666666,76.33333333333333,4183.0,5529.9,1190.0,0.0,-2.1203585216277347,-1.9461846902712905,-1.8622661328128232,-1.3340276057421017,0.18257683015516338,-0.5620113677778334,0.5346483240015804,-1.1318266426301802,-0.5272693895221551,-3.1143975895250824,2.2839280339158536,-0.33933661916778896,-0.5719287588156785,-0.10174736804827088,False,False
2025-01-10,2025,1,4,10,0.49999999999999994,0.8660254037844387,0.17117705961019986,0.985240282501282,0,Winter_Spring,3,real_campus_measured,11960.03,17.025000000000002,23.6,11.4,13.541666666666666,70.45833333333333,4265.0,5772.4,1137.0,0.0,-2.180802370759813,-1.8999694452104645,-2.104792786000341,-0.9890281897200035,-0.26045135539359826,-0.4903404361879482,0.6642901925140304,-1.2271409852821453,-0.5272693895221551,-3.3117283956428922,2.203620188491949,-0.30001409093274917,-0.23545057101546546,-0.49966665708628155,False,False
2025-01-11,2025,1,5,11,0.49999999999999994,0.8660254037844387,0.18809941761179758,0.9821499931752291,0,Winter_Spring,3,real_campus_measured,12676.47,17.575,24.7,11.0,60.208333333333336,72.5,4323.0,5800.7,1147.0,0.0,-2.052115466156034,-1.6457855973759254,-2.1856350037295136,0.24943125241060543,-0.10649120580573036,-0.43964636262437073,0.6794195322208443,-1.2091571470459255,-0.5272693895221551,-2.6925884119224093,2.237028624980288,-0.5978176162876143,-0.15796697595049994,-1.040790683802434,False,False
2025-01-12,2025,1,6,12,0.49999999999999994,0.8660254037844387,0.20496611396949532,0.9787690698649216,0,Winter_Spring,3,real_campus_measured,12045.0,19.0,26.3,11.9,20.166666666666668,71.625,4282.0,5798.4,1128.0,0.0,-1.7186993951371499,-1.276063636889322,-2.003740013838875,-0.8132111796318188,-0.1724741270576736,-0.4754818284193134,0.6781899392411385,-1.243326439694743,-0.5272693895221551,-2.9203421521337867,1.7226921054896929,-0.18460503382611387,-0.2056160582559888,-0.29731610824027566,False,False
2025-01-13,2025,1,0,13,0.49999999999999994,0.8660254037844387,0.22177215755648186,0.975098513039961,0,Winter_Spring,3,real_campus_measured,10258.48,20.9,27.9,13.9,6.625,68.25,4187.0,5555.6,1140.0,0.0,-1.2741446337786382,-0.9063416764027193,-1.5995289251930118,-1.1725855713215043,-0.42697968045802603,-0.5585152247734488,0.5483876890356837,-1.2217458338112792,-0.5272693895221551,-2.7102059290196725,1.2075285143959078,0.09190410255107483,0.04905812199823599,0.1825081974490352,False,False
2025-01-14,2025,1,1,14,0.49999999999999994,0.8660254037844387,0.23851257519407648,0.9711394088771653,0,Winter_Spring,3,real_campus_measured,9733.64,20.17083333333333,26.6,15.1,16.416666666666668,71.75,4157.0,5285.2,1213.0,0.0,-1.4447522724578918,-1.2067407692980836,-1.357002272005494,-0.9127302419458857,-0.16304799545025314,-0.5847362973063337,0.40383032307375966,-1.0904638146868744,-0.5272693895221551,-2.417593959043556,1.5185922601644377,-0.15185385631394463,-0.10797589736681884,0.09823608744804382,False,False
2025-01-15,2025,1,2,15,0.49999999999999994,0.8660254037844387,0.2551824131233728,0.9668929289391521,0,Winter_Spring,3,real_campus_measured,9156.29,18.566666666666663,25.0,12.6,49.25,70.5,4061.0,4553.2,1509.0,0.0,-1.8200890775522498,-1.5764627297846872,-1.8622661328128232,-0.04138556301827868,-0.25730931152445774,-0.6686437294115654,0.012498992141333003,-0.5581422028947672,-0.5272693895221551,-2.0965668675640425,2.2030117692026345,-0.6902347019928197,0.3482519228755398,-0.6923403687186835,False,False
2025-01-16,2025,1,3,16,0.49999999999999994,0.8660254037844387,0.2717767384711357,0.9623603298276545,0,Winter_Spring,3,real_campus_measured,13439.34,17.875,24.9,12.2,5.833333333333333,67.45833333333333,4450.0,6023.0,1141.0,0.0,-1.9819226090994266,-1.5995703523151001,-1.9431083505419957,-1.193595151143363,-0.48667851397168926,-0.32864382223515815,0.7982623667376182,-1.2199474499876573,-0.5272693895221551,-3.3396559733004767,1.7121659581681206,-0.12111479202635893,-0.16490785416878234,-0.4149013480402666,False,False
2025-01-17,2025,1,4,17,0.49999999999999994,0.8660254037844387,0.2882906407095177,0.9575429528116719,0,Winter_Spring,3,real_campus_measured,12453.42,18.59583333333333,25.1,12.9,0.0,71.16666666666667,4392.0,5858.599999999999,1153.0,0.0,-1.8132647720050792,-1.5533551072542742,-1.8016344695159434,-1.3484025814096892,-0.2070366096182149,-0.37933789579873556,0.710373198970827,-1.1983668441041935,-0.5272693895221551,-3.1521280396890603,1.693181208775252,-0.11963093445073009,-0.3553802705447365,-0.13309062244081546,False,False
2025-01-18,2025,1,5,18,0.49999999999999994,0.8660254037844387,0.3047192331091634,0.9524422234305676,0,Winter_Spring,3,real_campus_measured,12186.0,18.866666666666667,25.5,13.4,0.1666666666666666,67.33333333333333,4393.0,5897.9,1130.0,0.0,-1.7498962204956416,-1.4609246171326236,-1.7005816973544776,-1.3439795119735083,-0.49610464557910977,-0.3784638600476394,0.7313832007544943,-1.239729672047499,-0.5272693895221551,-3.1865999627446047,1.5082659937233684,-0.011082884143460548,-0.1380481211282611,-0.13987883354640013,False,False
2025-01-19,2025,1,6,19,0.49999999999999994,0.8660254037844387,0.321057654185271,0.9470596510722283,0,Winter_Spring,3,real_campus_measured,12543.47,18.89583333333333,25.6,12.9,0.0,65.95833333333333,4464.0,5975.0,1153.0,0.0,-1.7430719149484728,-1.4378169946022106,-1.8016344695159434,-1.3484025814096892,-0.5997920932607348,-0.31640732171981184,0.7726012958568034,-1.1983668441041935,-0.5272693895221551,-3.257295707009309,1.4426384576358122,-0.0038899486361586165,-0.07446706977266865,-0.24009694528420353,False,False
2025-01-20,2025,1,0,20,0.49999999999999994,0.8660254037844387,0.3373010691361842,0.9413968285264122,0,Winter_Spring,3,real_campus_measured,13966.62,19.25,26.8,12.2,0.0,60.16666666666666,4642.0,6375.7,1107.0,0.0,-1.6602053475899772,-1.1605255242372585,-1.9431083505419957,-1.3484025814096892,-1.0365361910712165,-0.16082895802469496,0.9868177771472723,-1.2810924999908047,-0.5272693895221551,-3.4988925698555158,1.0458932341412424,0.17806766822789766,0.17304753730632913,-0.4212711120592079,False,False
2025-01-21,2025,1,1,21,0.49999999999999994,0.8660254037844387,0.3534446712740877,0.9354554315134164,0,Winter_Spring,3,real_campus_measured,14615.11,20.34583333333333,27.3,13.6,0.0,66.0,4579.0,6175.8,1138.0,0.0,-1.4038064391748708,-1.044987411585195,-1.6601605884898916,-1.3484025814096892,-0.5966500493915943,-0.2158932103437532,0.8799501090415456,-1.2253426014585231,-0.5272693895221551,-3.0760060415916306,0.9924614581663292,0.12069019002781776,-0.11056313154619186,-0.10084412191144213,False,False
2025-01-22,2025,1,2,22,0.49999999999999994,0.8660254037844387,0.3694836834473831,0.9292372181882051,0,Winter_Spring,3,real_campus_measured,13806.85,20.775,28.4,14.6,0.0,68.54166666666667,4569.0,6149.5,1133.0,0.0,-1.3033916575522244,-0.7908035637506559,-1.4580550441669597,-1.3484025814096892,-0.4049853733740446,-0.2246335678547148,0.8658899806214324,-1.2343345205766332,-0.5272693895221551,-2.852804621156508,0.8374693407330873,0.14891598045827711,-0.23819951746965232,0.09318541600163277,False,False
2025-01-23,2025,1,3,23,0.49999999999999994,0.8660254037844387,0.38541335945432564,0.9227440286201427,0,Winter_Spring,3,real_campus_measured,11906.24,21.67083333333333,28.9,14.2,23.541666666666668,78.41666666666667,4514.0,5943.7,1167.0,0.0,-1.0937879871748561,-0.6752654510985924,-1.5388972618961325,-0.7236440235491587,0.3396790236121718,-0.27270553416500376,0.7558681392199386,-1.1731894705734858,-0.5272693895221551,-2.235784988711977,1.0757095259434952,-0.15780170429617543,-0.6383642086513331,0.06616962199376115,False,False
2025-01-24,2025,1,4,24,0.49999999999999994,0.8660254037844387,0.4012289854475009,0.9159777842484877,0,Winter_Spring,3,real_campus_measured,6300.47,22.09583333333333,28.1,17.9,47.5,84.625,3303.0,2996.1,1603.0,0.0,-0.9943481063446625,-0.8601264313418933,-0.7911067479012858,-0.08782779209817651,0.8078435601140542,-1.3311628287424564,-0.8199354551194341,-0.3890941234743007,-0.5272693895221551,-0.5236955177562347,2.1111700871756582,-0.6937039852073087,0.09838220524981645,0.7447390632649054,False,False
2025-01-25,2025,1,5,25,0.49999999999999994,0.8660254037844387,0.4169258813287287,0.908940487313808,0,Winter_Spring,3,real_campus_measured,8451.46,21.125,27.7,16.0,32.916666666666664,77.5,3016.0,2665.7,1476.0,0.4,-1.2214999909861823,-0.9525569214635445,-1.1751072821148556,-0.4748463677639918,0.27055405849108805,-1.582011089307055,-0.9965691596823765,-0.6174888690742927,-0.4848603152245524,-1.1020663289945947,2.355436760508789,-0.4060053320771811,0.6047276885217482,0.8305407021243759,False,False
2025-01-26,2025,1,6,26,0.49999999999999994,0.8660254037844387,0.4324994021339788,0.901634220265486,0,Winter_Spring,3,real_campus_measured,13644.65,19.47083333333333,26.0,13.4,0.0,54.41666666666666,4746.0,6333.9,1157.0,0.0,-1.608535605589975,-1.3453865044805602,-1.7005816973544776,-1.3484025814096892,-1.4701382450125577,-0.06992923991069407,0.9644712612552293,-1.1911733088097056,-0.5272693895221551,-3.5098380539566527,0.8767976730572501,0.21415273073323643,0.4556388598631817,-0.5531063944375209,False,False
2025-01-27,2025,1,0,27,0.49999999999999994,0.8660254037844387,0.44794493940789115,0.8940611451454876,0,Winter_Spring,3,real_campus_measured,15745.65,19.04583333333333,25.8,13.0,26.75,60.29166666666666,4813.0,6430.6,1163.0,0.0,-1.7079754864201688,-1.3916017495413855,-1.7814239150836504,-0.6384999369026794,-1.027110059463796,-0.011368844587251185,1.0161676269672046,-1.1803830058679736,-0.5272693895221551,-3.167758261559328,1.1440177096206512,-0.09346320099320254,0.16546073659622568,-0.8890218391454399,False,False
2025-01-28,2025,1,1,28,0.49999999999999994,0.8660254037844387,0.4632579225674917,0.88622350294858,0,Winter_Spring,3,real_campus_measured,11637.55,20.5625,26.5,13.6,13.625,71.95833333333333,4578.0,5579.9,1274.0,0.0,-1.353111597967321,-1.2298483918284966,-1.6601605884898916,-0.9868166550019131,-0.14733777610455273,-0.21676724609484935,0.5613786061690959,-0.9807624014459334,-0.5272693895221551,-2.5795931502936345,1.3224959224495594,-0.20809139965903184,-0.27645864574780366,-0.17789322984783432,False,False
2025-01-29,2025,1,2,29,0.49999999999999994,0.8660254037844387,0.4784338202547012,0.8781236129591848,0,Winter_Spring,3,real_campus_measured,8327.79,22.2125,27.5,16.6,25.45833333333333,81.70833333333333,3593.0,3463.0,1598.0,0.1,-0.9670508841559818,-0.9987721665243697,-1.0538439555210963,-0.6727787250330802,0.5879004892742432,-1.0776924609245693,-0.5703280802391745,-0.39808604259241065,-0.5166671209477545,-1.0719816931850865,1.8884807182309742,-0.5276530564843965,0.008321874536561429,0.6939001297386894,False,False
2025-01-30,2025,1,3,30,0.49999999999999994,0.8660254037844387,0.49346814167723735,0.8697638720650646,0,Winter_Spring,3,real_campus_measured,12278.42,24.3625,31.2,19.6,26.166666666666668,76.0,4588.0,5653.0,1266.0,0.0,-0.46400207525029674,-0.1437901328991002,-0.44752732255230143,-0.653980679929312,0.15744047920204252,-0.20802688858388774,0.6004582786980036,-0.9951494720349093,-0.5272693895221551,-1.3851515660757792,0.22036770298480526,0.0036698905200129627,-0.4440753745878066,0.5175892730241473,False,False
2025-01-31,2025,1,4,31,0.49999999999999994,0.8660254037844387,0.5083564379375122,0.8611467540480452,0,Winter_Spring,3,real_campus_measured,8955.599999999999,24.72083333333333,31.2,19.1,27.416666666666668,78.83333333333333,4596.0,5638.7,1285.0,0.0,-0.3801606070993499,-0.1437901328991002,-0.5485800947137672,-0.6208076591579563,0.3710994623035726,-0.20103460257511843,0.5928134179980941,-0.9609801793860916,-0.5272693895221551,-1.3029591345297493,0.27614031863474975,-0.060830285547322706,-0.5890033939562481,0.5377157118463183,False,False
2025-02-01,2025,2,5,32,0.8660254037844386,0.5000000000000001,0.5230943033491326,0.8522748088519838,0,Winter_Spring,3,real_campus_measured,7994.04,24.92083333333333,30.8,21.1,31.5,81.16666666666667,3589.0,3443.4,1507.0,0.4,-0.33336536906161196,-0.23622062302075064,-0.14436900606790398,-0.5124424579715281,0.5470539189754219,-1.081188603928954,-0.5808063508488405,-0.5617389705420112,-0.4848603152245524,-0.35771671174212816,1.0487502172747363,-0.22043101187537328,0.06341142773270905,1.2226289526464953,False,False
2025-02-02,2025,2,6,33,0.8660254037844386,0.5000000000000001,0.5376773767406141,0.8431506618282,0,Winter_Spring,3,real_campus_measured,4874.75,25.10833333333333,31.2,20.9,34.666666666666664,80.20833333333333,3920.0,3806.2,1568.0,0.0,-0.2894948334012325,-0.1437901328991002,-0.18479011493249087,-0.428404138684094,0.4747869099851977,-0.7918827703161242,-0.3868514234413483,-0.45203755730107015,-0.5272693895221551,-0.387863535754087,0.7599892988534779,-0.29433344116602933,-0.005463293511151035,0.9733854814640845,True,False
2025-02-03,2025,2,0,34,0.8660254037844386,0.5000000000000001,0.5521013427459208,0.8337770129585915,0,Winter_Spring,3,real_campus_measured,14135.81,23.73333333333333,30.1,16.9,25.58333333333333,71.79166666666667,3795.0,3661.2,1550.0,0.0,-0.611212094910682,-0.3979739807336394,-0.9932122922242174,-0.6694614229559447,-0.15990595158111262,-0.9011372392031445,-0.46436924172714317,-0.48440846612626587,-0.5272693895221551,-1.1446468434480546,1.0990309582173616,-0.1930936933445137,0.5668153860395907,0.6453873516052299,False,False
2025-02-04,2025,2,1,35,0.8660254037844386,0.5000000000000001,0.5663619330814524,0.8241566360566663,0,Winter_Spring,3,real_campus_measured,14555.58,23.27916666666667,30.2,16.4,29.20833333333333,65.66666666666667,4936.0,6366.4,1198.0,0.0,-0.7174762812880445,-0.37486635820322717,-1.094265064385683,-0.5732596627190135,-0.6217864003447152,0.0961375527975768,0.9818459446641143,-1.1174395720412043,-0.5272693895221551,-2.196870424274214,0.13420892191865905,0.0970437149143781,-0.06600199205089283,-0.2248405306134923,False,False
2025-02-05,2025,2,2,36,0.8660254037844386,0.5000000000000001,0.580454927809098,0.8142923779467267,0,Winter_Spring,3,real_campus_measured,13884.08,25.120833333333334,32.3,17.9,25.08333333333333,71.20833333333333,4812.0,5799.099999999999,1285.0,0.0,-0.2865701310238732,0.11039371493543895,-0.7911067479012858,-0.682730631264487,-0.20389456574907547,-0.012242880338347346,0.6785641631914836,-0.9609801793860916,-0.5272693895221551,-1.5743840422347293,-0.11912590001789988,0.11919851525435288,-0.18303225609472917,0.31246667907156495,False,False
2025-02-06,2025,2,3,37,0.8660254037844386,0.5000000000000001,0.5943761565849831,0.804187157621448,0,Winter_Spring,3,real_campus_measured,12709.5,24.5125,30.6,17.5,1.4166666666666667,60.125,4856.0,6084.3,1234.0,0.0,-0.4289056467219935,-0.2824358680815759,-0.8719489656304581,-1.3108064912021529,-1.039678234940356,0.0262146927098838,0.8310336926749923,-1.0526977543908127,-0.5272693895221551,-2.34556624104095,-0.2373772695518612,0.40973208069523803,0.2516234320911391,0.2371684590429071,False,False
2025-02-07,2025,2,4,38,0.8660254037844386,0.5000000000000001,0.6081214998935418,0.7938439653781019,0,Winter_Spring,3,real_campus_measured,18016.13,21.225,28.6,15.1,1.4166666666666667,48.833333333333336,5295.0,6929.8,1194.0,0.0,-1.198102371967313,-0.7445883186898298,-1.357002272005494,-1.3108064912021529,-1.8911721234773373,0.4099163874410991,1.2830427641276791,-1.124633107335692,-0.5272693895221551,-3.3635664221494097,-0.1443318113320373,0.4242585979693348,0.5645587050451504,-0.6891880901329744,False,False
2025-02-08,2025,2,5,39,0.8660254037844386,0.5000000000000001,0.6216868902665479,0.7832658619336791,0,Winter_Spring,3,real_campus_measured,14949.009999999998,20.0,27.4,13.4,0.0,52.708333333333336,5227.0,6797.5,1197.0,0.0,-1.4847232049484593,-1.0218797890547828,-1.7005816973544776,-1.3484025814096892,-1.598962043647303,0.35048195636656004,1.212314437512433,-1.1192379558648262,-0.5272693895221551,-3.5400479053617264,0.33246440014072776,0.26817197218462063,0.36837891279563306,-0.7766948777440112,False,False
2025-02-09,2025,2,6,40,0.8660254037844386,0.5000000000000001,0.6350683134867438,0.7724559775191742,0,Winter_Spring,3,real_campus_measured,13300.37,20.979166666666668,28.6,12.9,3.4166666666666665,58.25,5261.0,6804.9,1210.0,0.0,-1.2556215187220328,-0.7445883186898298,-1.8016344695159434,-1.2577296579679837,-1.181070209051663,0.38019917190382957,1.216270519273225,-1.0958589661577405,-0.5272693895221551,-3.2837573267759588,0.24643330189914964,0.21459570009298842,0.09800081720510283,-0.6499016991271811,False,False
2025-02-10,2025,2,0,41,0.8660254037844386,0.5000000000000001,0.6482618097757122,0.7614175109532997,0,Winter_Spring,3,real_campus_measured,13939.03,23.40833333333333,30.8,14.6,4.041666666666667,72.91666666666667,5156.0,6447.5,1246.0,0.0,-0.6872543567220062,-0.23622062302075064,-1.4580550441669597,-1.241143147582306,-0.07507076711432847,0.2884254180387325,1.0252024623398246,-1.031117148507349,-0.5272693895221551,-2.413572358487896,0.09702016494568341,0.11051987684881498,-0.6054633189576333,0.047308062975237514,False,False
2025-02-11,2025,2,1,42,0.8660254037844386,0.5000000000000001,0.6612634749656386,0.7501537286959042,0,Winter_Spring,3,real_campus_measured,12345.65,24.60833333333333,32.2,18.5,11.583333333333334,70.70833333333333,5063.0,6042.8,1279.0,0.0,-0.40648292849557777,0.08728609240502758,-0.6698434213075265,-1.040999255595127,-0.24159909217875733,0.20714009318678941,0.8088475584759545,-0.9717704823278235,-0.5272693895221551,-1.796425741972696,-0.30528461321978184,0.19645101092878495,-0.3547012873920324,0.3430890312012535,False,False
2025-02-12,2025,2,2,43,0.8660254037844386,0.5000000000000001,0.6740694616546161,0.7386679638813748,0,Winter_Spring,3,real_campus_measured,12349.88,24.941666666666663,31.7,19.4,38.375,77.5,4436.0,4471.3,1491.0,0.0,-0.32849086509934783,-0.028252020247036724,-0.4879484314168883,-0.32999084372907234,0.27055405849108805,-0.3408803227505044,-0.03128521004905716,-0.5905131117199629,-0.5272693895221551,-0.7481394829273126,0.42774614090329743,-0.24011413710207305,-0.10795700371876976,0.5355604108148198,False,False
2025-02-13,2025,2,3,44,0.8660254037844386,0.5000000000000001,0.6866759803451553,0.726963615332308,0,Winter_Spring,3,real_campus_measured,13333.05,24.77916666666667,31.4,17.5,9.25,51.625,5197.0,6314.8,1288.0,0.0,-0.3665119960050087,-0.09757488783827498,-0.8719489656304581,-1.1029222277016577,-1.6806551842449473,0.3242608838336752,0.9542602934672386,-0.9555850279152257,-0.5272693895221551,-2.426805220909898,-0.7086605181713829,0.4877406799026739,0.6732461149951257,-0.18213148973641335,False,False
2025-02-14,2025,2,4,45,0.8660254037844386,0.5000000000000001,0.6990793005655562,0.7150441465537444,0,Winter_Spring,3,real_campus_measured,16007.42,22.2875,29.4,16.5,0.0,46.708333333333336,5498.0,7037.0,1223.0,0.0,-0.9495026698918294,-0.5597273384465289,-1.0740545099533898,-1.3484025814096892,-2.051416360803485,0.5873456449136201,1.3403524890948322,-1.0724799764506545,-0.5272693895221551,-3.20996843912618,-0.5773282883742403,0.5126120405635165,0.6099517995880236,-0.6461312477510598,False,False
2025-02-15,2025,2,5,46,0.8660254037844386,0.5000000000000001,0.7112757519738152,0.7029130847082615,0,Winter_Spring,3,real_campus_measured,16150.72,23.27083333333333,30.8,16.1,0.0,53.29166666666666,5424.0,6866.1,1226.0,0.0,-0.7194260828729518,-0.23622062302075064,-1.1548967276825621,-1.3484025814096892,-1.5549734294793418,0.522666999332504,1.2489883846462644,-1.0670848249797886,-0.5272693895221551,-2.9161323549199323,-0.6024584994514876,0.48329181880189154,0.33710152391543025,-0.3641787262455627,False,False
2025-02-16,2025,2,6,47,0.8660254037844386,0.5000000000000001,0.7232617254437388,0.6905740195722293,0,Winter_Spring,3,real_campus_measured,15536.54,25.191666666666663,33.2,18.0,0.2083333333333333,60.25,5430.0,6809.4,1249.0,0.0,-0.26999681755217525,0.3183623177091545,-0.7708961934689923,-1.342873744614463,-1.0302521033329355,0.527911213839081,1.2186762446683015,-1.025721997036483,-0.5272693895221551,-2.3194318549584625,-1.0049917386393634,0.5189251196998833,-0.011166147665240293,0.09686953197255846,False,False
2025-02-17,2025,2,0,48,0.8660254037844386,0.5000000000000001,0.7350336741329413,0.6780306024735382,0,Winter_Spring,3,real_campus_measured,13686.53,25.4625,33.0,19.5,4.0,63.875,5263.0,6381.6,1288.0,0.0,-0.20662826604273765,0.2721470726483285,-0.46773787698459485,-1.2422489149413511,-0.7568942867177422,0.3819472434060219,0.9899719504430394,-0.9555850279152257,-0.5272693895221551,-1.9312533953054565,-0.8570404316414394,0.4178619858354896,-0.09698139798470337,0.3188519706043025,False,False
2025-02-18,2025,2,1,49,0.8660254037844386,0.5000000000000001,0.746588114532413,0.6652865452111116,0,Winter_Spring,3,real_campus_measured,11073.73,24.229166666666668,31.5,19.5,26.291666666666668,76.29166666666667,4891.0,5147.6,1424.0,0.7,-0.4951989006087887,-0.07446726530786195,-0.46773787698459485,-0.6506633778521764,0.17943478628602394,0.05680594399824948,0.33026858654875735,-0.7110048279026359,-0.4530535095013505,-1.1542098199466009,0.15272082024735337,-0.07557018869436823,-0.40826557555277193,0.3527875663874631,False,False
2025-02-19,2025,2,2,50,0.8660254037844386,0.5000000000000001,0.7579216274973472,0.6523456189565257,0,Winter_Spring,3,real_campus_measured,12255.05,23.508333333333336,28.7,20.4,45.208333333333336,82.33333333333333,3453.0,2340.1,1883.0,3.0,-0.663856737703136,-0.7214806961594176,-0.28584288709395667,-0.1486449968456617,0.6350311473113455,-1.200057466078032,-1.1706367571572371,0.11445334713985476,-0.20920133229013552,0.17330330181696532,1.783506558805349,-0.5036574685436698,0.3251993195011914,0.7507026086657563,False,False
2025-02-20,2025,2,3,51,0.8660254037844386,0.5000000000000001,0.7690308592589181,0.6392116531380588,0,Winter_Spring,3,real_campus_measured,9077.17,22.78333333333333,29.0,18.3,48.79166666666666,86.125,3824.0,3259.4,1839.0,17.5,-0.8334894755899378,-0.6521578285681793,-0.7102645301721127,-0.053549003967775975,0.9209571394030998,-0.8757902024213557,-0.6791737892252975,0.035324458900487465,1.3281276109979592,0.3214200034578051,2.067477360846054,0.6963724214297453,-0.3738905981982673,-0.151839833391248,False,False
2025-02-21,2025,2,4,52,0.8660254037844386,0.5000000000000001,0.7799125224167177,0.6258885343075018,0,Winter_Spring,3,real_campus_measured,15445.1,24.65416666666667,31.2,18.2,3.375,76.25,5288.0,6098.9,1395.0,0.0,-0.39575901977859507,-0.1437901328991002,-0.7304750846044061,-1.2588354253270289,0.17629274241688345,0.40379813718342594,0.8388389350679065,-0.7631579587876733,-0.5272693895221551,-1.756841875949278,-0.21795531858331388,0.02141514706072496,-0.7889740541255393,0.33246113143400696,False,False
2025-02-22,2025,2,5,53,0.8660254037844386,0.5000000000000001,0.7905633969115482,0.612380204990065,0,Winter_Spring,3,real_campus_measured,11249.009999999998,24.0,30.3,18.3,31.166666666666668,78.79166666666667,4599.0,4483.6,1697.0,2.5,-0.5488184441936972,-0.3517587356728141,-0.7102645301721127,-0.5212885968438895,0.36795741843443314,-0.19841249532182995,-0.024709560635848254,-0.22004604405383424,-0.26221267516213875,-0.7895560755871528,0.6894040299528622,-0.23267135260937288,-0.2694639846579508,0.1958271627058175,False,False
2025-02-23,2025,2,6,54,0.8660254037844386,0.5000000000000001,0.8009803309782905,0.5986906625177214,0,Winter_Spring,3,real_campus_measured,17213.6,23.075,28.2,18.5,33.833333333333336,83.125,4379.0,3782.3,1849.0,0.0,-0.7652464201182361,-0.837018808811481,-0.6698434213075265,-0.45051948586499757,0.6947299808250088,-0.3907003605629857,-0.3996284983174205,0.05330829713670731,-0.5272693895221551,-0.6120456616639562,1.2394977574464374,-0.762298017869597,-0.2983017992565475,0.29914069802485554,False,False
2025-02-24,2025,2,0,55,0.8660254037844386,0.5000000000000001,0.8111602420785621,0.5848239578463322,0,Winter_Spring,3,real_campus_measured,16653.32,24.141666666666666,30.5,18.1,8.458333333333334,72.70833333333333,5145.0,5806.2,1465.0,0.0,-0.5156718172502996,-0.3055434906119889,-0.7506856390366988,-1.123931807523516,-0.09078098646002995,0.27881102477667474,0.682359863259271,-0.6372710911341345,-0.5272693895221551,-1.738296210311512,-0.04146265997453913,-0.04043498960940936,-0.45648597089482446,0.18885335283965196,False,False
2025-02-25,2025,2,1,56,0.8660254037844386,0.5000000000000001,0.8211001178128892,0.5707841943569036,0,Winter_Spring,3,real_campus_measured,14729.73,24.35,30.5,18.8,8.291666666666666,71.375,5061.0,5627.2,1507.0,0.2,-0.46692677762765517,-0.3055434906119889,-0.6092117580106469,-1.128354876959697,-0.1913263902725145,0.20539202168459708,0.5866654530995655,-0.5617389705420112,-0.5060648523733537,-1.6178036459297307,-0.06402923093601964,-0.013531530017231789,-0.31835700085837626,0.2467324093864152,False,False
2025-02-26,2025,2,2,57,0.8660254037844386,0.5000000000000001,0.8307970168121247,0.5565755266413303,0,Winter_Spring,3,real_campus_measured,15505.07,24.3875,30.3,19.0,35.5,71.08333333333333,5078.0,5343.4,1644.0,0.1,-0.4581526704955798,-0.3517587356728141,-0.5687906491460607,-0.4062887915031902,-0.21332069735649595,0.22025062945323184,0.4349443715167476,-0.3153603867057994,-0.5166671209477545,-1.1530046046261597,0.05565481471943104,-0.3042295685955665,-0.11565016254041428,-0.14955394467191613,False,False
2025-02-27,2025,2,3,58,0.8660254037844386,0.5000000000000001,0.8402480696078469,0.5422021592729844,0,Winter_Spring,3,real_campus_measured,17589.24,25.15,31.4,19.2,4.458333333333333,72.5,5291.0,5909.1,1514.0,0.1,-0.27974582547670346,-0.09757488783827498,-0.5283695402814745,-1.230085473991854,-0.10649120580573036,0.40642024443671443,0.7373707839600181,-0.5491502837766573,-0.5166671209477545,-1.5703756176825523,-0.4068506834372615,0.03396955202203716,-0.5017961338692932,0.29643550443233463,False,False
2025-02-28,2025,2,4,59,0.8660254037844386,0.5000000000000001,0.8494504794814806,0.527668345562516,0,Winter_Spring,3,real_campus_measured,16788.39,25.84166666666667,32.2,20.0,41.875,70.58333333333333,5625.0,6462.6,1394.0,0.0,-0.11791229392952506,0.08728609240502758,-0.36668510482312905,-0.23710638556927668,-0.25102522378617775,0.6983481853028327,1.0332750075544146,-0.7649563426112954,-0.5272693895221551,-1.273673085126466,-0.7320821959692805,-0.06508633057359985,-0.4901291740684428,-0.24846953518972156,False,False
2025-03-01,2025,3,5,60,1.0,6.123233995736766e-17,0.8584015232918917,0.512978386299228,0,Winter_Spring,3,real_campus_measured,20400.300000000003,28.10833333333333,36.0,21.9,3.875,53.708333333333336,5568.0,6426.3,1358.0,0.0,0.41243373716483905,0.9653757485607093,0.017315429390440736,-1.2455662170184867,-1.5235529907879395,0.6485281474903515,1.0138688227007981,-0.8296981602616867,-0.5272693895221551,-1.6177029353229673,-1.956957674785388,0.7428849661164556,0.4827681525937722,0.38486948902307816,False,False
2025-03-02,2025,3,6,61,1.0,6.123233995736766e-17,0.8670985522812081,0.4981366284784055,0,Winter_Spring,3,real_campus_measured,16189.41,27.916666666666668,35.4,22.0,14.375,61.583333333333336,5453.0,6211.0,1401.0,0.0,0.3675883007120076,0.8267300133782328,0.037525983822734185,-0.9669128425390997,-0.9297066995204504,0.5480140361142928,0.8987682276874764,-0.7523676558459415,-0.5272693895221551,-1.266034899686309,-1.5842760427747633,0.4839323434242202,0.12440381394206236,0.4224708882684923,False,False
2025-03-03,2025,3,0,62,1.0,6.123233995736766e-17,0.8755389928586302,0.4831474640149687,0,Winter_Spring,3,real_campus_measured,19756.98,27.0375,33.2,21.1,46.375,59.41666666666666,5671.0,6408.3,1439.0,0.0,0.16188423350445055,0.3183623177091545,-0.14436900606790398,-0.11768351079239654,-1.0930929807157392,0.7385538298532561,1.0042459211204926,-0.6840290705483061,-0.5272693895221551,-1.2178775052314752,-1.2650496669927271,0.14358466440013637,0.21681275772763636,-0.38111365335315506,False,False
2025-03-04,2025,3,1,63,1.0,6.123233995736766e-17,0.8837203473619977,0.4680153284438345,0,Winter_Spring,3,real_campus_measured,23049.08,26.58333333333333,33.0,20.5,1.375,47.0,5969.0,6997.7,1371.0,0.0,0.055620047127085515,0.2721470726483285,-0.26563233266166325,-1.311912258561198,-2.0294220537195042,0.9990164836799126,1.319342487311165,-0.806319170554601,-0.5272693895221551,-2.286915025985238,-1.8277035166376647,0.6673329211094455,0.5559513002898409,-0.2763015257840354,False,False
2025-03-05,2025,3,2,64,1.0,6.123233995736766e-17,0.8916401947968874,0.45274469960737107,0,Winter_Spring,3,real_campus_measured,20930.03,26.14583333333333,33.2,19.4,0.0,46.29166666666666,5951.0,6919.1,1398.0,0.0,-0.04674453608046658,0.3183623177091545,-0.4879484314168883,-1.3484025814096892,-2.0828367994948875,0.9832838401601817,1.2773224837438308,-0.7577628073168075,-0.5272693895221551,-2.396555608556179,-1.7524176645285099,0.6578742632780182,0.6496909910299659,-0.34969357037725274,False,False
2025-03-06,2025,3,3,65,1.0,6.123233995736766e-17,0.8992961915530253,0.4373400963303323,0,Winter_Spring,3,real_campus_measured,24522.25,22.45,29.3,15.5,0.0,45.41666666666666,6213.0,7305.9,1402.0,0.0,-0.9114815389861677,-0.5828349609769411,-1.2761600542763214,-1.3484025814096892,-2.1488197207468307,1.212281206947376,1.4841079465917302,-0.7505692720223195,-0.5272693895221551,-3.272000845681673,-0.9468581904777311,0.3603113089864878,0.4749563808715918,-1.1573202360769523,False,False
2025-03-07,2025,3,4,66,1.0,6.123233995736766e-17,0.9066860720977985,0.4218060770826634,0,Winter_Spring,3,real_campus_measured,23030.28,24.04583333333333,31.4,15.1,7.083333333333333,54.79166666666666,6160.0,7194.5,1406.0,0.0,-0.5380945354767162,-0.09757488783827498,-1.357002272005494,-1.1604221303720073,-1.4418598501902964,1.1659573121392797,1.4245528779225058,-0.7433757367278315,-0.5272693895221551,-2.7712414603686377,-1.0412443715498139,0.28278765805275025,0.07005090311620746,-0.8615476595574585,False,False
2025-03-08,2025,3,5,67,1.0,6.123233995736766e-17,0.9138076496466615,0.4061472386305789,0,Winter_Spring,3,real_campus_measured,21250.98,25.77916666666667,33.0,18.3,5.916666666666667,68.16666666666667,6010.0,6788.2,1442.0,0.0,-0.13253580581631821,0.2721470726483285,-0.7102645301721127,-1.1913836164252727,-0.43326376819630597,1.0348519494748551,1.207342605029275,-0.6786339190774401,-0.5272693895221551,-1.8913812229277371,-1.1455707592109974,0.18313495588023027,-0.594307465307516,-0.12402074615388031,False,False
2025-03-09,2025,3,6,68,1.0,6.123233995736766e-17,0.9206588168102428,0.3903682146763026,0,Winter_Spring,3,real_campus_measured,16809.49,26.64583333333333,34.2,21.0,21.875,69.75,5520.0,5611.400000000001,1616.0,0.0,0.07024355901387867,0.5494385430132814,-0.16457956050019742,-0.7678747179109662,-0.3138661011689805,0.6065744314377356,0.578218683934631,-0.36571513376721493,-0.5272693895221551,-0.939037458183883,-1.0301391918052356,0.03751560063733324,-0.19423078785129713,0.230628266186729,False,False
2025-03-10,2025,3,0,69,1.0,6.123233995736766e-17,0.9272375462179537,0.374473674486883,0,Winter_Spring,3,real_campus_measured,22129.45,27.229166666666668,34.5,21.7,14.375,55.0,5840.0,6104.4,1518.0,0.0,0.20672966995728287,0.618761410604519,-0.023105679474145446,-0.9669128425390997,-1.426149630844595,0.8862658717885076,0.8417792661063332,-0.5419567484821693,-0.5272693895221551,-1.4448300269578276,-1.7175735512621626,0.4240054039249346,0.42149902896130254,-0.017160923614114316,False,False
2025-03-11,2025,3,1,70,1.0,6.123233995736766e-17,0.9335418911179212,0.35846832151248087,0,Winter_Spring,3,real_campus_measured,21189.45,27.84583333333333,35.2,20.0,0.9583333333333334,46.25,6022.0,6790.2,1449.0,0.0,0.35101498724030794,0.7805147683174084,-0.36668510482312905,-1.3229699321516497,-2.085978843364027,1.045340378488009,1.2084118163159756,-0.6660452323120862,-0.5272693895221551,-2.064068982927812,-2.1889139678043223,0.7463291236660012,0.7362341008301824,-0.17438797381416166,False,False
2025-03-12,2025,3,2,71,1.0,6.123233995736766e-17,0.9395699859530622,0.342356891994542,0,Winter_Spring,3,real_campus_measured,20706.85,28.579166666666666,36.6,19.4,1.9583333333333333,50.5,6123.0,6918.0,1431.0,0.0,0.5225975267120145,1.1040214837431859,-0.4879484314168883,-1.2964315155345651,-1.7654903687117314,1.1336179893487215,1.2767344175361452,-0.698416141137282,-0.5272693895221551,-1.9348015150599087,-2.3510641122170703,0.7505298633107912,0.4853199865980537,-0.08001153880049068,False,False
2025-03-13,2025,3,3,72,1.0,6.123233995736766e-17,0.945320046913132,0.3261441535642696,0,Winter_Spring,3,real_campus_measured,21901.95,29.308333333333334,37.4,21.6,1.0416666666666667,58.79166666666666,6133.0,6926.599999999999,1434.0,0.0,0.6932051653912683,1.2888824639864866,-0.04331623390643818,-1.3207583974335595,-1.1402236387528415,1.1423583468596832,1.2813320260689578,-0.693020989666416,-0.5272693895221551,-1.4802826201648525,-2.4601172813200645,0.6872215718280119,-0.03198220286100457,0.2944452409914839,False,False
2025-03-14,2025,3,4,73,1.0,6.123233995736766e-17,0.9507903724625832,0.3098349038318025,0,Winter_Spring,3,real_campus_measured,20560.57,29.679166666666664,38.2,22.0,6.666666666666667,65.45833333333333,6046.0,6724.0,1455.0,0.0,0.7799713359195736,1.4737434442297892,0.037525983822734185,-1.1714798039624592,-0.6374966196904166,1.066317236514317,1.1730209227261852,-0.6552549293703543,-0.5272693895221551,-1.1056702433822618,-2.371737926578165,0.572021433686837,-0.31295598148718945,0.4860363888492169,False,False
2025-03-15,2025,3,5,74,1.0,6.123233995736766e-17,0.9559793438440766,0.2934339689665273,0,Winter_Spring,3,real_campus_measured,20297.5,29.616666666666664,36.9,22.7,17.125,72.91666666666667,5628.0,5375.2,1725.0,0.0,0.7653478240327805,1.1733443513344233,0.17899986484878616,-0.8939321968421174,-0.07507076711432847,0.7009702925561212,0.45194483097528754,-0.1696912969924187,-0.5272693895221551,-0.3149759058369634,-1.6861896299701464,0.13942626197715713,-0.28533031267990194,0.6823688472701269,False,False
2025-03-16,2025,3,6,75,1.0,6.123233995736766e-17,0.9608854255574977,0.27694620226893646,0,Winter_Spring,3,real_campus_measured,18246.47,30.59166666666667,39.7,23.6,9.458333333333334,64.45833333333333,5794.0,6227.5,1508.0,0.0,0.9934746094667549,1.8203577821859798,0.36089485473942506,-1.0973933909064317,-0.7129056725497803,0.8460602272380842,0.9075892208027565,-0.5599405867183892,-0.5272693895221551,-0.6783017589352178,-2.5407242173017313,0.6437985905110141,-0.02575906460608897,0.7894580754217407,False,False
2025-03-17,2025,3,0,76,1.0,6.123233995736766e-17,0.9655071658143364,0.2603764827344581,0,Winter_Spring,3,real_campus_measured,17979.93,28.054166666666664,35.3,23.2,59.66666666666666,74.75,5234.0,4842.3,1710.0,0.9,0.39976002686295153,0.8036223908478198,0.28005263701025196,0.23505627674301768,0.06317916312783792,0.3566002066242332,0.1670534836339077,-0.19666705434674844,-0.43184897235254915,0.204149323219865,-0.8947684924954711,-0.17876543356501312,-0.09117372761496637,0.238503478802701,False,False
2025-03-18,2025,3,1,77,1.0,6.123233995736766e-17,0.969843196967294,0.24372971360968387,0,Winter_Spring,3,real_campus_measured,22013.1,28.4125,34.5,23.4,14.375,57.54166666666666,6193.0,6784.2,1505.0,0.0,0.48360149501390004,0.618761410604519,0.3204737458748382,-0.9669128425390997,-1.2344849548270462,1.194800491925453,1.2052041824558737,-0.5653357381892552,-0.5272693895221551,-1.322145053702799,-2.1364061123066107,0.4289027011836124,-0.013501853249721125,-0.03137093279466906,False,False
2025-03-19,2025,3,2,78,1.0,6.123233995736766e-17,0.9738922359149924,0.22701082094141847,0,Winter_Spring,3,real_campus_measured,21949.82,28.725,35.7,22.9,2.208333333333333,71.29166666666667,6103.0,6571.2,1507.0,0.0,0.5567190544478658,0.8960528809694719,0.21942097371337235,-1.289796911380294,-0.19761047801079445,1.1161372743267983,1.091333180422258,-0.5617389705420112,-0.5272693895221551,-1.0545815830708336,-1.944546964047845,0.33321561311968484,-0.7531033059163267,0.5069329449748445,False,False
2025-03-20,2025,3,3,79,1.0,6.123233995736766e-17,0.9776530844816641,0.2102247521189836,0,Winter_Spring,3,real_campus_measured,16215.9,27.570833333333336,34.0,22.9,45.375,75.04166666666667,5169.0,4661.1,1864.0,1.8,0.28667153493841924,0.5032232979524555,0.21942097371337235,-0.144221927409481,0.08517347021181935,0.29978788280298263,0.0701829410588317,0.08028405449103707,-0.33642855518294335,0.12483727921955935,-0.6766859434405096,-0.1796715367322868,-0.10932549486882273,0.2578929545891286,False,False
2025-03-21,2025,3,4,80,1.0,6.123233995736766e-17,0.981124629771712,0.19337647441020586,0,Winter_Spring,3,real_campus_measured,17233.420000000002,24.866666666666664,33.8,20.0,73.95833333333333,79.29166666666667,4894.0,4225.4,1742.0,43.0,-0.3460390793634995,0.4570080528916294,-0.36668510482312905,0.6143344808955168,0.405661944864115,0.05942805125153797,-0.16274473774889858,-0.13911877199084496,4.031706097470125,1.446670390041545,1.1711125204604378,3.184497282925975,-0.695198676526197,-1.6115935139666815,False,False
2025-03-22,2025,3,5,81,1.0,6.123233995736766e-17,0.984305844499033,0.17647097349152166,0,Winter_Spring,3,real_campus_measured,9620.48,21.929166666666664,25.5,18.8,70.16666666666667,87.08333333333333,2873.0,1039.5,2278.0,14.000000000000002,-1.033344138042778,-1.4609246171326236,-0.6092117580106469,0.5137096512224051,0.993224148393323,-1.7069982017138063,-1.8659448568986499,0.8248149574705383,0.9570482108939364,1.1337693624979959,3.2586843298028136,-0.2210488978850539,0.4614515535002383,-0.011686868355032087,True,False
2025-03-23,2025,3,6,82,1.0,6.123233995736766e-17,0.9871957872910085,0.15951325197263655,0,Winter_Spring,3,real_campus_measured,21102.34,23.77916666666667,30.0,18.2,36.458333333333336,75.5,5229.0,4479.6,1990.0,0.5,-0.6004881861936993,-0.42108160326405236,-0.7304750846044061,-0.38085614224515085,0.11973595277236068,0.35223002786875235,-0.026847983209249495,0.30688041626740703,-0.4742580466501518,-0.7193305877715421,0.32261829864115876,-0.6495855614671163,-0.14695746217625863,-0.32278469982685054,False,False
2025-03-24,2025,3,0,83,1.0,6.123233995736766e-17,0.9897936029670716,0.14250832791617088,0,Winter_Spring,3,real_campus_measured,23065.59,25.55,31.5,18.3,3.875,68.45833333333333,6124.0,6465.0,1621.0,0.0,-0.18615534940122674,-0.07446726530786195,-0.7102645301721127,-1.2455662170184867,-0.4112694611123256,1.1344920250998176,1.034558061098455,-0.356723214649105,-0.5272693895221551,-1.7916990501717416,-0.9806847358766034,-0.01500397599590486,-0.585861283081307,-0.2765198798739015,False,False
2025-03-25,2025,3,1,84,1.0,6.123233995736766e-17,0.992098522791769,0.12546123335273648,0,Winter_Spring,3,real_campus_measured,24296.16,27.0875,33.3,20.4,1.5416666666666667,62.91666666666666,6429.0,6912.5,1568.0,0.0,0.1735830430138844,0.3414699402395659,-0.28584288709395667,-1.307489189125017,-0.8291612957079664,1.4010729291841473,1.2737940864977186,-0.45203755730107015,-0.5272693895221551,-1.7291003542830974,-1.7777184570605442,0.2550809941669592,-0.4470472752453809,-0.2173732437101899,False,False
2025-03-26,2025,3,2,85,1.0,6.123233995736766e-17,0.9941098647022418,0.10837701279187609,0,Winter_Spring,3,real_campus_measured,23731.93,27.991666666666664,35.4,21.1,0.125,67.33333333333333,6450.0,7003.9,1538.0,0.0,0.38513651497615836,0.8267300133782328,-0.14436900606790398,-1.3450852793325534,-0.49610464557910977,1.4194276799571666,1.3226570422999366,-0.5059890720097296,-0.5272693895221551,-1.4694909335264916,-2.0685251753008385,0.33217367270998294,-0.6915797725411005,0.07369667720515137,False,False
2025-03-27,2025,3,3,86,1.0,6.123233995736766e-17,0.9958270335100595,0.09126072172931188,0,Winter_Spring,3,real_campus_measured,24197.57,28.9125,36.8,20.6,0.0,53.91666666666666,6658.0,7308.3,1527.0,0.0,0.6005895901082453,1.1502367288040103,-0.24542177822936978,-1.3484025814096892,-1.5078427714422395,1.6012271161851683,1.4853910001357713,-0.5257712940695715,-0.5272693895221551,-1.7783451020577592,-2.722723737245645,0.6408649359057536,0.03526667752354228,-0.21880016267166547,False,False
2025-03-28,2025,3,4,87,1.0,6.123233995736766e-17,0.9972495210773451,0.07411742515094437,0,Winter_Spring,3,real_campus_measured,23695.06,29.89583333333333,38.3,21.4,1.7083333333333333,53.083333333333336,6670.0,7301.7,1528.0,0.0,0.8306661771271229,1.4968510667602006,-0.08373734277102507,-1.3030661196888362,-1.5706836488250417,1.6117155451983225,1.481862602889659,-0.5239729102459495,-0.5272693895221551,-1.5737216734377362,-3.0461097754430124,0.7399683407528218,0.1260575957847358,-0.08802716770963696,False,False
2025-03-29,2025,3,5,88,1.0,6.123233995736766e-17,0.998376906467142,0.056952196034039754,0,Winter_Spring,3,real_campus_measured,12531.52,29.4375,36.5,23.0,15.458333333333334,61.79166666666666,6604.0,7187.8,1527.0,0.0,0.7234270899573074,1.0809138612127729,0.2396315281456658,-0.9381628912039248,-0.9139964801747505,1.5540291856259756,1.420971020112059,-0.5257712940695715,-0.5272693895221551,-1.1700697004748495,-2.595462325544387,0.42607685049381794,-0.3910967467833403,-0.07066351469478963,False,False
2025-03-30,2025,3,6,89,1.0,6.123233995736766e-17,0.9992088560679753,0.03977011384605572,0,Winter_Spring,3,real_campus_measured,11651.5,29.254166666666663,35.5,24.9,25.625,77.79166666666667,5865.0,5284.7,1903.0,0.0,0.68053145508938,0.8498376359086458,0.6236320623592356,-0.6683556555968994,0.29254836557506947,0.9081167655659117,0.4035630202520845,0.15042102361229442,-0.5272693895221551,0.1315953813993281,-1.5941749329740422,-0.18834763576789504,-0.6419260507846243,0.5225928239347465,False,False
2025-03-31,2025,3,0,90,1.0,6.123233995736766e-17,0.9997451236925734,0.022576263041545485,0,Winter_Spring,3,real_campus_measured,11972.3,29.3375,36.2,24.5,27.041666666666668,74.41666666666667,5902.0,5603.3,1874.0,0.0,0.700029470938438,1.0115909936215353,0.5427898446300632,-0.6307595653893631,0.03804281217471705,0.9404560883564697,0.5738883782234934,0.0982678927272569,-0.5272693895221551,-0.016611259340650112,-1.7931480626062606,-0.08484379711856474,-0.4898261910428273,0.40855061830381045,False,False
2025-04-01,2025,4,1,91,0.8660254037844387,-0.4999999999999998,0.9999855506507186,0.005375731557583884,0,Winter_Spring,3,real_campus_measured,19963.26,29.570833333333336,36.8,24.2,7.916666666666667,70.125,6305.0,6427.2,1649.0,0.0,0.7546239153158003,1.1502367288040103,0.4821581813331836,-1.1383067831911038,-0.2855877063467191,1.2926924960482231,1.0143499677798133,-0.3063684675876895,-0.5272693895221551,-0.6734028455171507,-2.313482455363536,0.2835670191400741,-0.6428550965231602,0.44271605122835195,False,False
2025-04-02,2025,4,2,92,0.8660254037844387,-0.4999999999999998,0.9999300657962057,-0.011826390691832589,0,Winter_Spring,3,real_campus_measured,16707.510000000002,28.629166666666663,35.6,24.0,39.833333333333336,73.83333333333333,6115.0,5985.8,1700.0,0.4,0.5342963362214485,0.8729452584390589,0.4417370724685974,-0.29128898616249077,-0.005945801993245814,1.1266257033399523,0.7783750368049868,-0.2146508925829683,-0.4848603152245524,-0.21877528302586116,-1.7158656426587888,-0.06797758941417813,-0.6249918849739455,0.07335714623775598,False,False
2025-04-03,2025,4,3,93,0.8660254037844387,-0.4999999999999998,0.9995786855478958,-0.029025013321975237,0,Winter_Spring,3,real_campus_measured,19467.71,29.445833333333336,35.7,23.2,63.25,67.5,5923.0,5076.7,2082.0,0.0,0.725376891542214,0.8960528809694719,0.28005263701025196,0.330152269620904,-0.4835364701025488,0.9588108391294891,0.2923650464352201,0.47233172804062956,-0.5272693895221551,0.36787859265878653,-1.6450518124454692,-0.3933478859080881,0.23098428948789507,-0.34163781587627357,False,False
2025-04-04,2025,4,4,94,0.8660254037844387,-0.4999999999999998,0.9989315138848577,-0.046215046983708354,0,Winter_Spring,3,real_campus_measured,10787.15,28.48333333333333,33.1,24.0,56.208333333333336,63.41666666666666,2713.0,802.4,2232.0,0.0,0.500174808485598,0.2952546951787415,0.4417370724685974,0.14327758594226753,-0.7914567692782846,-1.8468439218891923,-1.9926998549370083,0.7420893015839272,-0.5272693895221551,1.2341212518253584,0.7008037727479896,-0.38288563963897476,2.2868855457493944,1.3785264630995815,True,False
2025-04-05,2025,4,5,95,0.8660254037844387,-0.4999999999999998,0.9979887423155984,-0.06339140486951038,0,Winter_Spring,3,real_campus_measured,23336.870000000003,30.541666666666668,38.0,23.4,3.7083333333333335,53.833333333333336,6608.0,6979.5,1654.0,0.0,0.9817757999573202,1.4275281991689632,0.3204737458748382,-1.2499892864546673,-1.5141268591805188,1.5575253286303603,1.3096126646021893,-0.29737654846957956,-0.5272693895221551,-1.1668314363375347,-3.098000705265513,0.6485555925121745,0.16414446238772643,0.04095108879931246,False,False
2025-04-06,2025,4,6,96,0.8660254037844387,-0.4999999999999998,0.9967506498213929,-0.08054900421874167,0,Winter_Spring,3,real_campus_measured,19920.34,30.541666666666668,38.7,24.7,16.333333333333332,64.375,6059.0,5819.8,1824.0,0.0,0.9817757999573202,1.5892815568818528,0.5832109534946494,-0.9149417766639759,-0.7191897602880603,1.0776797012785673,0.6896305000088354,0.00834870154615771,-0.5272693895221551,-0.24791354360266393,-2.5596240492206643,0.32535342488249513,0.041424374294972026,0.48281284218175885,False,False
2025-04-07,2025,4,0,97,0.8660254037844387,-0.4999999999999998,0.9952176027737294,-0.09768276782171598,0,Winter_Spring,3,real_campus_measured,23158.33,28.7375,35.2,24.0,24.25,74.875,5821.0,5476.6,1912.0,0.6,0.5596437568252243,0.7805147683174084,0.4417370724685974,-0.7048459784453905,0.07260529473525838,0.8696591925176805,0.5061538432110092,0.16660647802489228,-0.4636557780757512,-0.08669243952368427,-1.5304026701539495,-0.10644302012410072,-0.49835940956139546,0.3514305749123658,False,False
2025-04-08,2025,4,1,98,0.8660254037844387,-0.4999999999999998,0.9933900548258936,-0.11478762552212701,0,Winter_Spring,3,real_campus_measured,21513.31,28.679166666666664,34.3,23.6,20.291666666666668,71.875,5828.0,5315.1,1947.0,1.9,0.5459951457308831,0.5725461655436929,0.36089485473942506,-0.8098938775546832,-0.15362186384283266,0.8757774427753536,0.4198150318099342,0.22954991185166174,-0.3258262866085427,-0.1751495844572758,-1.4317864269838823,0.012752334935372752,-0.3335420290277942,0.22987275127034462,False,False
2025-04-09,2025,4,2,99,0.8660254037844387,-0.4999999999999998,0.9912685467787256,-0.13185851571739118,0,Winter_Spring,3,real_campus_measured,24750.84,28.7125,34.2,23.3,6.708333333333333,68.25,6377.0,6428.1,1767.0,0.0,0.5537943520705065,0.5494385430132814,0.30026319144254543,-1.1703740366034139,-0.42697968045802603,1.3556230701271468,1.0148311128588288,-0.09415917640029538,-0.5272693895221551,-0.8928973273971194,-1.9848966062806375,0.0978973948324153,-0.5928837476869135,0.10334393035246274,False,False
2025-04-10,2025,4,3,100,0.8660254037844387,-0.4999999999999998,0.9888537064205885,-0.1488903868564548,0,Winter_Spring,3,real_campus_measured,19465.9,27.52083333333333,33.0,22.6,49.25,75.20833333333333,5869.0,5457.8,1957.0,6.1,0.2749727254289829,0.2721470726483285,0.15878931041649344,-0.04138556301827868,0.09774164568837924,0.9116129085702963,0.49610325711602327,0.24753375008788156,0.11946899351628469,0.11374101875753902,-0.8801551497791589,0.03371062320898557,-0.5539866025260177,-0.462776701534734,False,False
2025-04-11,2025,4,4,101,0.8660254037844387,-0.4999999999999998,0.986146248341595,-0.16587819893463143,0,Winter_Spring,3,real_campus_measured,23693.67,27.683333333333334,33.0,22.9,50.04166666666666,75.04166666666667,5380.0,4164.3,2273.0,0.1,0.31299385633464627,0.2721470726483285,0.21942097371337235,-0.020375983196420384,0.08517347021181935,0.4842094262842729,-0.19540914255760222,0.8158230383524284,-0.5166671209477545,0.4908086107390717,-0.6744399941889473,-0.6982921540049698,0.05793361982490253,-0.02806421907666914,False,False
2025-04-12,2025,4,5,102,0.8660254037844387,-0.4999999999999998,0.9831469737221499,-0.1828169249850199,0,Winter_Spring,3,real_campus_measured,22172.0,29.45,36.3,24.0,55.25,72.20833333333333,6125.0,5625.9,1954.0,0.1,0.726351792334666,1.0346986161519467,0.4417370724685974,0.11784493668422817,-0.1284855128897118,1.135366060850914,0.5859704657632101,0.24213859861701562,-0.5166671209477545,0.263971649075655,-1.8432101727090655,-0.29347107364720704,-0.2930187334897239,-0.1634532117087894,False,True
2025-04-13,2025,4,6,103,0.8660254037844387,-0.4999999999999998,0.9798567700958665,-0.1997015525660636,0,Winter_Spring,3,real_campus_measured,20650.33,28.46666666666667,34.3,24.8,47.208333333333336,69.83333333333333,5805.0,4789.7,2177.0,3.3000000000000003,0.49627520531578756,0.5725461655436929,0.6034215079269428,-0.09556816361149274,-0.3075820134307005,0.8556746205001419,0.13893322679368122,0.643178191284718,-0.17739452656693352,0.49038210736767857,-1.3258369785852295,-0.16718005692968935,0.022967888133022814,-0.20135175567516886,False,False
2025-04-14,2025,4,0,104,0.8660254037844387,-0.4999999999999998,0.9762766110869321,-0.21652708524481437,0,Winter_Spring,3,real_campus_measured,18538.09,28.45833333333333,34.6,23.0,50.5,66.91666666666667,5689.0,4242.6,2444.0,2.8,0.49432540373088024,0.6418690331349319,0.2396315281456658,-0.008212542246923082,-0.5275250842705106,0.754286473372987,-0.15354952068327288,1.1233466721917877,-0.23040586943893684,0.6281015925299245,-1.2239342431654483,-0.36638394157232024,0.49229311681243687,-0.39940588415770817,False,False
2025-04-15,2025,4,1,105,0.8660254037844387,-0.4999999999999998,0.9724075561219968,-0.23328854407545518,0,Winter_Spring,3,real_campus_measured,20452.76,28.266666666666666,33.5,22.9,42.583333333333336,68.45833333333333,6083.0,5339.8,1986.0,0.1,0.4494799672780488,0.3876851853003919,0.21942097371337235,-0.21830834046550845,-0.4112694611123256,1.0986565593048752,0.43301979120068673,0.2996868809729191,-0.5166671209477545,-0.17888682551394708,-1.4214529226774326,-0.3354107548201334,-0.10916319266644504,-0.2951095695153038,False,False
2025-04-16,2025,4,2,106,0.8660254037844387,-0.4999999999999998,0.9682507501166718,-0.2499809690726521,0,Winter_Spring,3,real_campus_measured,20491.32,29.429166666666664,35.7,23.9,13.0,66.16666666666667,6222.0,5789.7,1892.0,0.4,0.721477288372401,0.8960528809694719,0.421526518036304,-1.0034031653875908,-0.5840818739150333,1.2201475287072416,0.6735388701439908,0.1306388015524526,-0.4848603152245524,-0.4581517020102357,-2.1123336979752634,0.12708218288930184,-0.19510368867466069,0.1954057035602115,False,False
2025-04-17,2025,4,3,107,0.8660254037844387,-0.4999999999999998,0.9638074231367307,-0.26659942067929354,0,Winter_Spring,3,real_campus_measured,18343.51,28.70833333333333,36.7,25.2,31.5,72.16666666666667,5666.0,4913.3,1986.0,5.6,0.5528194512780529,1.1271291062735989,0.6842637256561152,-0.5124424579715281,-0.13162755675885124,0.7341836510977754,0.2050104843117797,0.2996868809729191,0.06645765064428143,0.4344515054757058,-1.5233156514912882,0.35481903860556624,-0.17688184596291837,0.2606599641621879,False,False
2025-04-18,2025,4,4,108,0.8660254037844387,-0.4999999999999998,0.9590788900341131,-0.28313898122818354,0,Winter_Spring,3,real_campus_measured,15824.43,27.579166666666666,36.5,23.9,19.83333333333333,80.08333333333333,5829.0,5210.3,1788.0,15.3,0.28862133652332406,1.0809138612127729,0.421526518036304,-0.8220573185041804,0.4653607783777772,0.8766514785264499,0.36378836038682166,-0.05639311610423371,1.094877702361145,0.3837295293212465,-1.0491942620977328,1.2307498633666192,-0.9946374773210477,0.06840948258470203,False,False
2025-04-19,2025,4,5,109,0.8660254037844387,-0.4999999999999998,0.9540665500578387,-0.2995947563972602,0,Winter_Spring,3,real_campus_measured,20258.93,29.258333333333336,34.5,23.8,26.125,75.70833333333333,5774.0,4429.2,2242.0,0.1,0.6815063558818345,0.618761410604519,0.4013159636040112,-0.6550864472883572,0.1354461721180611,0.8285795122161609,-0.05379210763410539,0.760073139820147,-0.5166671209477545,0.39684533126160265,-1.3333802879574779,-0.4393233843184024,-0.22153529639798927,0.32965752918033636,False,False
2025-04-20,2025,4,6,110,0.8660254037844387,-0.4999999999999998,0.9487718864399473,-0.31596187665790293,0,Winter_Spring,3,real_campus_measured,20128.66,31.291666666666668,38.6,26.0,13.708333333333334,74.16666666666667,6421.0,5943.8,1827.0,0.0,1.157257942598838,1.5661739343514398,0.8459481611144607,-0.9846051202838226,0.019190548959876128,1.394080643175378,0.7559215997842738,0.013743853017023662,-0.5272693895221551,0.06723138593878099,-2.668745707231698,0.17561274544663713,-0.7174887619648751,0.6557106866351123,False,False
2025-04-21,2025,4,0,111,0.8660254037844387,-0.4999999999999998,0.9431964659565866,-0.33223549871590435,0,Winter_Spring,3,real_campus_measured,22185.29,31.95,39.8,26.8,11.333333333333334,74.91666666666667,6629.0,6502.3,1754.0,0.1,1.3112922678063923,1.843465404716391,1.0076325965728061,-1.0476338597493984,0.07574733860439889,1.5758800794033798,1.0544988515954217,-0.11753816610738116,-0.5166671209477545,0.0483239864492486,-3.0755432203527038,0.31289703471369934,-0.9491061041698217,0.7154254741062716,False,False
2025-04-22,2025,4,1,112,0.8660254037844387,-0.4999999999999998,0.9373419384643772,-0.3484108069446808,0,Winter_Spring,3,real_campus_measured,22205.44,32.170833333333334,39.7,26.6,3.9166666666666665,72.54166666666667,6691.0,6633.8,1728.0,0.3,1.362962009806395,1.8203577821859798,0.9672114877082199,-1.2444604496594416,-0.10334916193658986,1.6300702959713418,1.1247994936959873,-0.16429614552155275,-0.49546258379895314,-0.1373092006703291,-3.1946565762726267,0.4359210658326993,-0.8902652107754663,0.7262879343783007,False,False
2025-04-23,2025,4,2,113,0.8660254037844387,-0.4999999999999998,0.9312100364121947,-0.3644830148102912,0,Winter_Spring,3,real_campus_measured,23400.39,32.983333333333334,41.2,26.4,0.5833333333333334,61.41666666666666,7121.0,7326.4,1712.0,0.0,1.553067664334706,2.1669721201421703,0.926790378843633,-1.3329218383830563,-0.9422748749970119,2.0059056689426917,1.4950673622804116,-0.1930702866995045,-0.5272693895221551,-0.5111880561964641,-3.9985768000859387,0.702945480228588,-0.4627646529607077,0.4033920077409667,False,False
2025-04-24,2025,4,3,114,0.8660254037844387,-0.4999999999999998,0.9248025743285089,-0.38044736628785164,0,Winter_Spring,3,real_campus_measured,22331.58,32.4,39.6,26.0,5.541666666666667,69.625,6691.0,6582.5,1748.0,0.0,1.4165815533913029,1.7972501596555666,0.8459481611144607,-1.2013355226566793,-0.32329223277640096,1.6300702959713418,1.0973742241921165,-0.12832846904911308,-0.5272693895221551,-0.20843655387529084,-3.2317154040807163,0.42964990286007465,-0.6787535928706004,0.6295420650091311,False,False
2025-04-25,2025,4,4,115,0.8660254037844387,-0.4999999999999998,0.9181214482844364,-0.39629913726891813,0,Winter_Spring,3,real_campus_measured,21348.02,32.25416666666667,39.5,26.7,5.166666666666667,69.33333333333333,6620.0,6397.5,1791.0,0.2,1.3824600256554531,1.7741425371251536,0.9874220421405127,-1.211287428888086,-0.3452865398603824,1.5680137576435142,0.9984721801723091,-0.05099796463336776,-0.5060648523733537,-0.09540963020058153,-3.192263805111589,0.4247611518767806,-0.6115239926346974,0.6794206885221129,False,False
2025-04-26,2025,4,5,116,0.8660254037844387,-0.4999999999999998,0.9111686353326631,-0.41203363695942635,0,Winter_Spring,3,real_campus_measured,21906.67,31.20833333333333,38.4,26.5,19.375,70.04166666666667,6574.0,6352.6,1845.0,4.800000000000001,1.137759926749779,1.5199586892906136,0.9470009332759265,-0.8342207594536774,-0.2918717940849991,1.5278081130930907,0.9744683867858804,0.046114761842219375,-0.018360497950923683,0.14160315057876077,-2.7581789434498756,0.6154866260044279,-0.6672336246519872,0.21253437670197628,False,False
2025-04-27,2025,4,6,117,0.8660254037844387,-0.4999999999999998,0.9039461929224011,-0.42764620926777464,0,Winter_Spring,3,real_campus_measured,11810.2,29.27083333333333,32.8,26.0,72.75,68.95833333333333,2446.0,431.4,2179.0,0.0,0.6844310582591913,0.22593182758750244,0.8459481611144607,0.5822672274832065,-0.3735649346826438,-2.0802114674318677,-2.1910385486199733,0.646774958931962,-0.5272693895221551,1.807504727173658,0.9234741531180385,-0.519045167969579,2.117037500330618,1.6125149729375345,True,False
2025-04-28,2025,4,0,118,0.8660254037844387,-0.4999999999999998,0.8964562582905575,-0.44313223418263453,0,Winter_Spring,3,real_campus_measured,15184.98,27.925,32.2,22.8,39.583333333333336,71.83333333333333,5698.0,4656.2,2374.0,1.1,0.36953810229691325,0.08728609240502758,0.19921041928107963,-0.29792359031676185,-0.15676390771197318,0.7621527951328525,0.0675633734064149,0.9974598045382489,-0.4106444352037479,0.27009418094821,-0.9270237241356089,-0.5893179881175509,0.0014232049589114869,-0.2749971763876613,True,False
2025-04-29,2025,4,1,119,0.8660254037844387,-0.4999999999999998,0.8887010478292915,-0.45848712914008766,0,Winter_Spring,3,real_campus_measured,22117.0,26.041666666666668,33.3,22.5,17.791666666666668,79.125,6169.0,5471.5,2000.0,12.6,-0.07111705589178713,0.3414699402395659,0.1385787559842,-0.8762399190973945,0.393093769387554,1.173823633899145,0.5034273544299225,0.3248642545036269,0.8086164508523271,-0.024276186323207303,-0.7870293706892499,0.6743726986474322,-1.0855940083348123,-0.44208075150195486,False,False
2025-04-30,2025,4,2,120,0.8660254037844387,-0.4999999999999998,0.8806828564301475,-0.47370635037968,0,Winter_Spring,3,real_campus_measured,22824.51,26.275,31.5,23.2,29.916666666666668,82.75,4988.0,3438.2,2547.0,2.8000000000000003,-0.016522611514426615,-0.07446726530786195,0.28005263701025196,-0.5544616176152452,0.6664515860027473,0.14158741185457724,-0.5835863001942623,1.3085802060248521,-0.2304058694389368,0.7718715701230685,0.022024540209707216,-0.7218552870193565,-0.22345605393918683,0.2609031836001279,False,False
2025-05-01,2025,5,3,121,0.49999999999999994,-0.8660254037844387,0.8724040568049612,-0.48878539428899265,0,Shoulder,2,real_campus_measured,18077.98,25.5,33.0,20.5,38.583333333333336,81.83333333333333,6047.0,5050.3,2098.0,10.1,-0.19785415891066144,0.2721470726483285,-0.26563233266166325,-0.32446200693384636,0.5973266208816637,1.0671912722654133,0.2782514574507721,0.5011058692185812,0.5435597364923108,0.13557486177770173,-0.4057478665565472,0.156798572376466,-0.9485431045729071,-0.6773271856209416,False,False
2025-05-02,2025,5,4,122,0.49999999999999994,-0.8660254037844387,0.8638670987837349,-0.503719798736334,0,Shoulder,2,real_campus_measured,24619.6,27.6125,32.7,20.8,2.4166666666666665,71.625,6825.0,6552.2,1891.0,0.0,0.29642054286294744,0.20282420505709103,-0.20500066936478362,-1.2842680745850683,-0.1724741270576736,1.7471910866182276,1.081175673198602,0.12884041772883062,-0.5272693895221551,-1.1703902240716169,-1.7559257988041108,-0.15922853743298834,-0.9434989029443228,-0.3256836453456117,True,False
2025-05-03,2025,5,5,123,0.49999999999999994,-0.8660254037844387,0.8550745085896932,-0.518505144391157,0,Shoulder,2,real_campus_measured,21993.64,28.10833333333333,34.7,23.8,28.375,74.125,6342.0,5710.299999999999,2011.0,7.1,0.41243373716483905,0.6649766556653449,0.4013159636040112,-0.5953750098999171,0.016048505090735618,1.325031818838781,0.631091182061976,0.3446464765634687,0.2254916792602912,0.06923448085878255,-1.5339825391192894,0.31465214418892634,-0.7369135157928381,-0.3270366982769161,False,False
2025-05-04,2025,5,6,124,0.49999999999999994,-0.8660254037844387,0.8460288880917339,-0.533137056031809,0,Shoulder,2,real_campus_measured,24534.96,28.204166666666666,33.0,24.2,41.208333333333336,75.33333333333333,6497.0,5904.0,2000.0,1.4,0.4348564553912556,0.2721470726483285,0.4821581813331836,-0.2547986633139996,0.10716777729579971,1.4605073602586862,0.7346442951789314,0.3248642545036269,-0.37883762948054595,-0.034903538222024286,-1.5345954839767602,-0.363866978231659,-0.8301418423249609,-0.3989026206140999,True,False
2025-05-05,2025,5,0,125,0.49999999999999994,-0.8660254037844387,0.8367329140344921,-0.5476112038402312,0,Shoulder,2,real_campus_measured,22502.370000000003,29.85,35.0,24.5,35.958333333333336,70.16666666666667,6473.0,5914.9,1932.0,0.0,0.8199422684101426,0.7342995232565823,0.5427898446300632,-0.3941253505536931,-0.2824456624775786,1.4395305022323783,0.7404714966914495,0.20257415449733196,-0.5272693895221551,-0.08027856023477453,-2.080568456616657,-0.18635034634833159,-0.4682444162989101,-0.12657270962093642,False,False
2025-05-06,2025,5,1,126,0.49999999999999994,-0.8660254037844387,0.8271893372462497,-0.5619233046832195,0,Shoulder,2,real_campus_measured,19878.01,28.929166666666664,34.7,25.0,24.541666666666668,75.16666666666667,6304.0,5619.1,2095.0,1.4,0.6044891932780557,0.6649766556653449,0.643842616791529,-0.6971056069320742,0.0945996018192398,1.291818460297127,0.5823351473884283,0.49571071774771536,-0.37883762948054595,0.11095685940206403,-1.7883229597453818,-0.20341992659026997,-0.6919666564406085,0.04856777716471415,False,False
2025-05-07,2025,5,2,127,0.49999999999999994,-0.8660254037844387,0.8174009818249189,-0.5760691233798758,0,Shoulder,2,real_campus_measured,18464.46,30.52083333333333,36.3,25.2,62.625,72.70833333333333,6391.0,5486.4,2185.0,0.0,0.9769012959950544,1.0346986161519467,0.6842637256561152,0.31356575923522617,-0.09078098646002995,1.367859570642493,0.5113929785158419,0.6575652618736939,-0.5272693895221551,0.7252666563241645,-2.106754962621041,-0.49647791939934505,-0.3004244209699662,-0.33247508415365534,False,False
2025-05-08,2025,5,3,128,0.49999999999999994,-0.8660254037844387,0.8073707443023492,-0.5900444739548627,0,Shoulder,2,real_campus_measured,18144.24,31.633333333333336,37.8,26.3,53.708333333333336,64.95833333333333,6398.0,5403.7,2342.0,0.0,1.2371998075799744,1.3813129541081373,0.9065798244113402,0.07693154439955634,-0.6752011461200985,1.3739778209001663,0.46718109181077133,0.9399115221823454,-0.5272693895221551,0.8218167250587078,-2.6605263456016917,-0.3051509281289614,0.22067660800235347,-0.2485087739075694,False,False
2025-05-09,2025,5,4,129,0.49999999999999994,-0.8660254037844387,0.7971015927871943,-0.6038452208771035,0,Shoulder,2,real_campus_measured,18875.0,31.77916666666667,38.2,26.2,14.416666666666666,58.708333333333336,6665.0,6133.599999999999,1967.0,0.0,1.2713213353158248,1.4737434442297892,0.8863692699790469,-0.9658070751800546,-1.146507726491121,1.6073453664428416,0.8573897508921622,0.2655175883241014,-0.5272693895221551,-0.1928190767035727,-3.179008775924729,0.32575494572321734,0.11593957892084437,0.1607115380335039,False,False
2025-05-10,2025,5,5,130,0.49999999999999994,-0.8660254037844387,0.7865965660866021,-0.6174672802835514,0,Shoulder,2,real_campus_measured,19190.22,32.24166666666667,37.7,26.4,7.041666666666667,58.54166666666666,6596.0,6089.9,2001.0,0.0,1.3795353232780938,1.3582053315777258,0.926790378843633,-1.1615278977310526,-1.1590759019676824,1.5470368996172064,0.8340274842777538,0.32666263832724884,-0.5272693895221551,-0.20966428941940982,-3.1762096657478347,0.35244112620555124,0.12260895381327484,0.28579610255157073,False,False
2025-05-11,2025,5,6,131,0.49999999999999994,-0.8660254037844387,0.7758587728069828,-0.6309066211876704,0,Shoulder,2,real_campus_measured,18241.64,32.8875,38.5,27.5,13.833333333333334,55.458333333333336,6775.0,6341.4,1962.0,0.2,1.5306449461082905,1.5430663118210266,1.149106477598858,-0.9812878182066871,-1.391587148284053,1.7034892990634194,0.9684808035803566,0.2565256692059915,-0.5060648523733537,-0.11678545426466784,-3.5408666336042987,0.45677139487643925,0.21421672274771086,0.1814385055215858,False,False
2025-05-12,2025,5,0,132,0.49999999999999994,-0.8660254037844387,0.7648913904341225,-0.6441592666722685,0,Shoulder,2,real_campus_measured,17828.0,32.391666666666666,37.8,28.1,12.916666666666666,63.333333333333336,6366.0,5597.1,2193.0,0.5,1.414631751806397,1.3813129541081373,1.2703698041926172,-1.0056147001056812,-0.7977408570165639,1.346008676865089,0.5705738232347215,0.6719523324626697,-0.4742580466501518,0.4011464207865451,-3.002371232903615,0.17923996426569644,0.051468281813194204,0.4525377612436712,False,False
2025-05-13,2025,5,1,133,0.49999999999999994,-0.8660254037844387,0.753697664392914,-0.6572212950663319,0,Shoulder,2,real_campus_measured,18876.75,31.1875,37.0,27.8,22.0,72.20833333333333,6424.0,5704.6,2041.0,3.0,1.1328854227875158,1.1964519738648363,1.2097381408957377,-0.7645574158338306,-0.1284855128897118,1.3967027504286664,0.6280439298948798,0.3985979912721282,-0.20920133229013552,0.49914183958387215,-2.5114238236020405,0.21638783784533383,-0.5931834742282864,0.3376468880282633,False,False
2025-05-14,2025,5,2,134,0.49999999999999994,-0.8660254037844387,0.742280907086982,-0.6700888411055113,0,Shoulder,2,real_campus_measured,19287.52,32.00833333333333,37.6,27.8,10.333333333333334,72.95833333333333,6687.0,6124.3,1983.0,0.0,1.3249408789007326,1.3350977090473128,1.2097381408957377,-1.0741722763664827,-0.07192872324518904,1.626574152966957,0.8524179184090046,0.2942917295020531,-0.5272693895221551,0.23159970450026585,-2.9351629777717907,0.09340368274192849,-0.7989298718551026,0.5546905413967385,False,False
2025-05-15,2025,5,3,135,0.49999999999999994,-0.8660254037844387,0.7306444969184916,-0.6827580970759147,0,Shoulder,2,real_campus_measured,16810.53,31.65416666666667,36.9,28.3,63.458333333333336,75.45833333333333,6162.0,5091.1,2234.0,1.9,1.2420743115422386,1.1733443513344233,1.3107909130572035,0.33568110641612997,0.11659390890322018,1.167705383641472,0.30006336769946484,0.7456860692311711,-0.3258262866085427,1.3587226724655788,-2.183059511182717,-0.3233765891958955,-0.36021304587278974,0.03875752294579292,False,False
2025-05-16,2025,5,4,136,0.49999999999999994,-0.8660254037844387,0.7187918772884232,-0.6952253139408722,0,Shoulder,2,real_campus_measured,17523.59,31.391666666666666,37.4,27.5,27.166666666666668,73.125,6461.0,5614.2,2088.0,1.1,1.1806555616177066,1.2888824639864866,1.149106477598858,-0.6274422633122274,-0.059360547768628064,1.4290420732192244,0.5797155797360115,0.48312203098236145,-0.4106444352037479,0.5753214883368852,-2.5749321212597076,-0.017805418036675194,-0.5591267887406528,0.34094172068977757,False,False
2025-05-17,2025,5,5,137,0.49999999999999994,-0.8660254037844387,0.7067265555776158,-0.7074868024503348,0,Shoulder,2,real_campus_measured,18245.64,30.991666666666664,36.3,27.5,50.0,74.70833333333333,6464.0,5541.3,2113.0,0.9,1.08706508554223,1.0346986161519467,1.149106477598858,-0.02148175055546532,0.06003711925869741,1.431664180472513,0.5407428283357741,0.528081626572911,-0.43184897235254915,0.8162953946597292,-2.2895896498808166,-0.29237553281824774,-0.5817844010047797,0.0022050762581657785,False,False
2025-05-18,2025,5,6,138,0.49999999999999994,-0.8660254037844387,0.6944521021088763,-0.719538934232584,0,Shoulder,2,real_campus_measured,12404.81,29.991666666666664,34.0,27.1,64.66666666666667,75.625,5106.0,3442.6,2471.0,0.4,0.8530888953535394,0.5032232979524555,1.0682642598696857,0.36774835982844045,0.12916208437978113,0.2447236304839244,-0.5812340353635208,1.1719030354295812,-0.4848603152245524,1.5538524193639125,-0.9513887621426925,-0.7673091893752426,0.32460289940492515,0.3118398514265282,False,False
2025-05-19,2025,5,0,139,0.49999999999999994,-0.8660254037844387,0.6819721490904629,-0.7313781428679254,0,Shoulder,2,real_campus_measured,17001.71,30.566666666666663,34.3,27.4,43.41666666666666,74.16666666666667,6093.0,5091.5,2264.0,0.1,0.9876252047120363,0.5725461655436929,1.1288959231665645,-0.19619299328460502,0.019190548959876128,1.1073969168158366,0.3002772099568048,0.7996375839398306,-0.5166671209477545,0.8077754371261103,-1.8572839404557675,-0.490170669292077,-0.37032886354230654,0.11487881409264114,False,False
2025-05-20,2025,5,1,140,0.49999999999999994,-0.8660254037844387,0.6692903895412567,-0.7430009249440493,0,Shoulder,2,real_campus_measured,18033.5,30.17083333333333,34.6,25.9,70.54166666666667,77.58333333333333,6084.0,5059.9,2283.0,5.1,0.8950096294290132,0.6418690331349319,0.8257376066821672,0.5236615574538117,0.276838146229368,1.0995305950559713,0.2833836716269348,0.8338068765886483,0.013446307772278161,1.2324503479164035,-1.4677776790128305,-0.30948795084453756,-0.49392091087752954,-0.4508154415255232,False,False
2025-05-21,2025,5,2,141,0.49999999999999994,-0.8660254037844387,0.6564105761979381,-0.7544038410927472,0,Shoulder,2,real_campus_measured,18800.81,30.179166666666664,36.4,24.9,75.41666666666667,76.45833333333333,6177.0,5177.8,2143.0,21.6,0.8969594310139188,1.0578062386823597,0.6236320623592356,0.6530363384620985,0.19200296176258386,1.1808159199079142,0.34641367697793657,0.5820331412815706,1.7628206225483858,1.6568588450054396,-1.264380222637829,1.2929616113593816,-0.6733404759612035,-1.0817707694831913,False,False
2025-05-22,2025,5,3,142,0.49999999999999994,-0.8660254037844387,0.6433365204044917,-0.765583517007675,0,Shoulder,2,real_campus_measured,16282.169999999998,28.541666666666668,32.0,25.5,99.70833333333331,82.375,3728.0,1888.6,2503.0,0.1,0.5138234195799392,0.04107084734420152,0.7448953889529948,1.2976987087854417,0.638173191180486,-0.9596976345265874,-1.412011205129902,1.2294513177854847,-0.5166671209477545,2.1793685355883192,0.6410148778033964,-1.2397188190789301,0.7869163819311633,0.49574416421517375,False,False
2025-05-23,2025,5,4,143,0.49999999999999994,-0.8660254037844387,0.6300720909843687,-0.7765366444428655,0,Shoulder,2,real_campus_measured,13163.53,28.641666666666666,33.1,25.2,82.375,81.91666666666667,5351.0,3582.7,2612.0,0.2,0.5372210385988078,0.2952546951787415,0.6842637256561152,0.8376994874226446,0.6036107086199447,0.4588623895024842,-0.5063357847301425,1.425475154560281,-0.5060648523733537,1.6609898404026848,-0.5729691750817985,-1.2066357837991817,-0.04296423906305187,-0.2206154264533782,False,False
2025-05-24,2025,5,5,144,0.49999999999999994,-0.8660254037844387,0.6166212130956382,-0.7872599821916922,0,Shoulder,2,real_campus_measured,12656.169999999998,28.241666666666664,32.8,25.0,99.95833333333331,85.25,5327.0,3079.8,2917.0,7.4,0.443630562523331,0.22593182758750244,0.643842616791529,1.3043333129397128,0.8549742181511566,0.4378855314761763,-0.775188962771013,1.9739822207649862,0.2572984849834932,2.4487205418182176,-0.13186675873518183,-0.97880805407644,-0.0905141546860193,-0.7842972998288128,False,False
2025-05-25,2025,5,6,145,0.49999999999999994,-0.8660254037844387,0.6029878670694714,-0.7977503570459932,0,Shoulder,2,real_campus_measured,11961.11,27.875,32.0,25.1,99.33333333333331,87.16666666666667,4080.0,2247.6,2587.0,22.1,0.35783929278747856,0.04107084734420152,0.6640531712238225,1.2877468025540348,0.999508236131604,-0.6520370501407382,-1.2200877791671407,1.3805155589697313,1.8158319654203892,2.897121895803278,1.1297424610509736,0.5369666144182946,0.014180295526034508,-0.5038996273835168,False,False
2025-05-26,2025,5,0,146,0.49999999999999994,-0.8660254037844387,0.5891760872322963,-0.8080046647350754,0,Shoulder,2,real_campus_measured,12943.74,27.804166666666664,32.3,25.5,100.0,88.375,4321.0,1858.0,2824.0,9.2,0.3412659793157789,0.11039371493543895,0.7448953889529948,1.3054390802987583,1.090627508336668,-0.4413944341265631,-1.4283701378164215,1.8067325251681416,0.4481393193227049,2.79862595671298,0.7180938899774125,-0.7999251492989891,0.21110377874637062,-0.17042667242716353,False,False
2025-05-27,2025,5,1,147,0.49999999999999994,-0.8660254037844387,0.5751899607119775,-0.8180198708443174,0,Shoulder,2,real_campus_measured,11972.9,27.52083333333333,30.3,25.8,97.5,90.16666666666669,3324.0,1224.4,2439.0,14.5,0.2749727254289829,-0.3517587356728141,0.8055270522498744,1.2390930387560473,1.225735394709696,-1.312808077969437,-1.7670962734431777,1.1143547530736777,1.0100595537659396,2.790366746648357,1.7248974164085906,-0.12918095354157516,0.27798977101875,0.33211126032671073,False,False
2025-05-28,2025,5,2,148,0.49999999999999994,-0.8660254037844387,0.5610336262283677,-0.8277930117131022,0,Shoulder,2,real_campus_measured,15266.52,28.204166666666666,32.8,25.8,99.25,85.625,4084.0,1943.2,2567.0,14.7,0.4348564553912556,0.22593182758750244,0.8055270522498744,1.285535267835945,0.883252612973418,-0.6485409071363536,-1.3828217370029752,1.3445478824972918,1.0312640909147408,2.7796190552394506,0.8095824281782035,-0.03985452890241363,0.2835901694903373,-0.11783863858260364,False,False
2025-05-29,2025,5,3,149,0.49999999999999994,-0.8660254037844387,0.5467112728685939,-0.8373211953118121,0,Shoulder,2,real_campus_measured,9946.97,28.120833333333334,31.6,25.9,99.875,80.70833333333333,4790.0,2547.3,2802.0,4.3,0.41535843954219837,-0.05135964277744893,0.8257376066821672,1.3021217782216228,0.5124914364148795,-0.03147166686246292,-1.059866467855053,1.767168081048458,-0.07137184082292704,2.3033239633073848,0.13868374492869243,-1.123630664728738,0.4140920817175725,-0.40983850436065955,True,False
2025-05-30,2025,5,4,150,0.49999999999999994,-0.8660254037844387,0.5322271388474397,-0.8466016020976267,0,Shoulder,2,real_campus_measured,16172.75,29.78333333333333,34.3,26.0,99.95833333333331,80.79166666666667,5252.0,3321.2,2720.0,3.1,0.8043438557308958,0.5725461655436929,0.8459481611144607,1.3043333129397128,0.5187755241531605,0.3723328501439641,-0.6461351604662484,1.6197006075114553,-0.19859906371573485,2.269357633842315,-0.679317572739188,-1.0289093488868521,0.19170535242797773,-0.38951093203371456,False,False
2025-05-31,2025,5,5,151,0.49999999999999994,-0.8660254037844387,0.5175855102531889,-0.8556314858488706,0,Shoulder,2,real_campus_measured,18897.73,29.575,34.0,26.6,100.0,83.95833333333333,4516.0,2119.2,2661.0,11.2,0.7555988161082522,0.5032232979524555,0.9672114877082199,1.3054390802987583,0.7575708582078114,-0.2709574626628114,-1.2887311437733207,1.5135959619177581,0.660184690810718,2.866850839403496,0.1447456760584373,-0.3215193501254664,0.3215004674752941,-0.1064141854915527,False,False
2025-06-01,2025,6,6,152,1.2246467991473532e-16,-1.0,0.5027907197793043,-0.8644081744776648,1,Monsoon,1,real_campus_measured,15324.5,30.916666666666668,35.0,26.8,100.0,75.16666666666667,5622.0,3451.7000000000003,2618.0,3.3,1.0695168712780792,0.7342995232565823,1.0076325965728061,1.3054390802987583,0.0945996018192398,0.6957260780495442,-0.5763691240090328,1.4362654575020128,-0.17739452656693358,2.198935805310538,-1.1977658622288707,-0.8110533018689288,0.36001985046818724,-0.4747071435470103,False,False
2025-06-02,2025,6,0,153,1.2246467991473532e-16,-1.0,0.4878471454423119,-0.8729290708206411,1,Monsoon,1,real_campus_measured,18355.61,31.454166666666666,37.0,27.5,88.33333333333333,60.16666666666666,6413.0,5494.1,2260.0,0.0,1.1952790735044998,1.1964519738648363,1.149106477598858,0.9958242197661061,-1.0365361910712165,1.3870883571666086,0.5155094419696397,0.7924440486453427,-0.5272693895221551,1.0643485835533015,-2.601311843769576,-0.43093464855416835,0.5344712623793373,-0.7444166468774811,False,False
2025-06-03,2025,6,1,154,1.2246467991473532e-16,-1.0,0.47275920928627757,-0.881191653407483,1,Monsoon,1,real_campus_measured,17334.78,30.75833333333333,35.5,26.4,35.208333333333336,66.45833333333333,6213.0,5326.4,2122.0,0.0,1.0324706411648685,0.8498376359086458,0.926790378843633,-0.41402916301650644,-0.562087566831053,1.212281206947376,0.4258560755797923,0.5442670809855089,-0.5272693895221551,0.3518102014895145,-2.2281482770081786,-0.17633692264926318,-0.008948223407302652,0.08062433257370301,False,False
2025-06-04,2025,6,2,155,1.2246467991473532e-16,-1.0,0.4575313760742512,-0.8891934772070711,1,Monsoon,1,real_campus_measured,16096.64,30.0,35.3,26.5,60.41666666666666,76.70833333333333,6518.0,5677.7,2195.0,1.6,0.8550386969384459,0.8036223908478198,0.9470009332759265,0.254960089205831,0.21085522497742476,1.4788621110317057,0.6136630380887562,0.6755491001099138,-0.3576330923317446,0.8352838331706746,-1.9876823129504055,-0.4643166988295625,-0.7100346216491196,-0.3701213437027469,False,False
2025-06-05,2025,6,3,156,1.2246467991473532e-16,-1.0,0.44216815196707204,-0.8969321743510065,1,Monsoon,1,real_campus_measured,13358.96,28.6125,33.5,25.6,47.125,84.375,5413.0,3494.0,2457.0,2.5,0.5303967330516379,0.3876851853003919,0.7651059433852883,-0.09777969832958318,0.7889912968992133,0.5130526060704462,-0.5537553052953149,1.1467256618988735,-0.26221267516213875,1.3438219882473168,-0.6485062073505248,-0.698257080006786,-0.39897569169993796,0.3171704704634689,False,False
2025-06-06,2025,6,4,157,1.2246467991473532e-16,-1.0,0.42667408318992467,-0.9044054548343001,1,Monsoon,1,real_campus_measured,15245.88,29.820833333333336,35.2,25.2,30.916666666666668,72.04166666666667,6556.0,5870.7,2090.0,0.4,0.8131179628629729,0.7805147683174084,0.6842637256561152,-0.5279232009981607,-0.1410536883662717,1.5120754695733598,0.716841927255366,0.48671879862960543,-0.4848603152245524,0.11173856555112192,-2.1624119122441052,-0.24416884953263196,-0.5835782752352532,-0.10783099704840234,False,False
2025-06-07,2025,6,5,158,1.2246467991473532e-16,-1.0,0.4110537546870351,-0.9116111071930239,1,Monsoon,1,real_campus_measured,18139.8,30.625,35.5,25.4,12.958333333333334,73.16666666666667,6781.0,6256.5,2006.0,0.0,1.0012738158063774,0.8498376359086458,0.7246848345207014,-1.004508932746636,-0.05621850389948756,1.7087335135699964,0.9230927844599155,0.33565455744535877,-0.5272693895221551,-0.14045765033972754,-2.4875324923789086,-0.09457987044064348,-0.8765250123947256,0.1367684599775842,False,False
2025-06-08,2025,6,6,159,1.2246467991473532e-16,-1.0,0.3953117887649151,-0.9185469991587165,1,Monsoon,1,real_campus_measured,19221.93,31.15,35.3,26.9,12.333333333333334,76.29166666666667,6474.0,5846.6,2070.0,0.1,1.1241113156554396,0.8036223908478198,1.0278431510050987,-1.0210954431323138,0.17943478628602394,1.4404045379834745,0.7039579312506238,0.45075112215716573,-0.5166671209477545,0.23335752037455376,-2.333763291677882,-0.1455864486548881,-0.8999175570856033,0.45964728018671025,False,False
2025-06-09,2025,6,0,160,1.2246467991473532e-16,-1.0,0.37945284372454435,-0.925211078289358,1,Monsoon,1,real_campus_measured,14855.22,30.354166666666668,35.3,26.5,60.083333333333336,78.95833333333333,6154.0,5333.5,2118.0,2.2,0.9379052642969408,0.8036223908478198,0.9470009332759265,0.24611395033346986,0.38052559391099305,1.1607130976327027,0.4296517756475797,0.537073545691021,-0.2940194808853407,0.9601460117317522,-1.7268451954033117,-0.36989399869691064,-0.6879283197677842,-0.08014790356485225,False,False
2025-06-10,2025,6,1,161,1.2246467991473532e-16,-1.0,0.36348161248290634,-0.9316013725767187,1,Monsoon,1,real_campus_measured,17162.97,30.3,34.5,26.5,81.375,75.875,6639.0,5992.1,2094.0,0.2,0.9252315539950532,0.618761410604519,0.9470009332759265,0.8111610708055601,0.14801434759462206,1.5846204369143413,0.7817430523580938,0.49391233392409334,-0.5060648523733537,0.8429036315263044,-1.9885620828697839,-0.6763512463228236,-0.7181292710400085,-0.6645170556106845,False,False
2025-06-11,2025,6,2,162,1.2246467991473532e-16,-1.0,0.3474028211842774,-0.9377159910299093,1,Monsoon,1,real_campus_measured,12621.17,28.6875,33.5,26.0,95.83333333333331,84.95833333333333,5494.0,3859.1,2564.0,10.5,0.5479449473157896,0.3876851853003919,0.8459481611144607,1.1948623443942392,0.8329799110671752,0.5838495019092355,-0.3585707849081169,1.3391527310264257,0.5859688107899135,2.2047529491198357,-0.4030109943560545,-0.3827547998508554,-0.44867705274588837,-0.710961578431187,False,False
2025-06-12,2025,6,3,163,1.2246467991473532e-16,-1.0,0.3312212278016865,-0.9435531242349544,1,Monsoon,1,real_campus_measured,17226.71,29.4,33.2,26.1,27.25,81.0,6172.0,5271.6,2156.0,1.1,0.7146529828252313,0.3183623177091545,0.866158715546754,-0.6252307285941371,0.5344857434988609,1.1764457411524336,0.39655968632419575,0.6054121309886563,-0.4106444352037479,0.45406006034728524,-1.4857674351601304,-0.43047949535521857,-0.9611557403393861,0.23052573898279596,False,False
2025-06-13,2025,6,4,164,1.2246467991473532e-16,-1.0,0.31494162072895193,-0.9491110448902284,1,Monsoon,1,real_campus_measured,17100.52,29.666666666666668,32.8,26.7,63.583333333333336,80.58333333333333,5522.0,3606.2,2635.0,6.4,0.777046633542216,0.22593182758750244,0.9874220421405127,0.3389984084932655,0.503065304807459,0.608322502939928,-0.49377255211141025,1.4668379825035867,0.15127579923948672,1.8154980150346576,-0.7526368862755054,-0.511533333283015,-0.2139083848043877,-0.17731947709821033,False,False
2025-06-14,2025,6,5,165,1.2246467991473532e-16,-1.0,0.2985688173637202,-0.9543881083175908,1,Monsoon,1,real_campus_measured,17258.34,30.59583333333333,34.2,27.0,77.33333333333333,77.08333333333333,5752.0,4091.4,2779.0,0.6,0.9944495102592069,0.5494385430132814,1.0480537054373922,0.7039016369781769,0.23913361979968614,0.8093507256920454,-0.23438189395783984,1.7258052531051524,-0.4636557780757512,1.852460445911407,-1.387663544141134,-1.063623596916055,0.04716548381026774,-0.32240921382819876,False,False
2025-06-15,2025,6,6,166,1.2246467991473532e-16,-1.0,0.2821076626819194,-0.9593827529490743,1,Monsoon,1,real_campus_measured,12911.92,29.195833333333336,32.7,26.0,99.79166666666669,82.45833333333333,5003.0,2674.8,3002.0,1.0,0.6668828439950413,0.20282420505709103,0.8459481611144607,1.299910243503533,0.6444572789187659,0.15469794812101967,-0.9917042483278884,2.1268448457728546,-0.42124670377814855,2.487947579049554,-0.28383400822204685,-1.5085985411402576,0.3645152707335691,-0.3528353238957992,False,False
2025-06-16,2025,6,0,167,1.2246467991473532e-16,-1.0,0.26556302780405594,-0.9640935007889755,1,Monsoon,1,real_campus_measured,10304.9,28.0375,32.5,25.4,99.41666666666669,88.20833333333333,4634.0,2673.5,2511.0,19.5,0.39586042369314106,0.156608959996265,0.7246848345207014,1.2899583372721264,1.0780593328601071,-0.16782124403346427,-0.9923992356642439,1.2438383883744606,1.5401729824859722,2.7191879449989225,0.6963266274488336,0.33387126463648664,-0.2854246215586579,-0.5868683448355712,False,False
2025-06-17,2025,6,1,168,1.2246467991473532e-16,-1.0,0.24893980855376657,-0.9685189578512204,1,Monsoon,1,real_campus_measured,5014.99,26.666666666666668,29.0,25.2,100.0,94.875,1942.0,154.70000000000002,1796.0,40.0,0.07511806297614444,-0.6521578285681793,0.6842637256561152,1.3054390802987583,1.580786351922532,-2.5207254859843333,-2.338963930135004,-0.04200604551525784,3.7136380402381057,3.3881753380678097,3.6119643765072307,2.4361328161353044,0.06001893726973019,0.40966438650806974,False,False
2025-06-18,2025,6,2,169,1.2246467991473532e-16,-1.0,0.23224292400907015,-0.9726578145718654,1,Monsoon,1,real_campus_measured,3680.88,26.191666666666663,28.0,24.3,100.0,92.875,2043.0,209.5,1878.0,83.3,-0.036020627363484714,-0.8832340538723062,0.502368735765477,1.3054390802987583,1.4299682462038046,-2.432447875123621,-2.3096675408794067,0.10546142802174484,8.304420332953589,4.652611367627562,4.752757568066233,6.178681276714152,-0.5043438607912611,-1.410184052903118,False,False
2025-06-19,2025,6,3,170,1.2246467991473532e-16,-1.0,0.21547731504673012,-0.976508846196619,1,Monsoon,1,real_campus_measured,5162.0,26.729166666666668,30.0,23.8,96.75,88.54166666666667,3152.0,1347.2,2132.0,23.3,0.0897415748629376,-0.42108160326405236,0.4013159636040112,1.2191892262932338,1.103195683813229,-1.463142227157977,-1.7014467004397598,0.5622509192217288,1.9430591883131973,2.541333936391818,2.223391131045556,0.84549688913017,0.20625039278611992,0.042871902765369146,False,False
2025-06-20,2025,6,4,171,1.2246467991473532e-16,-1.0,0.19864794288017112,-0.9800709131432666,1,Monsoon,1,real_campus_measured,11625.94,29.425,32.9,25.5,98.29166666666669,76.41666666666667,5210.0,3005.8,3044.0,0.1,0.720502387579949,0.24903945011791545,0.7448953889529948,1.2601026185779063,0.18886091789344442,0.3356233485979253,-0.814749780378936,2.202376966364978,-0.5166671209477545,2.23960686289494,-0.6146826695251358,-1.498388928204491,0.629157035187222,-0.5802693152718008,False,False
2025-06-21,2025,6,5,172,1.2246467991473532e-16,-1.0,0.18175978759137534,-0.9833429613388902,1,Monsoon,1,real_campus_measured,14787.91,30.070833333333336,34.2,26.5,96.33333333333331,78.08333333333333,5884.0,4186.7,2486.0,5.6000000000000005,0.8716120104101455,0.5494385430132814,0.9470009332759265,1.2081315527027816,0.31454267265904984,0.9247234448367387,-0.1834339761465555,1.198878792783911,0.06645765064428152,1.9153394660116798,-1.123236656586302,-0.6042736716964365,-0.15912589859446785,-0.6943161148989577,False,False
2025-06-22,2025,6,6,173,1.2246467991473532e-16,-1.0,0.16481784665719793,-0.9863240225317866,1,Monsoon,1,real_campus_measured,7512.63,29.0875,34.0,26.1,100.0,87.125,4890.0,2624.7,2514.0,19.2,0.6415354233912655,0.5032232979524555,0.866158715546754,1.3054390802987583,0.9963661922624635,0.05593190824715332,-1.018487991059739,1.2492335398453267,1.50836617676277,2.8878478760928283,0.2535036502791811,0.395574335578274,-0.24624604043402465,-0.5333733698592111,False,False
2025-06-23,2025,6,0,174,1.2246467991473532e-16,-1.0,0.14782713347053048,-0.9890132145779883,1,Monsoon,1,real_campus_measured,13881.04,28.15,31.6,25.2,99.95833333333331,88.125,4553.0,1917.9,2971.0,12.0,0.4221827450893681,-0.05135964277744893,0.6842637256561152,1.3043333129397128,1.0717752451218272,-0.23861813987225342,-1.3963472597797377,2.071094947240573,0.7450028394059233,2.9435396310727957,0.7058346373608019,-0.6831729113032183,0.1275335437223762,-0.4906372814134607,False,False
2025-06-24,2025,6,1,175,1.2246467991473532e-16,-1.0,0.13079267585675922,-0.9914097417023038,1,Monsoon,1,real_campus_measured,14261.25,28.67083333333333,32.8,25.3,90.95833333333331,86.70833333333333,5841.0,4332.5,2638.0,13.7,0.5440453441459775,0.22593182758750244,0.7044742800884086,1.0654875633859524,0.9649457535710616,0.8871399075396038,-0.10548847334608023,1.4722331339744525,0.9252414051707343,2.1497710401331185,-0.43240500491245754,-0.1936873072137044,-0.8118131646354804,-1.0526521806671532,False,False
2025-06-25,2025,6,2,176,1.2246467991473532e-16,-1.0,0.11371951458594969,-0.9935128947338007,1,Monsoon,1,real_campus_measured,12835.49,27.9125,32.7,26.0,97.95833333333331,88.70833333333333,4298.0,2140.4,2662.0,6.800000000000001,0.36661339991955477,0.20282420505709103,0.8459481611144607,1.2512564797055439,1.115763859289789,-0.4614972564017748,-1.277397504134294,1.51539434574138,0.19368487353708938,2.5912462668461873,0.5659946785077123,-0.8644509154531776,0.12397520745526593,0.06376805671707826,False,False
2025-06-26,2025,6,3,177,1.2246467991473532e-16,-1.0,0.0966127018812031,-0.9953220513156602,1,Monsoon,1,real_campus_measured,12913.62,28.070833333333336,32.2,25.1,93.375,86.83333333333333,5340.0,3555.1,2588.0,17.1,0.4036596300327645,0.08728609240502758,0.6640531712238225,1.1296220702105737,0.9743718851784821,0.4492479962404264,-0.521090900486611,1.3823139427933533,1.2857185367003567,2.3491477849054516,0.15864222326226046,0.09226461130287292,-0.576003084329357,-0.935665194623325,False,False
2025-06-27,2025,6,4,178,1.2246467991473532e-16,-1.0,0.07947729992362097,-0.9968366760893436,1,Monsoon,1,real_campus_measured,12247.82,27.45,31.5,24.7,99.125,89.66666666666667,3754.0,1304.1,2731.0,15.6,0.2583994119572849,-0.07446726530786195,0.5832109534946494,1.2822179657588095,1.1880308682800131,-0.9369727049980872,-1.724488203668158,1.639482829571297,1.1266845080843466,2.9728009747080884,1.4255928749354896,-0.21285859178590325,0.29135423125918236,-0.10422792030501253,False,False
2025-06-28,2025,6,5,179,1.2246467991473532e-16,-1.0,0.062318379354325076,-0.998056320853012,1,Monsoon,1,real_campus_measured,5997.35,27.27916666666667,30.8,24.9,99.95833333333331,89.83333333333333,3501.0,737.4,2870.0,54.9,0.21842847946671756,-0.23622062302075064,0.6236320623592356,1.3043333129397128,1.200599043756573,-1.1581037500254163,-2.0274492217547784,1.8894581810547528,5.293376057823803,4.4817248735902275,2.649606033344671,3.1359991521946706,-0.09366365566222108,-1.4520609665011057,False,False
2025-06-29,2025,6,6,180,1.2246467991473532e-16,-1.0,0.04514101777397193,-0.9989806246941579,1,Monsoon,1,real_campus_measured,10956.52,26.816666666666663,30.9,24.5,99.58333333333331,90.95833333333331,3444.0,1054.8,2570.0,23.5,0.11021449150444686,-0.21311300049033843,0.5427898446300632,1.2943814067083061,1.2854342282233562,-1.2079237878378974,-1.85776539055539,1.3499430339681577,1.9642637254619981,3.119940806361891,1.991006893227358,0.5369344317142376,0.18099053927200087,-0.1932347823043336,False,False
2025-06-30,2025,6,0,181,1.2246467991473532e-16,-1.0,0.02795029824021032,-0.999609314096404,1,Monsoon,1,real_campus_measured,9167.34,27.4125,31.6,24.8,97.625,90.08333333333331,4335.0,2208.7,2578.0,9.4,0.2496253048252095,-0.05135964277744893,0.6034215079269428,1.2424103408331828,1.219451306971413,-0.4291579336112168,-1.240883938693468,1.3643301045571337,0.4693438564715063,2.439761089654695,0.8811954260688859,-0.6742221874892814,-0.061681442542800495,-0.12571236070167516,False,False
2025-07-01,2025,7,1,182,-0.4999999999999997,-0.8660254037844388,0.01075130776352193,-0.9999422030204416,1,Monsoon,1,real_campus_measured,14645.96,28.27916666666667,31.8,25.2,99.41666666666669,85.83333333333333,5163.0,3255.1,2824.0,6.9,0.45240466965540804,-0.005144397716623701,0.6842637256561152,1.2899583372721264,0.8989628323191183,0.29454366829640566,-0.6814725934917039,1.8067325251681416,0.20428714211149,2.3193267786665164,0.024191219340972084,-0.9910319494730024,-0.16619753874598117,-0.6840247593858199,False,False
2025-07-02,2025,7,2,183,-0.4999999999999997,-0.8660254037844388,-0.00645086419810515,-0.9999791929590823,1,Monsoon,1,real_campus_measured,13643.06,28.066666666666663,32.0,25.6,93.33333333333331,88.16666666666667,5426.0,3460.0,2895.0,5.6000000000000005,0.40268472924031,0.04107084734420152,0.7651059433852883,1.1285163028515282,1.0749172889909677,0.5244150708346964,-0.5719318971692254,1.9344177766453023,0.06645765064428152,2.2884954413717935,-0.16632202469093235,-1.15851182586208,-0.4165690958427343,-0.6702070834719692,False,False
2025-07-03,2025,7,3,184,-0.4999999999999997,-0.8660254037844388,-0.023651127245231586,-0.9997202729664083,1,Monsoon,1,real_campus_measured,15106.39,27.85833333333333,32.0,25.5,98.79166666666669,88.875,4607.0,2532.7,2772.0,8.2,0.3539396896176664,0.04107084734420152,0.7448953889529948,1.2733718268864485,1.12833203476635,-0.19142020931306064,-1.0676717102479676,1.7132165663397985,0.34211663357869837,2.5639960064246825,0.4973309123586577,-0.8679120542018551,-0.06182833200107544,-0.3024257427278281,False,False
2025-07-04,2025,7,4,185,-0.4999999999999997,-0.8660254037844388,-0.04084439154329611,-0.9991655196610109,1,Monsoon,1,real_campus_measured,10517.84,27.53333333333333,31.2,25.1,99.83333333333331,91.25,3789.0,1365.6,2703.0,13.0,0.2778974278063422,-0.1437901328991002,0.6640531712238225,1.3010160108625772,1.3074285353073387,-0.9063814537097215,-1.6916099566021139,1.5891280825098815,0.8510255251499298,2.9231257536280597,1.3830294370972402,-0.4649001448439603,0.189109666770939,0.018226494473583595,False,False
2025-07-05,2025,7,5,186,-0.4999999999999997,-0.8660254037844388,-0.05802556932878035,-0.9983150972033183,1,Monsoon,1,real_campus_measured,8965.7,27.27083333333333,31.6,24.6,96.29166666666669,89.95833333333333,4508.0,2480.6,2426.0,18.6,0.21647867788181024,-0.05135964277744893,0.5630003990623567,1.2070257853437374,1.2100251753639935,-0.27794974867158073,-1.0955246642665186,1.090975763366592,1.4447525653163664,2.513590400037126,1.0219726637155415,0.23726085664216032,-0.35007611735691796,-0.4862464962327389,False,False
2025-07-06,2025,7,6,187,-0.4999999999999997,-0.8660254037844388,-0.07518957641475855,-0.9971692572470178,1,Monsoon,1,real_campus_measured,7691.02,27.0375,30.9,24.9,99.83333333333331,91.375,3600.0,1227.6,2593.0,22.9,0.16188423350445055,-0.21311300049033843,0.6236320623592356,1.3010160108625772,1.3168546669147592,-1.0715742106668962,-1.7653855353844567,1.3913058619114633,1.900650114015594,3.1368128481125224,1.8416232998741968,0.4625301717530127,0.08070119336992282,-0.2318525275971821,False,False
2025-07-07,2025,7,0,188,-0.4999999999999997,-0.8660254037844388,-0.09233133369539122,-0.9957283388645872,1,Monsoon,1,real_campus_measured,8761.45,26.9,30.4,25.0,99.95833333333331,91.125,3267.0,936.2,2524.0,23.2,0.12971250735350495,-0.3286511131424019,0.643842616791529,1.3043333129397128,1.2980024036999183,-1.3626281157819182,-1.921169619856737,1.2672173780815463,1.9324569197387964,3.14292408962772,2.116236392316582,0.5298271874792916,0.2182155746523796,-0.05746742653926529,False,False
2025-07-08,2025,7,1,189,-0.4999999999999997,-0.8660254037844388,-0.10944576864891556,-0.993992768446958,1,Monsoon,1,real_campus_measured,4974.219999999999,26.40416666666667,29.6,24.7,100.0,92.75,2651.0,720.9,2155.0,18.3,0.013699313051613352,-0.5135120933857028,0.5832109534946494,1.3054390802987583,1.4205421145963841,-1.9010341384571543,-2.0362702148700587,0.6036137471650344,1.4129457595931645,2.7174262972374885,2.5579353955015085,0.2977980467548662,0.30406753545174653,0.5584070893209004,False,False
2025-07-09,2025,7,2,190,-0.4999999999999997,-0.8660254037844388,-0.12652781683868314,-0.9919630595773397,1,Monsoon,1,real_campus_measured,3062.0,26.40833333333333,28.0,24.6,99.58333333333331,90.29166666666669,3276.0,1041.9,2443.0,18.3,0.014674213844065342,-0.8832340538723062,0.5630003990623567,1.2943814067083061,1.2351615263171165,-1.3547617940220529,-1.864661803354609,1.1215482883681658,1.4129457595931645,2.7023020767471695,2.3105180350172554,0.045915907670852005,0.22017597876592562,-0.027602123564749788,False,False
2025-07-10,2025,7,3,191,-0.4999999999999997,-0.8660254037844388,-0.1435724234118113,-0.9896398128792412,1,Monsoon,1,real_campus_measured,16156.69,28.679166666666664,32.5,25.0,97.45833333333331,80.16666666666667,5825.0,4024.5,2504.0,5.4,0.5459951457308831,0.156608959996265,0.643842616791529,1.2379872713970015,0.4716448661160582,0.8731553355220651,-0.2701470114979756,1.2312497016091069,0.045253113495480196,1.718725055646815,-0.6207375269477066,-0.8006919892267459,-0.24984645470257155,-0.872151000307879,False,False
2025-07-11,2025,7,4,192,-0.4999999999999997,-0.8660254037844388,-0.16057454459499376,-0.9870237158387383,1,Monsoon,1,real_campus_measured,14935.64,28.28333333333333,31.5,25.5,99.54166666666669,87.29166666666667,5071.0,2772.6,3031.0,6.2,0.45337957044786004,-0.07446726530786195,0.7448953889529948,1.293275639349262,1.0089343677390246,0.21413237919555872,-0.9394198164082282,2.178997976657892,0.1300712620906854,2.606428805642576,0.1449716371133886,-1.230005114119282,-0.06833489715795588,-0.6389592741235287,False,False
2025-07-12,2025,7,5,193,-0.4999999999999997,-0.8660254037844388,-0.17752914918703497,-0.984115542601034,1,Monsoon,1,real_campus_measured,13720.22,28.14583333333333,32.8,25.5,99.75,88.04166666666667,4866.0,2600.1,2758.0,8.6,0.42120784429691444,0.22593182758750244,0.7448953889529948,1.2988044761444872,1.0654911573835473,0.03495505022084542,-1.0316392898861566,1.6880391928090908,0.384525707876301,2.5842434192676476,0.25029686014526065,-0.7929719144594201,-0.08860067374243417,-0.400386959735653,False,False
2025-07-13,2025,7,6,194,-0.4999999999999997,-0.8660254037844388,-0.19443122004766195,-0.9809161537413774,1,Monsoon,1,real_campus_measured,13318.25,27.92083333333333,32.0,25.0,100.0,90.45833333333331,4004.0,1825.0,2579.0,17.6,0.3685632015044596,0.04107084734420152,0.643842616791529,1.3054390802987583,1.2477297017936744,-0.7184637672240466,-1.4460121240469817,1.3661284883807556,1.33872987957236,2.911367843437354,1.2028504551510824,0.07568414367103873,-0.001555408202295794,-0.1942432946858264,False,False
2025-07-14,2025,7,0,195,-0.4999999999999997,-0.8660254037844388,-0.2112757555821793,-0.9774264960104055,1,Monsoon,1,real_campus_measured,7037.67,26.625,28.8,25.2,100.0,93.08333333333331,2205.0,323.1,1938.0,32.6,0.0653690550516154,-0.6983730736290046,0.6842637256561152,1.3054390802987583,1.445678465549504,-2.290854083446043,-2.2489363397948114,0.21336445743906388,2.929070165732458,3.153913537236921,3.2526953534868768,1.6948072355478676,0.1945972207674228,0.41744739969668393,False,False
2025-07-15,2025,7,1,196,-0.4999999999999997,-0.8660254037844388,-0.2280577712215198,-0.9736476020539838,1,Monsoon,1,real_campus_measured,11673.76,28.058333333333334,33.2,25.2,99.79166666666669,87.625,4547.0,2156.1,2642.0,6.5,0.4007349276554052,0.3183623177091545,0.6842637256561152,1.299910243503533,1.0340707186921454,-0.2438623543788304,-1.2690041955336941,1.4794266692689406,0.16187806781388733,2.508819525497884,0.4053113003164234,-0.8739965580633632,0.14425505366636554,-0.07885506139365868,False,False
2025-07-16,2025,7,2,197,-0.4999999999999997,-0.8660254037844388,-0.24477230089725957,-0.9695805901076308,1,Monsoon,1,real_campus_measured,11634.13,28.17083333333333,30.5,26.3,97.83333333333331,89.33333333333333,3670.0,1247.3,2855.0,14.2,0.4270572490516322,-0.3055434906119889,0.9065798244113402,1.2479391776284081,1.1628945173268912,-1.0103917080901648,-1.7548538042104553,1.8624824237004232,0.9782527480427375,3.1615469511391927,1.3635234836142742,-0.4075342461302248,0.34201695973819757,0.01966957186472473,False,False
2025-07-17,2025,7,3,198,-0.4999999999999997,-0.8660254037844388,-0.2614143985111562,-0.965226663665613,1,Monsoon,1,real_campus_measured,18412.0,29.33333333333333,33.1,26.1,82.5,81.54166666666667,6053.0,4939.099999999999,2461.0,3.7,0.6990545701459844,0.2952546951787415,0.866158715546754,0.8410167894997801,0.5753323137976832,1.0724354867719903,0.2188033099102173,1.1539191971933616,-0.13498545226933092,1.466158547440808,-1.1263251123820837,-0.7811909593137045,-0.6335634932118431,-0.6565594828922885,False,False
2025-07-18,2025,7,4,199,-0.4999999999999997,-0.8660254037844388,-0.2779791393987801,-0.9605871111248129,1,Monsoon,1,real_campus_measured,17579.38,29.070833333333336,33.2,26.4,68.95833333333333,83.04166666666667,5821.0,4752.6,2183.0,9.9,0.637635820221455,0.3183623177091545,0.926790378843633,0.4816423978100944,0.6884458930867288,0.8696591925176805,0.11909935742538504,0.65396849422645,0.5223551993435096,1.3981001951135328,-0.8182007528135382,0.023125986385530903,-0.841725955691848,-0.39006779995834034,False,False
2025-07-19,2025,7,5,200,-0.4999999999999997,-0.8660254037844388,-0.2944616217868012,-0.9556633054034704,1,Monsoon,1,real_campus_measured,16571.64,29.275,33.4,26.1,69.70833333333333,84.375,6247.0,5741.8,2034.0,5.3,0.6854059590516449,0.36457756276997894,0.866158715546754,0.5015462102729077,0.7889912968992133,1.2419984224846456,0.6479312598275112,0.38600930450677434,0.034650844921079484,0.9482381558204611,-1.2538475681091426,-0.3063689544992849,-1.2177314015654757,-0.4343132725300275,False,False
2025-07-20,2025,7,6,201,-0.4999999999999997,-0.8660254037844388,-0.3108569682435036,-0.9504567035349151,1,Monsoon,1,real_campus_measured,9679.71,28.725,32.3,26.0,98.875,87.16666666666667,4478.0,2299.6,2760.0,8.4,0.5567190544478658,0.11039371493543895,0.8459481611144607,1.2755833616045384,0.999508236131604,-0.3041708212044656,-1.1922882857129247,1.6916359604563347,0.36332117072749975,2.695170270658347,0.41983623603896736,-0.7714002882530383,0.12688366003786813,-0.15664058089114571,False,False
2025-07-21,2025,7,0,202,-0.4999999999999997,-0.8660254037844388,-0.3271603271220951,-0.9449688462364056,1,Monsoon,1,real_campus_measured,17448.84,29.04583333333333,32.2,26.0,98.875,82.41666666666667,5513.0,4042.9,2438.0,2.9,0.6317864154667364,0.08728609240502758,0.8459481611144607,1.2755833616045384,0.6413152350496265,0.6004561811800625,-0.26031026766032983,1.1125563692500557,-0.21980360086453618,1.7662646416616743,-0.5358318852510383,-0.9951308087865449,-0.29250226873222723,-0.5269651494881702,False,False
2025-07-22,2025,7,1,203,-0.4999999999999997,-0.8660254037844388,-0.34336687399638804,-0.939201357453208,1,Monsoon,1,real_campus_measured,19454.71,29.754166666666663,33.4,26.0,76.375,79.33333333333333,6152.0,4902.599999999999,2455.0,2.2,0.7975195501837252,0.36457756276997894,0.8459481611144607,0.6784689877201378,0.40880398873325446,1.1589650261305102,0.19929020392793098,1.1431288942516296,-0.2940194808853407,1.3301248557659335,-1.339218711398107,-0.8182416302464995,-0.5143142987112029,-0.56505433615444,False,False
2025-07-23,2025,7,2,204,-0.4999999999999997,-0.8660254037844388,-0.3594718130884232,-0.9331559438780432,1,Monsoon,1,real_campus_measured,21585.99,30.291666666666668,34.5,26.6,87.41666666666667,77.79166666666667,6438.0,6006.0,1869.0,3.7,0.9232817524101475,0.618761410604519,0.9672114877082199,0.9714973378671122,0.29254836557506947,1.4089392509440126,0.7891740708006629,0.08927597360914699,-0.13498545226933092,0.9112209112833576,-1.7205270260529673,-0.27781242064342015,-0.8699209355650019,-0.6189749490972208,False,False
2025-07-24,2025,7,3,205,-0.4999999999999997,-0.8660254037844388,-0.3754703786876202,-0.9268343944460494,1,Monsoon,1,real_campus_measured,9307.14,29.05,33.8,26.5,98.625,86.16666666666667,5406.0,3552.7,2439.0,4.8,0.6327613162591901,0.4570080528916294,0.9470009332759265,1.2689487574502674,0.9240991832722403,0.5069343558127731,-0.5223739540306518,1.1143547530736777,-0.018360497950923777,2.1277228055941007,-0.4884311583061565,-0.8229446167710187,-0.3705484730174667,-0.30473410065256423,False,False
2025-07-25,2025,7,4,206,-0.4999999999999997,-0.8660254037844388,-0.3913578365610259,-0.9202385798054075,1,Monsoon,1,real_campus_measured,3265.13,27.183333333333334,29.3,25.8,93.875,92.5,2231.0,582.7,1906.0,27.4,0.196005761240301,-0.5828349609769411,0.8055270522498744,1.142891278519116,1.4016898513815432,-2.2681291539175423,-2.1101527147810715,0.1558161750831604,2.3777521998636235,2.936915204579152,2.898963822186273,1.3544810650321168,0.2206037623816884,0.7352041231429565,False,False
2025-07-26,2025,7,5,207,-0.4999999999999997,-0.8660254037844388,-0.4071294853542516,-0.9133704517637858,1,Monsoon,1,real_campus_measured,17068.86,28.52916666666667,31.6,26.0,93.0,82.83333333333333,5273.0,3990.5,2518.0,4.7,0.5108987172025807,-0.05135964277744893,0.8459481611144607,1.119670163979167,0.6727356737410273,0.3906876009169835,-0.2883236033718861,1.2564270751398146,-0.028962766525324393,1.7923355817540378,-0.28601201012089583,-0.8758381637804844,-0.27665897905850917,-0.504095053824112,False,False
2025-07-27,2025,7,6,208,-0.4999999999999997,-0.8660254037844388,-0.4227806579826773,-0.9062320427107697,1,Monsoon,1,real_campus_measured,13854.510000000002,29.016666666666666,32.8,26.5,99.95833333333331,82.04166666666667,5618.0,3765.7,2669.0,13.3,0.6249621099195667,0.22593182758750244,0.9470009332759265,1.3043333129397128,0.6130368402273652,0.6922299350451595,-0.40850295199703585,1.527983032506734,0.8828323308731318,2.4032482181310217,-0.41954546905864193,-0.21177569917064565,-0.3219804318010807,-1.0030130912146416,False,False
2025-07-28,2025,7,0,209,-0.4999999999999997,-0.8660254037844388,-0.4383067230125192,-0.898825465016444,1,Monsoon,1,real_campus_measured,8918.79,28.3875,31.3,26.0,100.0,86.91666666666667,3691.0,1211.3,2770.0,21.7,0.47775209025918225,-0.12068251036868717,0.8459481611144607,1.3054390802987583,0.9806559729167631,-0.9920369573171454,-1.7740996073710666,1.7096197986925545,1.7734228911227867,3.339881334844574,1.4154962916012321,0.37174702849438496,0.3897689909218157,-0.2495419971389562,False,False
2025-07-29,2025,7,1,210,-0.4999999999999997,-0.8660254037844388,-0.45370308603134424,-0.8911529104063088,1,Monsoon,1,real_campus_measured,12053.71,27.21666666666667,29.6,24.9,96.58333333333331,92.375,2155.0,233.3,2021.0,11.6,0.2038049675799244,-0.5135120933857028,0.6236320623592356,1.2147661568570527,1.3922637197741228,-2.334555871000851,-2.2969439265676694,0.36263031479968855,0.7025937651083206,2.550717180122957,2.611262050846402,-0.13259630615479495,0.633445223399423,1.2458663545448314,False,False
2025-07-30,2025,7,2,211,-0.4999999999999997,-0.8660254037844388,-0.46896519100763184,-0.8832166493127127,1,Monsoon,1,real_campus_measured,7889.73,27.5875,30.0,25.0,98.20833333333331,89.45833333333333,3915.0,1757.0,2642.0,15.5,0.2905711381082297,-0.42108160326405236,0.643842616791529,1.257891083859815,1.1723206489343116,-0.796252949071605,-1.4823653077948027,1.4794266692689406,1.1160822395099461,2.7570572168163987,1.4226116212693387,-0.21261021449709447,0.0783190932281138,-0.2152824812263592,False,False
2025-07-31,2025,7,3,212,-0.4999999999999997,-0.8660254037844388,-0.48408852163897587,-0.8750190302029955,1,Monsoon,1,real_campus_measured,10825.53,27.425,30.0,25.6,93.16666666666669,92.0,2976.0,776.1999999999999,2411.0,25.3,0.252550007202568,-0.42108160326405236,0.7651059433852883,1.1240932334153484,1.3639853249518614,-1.6169725193509015,-2.0067065227927863,1.0640000060122623,2.1551045598012104,3.1897650744318025,2.2975828106869236,0.8387685571153705,0.17967101831754037,0.226704574529928,False,False
2025-08-01,2025,8,4,213,-0.8660254037844385,-0.5000000000000004,-0.4990686026885319,-0.8665624788845385,1,Monsoon,1,real_campus_measured,14475.28,28.416666666666668,33.2,25.7,95.58333333333331,86.54166666666667,5528.0,3877.8,2216.0,10.8,0.48457639580635287,0.3183623177091545,0.7853164978175811,1.1882277402399681,0.9523775780945017,0.6135667174465049,-0.3485736593774659,0.7133151604059754,0.6177756165131155,1.9147062026995403,-0.24746030134640853,-0.18452584124544058,-0.6723015602500615,-0.5561118447818307,False,False
2025-08-02,2025,8,5,214,-0.8660254037844385,-0.5000000000000004,-0.5139010013093103,-0.8578494977869301,1,Monsoon,1,real_campus_measured,16483.93,28.89583333333333,33.7,26.0,99.875,86.125,5091.0,2980.8,2568.0,24.6,0.5966899869384323,0.433900430361218,0.8459481611144607,1.3021217782216228,0.9209571394030998,0.23161309421748197,-0.8281149214626937,1.3463462663209138,2.0808886797804056,2.9637951375251044,0.26117703487660776,0.8331921248503888,-0.39749154319539737,-0.9398836458203613,False,False
2025-08-03,2025,8,6,215,-0.8660254037844385,-0.5000000000000004,-0.5285813283559292,-0.8488826652214553,1,Monsoon,1,real_campus_measured,14809.91,28.8375,32.3,26.5,99.20833333333331,86.125,4824.0,2784.1,2704.0,11.1,0.5830413758440929,0.11039371493543895,0.9470009332759265,1.2844295004768993,0.9209571394030998,-0.001754451325193398,-0.9332718515096997,1.5909264663335034,0.6495824222363173,2.6526563830367134,0.19940039726922085,-0.48647010728389145,-0.08666056228350781,-0.42219239500373656,False,False
2025-08-04,2025,8,0,216,-0.8660254037844385,-0.5000000000000004,-0.5431052396834317,-0.8396646346181327,1,Monsoon,1,real_campus_measured,14248.65,28.4375,33.8,25.8,97.25,86.04166666666667,4626.0,2348.5,2774.0,8.2,0.48945089976861694,0.4570080528916294,0.8055270522498744,1.2324584346017762,0.9146730516648198,-0.17481353004223354,-1.1661460697530945,1.7168133339870424,0.34211663357869837,2.662670945284421,0.1763016566034489,-0.722490962221821,0.18746995202436115,-0.1867314550852744,False,False
2025-08-05,2025,8,1,217,-0.8660254037844385,-0.5000000000000004,-0.5574684374327892,-0.8301981337405212,1,Monsoon,1,real_campus_measured,12085.21,28.479166666666668,32.5,25.7,99.95833333333331,89.375,4052.0,1322.4,2927.0,4.9,0.499199907693146,0.156608959996265,0.7853164978175811,1.3043333129397128,1.1660365611960317,-0.6765100511714308,-1.7147049203948472,1.991966059001206,-0.007758229376523069,2.95854873252417,0.7310338574871346,-1.2305958706563656,0.4484775610814394,0.19410849448810405,False,False
2025-08-06,2025,8,2,218,-0.8660254037844385,-0.5000000000000004,-0.5716666713027052,-0.8204859638785327,1,Monsoon,1,real_campus_measured,11236.28,27.0625,30.2,25.5,96.70833333333331,90.95833333333331,3318.0,1314.7,2226.0,26.0,0.16773363825916748,-0.37486635820322717,0.7448953889529948,1.2180834589341882,1.2854342282233562,-1.318052292476014,-1.7188213838486448,0.7312989986421953,2.2293204398220143,2.929965461263231,2.110068844635431,1.0008904587453957,-0.02434471080150499,0.0037466482607570657,False,False
2025-08-07,2025,8,3,219,-0.8660254037844385,-0.5000000000000004,-0.5856957398073508,-0.8105309990194823,1,Monsoon,1,real_campus_measured,8868.39,28.508333333333336,33.1,25.6,99.95833333333331,87.20833333333333,4530.0,2149.9,2675.0,14.7,0.5060242132403165,0.2952546951787415,0.7651059433852883,1.3043333129397128,1.0026502800007435,-0.25872096214746515,-1.272318750522466,1.538773335448466,1.0312640909147408,2.8596990813006236,0.5444727414532687,-0.15141950850688835,0.054724237011699525,-0.34936560522657334,False,False
2025-08-08,2025,8,4,220,-0.8660254037844385,-0.5000000000000004,-0.5995514915196489,-0.8003361849976323,1,Monsoon,1,real_campus_measured,7603.210000000001,27.370833333333334,31.5,25.1,89.5,86.45833333333333,3674.0,1708.8,2385.0,4.0,0.23987629690068046,-0.07446726530786195,0.6640531712238225,1.0267857058193715,0.9460934903562207,-1.0068955650857803,-1.5081332998042876,1.0172420265980906,-0.10317864654612899,2.094318584100072,1.049033813912653,-0.8778086420090853,0.4511080337234547,0.5651897291680342,False,False
2025-08-09,2025,8,5,221,-0.8660254037844385,-0.5000000000000004,-0.6132298262997502,-0.7899045386224707,1,Monsoon,1,real_campus_measured,18210.71,28.329166666666666,31.7,25.0,71.125,83.75,5043.0,3762.9,2408.0,3.7,0.4641034791648419,-0.028252020247036724,0.643842616791529,0.5391423004804442,0.7418606388621111,0.18965937816486617,-0.40999984779841653,1.0586048545413962,-0.13498545226933092,1.4176501314275878,-0.1517474388766419,-0.7613807839916246,-0.2871245007025532,-0.041655807097898706,False,False
2025-08-10,2025,8,6,222,-0.8660254037844385,-0.5000000000000004,-0.6267266965083301,-0.7792391467859886,1,Monsoon,1,real_campus_measured,18891.04,29.04583333333333,33.0,26.2,91.91666666666669,82.91666666666667,6507.0,6237.7,1870.0,2.5,0.6317864154667364,0.2721470726483285,0.8863692699790469,1.0909202126439927,0.6790197614793083,1.469247717769648,0.9130421983649296,0.09107435743276897,-0.26221267516213875,0.8020727049530261,-1.3799687596077954,-0.6007731532734237,-1.2563386390823457,-0.7622923419219994,False,False
2025-08-11,2025,8,0,223,-0.8660254037844385,-0.5000000000000004,-0.6400381082043503,-0.7683431655492202,1,Monsoon,1,real_campus_measured,19974.5,29.2125,33.0,26.0,99.79166666666669,85.66666666666667,5172.0,3387.8,2738.0,2.6,0.6707824471648518,0.2721470726483285,0.8459481611144607,1.299910243503533,0.8863946568425585,0.3024099900562711,-0.6105304246191177,1.652071516336651,-0.2516104065877381,2.272349077221967,-0.36246821085113734,-1.2286333226736614,-0.11885295735092065,-0.35403292677998277,False,False
2025-08-12,2025,8,1,224,-0.8660254037844385,-0.5000000000000004,-0.65316012232693,-0.7572198192083127,1,Monsoon,1,real_campus_measured,14194.78,29.6125,33.5,26.3,99.70833333333331,82.25,5842.0,4652.7,2374.0,8.0,0.7643729232403285,0.3876851853003919,0.9065798244113402,1.2976987087854417,0.6287470595730655,0.8880139432906999,0.06569225365468881,0.9974598045382489,0.32091209642989715,1.8707556203620943,-0.8690658168660003,-0.4378989155251925,-0.5660053753123871,-0.7990350290853423,False,False
2025-08-13,2025,8,2,225,-0.8660254037844385,-0.5000000000000004,-0.666088855860977,-0.7458723993404063,1,Monsoon,1,real_campus_measured,13953.2,28.041666666666668,31.1,24.9,99.83333333333331,86.0,4153.0,1689.9,2932.0,9.9,0.3968353244855939,-0.1668977554295124,0.6236320623592356,1.3010160108625772,0.9115310077956793,-0.5882324403107184,-1.5182373464636085,2.000957978119316,0.5223551993435096,2.808193196496043,0.9140241584021184,-0.80879971274353,0.43799645859405134,-0.28251778846403086,False,False
2025-08-14,2025,8,3,226,-0.8660254037844385,-0.5000000000000004,-0.6788204829862355,-0.734304263829602,1,Monsoon,1,real_campus_measured,10203.72,27.079166666666666,29.5,24.9,99.58333333333331,89.625,3451.0,1234.7,2669.0,9.4,0.1716332414289788,-0.5366197159161159,0.6236320623592356,1.2943814067083061,1.1848888244108726,-1.2018055375802243,-1.7615898353166695,1.527983032506734,0.4693438564715063,2.6612811488903194,1.6842031805116067,-0.7966652866532296,0.41115831977771256,0.17991536857878238,False,False
2025-08-15,2025,8,4,227,-0.8660254037844385,-0.5000000000000004,-0.6913512362094071,-0.722518835873311,1,Monsoon,1,real_campus_measured,11833.66,27.316666666666663,30.9,24.8,99.45833333333331,88.875,4499.0,2184.0,2869.0,5.3,0.2272025865987921,-0.21311300049033843,0.6034215079269428,1.2910641046311704,1.12833203476635,-0.2858160704314462,-1.2540886980842205,1.8876597972311309,0.034650844921079484,2.482096278984956,0.7350989253350364,-1.2623310004713473,0.0950370370993185,-0.2910858610764686,False,False
2025-08-16,2025,8,5,228,-0.8660254037844385,-0.5000000000000004,-0.7036774074790128,-0.7105196029692745,1,Monsoon,1,real_campus_measured,16928.6,28.179166666666664,32.4,25.2,95.70833333333331,85.25,5342.0,4051.5,2259.0,5.4,0.4290070506365378,0.13350133746585197,0.6842637256561152,1.1915450423171037,0.8549742181511566,0.45099606774261874,-0.25571265912751723,0.7906456648217207,0.045253113495480196,1.6257619736608202,-0.218362307558912,-0.6924773436201176,-0.4929532747058649,-0.43966018773082793,False,False
2025-08-17,2025,8,6,229,-0.8660254037844385,-0.5000000000000004,-0.7157953492826642,-0.6983101158835584,1,Monsoon,1,real_campus_measured,16450.3,27.65,30.8,25.1,98.41666666666669,88.08333333333333,4618.0,3045.9,2474.0,23.9,0.3051946499950228,-0.23622062302075064,0.6640531712238225,1.2634199206550418,1.0686332012526867,-0.18180581605100285,-0.7933120940805886,1.1772981869004473,2.006672799759601,2.6210724888200922,0.9924519815483672,0.6828663271035506,-0.4792809848005526,-0.8774632555254643,False,False
2025-08-18,2025,8,0,230,-0.8660254037844385,-0.5000000000000004,-0.7277014757264236,-0.6858939875998223,1,Monsoon,1,real_campus_measured,14687.05,27.4125,31.4,25.0,95.0,87.29166666666667,4618.0,2803.8,2546.0,10.4,0.2496253048252095,-0.09757488783827498,0.643842616791529,1.172746997213336,1.0089343677390246,-0.18180581605100285,-0.9227401203356985,1.3067818222012302,0.5753665422155129,2.2264957265854646,0.6256552457505712,-0.5107238620721533,-0.1523229422844086,-0.36181052987766904,False,False
2025-08-19,2025,8,1,231,-0.8660254037844385,-0.5000000000000004,-0.7393922635959241,-0.673274892250183,1,Monsoon,1,real_campus_measured,12338.59,27.104166666666668,29.6,24.8,96.875,89.375,4237.0,2404.7,2634.0,16.5,0.17748264618369655,-0.5135120933857028,0.6034215079269428,1.2225065283703693,1.1660365611960317,-0.5148134372186407,-1.1361012325968072,1.4650395986799647,1.2221049252539526,2.549390136840171,1.2915559845240019,-0.1451212725568945,-0.18568232632534498,-0.5135314009573416,False,False
2025-08-20,2025,8,2,232,-0.8660254037844385,-0.5000000000000004,-0.7508642533989489,-0.6604565640279754,1,Monsoon,1,real_campus_measured,9097.41,27.89583333333333,31.1,25.0,96.125,86.45833333333333,5089.0,3108.0,2761.0,1.6,0.3627137967497418,-0.1668977554295124,0.643842616791529,1.202602715907556,0.9460934903562207,0.22986502271528964,-0.7601130836285344,1.6934343442799566,-0.3576330923317446,2.0335329110283773,0.09218016262937131,-1.4497389769970035,-0.12195588473003079,-0.4182053801944228,False,False
2025-08-21,2025,8,3,233,-0.8660254037844385,-0.5000000000000004,-0.7621140503891487,-0.6474427960827475,1,Monsoon,1,real_campus_measured,4674.51,26.9875,30.3,25.0,100.0,92.70833333333331,3157.0,1162.2,2387.0,28.1,0.1501854239950159,-0.3517587356728141,0.643842616791529,1.3054390802987583,1.4174000707272427,-1.4587720484024962,-1.800348744459567,1.0208387942453347,2.4519680798844283,3.1980606283807256,2.305452721815055,1.0389180519216508,-0.0033486737466064307,-0.11181842246722595,False,False
2025-08-22,2025,8,4,234,-0.8660254037844385,-0.5000000000000004,-0.7731383255706026,-0.6342374393978054,1,Monsoon,1,real_campus_measured,4494.19,26.22083333333333,28.7,24.1,99.75,92.79166666666669,2918.0,798.6,2313.0,62.9,-0.029196321816314128,-0.7214806961594176,0.46194762690089086,1.2988044761444872,1.4236841584655258,-1.667666592914479,-1.9947313563817395,0.8877583912973078,6.141557543775855,4.1648550994146945,3.62830885417982,4.075421365804738,-0.4387243151769663,-1.3400463411687296,False,False
2025-08-23,2025,8,5,235,-0.8660254037844385,-0.5000000000000004,-0.7839338166829201,-0.620844401650647,1,Monsoon,1,real_campus_measured,5902.82,25.995833333333334,27.7,24.1,99.95833333333331,93.25,2320.0,426.5,2035.0,19.1,-0.081840964608769,-0.9525569214635445,0.46194762690089086,1.3043333129397128,1.458246641026066,-2.190339972069984,-2.1936581162723896,0.3878076883303963,1.4977639081883698,2.5783325280205296,3.091054415091702,0.3555307092472429,0.3421384573935493,0.6393869783997675,False,False
2025-08-24,2025,8,6,236,-0.8660254037844385,-0.5000000000000004,-0.7944973291665992,-0.6072676460566135,1,Monsoon,1,real_campus_measured,10863.07,26.39583333333333,29.5,24.2,98.29166666666669,91.45833333333331,3326.0,1564.6,2355.0,5.8,0.011749511466706046,-0.5366197159161159,0.4821581813331836,1.2601026185779063,1.323138754653038,-1.3110600064672446,-1.5852234335754023,0.9632905118894312,0.08766218779308275,2.1606331469217177,1.7871766545656942,-0.9391150874734022,0.24078208650683344,0.4625823279697186,False,False
2025-08-25,2025,8,0,237,-0.8660254037844385,-0.5000000000000004,-0.8048257371083452,-0.593511190196115,1,Monsoon,1,real_campus_measured,10792.19,27.620833333333334,31.4,24.4,92.58333333333331,88.16666666666667,4791.0,3385.4,2423.0,5.9,0.2983703444478531,-0.09757488783827498,0.5225792901977697,1.1086124903887147,1.0749172889909677,-0.030597631111366756,-0.6118134781631585,1.085580611895726,0.09826445636748346,1.817049749932556,0.3857853811440794,-0.8231324555741194,-0.3423767673146841,-0.2566478849870579,False,False
2025-08-26,2025,8,1,238,-0.8660254037844385,-0.5000000000000004,-0.8149159841660791,-0.5795791048257612,1,Monsoon,1,real_campus_measured,16484.51,28.075,31.8,24.9,71.91666666666667,83.875,5967.0,5658.2,1829.0,1.5,0.4046345308252165,-0.005144397716623701,0.6236320623592356,0.5601518803023029,0.7512867704695315,0.9972684121777202,0.6032382280434252,0.017340620664267628,-0.3682353609061453,0.4532625075584066,-0.8151806933045602,-0.6092979321922287,-1.1104600312930322,-0.30814569952473353,False,False
2025-08-27,2025,8,2,239,-0.8660254037844385,-0.5000000000000004,-0.8247650844733614,-0.5654755126737576,1,Monsoon,1,real_campus_measured,13474.63,27.666666666666668,31.3,25.2,85.20833333333333,86.20833333333333,4844.0,3013.1,2535.0,7.3,0.30909425316483496,-0.12068251036868717,0.6842637256561152,0.9128916678377171,0.9272412271413798,0.01572626369672985,-0.8108471591824788,1.2869996001413881,0.24669621640909253,1.9588525932313838,0.3327857357809554,-0.7020806213494579,-0.20205841968249078,-0.2379416902706811,False,False
2025-08-28,2025,8,3,240,-0.8660254037844385,-0.5000000000000004,-0.8343701235229538,-0.5512045872199277,1,Monsoon,1,real_campus_measured,17744.7,27.71666666666667,31.0,25.6,90.75,86.125,5295.0,4158.8,2138.0,8.600000000000001,0.32079306267426966,-0.19000537795992542,0.7651059433852883,1.059958726590727,0.9209571394030998,0.4099163874410991,-0.19834947359602892,0.5730412221634607,0.3845257078763012,1.5223951245570844,0.06250342952075769,-0.37600904964593745,-0.710287768222066,-0.4695372707179907,False,False
2025-08-29,2025,8,4,241,-0.8660254037844385,-0.5000000000000004,-0.8437282590292712,-0.5367705514607103,1,Monsoon,1,real_campus_measured,7769.52,27.616666666666664,29.5,25.4,97.41666666666669,88.04166666666667,4152.0,2268.0,2719.0,1.2,0.29739544365539944,-0.5366197159161159,0.7246848345207014,1.2368815040379573,1.0654911573835473,-0.5891064760618145,-1.2091818240427945,1.6179022236878333,-0.4000421666293472,2.2056247204762176,0.8721355774927232,-1.5177109575955041,0.19280379769382566,0.07171415512906378,False,False
2025-08-30,2025,8,5,242,-0.8660254037844385,-0.5000000000000004,-0.8528367217694595,-0.522177676659508,1,Monsoon,1,real_campus_measured,16347.19,27.35833333333333,30.8,25.2,95.25,89.375,3988.0,2155.0,2477.0,12.500000000000002,0.23695159452332115,-0.23622062302075064,0.6842637256561152,1.179381601367607,1.1660365611960317,-0.7324483392415851,-1.2695922617413795,1.1826933383713132,0.7980141822779266,2.4461428164000063,1.1850598774926795,-0.31310920942874293,-0.01679752783635669,-0.02930301789317424,False,False
2025-08-31,2025,8,6,243,-0.8660254037844385,-0.5000000000000004,-0.8616928164028522,-0.5074302810827518,1,Monsoon,1,real_campus_measured,21284.44,28.20833333333333,32.5,25.0,71.95833333333333,88.29166666666667,5874.0,5406.6,1839.0,2.9,0.4358313561837076,0.156608959996265,0.643842616791529,0.5612576476613478,1.0843434205983882,0.9159830873257772,0.46873144817648754,0.035324458900487465,-0.21980360086453618,0.7138795104111627,-0.7002566405022027,-0.5326311235404887,-1.2890652526013164,-0.15898533344233443,False,False
2025-09-01,2025,9,0,244,-1.0,-1.8369701987210297e-16,-0.8702939222685674,-0.49253272872205434,1,Monsoon,1,real_campus_measured,19750.85,29.1125,33.1,25.0,93.04166666666669,82.875,6009.0,5694.2,1857.0,30.4,0.6473848281459832,0.2952546951787415,0.643842616791529,1.1207759313382128,0.6758777176101678,1.033977913723759,0.6224840312040363,0.06769536772568317,2.695820257095643,1.7634562216719638,-0.3410869142524532,1.8885007610242641,-1.3718455418355888,-1.5538290043744212,False,False
2025-09-02,2025,9,1,245,-1.0,-1.8369701987210297e-16,-0.8786374941610001,-0.4774894280028391,1,Monsoon,1,real_campus_measured,9681.38,26.275,28.9,24.7,99.29166666666669,92.29166666666669,2437.0,515.7,2065.0,22.2,-0.016522611514426615,-0.6752654510985924,0.5832109534946494,1.2866410351949908,1.385979632035844,-2.088077789191733,-2.1459712928855423,0.4417592030390558,1.8264342339947899,2.7705435398536866,2.875103666150008,0.6896603838915252,0.3307044972133684,0.546146870233116,False,False
2025-09-03,2025,9,2,246,-1.0,-1.8369701987210297e-16,-0.886721063082993,-0.46230483047981086,1,Monsoon,1,real_campus_measured,8969.39,26.3125,28.9,24.8,98.875,90.58333333333331,3515.0,1383.8,2437.0,20.1,-0.007748504382350388,-0.6752654510985924,0.6034215079269428,1.2755833616045384,1.2571558334010948,-1.14586724951007,-1.6818801338931382,1.1107579854264338,1.6037865939323763,2.7212744270187685,2.0911501530027055,0.23924234375392375,0.048895520151433204,-0.1738901968369047,False,False
2025-09-04,2025,9,3,247,-1.0,-1.8369701987210297e-16,-0.8945422369764496,-0.4469834295196741,1,Monsoon,1,real_campus_measured,14087.739999999998,26.9125,29.5,24.5,82.875,91.33333333333331,3374.0,1474.0,2437.0,11.4,0.13263720973086426,-0.5366197159161159,0.5427898446300632,0.8509686957311868,1.3137126230456175,-1.2691062904146289,-1.6336587048629403,1.1107579854264338,0.6813892279595194,2.31209586992525,1.7763952772775482,-0.38178557115152567,0.13160752526540187,0.45463865374358337,False,False
2025-09-05,2025,9,4,248,-1.0,-1.8369701987210297e-16,-0.9020987014301837,-0.43152975897147144,1,Monsoon,1,real_campus_measured,19262.99,27.729166666666668,31.5,24.3,51.0,88.08333333333333,5340.0,4120.5,2318.0,8.4,0.32371776505162814,-0.07446726530786195,0.502368735765477,0.0050566660616191555,1.0686332012526867,0.4492479962404264,-0.21882486973634588,0.8967503104154178,0.36332117072749975,1.1790666533016732,-0.07886299788706985,-0.26985783762323906,-0.8805528659297522,-0.0717456654918342,False,False
2025-09-06,2025,9,5,249,-1.0,-1.8369701987210297e-16,-0.9093882203647925,-0.4159483918249421,1,Monsoon,1,real_campus_measured,20394.36,28.575,32.3,25.0,35.875,84.20833333333333,6146.0,6598.8,1523.0,1.2000000000000002,0.5216226259195618,0.11039371493543895,0.643842616791529,-0.3963368852717835,0.7764231214226524,1.1537208116239333,1.1060882961787266,-0.5329648293640594,-0.4000421666293472,-0.3173957780917363,-1.2481925010670745,-0.15165397987086499,-1.5827733848982375,0.20418455487218645,False,False
2025-09-07,2025,9,6,250,-1.0,-1.8369701987210297e-16,-0.9164086366943458,-0.4002439388573056,1,Monsoon,1,real_campus_measured,18244.43,28.58333333333333,32.5,25.0,67.58333333333333,81.41666666666667,6038.0,6084.3,1757.0,1.7,0.5235724275044665,0.156608959996265,0.643842616791529,0.44515207496160325,0.5659061821902628,1.0593249505055478,0.8310336926749923,-0.11214301463651521,-0.34703082375734395,0.28556797304875264,-1.104871084366923,-0.42140174162145877,-1.0907336985051865,-0.28692783998328975,False,False
2025-09-08,2025,9,0,251,-1.0,-1.8369701987210297e-16,-0.9231578729647039,-0.38442104726885545,1,Monsoon,1,real_campus_measured,20596.93,28.616666666666664,32.5,24.6,74.33333333333333,83.0,5793.0,5499.2,1807.0,2.8,0.5313716338440899,0.156608959996265,0.5630003990623567,0.6242863871269234,0.6853038492175882,0.8451861914869879,0.5182359307507259,-0.022223823455416018,-0.23040586943893684,0.5722709390034739,-0.8005876775377789,-0.43020955433718105,-0.9550928603715839,-0.24965738140880755,False,False
2025-09-09,2025,9,1,252,-1.0,-1.8369701987210297e-16,-0.9296339319682695,-0.3684843993077793,1,Monsoon,1,real_campus_measured,24047.61,29.066666666666663,33.3,24.9,94.70833333333331,81.0,6163.0,6251.6,1744.0,0.5,0.6366609194290005,0.3414699402395659,0.6236320623592356,1.1650066257000193,0.5344857434988609,1.168579419392568,0.9204732168074992,-0.135522004343601,-0.4742580466501518,0.5488489420481316,-1.253266899615731,-0.6515876822854727,-0.994597459442387,-0.6129981692897347,False,False
2025-09-10,2025,9,2,253,-1.0,-1.8369701987210297e-16,-0.9358348973349941,-0.35243871088460327,1,Monsoon,1,real_campus_measured,21218.21,29.33333333333333,33.8,25.4,86.16666666666667,82.66666666666667,6104.0,6262.7,1573.0,1.8,0.6990545701459844,0.4570080528916294,0.7246848345207014,0.9383243170957566,0.6601674982644674,1.1170113100778944,0.9264073394486874,-0.4430456381829602,-0.33642855518294335,0.4865752827168413,-1.2748462080490128,-0.359991773369429,-1.1724705265107807,-0.3293299827517941,False,False
2025-09-11,2025,9,3,254,-1.0,-1.8369701987210297e-16,-0.9417589340994617,-0.33628873017668287,1,Monsoon,1,real_campus_measured,18236.3,28.641666666666666,33.3,24.9,99.04166666666669,85.66666666666667,5463.0,4984.1,1865.0,10.1,0.5372210385988078,0.3414699402395659,0.6236320623592356,1.2800064310407195,0.8863946568425585,0.5567543936252544,0.2428605638609817,0.08208243831465906,0.5435597364923108,1.3755703751790958,-0.3589505540169474,0.016696593993338834,-0.8840239103949046,-0.5512594428220473,False,False
2025-09-12,2025,9,4,255,-1.0,-1.8369701987210297e-16,-0.9474042892438845,-0.32003923622313857,1,Monsoon,1,real_campus_measured,15585.57,27.745833333333334,32.0,24.8,97.41666666666669,89.70833333333333,4557.0,3014.4,2274.0,9.2,0.3276173682214394,0.04107084734420152,0.6034215079269428,1.2368815040379573,1.1911729121491526,-0.23512199686786875,-0.8101521718461233,0.8176214221760505,0.4481393193227049,2.0546064258301495,0.6060424059038203,-0.45468678071144486,-0.34829779762530094,-0.11817559876719054,False,False
2025-09-13,2025,9,5,256,-1.0,-1.8369701987210297e-16,-0.9527692922168511,-0.30369503751065885,1,Monsoon,1,real_campus_measured,10991.42,27.620833333333334,31.1,25.6,96.58333333333331,88.54166666666667,4397.0,2837.3,2528.0,6.4,0.2983703444478531,-0.1668977554295124,0.7651059433852883,1.2147661568570527,1.103195683813229,-0.37496771704325477,-0.9048308312834631,1.2744109133760344,0.15127579923948672,2.1873451019174825,0.6393212962986504,-0.8675011218613625,-0.12289140030165457,-0.08365198079137558,False,False
2025-09-14,2025,9,6,257,-1.0,-1.8369701987210297e-16,-0.9578523554276669,-0.28726097055059635,1,Monsoon,1,real_campus_measured,13920.17,27.2875,30.2,25.4,99.91666666666669,90.70833333333331,3317.0,1175.8,2406.0,6.2,0.2203782810516232,-0.37486635820322717,0.7246848345207014,1.3032275455806686,1.2665819650085153,-1.3189263282271102,-1.7930781077100026,1.0550080868941523,0.1300712620906854,2.487735738777984,1.617752772594729,-0.8829945030377813,0.38507298973959303,0.5965874970349198,False,False
2025-09-15,2025,9,0,258,-1.0,-1.8369701987210297e-16,-0.9626519747161487,-0.2707418984477642,1,Monsoon,1,real_campus_measured,11140.98,26.416666666666668,29.0,24.8,99.20833333333331,94.0,2937.0,1433.7,1843.0,19.1,0.01662401542897182,-0.6521578285681793,0.6034215079269428,1.2844295004768993,1.5148034306705889,-1.651059913643652,-1.6552033122899579,0.04251799419497541,1.4977639081883698,2.346662376294695,2.467012326070158,0.5273255670281586,-0.13651612986209372,0.5010857508542487,False,False
2025-09-16,2025,9,1,259,-1.0,-1.8369701987210297e-16,-0.9671667297977312,-0.2541427094613622,1,Monsoon,1,real_campus_measured,12915.38,26.78333333333333,31.0,24.2,99.375,91.66666666666669,3545.0,1765.8,2139.0,12.5,0.10241528516482429,-0.19000537795992542,0.4821581813331836,1.2888525699130806,1.3388489739987417,-1.119646176977185,-1.47766077813332,0.5748396059870826,0.7980141822779265,2.268854015257118,1.6547148137397782,-0.1549731550041785,0.0062046649419635665,0.3057960479924633,False,False
2025-09-17,2025,9,2,260,-1.0,-1.8369701987210297e-16,-0.97139528468375,-0.23746831555846842,1,Monsoon,1,real_campus_measured,19056.51,27.2875,30.9,25.2,86.625,90.875,3817.0,2614.4,2078.0,18.2,0.2203782810516232,-0.21311300049033843,0.6842637256561152,0.9504877580452535,1.2791501404850774,-0.881908452679029,-1.023994429186247,0.4651381927461416,1.4023434910187635,2.1796700007759426,1.382069594340335,0.5111634639989255,-0.3785240741626307,0.13812854699940733,False,False
2025-09-18,2025,9,3,261,-1.0,-1.8369701987210297e-16,-0.9753363880767837,-0.2207236509605022,1,Monsoon,1,real_campus_measured,22718.68,28.416666666666668,32.5,25.4,85.0,87.45833333333333,5213.0,4385.0,2059.0,6.6,0.48457639580635287,0.156608959996265,0.7246848345207014,0.9073628310424913,1.0215025432155844,0.3382454558512138,-0.07742167707018897,0.4309689000973239,0.17248033638828794,1.4221468459864615,-0.19244125382494437,-0.3895062204178535,-0.7676980055675557,-0.15055259090119152,False,False
2025-09-19,2025,9,4,262,-1.0,-1.8369701987210297e-16,-0.9789888737409319,-0.20391367068311472,1,Monsoon,1,real_campus_measured,15274.52,27.941666666666663,32.3,25.5,86.875,90.66666666666669,3804.0,2528.6,2024.0,14.3,0.37343770546672367,0.11039371493543895,0.7448953889529948,0.9571223621995247,1.2634399211393779,-0.893270917443279,-1.069863593385704,0.3680254662705545,0.9888550166171384,2.159171929132046,1.0761635947083867,0.2814296043942224,-0.25899858302714135,0.4395637619490153,False,False
2025-09-20,2025,9,5,263,-1.0,-1.8369701987210297e-16,-0.9823516608469237,-0.18704334906991657,1,Monsoon,1,real_campus_measured,11935.04,28.34583333333333,31.8,25.1,99.16666666666669,87.41666666666667,4527.0,3136.5,2431.0,3.2,0.4680030823346532,-0.005144397716623701,0.6640531712238225,1.283323733117855,1.018360499346445,-0.26134306940075364,-0.7448768227930506,1.099967682484702,-0.1879967951413342,1.9848375458867762,0.3343358197002095,-1.0423400292029086,-0.09245177090771718,-0.018083216661631957,False,False
2025-09-21,2025,9,6,264,-1.0,-1.8369701987210297e-16,-0.9854237542919524,-0.17011767832049052,1,Monsoon,1,real_campus_measured,19026.0,28.0375,31.6,25.0,97.45833333333331,88.58333333333333,4564.0,3220.7,2423.0,6.3,0.39586042369314106,-0.05135964277744893,0.643842616791529,1.2379872713970015,1.1063377276823685,-0.22900374661019562,-0.6998630276229546,1.085580611895726,0.140673530665086,2.0295809933622624,0.4563100862849546,-0.7890667541840157,-0.2522639561211287,-0.14070250048655059,False,False
2025-09-22,2025,9,0,265,-1.0,-1.8369701987210297e-16,-0.9882042449941422,-0.15314166701312007,1,Monsoon,1,real_campus_measured,11900.1,27.48333333333333,31.1,24.5,99.95833333333331,90.58333333333331,3254.0,1250.1,2511.0,26.8,0.2661986182969075,-0.1668977554295124,0.5427898446300632,1.3043333129397128,1.2571558334010948,-1.3739905805461683,-1.7533569084090748,1.2438383883744606,2.31413858841722,3.208110290467736,2.0390716337900043,0.9195695635016158,0.169806669105303,-0.19034386749154394,False,False
2025-09-23,2025,9,1,266,-1.0,-1.8369701987210297e-16,-0.9906923101615609,-0.13612033862266704,1,Monsoon,1,real_campus_measured,3243.09,25.8375,28.0,24.4,99.625,94.33333333333331,1933.0,410.6,1698.0,22.7,-0.11888719472197871,-0.8832340538723062,0.5225792901977697,1.2954871740673517,1.5399397816237086,-2.5285918077441987,-2.202158346001659,-0.21824766023021225,1.8794455768667933,2.5078403574065353,3.3944368603340394,0.9167280948467071,0.2513750680670132,0.9081137790377062,False,False
2025-09-24,2025,9,2,267,-1.0,-1.8369701987210297e-16,-0.9928872135356962,-0.11905873003404988,1,Monsoon,1,real_campus_measured,16643.66,27.15833333333333,31.2,24.5,88.04166666666667,89.91666666666667,4994.0,4700.900000000001,1797.0,4.8,0.19015635648558324,-0.1437901328991002,0.5427898446300632,0.98808384825279,1.206883131494854,0.1468316263611542,0.09146024566417413,-0.04020766169163585,-0.018360497950923777,0.9769585463712784,0.23247215590899564,-0.5115860989185276,-0.9782638844148065,-0.0708712014940881,False,False
2025-09-25,2025,9,3,268,-1.0,-1.8369701987210297e-16,-0.994788305609327,-0.10196189005174576,1,Monsoon,1,real_campus_measured,22446.88,27.85833333333333,32.0,24.5,69.66666666666667,87.54166666666667,5386.0,5389.9,1527.0,3.7,0.3539396896176664,0.04107084734420152,0.5427898446300632,0.5004404429138628,1.0277866309538655,0.48945364079084985,0.459803533932537,-0.5257712940695715,-0.13498545226933092,0.39791152051048595,-0.31821055727303116,-0.22950501016477975,-1.2056146853311012,0.13392034939300243,False,False
2025-09-26,2025,9,4,269,-1.0,-1.8369701987210297e-16,-0.9963950238187231,-0.08483487790576538,1,Monsoon,1,real_campus_measured,13981.509999999998,26.995833333333334,30.2,25.0,100.0,91.5,3153.0,1613.7,2048.0,28.9,0.1521352255799215,-0.37486635820322717,0.643842616791529,1.3054390802987583,1.3262807985221796,-1.4622681914068807,-1.5589742964869022,0.4111866780374821,2.536786228479633,2.8395457660619625,2.2901037876766304,1.3582668968424918,-0.13852122977334252,-0.039291601489157016,False,False
2025-09-27,2025,9,5,270,-1.0,-1.8369701987210297e-16,-0.9977068927101168,-0.06768276175455162,1,Monsoon,1,real_campus_measured,12841.2,26.65,28.8,24.4,99.54166666666669,91.45833333333331,3375.0,1624.3,2301.0,12.5,0.07121845980633233,-0.6983730736290046,0.5225792901977697,1.293275639349262,1.323138754653038,-1.2682322546635327,-1.5533074766673887,0.866177785413844,0.7980141822779265,2.3427834200529363,1.9747104898060341,-0.34453243516179816,0.07616119843904819,0.20178597867216302,False,False
2025-09-28,2025,9,6,271,-1.0,-1.8369701987210297e-16,-0.9987235240803972,-0.050510617185222886,1,Monsoon,1,real_campus_measured,20199.47,27.204166666666666,30.5,24.5,67.20833333333333,89.54166666666667,4028.0,2765.2,2244.0,4.2,0.2008802652025651,-0.3055434906119889,0.5427898446300632,0.43520016873019657,1.1786047366725927,-0.6974869091977387,-0.9433758981690206,0.7636699074673909,-0.08197410939732766,1.479871173597463,0.8876015823363543,-0.7195021368496967,-0.2087164004027504,0.6040498022316731,False,False
2025-09-29,2025,9,0,272,-1.0,-1.8369701987210297e-16,-0.9994446170919858,-0.033323525711631344,1,Monsoon,1,real_campus_measured,20963.3,28.02083333333333,32.2,24.6,47.91666666666666,86.66666666666667,5489.0,5838.2,1455.0,1.6,0.39196082052332815,0.08728609240502758,0.5630003990623567,-0.07677011850772489,0.9618037097019222,0.5794793231537546,0.6994672438464808,-0.6552549293703543,-0.3576330923317446,-0.0549177051909048,-0.6228421384784425,-0.1882900801535024,-1.3432600513412822,0.4357955198216861,False,False
2025-09-30,2025,9,1,273,-1.0,-1.8369701987210297e-16,-0.9998699583618592,-0.016126573270657762,1,Monsoon,1,real_campus_measured,17942.43,28.45833333333333,33.3,25.0,56.0,86.5,5492.0,5694.8,1525.0,2.6,0.49432540373088024,0.3414699402395659,0.643842616791529,0.13774874914704152,0.9492355342253612,0.5821014304070431,0.6228047945900467,-0.5293680617168155,-0.2516104065877381,0.2591322084645902,-0.7487028284382273,-0.13787037312687545,-1.2398737711388685,0.37031084186709806,False,False
2025-10-01,2025,10,2,274,-0.8660254037844386,0.5000000000000001,-0.9999994220246925,0.001075151282798226,0,Shoulder,2,real_campus_measured,21911.7,28.09166666666667,33.5,24.2,91.08333333333331,85.375,5053.0,5163.7,1595.0,16.1,0.4085341339950286,0.3876851853003919,0.4821581813331836,1.068804865463088,0.864400349758577,0.1983997356758278,0.338875737406697,-0.4034811940632766,1.1796958509563502,1.1648697712606952,0.013306504584736572,0.8073709376592381,-0.9539054059590539,-0.43772718933525484,False,False
2025-10-02,2025,10,3,275,-0.8660254037844386,0.5000000000000001,-0.999832969770105,0.018276557681691223,0,Shoulder,2,real_campus_measured,2954.55,26.066666666666663,29.4,24.8,99.95833333333331,93.875,2304.0,607.8,1784.0,28.4,-0.06526765113707103,-0.5597273384465289,0.6034215079269428,1.3043333129397128,1.5053772990631684,-2.2043245440875228,-2.0967341131329786,-0.06358665139872165,2.48377488560763,2.8031156156951944,3.1088123178010303,1.418067992613963,0.09839015782473763,0.5610635922282677,True,False
2025-10-03,2025,10,4,276,-0.8660254037844386,0.5000000000000001,-0.9993706508539969,0.03547255575312556,0,Shoulder,2,real_campus_measured,5683.68,26.991666666666664,29.8,24.9,100.0,89.29166666666667,3259.0,1164.1,2497.0,14.4,0.15116032478746785,-0.4672968483248776,0.6236320623592356,1.3054390802987583,1.1597524734577518,-1.3696204017906874,-1.7993329937372013,1.2186610148437529,0.999457285191539,2.719781317191798,1.8985698491624103,-0.21705257664309946,0.3911442085624731,0.18210745280183832,False,False
2025-10-04,2025,10,5,277,-0.8660254037844386,0.5000000000000001,-0.9986126020839734,0.052658056924614005,0,Shoulder,2,real_campus_measured,8596.33,27.65833333333333,30.0,25.6,99.54166666666669,88.58333333333333,3970.0,2462.5,2178.0,7.7,0.3071444515799285,-0.42108160326405236,0.7651059433852883,1.293275639349262,1.1063377276823685,-0.7481809827613161,-1.1052010264111591,0.6449765751083401,0.2891052907066952,2.047393714077612,1.1135486730019584,-0.5740298097111964,-0.06007608878203713,0.209304007978875,False,False
2025-10-05,2025,10,6,278,-0.8660254037844386,0.5000000000000001,-0.9975590477788613,0.06982797572987089,0,Shoulder,2,real_campus_measured,5657.9,26.416666666666668,30.5,24.0,100.0,92.70833333333331,3315.0,1646.9,2083.0,15.9,0.01662401542897182,-0.3055434906119889,0.4417370724685974,1.3054390802987583,1.4174000707272427,-1.3206743997293025,-1.5412253891276717,0.4741301118642515,1.1584913138075488,2.339807687649759,1.9955609973453037,0.1419356962984226,-0.03706045826265975,0.2822436951421699,False,False
2025-10-06,2025,10,0,279,-0.8660254037844386,0.5000000000000001,-0.9962102997023297,0.0869772313136861,0,Shoulder,2,real_campus_measured,9474.01,26.508333333333336,30.1,24.1,92.45833333333331,89.125,3335.0,1166.1,2551.0,0.7,0.038071832862935556,-0.3979739807336394,0.46194762690089086,1.1052951883115791,1.1471842979811908,-1.3031936847073793,-1.7982637824505008,1.31577374131934,-0.4530535095013505,2.131137215157632,1.5489513062457048,-1.423327063768465,0.5929600144266587,0.6467371258702994,False,False
2025-10-07,2025,10,1,280,-0.8660254037844386,0.5000000000000001,-0.9945667569706337,0.1041007489354256,0,Shoulder,2,real_campus_measured,12361.71,27.079166666666666,30.4,24.0,78.25,88.5,4785.0,4305.6,1935.0,1.1,0.1716332414289788,-0.3286511131424019,0.4417370724685974,0.7282285188771711,1.1000536399440886,-0.035841845617943735,-0.11986936515220337,0.20796930596819793,-0.4106444352037479,0.8306591048416493,0.3376929699013602,-0.8751554223756578,-0.7014222666107867,0.15621991455138878,False,False
2025-10-08,2025,10,2,281,-0.8660254037844386,0.5000000000000001,-0.9926289059345095,0.121193461470736,0,Shoulder,2,real_campus_measured,14102.41,26.92083333333333,30.3,24.8,93.66666666666669,91.20833333333331,4588.0,3872.0,1911.0,9.4,0.13458701131576906,-0.3517587356728141,0.6034215079269428,1.1373624417238906,1.304286491438197,-0.20802688858388774,-0.35167437210889785,0.16480809420127032,0.4693438564715063,1.4662602087412766,0.8019359407437162,-0.27438082647250117,-0.8066613560137623,-0.10318125113216657,False,False
2025-10-09,2025,10,3,282,-0.8660254037844386,0.5000000000000001,-0.9903973200352558,0.1382503109109819,0,Shoulder,2,real_campus_measured,12848.43,27.008333333333336,31.4,24.4,79.41666666666667,89.0,5025.0,5250.2,1618.0,10.9,0.15505992795728082,-0.09757488783827498,0.5225792901977697,0.7591900049304364,1.1377581663737704,0.17392673464513525,0.3851191255564988,-0.36211836611997095,0.6283778850875161,0.7984069930593647,0.24725625957687752,0.2361591012253229,-1.214702382278654,-0.19073218592979385,False,False
2025-10-10,2025,10,4,283,-0.8660254037844386,0.5000000000000001,-0.9878726596350429,0.15526624985999563,0,Shoulder,2,real_campus_measured,13643.87,27.229166666666668,31.2,24.0,74.375,84.25,5224.0,5831.5,1434.0,1.8,0.20672966995728287,-0.1437901328991002,0.4417370724685974,0.6253921544859687,0.7795651652917929,0.34785984911327156,0.6958853860360339,-0.693020989666416,-0.33642855518294335,0.03827642456678496,-0.2274363503274532,-0.3407467303397287,-1.0480925189360852,0.03084407764412797,False,False
2025-10-11,2025,10,5,284,-0.8660254037844386,0.5000000000000001,-0.9850556718215013,0.172236243027682,0,Shoulder,2,real_campus_measured,16152.61,26.89583333333333,31.0,23.6,4.791666666666667,78.04166666666667,5728.0,6976.299999999999,1203.0,0.0,0.1287376065610513,-0.19000537795992542,0.36089485473942506,-1.2212393351194926,0.31140062878991037,0.7883738676657374,1.307901926543468,-1.1084476529230942,-0.5272693895221551,-1.4414632055525374,-0.9710932063928135,0.19405487707039357,-1.3739167959761334,0.589993909071181,False,False
2025-10-12,2025,10,6,285,-0.8660254037844386,0.5000000000000001,-0.981947190186646,0.18915526872004093,0,Shoulder,2,real_campus_measured,18029.38,26.775,31.1,22.7,2.125,77.70833333333333,5616.0,6829.8,1219.0,0.0,0.10046548357991864,-0.1668977554295124,0.17899986484878616,-1.2920084460983845,0.28626427783678843,0.6904818635429673,1.2295821997926482,-1.0796735117451426,-0.5272693895221551,-1.5102507792264332,-0.8672172902889964,0.20511818719698435,-1.2719182200413128,0.6214126448118824,False,False
2025-10-13,2025,10,0,286,-0.8660254037844386,0.5000000000000001,-0.9785481345802031,0.20601832032517084,0,Shoulder,2,real_campus_measured,16326.39,26.79583333333333,31.0,23.1,3.875,79.16666666666667,5465.0,6575.0,1262.0,0.0,0.10533998754218275,-0.19000537795992542,0.25984208257795927,-1.2455662170184867,0.39623581325669455,0.5585024651274467,1.093364681866989,-1.0023430073293973,-0.5272693895221551,-1.3332992658229732,-0.738445779050067,0.144839724298467,-1.2505437750386448,0.7207080788702385,False,False
2025-10-14,2025,10,1,287,-0.8660254037844386,0.5000000000000001,-0.9748595108374125,0.22282040779479959,0,Shoulder,2,real_campus_measured,16874.67,26.758333333333336,31.0,22.9,2.708333333333333,76.79166666666667,5521.0,6750.8,1204.0,0.0,0.09656588041010819,-0.19000537795992542,0.21942097371337235,-1.276527703071752,0.2171393127157058,0.6074484671888318,1.1873483539679737,-1.1066492690994723,-0.5272693895221551,-1.504363509862484,-0.8251827766434071,0.22846646386433267,-1.18065608151555,0.6605308091740602,False,False
2025-10-15,2025,10,2,288,-0.8660254037844386,0.5000000000000001,-0.9708824104813836,0.23955655912092708,0,Shoulder,2,real_campus_measured,17017.72,26.425,31.6,21.4,2.125,76.5,5588.0,6906.9,1195.0,0.0,0.01857381701387746,-0.05135964277744893,-0.08373734277102507,-1.2920084460983845,0.19514500563172435,0.6660088625122746,1.2708002948949566,-1.1228347235120701,-0.5272693895221551,-1.6835802466770171,-0.8424146452066613,0.2474493020000011,-1.1726304089972044,0.5388386896541298,False,False
2025-10-16,2025,10,3,289,-0.8660254037844386,0.5000000000000001,-0.9666180104000972,0.2562218218071163,0,Shoulder,2,real_campus_measured,16906.43,25.8375,30.8,21.5,0.8333333333333334,75.45833333333333,5662.0,7132.0,1151.0,0.0,-0.11888719472197871,-0.23622062302075064,-0.06352678833873163,-1.3262872342287853,0.11659390890322018,0.7306875080933907,1.3911400252131116,-1.2019636117514374,-0.5272693895221551,-1.8750548495240562,-0.7925789788811706,0.25383865273473544,-1.2295138230182396,0.43171061090967694,False,False
2025-10-17,2025,10,4,290,-0.8660254037844386,0.5000000000000001,-0.9620675724981452,0.27281126433401914,0,Shoulder,2,real_campus_measured,15590.23,26.4,31.1,22.0,0.9166666666666666,77.375,5572.0,6977.9,1168.0,0.0,0.0127244122591597,-0.1668977554295124,0.037525983822734185,-1.324075699510695,0.2611279268836676,0.6520242904947361,1.3087572955728286,-1.1713910867498638,-0.5272693895221551,-1.6840306295782534,-0.8020926654022995,0.24443775514582874,-1.2753251128150698,0.5938126278385489,False,False
2025-10-18,2025,10,5,291,-0.8660254037844386,0.5000000000000001,-0.957232443323312,0.28931997761869527,0,Shoulder,2,real_campus_measured,15892.36,26.883333333333336,31.3,22.8,10.5,79.79166666666667,5375.0,6602.6,1198.0,0.0,0.1258129041836945,-0.12068251036868717,0.19921041928107963,-1.069749206930302,0.44336647129379686,0.4798392475287921,1.1081197976234578,-1.1174395720412043,-0.5272693895221551,-1.3006874785857492,-0.6798948411893955,0.15221189428391102,-1.2424688475835453,0.7176398054665054,False,False
2025-10-19,2025,10,6,292,-0.8660254037844386,0.5000000000000001,-0.9521140536681102,0.3057430764672831,0,Shoulder,2,real_campus_measured,14546.91,27.25,31.8,22.8,31.20833333333333,83.04166666666667,4926.0,5722.5,1317.0,1.3,0.21160417391954697,-0.005144397716623701,0.19921041928107963,-0.5201828294848445,0.6884458930867288,0.08739719528661517,0.6376133709108501,-0.9034318970301881,-0.3894398980549466,-0.6098855882242606,-0.2630623597802433,0.03662179574386237,-1.001390360697678,0.7512231215523252,False,False
2025-10-20,2025,10,0,293,-0.8660254037844386,0.5000000000000001,-0.9467139181463862,0.3220757010206104,0,Shoulder,2,real_campus_measured,15798.31,27.679166666666664,32.6,23.5,16.708333333333332,74.41666666666667,5339.0,6587.0,1221.0,0.0,0.3120189555421926,0.17971658252667802,0.3406843003071316,-0.9049898704325692,0.03804281217471705,0.44837396048933026,1.0997799495871927,-1.0760767440978987,-0.5272693895221551,-1.161078838208755,-1.0203957598079998,0.2731758395637348,-0.8463675821605253,0.6834053052234723,False,False
2025-10-21,2025,10,1,294,-0.8660254037844386,0.5000000000000001,-0.9410336347451197,0.3383130181923076,0,Shoulder,2,real_campus_measured,16901.35,27.075,32.4,22.0,2.625,74.95833333333333,5294.0,6617.7,1227.0,0.0,0.17065834063652596,0.13350133746585197,0.037525983822734185,-1.2787392377898423,0.07888938247353833,0.4090423516900029,1.1161923428380471,-1.0652864411561667,-0.5272693895221551,-1.4818618397511238,-0.8855391848137756,0.3217694551573526,-0.8992664162858122,0.7564180828961442,False,False
2025-10-22,2025,10,2,295,-0.8660254037844386,0.5000000000000001,-0.9350748843515574,0.3544502230989869,0,Shoulder,2,real_campus_measured,16124.11,27.0375,32.7,22.1,1.5833333333333333,75.45833333333333,5426.0,6897.8,1146.0,0.0,0.16188423350445055,0.20282420505709103,0.05773653825502763,-1.306383421765972,0.11659390890322018,0.5244150708346964,1.2659353835404692,-1.2109555308695474,-0.5272693895221551,-1.5898577280703026,-1.0069301004858822,0.38359779654932546,-1.0493008535195756,0.7487730509920856,False,False
2025-10-23,2025,10,3,296,-0.8660254037844386,0.5000000000000001,-0.9288394302558068,0.3704825404820963,0,Shoulder,2,real_campus_measured,15135.76,27.2,32.2,22.1,2.0416666666666665,74.5,5331.0,6778.1,1146.0,0.0,0.19990536441011228,0.08728609240502758,0.05773653825502763,-1.294219980816475,0.044326899912997,0.4413816744805609,1.2019430880314372,-1.2109555308695474,-0.5272693895221551,-1.5869247975884944,-0.9226062800166057,0.3829117892228607,-0.9505643713225361,0.7670707695947253,False,False
2025-10-24,2025,10,4,297,-0.8660254037844386,0.5000000000000001,-0.9223291176290545,0.3864052261209853,0,Shoulder,2,real_campus_measured,14989.39,26.77916666666667,31.8,22.1,1.125,73.25,5256.0,6637.6,1162.0,0.0,0.1014403843723723,-0.005144397716623701,0.05773653825502763,-1.318546862715469,-0.049934416161207605,0.3758289931483488,1.1268309951407187,-1.1821813896915956,-0.5272693895221551,-1.6298616624542168,-0.8137852774039152,0.3728718724308416,-0.8376309764074119,0.75244842830498,False,False
2025-10-25,2025,10,5,298,-0.8660254037844386,0.5000000000000001,-0.9155458729775467,0.40221356823680365,0,Shoulder,2,real_campus_measured,14848.08,27.40416666666667,31.9,22.7,21.916666666666668,75.95833333333333,5088.0,6373.900000000001,1194.0,0.0,0.24767550324030388,0.0179632248137885,0.17899986484878616,-0.766768950551921,0.15429843533290202,0.22899098696419348,0.9858554869892422,-1.124633107335692,-0.5272693895221551,-1.1479335831152087,-0.6660704167365994,0.19853271181367396,-0.8098787444076286,0.6998012078146439,False,False
2025-10-26,2025,10,6,299,-0.8660254037844386,0.5000000000000001,-0.9084917035725082,0.41790288888678667,0,Shoulder,2,real_campus_measured,13696.45,27.1125,31.6,23.4,17.833333333333332,81.04166666666667,4826.0,5792.6,1289.0,0.2,0.17943244776860218,-0.05135964277744893,0.3204737458748382,-0.8751341517383492,0.5376277873680014,-6.37982300107327e-06,0.675089226509707,-0.9537866440916036,-0.5060648523733537,-0.839701082078826,-0.34365927771535526,0.08417056870425565,-0.9260407295341033,0.990306912714972,False,False
2025-10-27,2025,10,0,300,-0.8660254037844386,0.5000000000000001,-0.9011686968561569,0.4334685453485363,0,Shoulder,2,real_campus_measured,14184.68,27.875,32.2,23.3,90.875,77.04166666666667,4830.0,5695.2,1315.0,0.3,0.35783929278747856,0.08728609240502758,0.30026319144254543,1.0632760286678626,0.2359915759305467,0.0034897631813835765,0.6230186368473866,-0.907028664677432,-0.49546258379895314,-0.005219297135256121,-0.2779513927980402,-0.302890586148657,-0.3658926376150134,0.021923016153941544,False,False
2025-10-28,2025,10,1,301,-0.8660254037844386,0.5000000000000001,-0.8935790198239952,0.4489059314938798,0,Shoulder,2,real_campus_measured,10104.13,26.929166666666664,31.5,24.2,99.5,85.625,4224.0,4242.1,1546.0,9.6,0.1365368129006747,-0.07446726530786195,0.4821581813331836,1.2921698719902162,0.883252612973418,-0.5261759019828909,-0.15381682350494802,-0.49160200142075383,0.49054839362030755,1.0736570779503283,0.7618634802556106,0.12284308081656031,-0.47227996892484886,0.02882507957511419,False,False
2025-10-29,2025,10,2,302,-0.8660254037844386,0.5000000000000001,-0.8857249183835637,0.4642104791518923,0,Shoulder,2,real_campus_measured,5962.96,25.179166666666664,29.5,23.9,92.95833333333331,93.83333333333331,2471.0,1016.7,1794.0,16.2,-0.2729215199295337,-0.5366197159161159,0.421526518036304,1.1185643966201213,1.5022352551940268,-2.0583605736544635,-1.878133865567037,-0.04560281316250181,1.1902981195307505,2.1051179759269263,2.7650857437682923,0.3532497700951144,0.1404240096435544,0.8580621559504171,False,False
2025-10-30,2025,10,3,303,-0.8660254037844386,0.5000000000000001,-0.8776087166898392,0.4793776594606945,0,Shoulder,2,real_campus_measured,10674.85,26.316666666666663,29.5,24.4,77.375,89.54166666666667,3596.0,2984.6,1769.0,12.3,-0.006773603589898398,-0.5366197159161159,0.5225792901977697,0.7050074043372222,1.1786047366725927,-1.075070353671281,-0.8260834200179626,-0.09056240875305141,0.7768096451291253,1.3536743592139573,1.5568798214843171,0.20857661490584228,-0.37564855345895337,0.4896037665468266,False,False
2025-10-31,2025,10,4,304,-0.8660254037844386,0.5000000000000001,-0.8692328164574792,0.49440298420761813,0,Shoulder,2,real_campus_measured,16477.46,28.166666666666668,32.2,25.1,67.625,79.95833333333333,4782.0,5809.4,1257.0,1.6,0.42608234825918023,0.08728609240502758,0.6640531712238225,0.4462578423206485,0.4559346467703567,-0.03846395287123222,0.6840706013179919,-1.011334926447507,-0.3576330923317446,-0.04638884436710912,-0.3852177641510381,-0.01338886934037767,-0.7066718925733091,0.49284157966139974,False,False
2025-11-01,2025,11,5,305,-0.5000000000000004,0.8660254037844384,-0.8605996962501181,0.5092820071573356,0,Autumn_EarlyWinter,0,real_campus_measured,12509.73,27.195833333333336,31.4,23.9,89.0,85.375,3675.0,2821.0,1973.0,6.6,0.19893046361766029,-0.09757488783827498,0.421526518036304,1.0135164975108293,0.864400349758577,-1.006021529334684,-0.9135449032700732,0.2763078912658333,0.17248033638828794,1.4903250674334416,1.0598514726146326,-0.34375740727450715,0.1464573209102549,0.4484902557860234,False,False
2025-11-02,2025,11,6,306,-0.5000000000000004,0.8660254037844384,-0.8517119107469189,0.5240103253675756,0,Autumn_EarlyWinter,0,real_campus_measured,6928.870000000001,26.004166666666663,29.5,21.9,50.91666666666666,81.25,4269.0,4574.7,1543.0,0.6,-0.07989116302386419,-0.5366197159161159,0.017315429390440736,0.0028451313435285315,0.5533380067137018,-0.48684429318356354,0.02399301347336466,-0.4969971528916198,-0.4636557780757512,-0.2788735242661688,0.6312645122561202,-0.39662891220842733,-0.3612083097314994,0.5573637179879317,True,False
2025-11-03,2025,11,0,307,-0.5000000000000004,0.8660254037844384,-0.8425720899866032,0.5385835804920232,0,Autumn_EarlyWinter,0,real_campus_measured,13454.94,25.2,30.5,20.6,44.04166666666666,64.33333333333333,4656.0,5746.0,1324.0,0.0,-0.26804701596726876,-0.3055434906119889,-0.24542177822936978,-0.17960648289892722,-0.7223318041572008,-0.14859245750934869,0.6501766035295824,-0.8908432102648343,-0.5272693895221551,-1.3204434658312356,-0.07756109204727757,0.041644798334461795,0.2549729015368089,0.05904646846870705,False,False
2025-11-04,2025,11,1,308,-0.5000000000000004,0.8660254037844384,-0.8331829385891785,0.5529974600700271,0,Autumn_EarlyWinter,0,real_campus_measured,11980.65,24.85833333333333,30.1,20.4,80.08333333333333,62.625,4765.0,5715.5,1475.0,0.0,-0.34798888094840513,-0.3979739807336394,-0.28584288709395667,0.7768822826751591,-0.8511556027919467,-0.05332256063986698,0.633871131407398,-0.6192872528979146,-0.5272693895221551,-0.9022372317717908,0.04176632531117035,-0.3052897865822606,0.49613897819392444,-0.6199725761187833,False,False
2025-11-05,2025,11,2,309,-0.5000000000000004,0.8660254037844384,-0.8235472349556007,0.5672476988027229,0,Autumn_EarlyWinter,0,real_campus_measured,14734.66,24.479166666666668,30.0,20.1,7.833333333333333,68.79166666666667,5024.0,6659.6,1112.0,0.0,-0.43670485306161605,-0.42108160326405236,-0.3464745503908356,-1.140518317909194,-0.38613311015920365,0.17305269889403907,1.1385923192944254,-1.2721005808726948,-0.5272693895221551,-2.1031682419786817,-0.24641110839922167,0.2994388126811789,-0.5220125235914367,0.36229954994253805,False,False
2025-11-06,2025,11,3,310,-0.5000000000000004,0.8660254037844384,-0.8136678304455991,0.5813300798152042,0,Autumn_EarlyWinter,0,real_campus_measured,13307.64,25.745833333333334,31.2,20.9,3.6666666666666665,66.75,4854.0,6298.400000000001,1161.0,0.0,-0.14033501215594163,-0.1437901328991002,-0.18479011493249087,-1.2510950538137127,-0.5400932597470716,0.024466621207691473,0.9454927609162938,-1.1839797735152175,-0.5272693895221551,-1.8651264154049942,-0.4786817432051907,0.4248841928818222,-0.24394558025664168,0.6471961428175043,False,False
2025-11-07,2025,11,4,311,-0.5000000000000004,0.8660254037844384,-0.8035476485339116,0.5952404359043674,0,Autumn_EarlyWinter,0,real_campus_measured,13759.98,25.52916666666667,31.2,20.2,16.291666666666668,63.375,4802.0,6256.0,1160.0,0.0,-0.19102985336349085,-0.1437901328991002,-0.3262639959585429,-0.9160475440230212,-0.794598813147424,-0.020983237849308972,0.9228254816382403,-1.1857781573388395,-0.5272693895221551,-1.8672416464227066,-0.4155482085812858,0.38932562477996047,0.04221324441044919,0.3912222539194175,False,False
2025-11-08,2025,11,5,312,-0.5000000000000004,0.8660254037844384,-0.7931896839451843,0.6089746507720486,0,Autumn_EarlyWinter,0,real_campus_measured,17131.940000000002,23.445833333333336,29.6,17.4,0.3333333333333333,54.875,4965.0,6648.9,1104.0,0.0,-0.6784802495899291,-0.5135120933857028,-0.8921595200627516,-1.3395564425373274,-1.4355757624520153,0.1214845895793655,1.1328720389105769,-1.2864876514616708,-0.5272693895221551,-2.830053228572454,-0.2581579704047185,0.5266250390027982,0.33471487862046406,-0.01822536354364854,False,False
2025-11-09,2025,11,6,313,-0.5000000000000004,0.8660254037844384,-0.7825970017677834,0.6225286602431057,0,Autumn_EarlyWinter,0,real_campus_measured,16685.199999999997,22.245833333333334,28.5,17.4,0.0,64.70833333333333,5012.0,6784.099999999999,1096.0,0.0,-0.9592516778163585,-0.7676959412202428,-0.8921595200627516,-1.3484025814096892,-0.6940534093349394,0.16256426988088513,1.2051507218915385,-1.3008747220506465,-0.5272693895221551,-2.776608664654175,0.15187985300039225,0.2890121511429309,-0.3392563989613741,0.022015373304002606,False,False
2025-11-10,2025,11,0,314,-0.5000000000000004,0.8660254037844384,-0.7717727365467836,0.6358984534680745,0,Autumn_EarlyWinter,0,real_campus_measured,15634.740000000002,22.491666666666664,29.1,16.4,0.0,61.0,4909.0,6602.3,1107.0,0.0,-0.9017325310616394,-0.6290502060377663,-1.094265064385683,-1.3484025814096892,-0.9736953136884127,0.07253858751798041,1.1079594159304527,-1.2810924999908047,-0.5272693895221551,-2.851567263116894,0.10876876251224822,0.3710744744421348,-0.0033996712320433784,-0.004129528450670293,False,False
2025-11-11,2025,11,1,315,-0.5000000000000004,0.8660254037844384,-0.7607200913564104,0.6490800741100398,0,Autumn_EarlyWinter,0,real_campus_measured,15158.54,21.9125,28.3,16.5,0.0,61.875,4902.0,6626.9,1100.0,0.0,-1.0372437412125883,-0.8139111862810681,-1.0740545099533898,-1.3484025814096892,-0.9077123924364695,0.06642033726030727,1.12111071475687,-1.2936811867561586,-0.5272693895221551,-2.9100075762348987,0.26820198017306973,0.312892510083424,-0.09162191199824951,-0.04938368968753514,False,False
2025-11-12,2025,11,2,316,-0.5000000000000004,0.8660254037844384,-0.7494423368521954,0.6620696215153815,0,Autumn_EarlyWinter,0,real_campus_measured,15131.95,21.5,27.9,16.3,0.0,61.458333333333336,4907.0,6668.0,1096.0,0.0,-1.1337589196654234,-0.9063416764027193,-1.1144756188179759,-1.3484025814096892,-0.9391328311278708,0.07079051601578808,1.143083006698568,-1.3008747220506465,-0.5272693895221551,-2.9956994912464507,0.34608832582271437,0.29347322984473456,-0.08913610212526266,-0.11781242444305333,False,False
2025-11-13,2025,11,3,317,-0.5000000000000004,0.8660254037844384,-0.7379428103031386,0.6748632518680403,0,Autumn_EarlyWinter,0,real_campus_measured,15372.47,21.34166666666667,28.1,16.4,0.0,63.79166666666666,4886.0,6668.2,1090.0,0.0,-1.1708051497786325,-0.8601264313418933,-1.094265064385683,-1.3484025814096892,-0.7631783744560231,0.05243576524276867,1.143189927827238,-1.3116650249923785,-0.5272693895221551,-2.93970635541555,0.39425608521054323,0.26515359492091456,-0.21983053556344764,-0.05483179635985872,False,False
2025-11-14,2025,11,4,318,-0.5000000000000004,0.8660254037844384,-0.7262249146041543,0.6874571793269664,0,Autumn_EarlyWinter,0,real_campus_measured,15236.14,21.004166666666663,27.8,15.9,0.0,62.458333333333336,4875.0,6683.6,1080.0,0.0,-1.2497721139673168,-0.9294492989331316,-1.1953178365471486,-1.3484025814096892,-0.8637237782685072,0.042821371980710884,1.1514228547348329,-1.3296488632285983,-0.5272693895221551,-3.0604747364718237,0.46249189889947073,0.26924799905055224,-0.14420629547646788,-0.135800994191108,False,False
2025-11-15,2025,11,5,319,-0.5000000000000004,0.8660254037844384,-0.7142921172691032,0.699847677146407,0,Autumn_EarlyWinter,0,real_campus_measured,14634.86,21.1625,28.0,15.6,0.0,58.583333333333336,4777.0,6515.0,1096.0,0.0,-1.2127258838541062,-0.8832340538723062,-1.2559494998440281,-1.3484025814096892,-1.1559338580985414,-0.04283413162671303,1.0612883432659705,-1.3008747220506465,-0.5272693895221551,-3.1037223962160176,0.42576604733039153,0.33722191545719704,0.17062003050703406,-0.15516947144263019,False,False
2025-11-16,2025,11,6,320,-0.5000000000000004,0.8660254037844384,-0.7021479494046978,0.7120310787787131,0,Autumn_EarlyWinter,0,real_campus_measured,15603.17,21.008333333333333,27.5,15.6,0.4166666666666667,59.583333333333336,4727.0,6443.5,1098.0,0.0,-1.248797213174863,-0.9987721665243697,-1.2559494998440281,-1.3373449078192372,-1.0805248052391778,-0.08653591918152115,1.0230640397664235,-1.2972779544034025,-0.5272693895221551,-3.0898597726705677,0.5543985705188261,0.2920535717335656,0.12697339375572014,-0.1436220080343946,False,False
2025-11-17,2025,11,0,321,-0.5000000000000004,0.8660254037844384,-0.6897960046655887,0.7240037789593305,0,Autumn_EarlyWinter,0,real_campus_measured,14148.78,21.425,27.6,16.4,3.1666666666666665,67.70833333333333,4613.0,6130.9,1145.0,0.0,-1.151307133929575,-0.9756645439939567,-1.094265064385683,-1.2643642621222548,-0.46782625075684836,-0.18617599480648367,0.8559463156551164,-1.2127539146931694,-0.5272693895221551,-2.6626838351939974,0.7431102920639506,0.12726860759538489,-0.24308299258425498,0.1197719731356189,False,False
2025-11-18,2025,11,1,322,-0.5000000000000004,0.8660254037844384,-0.6772399381909491,0.7357622347736527,0,Autumn_EarlyWinter,0,real_campus_measured,14948.23,21.916666666666668,28.1,16.6,3.9166666666666665,70.375,4595.0,6140.7,1132.0,0.0,-1.0362688404201355,-0.8601264313418933,-1.0538439555210963,-1.2444604496594416,-0.2667354431318782,-0.20190863832621458,0.8611854509599496,-1.2361329044002551,-0.5272693895221551,-2.528597231170717,0.6983847793114876,0.12383094681402952,-0.3841814617391064,0.23964938926636356,False,False
2025-11-19,2025,11,2,323,-0.5000000000000004,0.8660254037844384,-0.6644834655228552,0.7473029667054296,0,Autumn_EarlyWinter,0,real_campus_measured,16146.75,22.620833333333334,29.3,17.0,0.0,66.0,4579.0,6235.5,1094.0,0.0,-0.8715106064955995,-0.5828349609769411,-0.9730017377919239,-1.3484025814096892,-0.5966500493915943,-0.2158932103437532,0.911866065949559,-1.3044714896978906,-0.5272693895221551,-2.5846560856769782,0.36057870293482647,0.3273085548358124,-0.12969494263032288,0.34011175206687766,False,False
2025-11-20,2025,11,3,324,-0.5000000000000004,0.8660254037844384,-0.6515303615068021,0.75862255966641,0,Autumn_EarlyWinter,0,real_campus_measured,15196.94,22.98333333333333,29.5,17.2,1.75,64.79166666666667,4439.0,5911.9,1136.0,0.0,-0.7866942375521998,-0.5366197159161159,-0.9325806289273377,-1.3019603523297911,-0.6877693215966584,-0.3382582154972159,0.7388676797613986,-1.2289393691057673,-0.5272693895221551,-2.436027455146998,0.38240165070989157,0.3297131139079187,0.07645220657220887,0.41566680099621817,False,False
2025-11-21,2025,11,4,325,-0.5000000000000004,0.8660254037844384,-0.6383844591746642,0.7697176640069211,0,Autumn_EarlyWinter,0,real_campus_measured,13563.2,22.71666666666667,28.9,17.1,1.1666666666666667,68.25,4376.0,5777.3,1155.0,0.0,-0.8490878882691829,-0.6752654510985924,-0.9527911833596304,-1.317441095356424,-0.42697968045802603,-0.39332246781627417,0.6669097601664472,-1.1947700764569495,-0.5272693895221551,-2.3703894157949983,0.6020997290348397,0.22955343087131427,-0.09686205470725233,0.47587041050006607,False,False
2025-11-22,2025,11,5,326,-0.5000000000000004,0.8660254037844384,-0.6250496486104377,0.7805849965070866,0,Autumn_EarlyWinter,0,real_campus_measured,12371.69,22.6375,28.6,17.5,7.291666666666667,70.83333333333333,4407.0,5921.0,1122.0,0.0,-0.8676110033257882,-0.7445883186898298,-0.8719489656304581,-1.1548932935767815,-0.23217296057133685,-0.36622735953229313,0.7437325911158866,-1.254116742636475,-0.5272693895221551,-2.283597056227246,0.668733557958894,0.15664043884585524,-0.29537247732358546,0.4368706094589179,False,False
2025-11-23,2025,11,6,327,-0.5000000000000004,0.8660254037844384,-0.6115298757991053,0.7912213413483807,0,Autumn_EarlyWinter,0,real_campus_measured,12421.84,22.22083333333333,28.5,17.0,9.708333333333334,69.41666666666667,4380.0,5885.8,1121.0,0.0,-0.9651010825710762,-0.7676959412202428,-0.9730017377919239,-1.0907587867521606,-0.33900245212210134,-0.3898263248118895,0.7249144724699558,-1.255915126460097,-0.5272693895221551,-2.358848154611445,0.7432447842327078,0.14651907902125028,-0.18186425412406623,0.33572416005395284,False,False
2025-11-24,2025,11,0,328,-0.5000000000000004,0.8660254037844384,-0.5978291414589552,0.801623551065242,0,Autumn_EarlyWinter,0,real_campus_measured,12396.25,21.2625,27.8,15.9,11.958333333333334,68.79166666666667,4361.0,5818.8,1136.0,0.0,-1.1893282648352377,-0.9294492989331316,-1.1953178365471486,-1.0310473493637204,-0.38613311015920365,-0.4064330040827166,0.689095894365485,-1.2289393691057673,-0.5272693895221551,-2.5150225700400877,0.9859294763983252,0.06650783388932208,-0.1172541752557344,0.14971523304213544,False,False
2025-11-25,2025,11,1,329,-0.5000000000000004,0.8660254037844384,-0.5839514998576998,0.8117885474764613,0,Autumn_EarlyWinter,0,real_campus_measured,12784.46,20.604166666666668,26.8,15.4,0.0,61.79166666666666,4434.0,6095.1,1092.0,0.0,-1.3433625900427917,-1.1605255242372585,-1.2963706087086144,-1.3484025814096892,-0.9139964801747505,-0.34262839425269676,0.8368074336231757,-1.3080682573451345,-0.5272693895221551,-3.0376801804639686,0.9194329115230588,0.23100289698026055,0.13658040008228678,0.010253617789354727,False,False
2025-11-26,2025,11,2,330,-0.5000000000000004,0.8660254037844384,-0.5699010576127624,0.8217133225960589,0,Autumn_EarlyWinter,0,real_campus_measured,13969.97,19.554166666666667,26.0,14.6,4.5,59.25,4479.0,6243.6,1068.0,0.0,-1.589037589740917,-1.3453865044805602,-1.4580550441669597,-1.228979706632809,-1.105661156192299,-0.3032967854533694,0.9161963716606967,-1.351229469112062,-0.5272693895221551,-3.2766173633844735,1.0740361468444297,0.1911594512117066,0.23741306841326495,-0.27004944901403394,False,False
2025-11-27,2025,11,3,331,-0.5000000000000004,0.8660254037844384,-0.5556819724760489,0.8313949395234058,0,Autumn_EarlyWinter,0,real_campus_measured,13849.97,20.53333333333333,27.0,14.7,0.625,71.16666666666667,4339.0,5907.5,1118.0,0.0,-1.3599359035144913,-1.1143102791764332,-1.4378444897346667,-1.3318160710240112,-0.2070366096182149,-0.4256617906068322,0.7365154149306574,-1.2613102779309628,-0.5272693895221551,-2.8039994809259983,1.218614353929795,0.05415188270400769,-0.3216302461156263,0.20101949050935242,False,False
2025-11-28,2025,11,4,332,-0.5000000000000004,0.8660254037844384,-0.5412984521036173,0.8408305333122887,0,Autumn_EarlyWinter,0,real_campus_measured,16349.96,21.058333333333334,27.5,15.4,0.5833333333333334,71.95833333333333,4302.0,5812.1,1115.0,0.0,-1.2370984036654284,-0.9987721665243697,-1.2963706087086144,-1.3329218383830563,-0.14733777610455273,-0.4580011133973902,0.6855140365550381,-1.266705429401829,-0.5272693895221551,-2.6485682908901156,1.1238266391365934,0.08442690633274964,-0.33407708550717374,0.3422092547168295,False,False
2025-11-29,2025,11,5,333,-0.5000000000000004,0.8660254037844384,-0.5267547528105542,0.8500173118187018,0,Autumn_EarlyWinter,0,real_campus_measured,15485.81,21.325,27.7,15.6,45.333333333333336,67.25,4268.0,5740.8,1120.0,0.0,-1.1747047529484445,-0.9525569214635445,-1.2559494998440281,-0.14532769476852614,-0.5023887333173896,-0.4877183289346597,0.6473966541841609,-1.257713510283719,-0.5272693895221551,-2.196340022811736,1.156897141714367,-0.12065000161816074,0.14295812101224872,-0.27498979326108186,False,False
2025-11-30,2025,11,6,334,-0.5000000000000004,0.8660254037844384,-0.5120551783114646,0.8589525565270845,0,Autumn_EarlyWinter,0,real_campus_measured,12609.49,21.34166666666667,27.3,15.6,65.75,67.875,4102.0,5260.0,1314.0,0.0,-1.1708051497786325,-1.044987411585195,-1.2559494998440281,0.39649831116361517,-0.4552580752802874,-0.6328082636166227,0.39035826086133196,-0.9088270485010541,-0.5272693895221551,-1.7147712819621068,1.4141281639410606,-0.4113311491051757,0.37811455861880144,-0.519203790520339,False,False
2025-12-01,2025,12,0,335,-2.4492935982947064e-16,1.0,-0.4972040784469378,0.8676336233547726,0,Autumn_EarlyWinter,0,real_campus_measured,10226.93,21.53333333333333,26.9,16.5,98.04166666666669,71.70833333333333,2959.0,2294.2,1680.0,0.0,-1.1259597133258008,-1.1374179017068462,-1.0740545099533898,1.2534680144236352,-0.16619003931939363,-1.6318311271195363,-1.1951751561870165,-0.25061856905540797,-0.5272693895221551,-0.2534377388762152,2.543609677368999,-0.9374206024144328,1.3186019034857943,-0.1389965965502612,False,False
2025-12-02,2025,12,1,336,-2.4492935982947064e-16,1.0,-0.4822058478963526,0.8760579434344281,0,Autumn_EarlyWinter,0,real_campus_measured,12451.55,21.804166666666664,28.0,16.5,90.95833333333331,64.75,3988.0,4936.1,1222.0,0.0,-1.0625911618163641,-0.8832340538723062,-1.0740545099533898,1.0654875633859524,-0.6909113654657989,-0.7324483392415851,0.21719949298016686,-1.0742783602742767,-0.5272693895221551,-1.368959004291133,1.3882948608916565,-0.41965731209441287,0.7385844938084987,-0.6531244754222089,False,False
2025-12-03,2025,12,2,337,-2.4492935982947064e-16,1.0,-0.46706492487743034,0.8842230238742036,0,Autumn_EarlyWinter,0,real_campus_measured,10524.33,20.6375,26.7,14.9,58.208333333333336,67.83333333333333,3853.0,4331.9,1522.0,0.0,-1.3355633837031693,-1.1836331467676715,-1.3974233808700802,0.19635441917643648,-0.4584001191494279,-0.8504431656395671,-0.10580923673209061,-0.5347632131876814,-0.5272693895221551,-1.5749510043488006,1.7905787697775506,-0.5550230081380286,0.674563890091639,-0.4164470180143924,False,False
2025-12-04,2025,12,3,338,-2.4492935982947064e-16,1.0,-0.451785789832884,0.8921264484954345,0,Autumn_EarlyWinter,0,real_campus_measured,14498.1,19.829166666666666,26.2,14.7,29.416666666666668,60.875,4264.0,5853.5,1110.0,0.0,-1.5246941374390275,-1.2991712594197349,-1.4378444897346667,-0.5677308259237874,-0.9831214452958331,-0.49121447193904433,0.7076467101897407,-1.2756973485199388,-0.5272693895221551,-2.801852760994129,1.303396484830902,-0.008376216459321663,0.4002141444223446,-0.4116109579529184,False,False
2025-12-05,2025,12,4,339,-2.4492935982947064e-16,1.0,-0.4363729641045924,0.8997658785476209,0,Autumn_EarlyWinter,0,real_campus_measured,15393.14,19.179166666666667,26.1,13.6,19.875,51.833333333333336,4303.0,6066.8,1055.0,0.0,-1.676778661061676,-1.3222788819501472,-1.6601605884898916,-0.8209515511451351,-1.6649449648992463,-0.457127077646294,0.8216780939163618,-1.3746084588191478,-0.5272693895221551,-3.3501927857365685,1.158943306023956,0.21660540972555095,0.8463139870026261,-0.5865130802920957,False,False
2025-12-06,2025,12,5,340,-2.4492935982947064e-16,1.0,-0.42083100859565564,0.9071390534005044,0,Autumn_EarlyWinter,0,real_campus_measured,16233.78,18.34583333333333,25.1,13.1,20.791666666666668,59.29166666666666,4314.0,6093.8,1064.0,0.0,-1.8717588195522519,-1.5533551072542742,-1.7612133606513574,-0.796624669246141,-1.1025191123231597,-0.44751268438423625,0.8361124462868202,-1.35842300440655,-0.5272693895221551,-3.3114055099679995,1.5344175268553666,0.008810422393281996,0.37310166072504813,-0.5906309291326972,True,False
2025-12-07,2025,12,6,341,-2.4492935982947064e-16,1.0,-0.4051645224207563,0.9142437912130223,0,Autumn_EarlyWinter,0,real_campus_measured,15247.579999999998,18.366666666666667,25.4,13.2,43.708333333333336,58.333333333333336,4309.0,6127.0,1055.0,0.0,-1.866884315589987,-1.4840322396630368,-1.7410028062190641,-0.1884526217712884,-1.1747861213133823,-0.45188286313971704,0.8538613536460504,-1.3746084588191478,-0.5272693895221551,-3.0699097902483143,1.5565047101869576,-0.10637689722994803,0.5149377089556716,-0.884767697505193,False,False
2025-12-08,2025,12,0,342,-2.4492935982947064e-16,1.0,-0.3893781415452015,0.9210779895789526,0,Autumn_EarlyWinter,0,real_campus_measured,12664.43,19.28333333333333,25.6,13.3,84.5,63.958333333333336,4038.0,5258.9,1218.0,0.0,-1.6524061412503546,-1.4378169946022106,-1.7207922517867706,0.8940936227339491,-0.7506101989794617,-0.688746551686777,0.38977019465364643,-1.0814718955687646,-0.5272693895221551,-2.0854847411488406,1.9576296600307652,-0.5521127404537476,0.6541862638183561,-1.094110017554695,False,False
2025-12-09,2025,12,1,343,-2.4492935982947064e-16,1.0,-0.37347653741307074,0.9276396261490467,0,Autumn_EarlyWinter,0,real_campus_measured,12461.69,19.22083333333333,25.9,13.9,66.58333333333333,70.0,4076.0,5374.5,1159.0,0.0,-1.6670296531371478,-1.3684941270109732,-1.5995289251930118,0.41861365834451875,-0.29501383795413955,-0.6555331931451229,0.4515706070249424,-1.1875765411624615,-0.5272693895221551,-2.1566079101554245,1.934540574504236,-0.47922582683626774,0.17123820593504582,-0.6967146355273074,False,False
2025-12-10,2025,12,2,344,-2.4492935982947064e-16,1.0,-0.3574644155648614,0.9339267592294762,0,Autumn_EarlyWinter,0,real_campus_measured,12397.38,19.041666666666668,26.4,13.7,16.208333333333332,63.875,4203.0,5814.2,1088.0,0.0,-1.7089503872126208,-1.2529560143589098,-1.6399500340575983,-0.9182590787411115,-0.7568942867177422,-0.5445306527559103,0.6866367084060735,-1.3152617926396224,-0.5272693895221551,-3.017525666016369,1.4633893651201313,0.026633593927078383,0.21616310786236095,-0.23387616543507156,False,False
2025-12-11,2025,12,3,345,-2.4492935982947064e-16,1.0,-0.34134651424503615,0.9399375283564133,0,Autumn_EarlyWinter,0,real_campus_measured,13004.89,18.3375,25.5,12.6,0.0,65.875,4179.0,5850.2,1074.0,0.0,-1.8737086211371576,-1.4609246171326236,-1.8622661328128232,-1.3484025814096892,-0.6060761809990147,-0.5655075107822182,0.7058825115666846,-1.34043916617033,-0.5272693895221551,-3.349768434177715,1.6820660730591965,0.046119942649622485,0.023385934033460266,-0.11776022605490849,False,False
2025-12-12,2025,12,4,346,-2.4492935982947064e-16,1.0,-0.3251276029999093,0.9456701548465688,0,Autumn_EarlyWinter,0,real_campus_measured,11273.54,18.85833333333333,26.0,13.0,0.0,65.95833333333333,4117.0,5733.099999999999,1073.0,0.0,-1.7518460220805483,-1.3453865044805602,-1.7814239150836504,-1.3484025814096892,-0.5997920932607348,-0.6196977273501802,0.6432801907303631,-1.3422375499939523,-0.5272693895221551,-3.228300719814466,1.6032128837008162,0.08546570274694582,0.07262697306484528,0.003744429728433263,False,False
2025-12-13,2025,12,5,347,-2.4492935982947064e-16,1.0,-0.30881248126625377,0.9511229423235357,0,Autumn_EarlyWinter,0,real_campus_measured,11311.39,19.445833333333333,26.0,13.0,0.0,67.375,4076.0,5619.0,1094.0,0.0,-1.614385010344692,-1.3453865044805602,-1.7814239150836504,-1.3484025814096892,-0.49296260170996925,-0.6555331931451229,0.5822816868240931,-1.3044714896978906,-0.5272693895221551,-3.1100971253202374,1.612345255038976,0.06294865079676609,0.03482028475309967,0.08812982778474777,False,False
2025-12-14,2025,12,6,348,-2.4492935982947064e-16,1.0,-0.29240597695107734,0.9562942772197719,0,Autumn_EarlyWinter,0,real_campus_measured,12872.67,19.829166666666666,26.5,13.4,0.5833333333333334,71.5,4028.0,5489.6,1112.0,0.0,-1.5246941374390275,-1.2298483918284966,-1.7005816973544776,-1.3329218383830563,-0.18190025866509404,-0.6974869091977387,0.5131037165745632,-1.2721005808726948,-0.5272693895221551,-2.881775205217931,1.629845118832404,0.012773340895271386,-0.1514236181753423,0.25808469182665733,False,False
2025-12-15,2025,12,0,349,-2.4492935982947064e-16,1.0,-0.27591294500296043,0.9611826292540837,0,Autumn_EarlyWinter,0,real_campus_measured,12042.69,19.98333333333333,26.5,14.2,0.0,66.66666666666667,4026.0,5523.6,1100.0,0.0,-1.4886228081182713,-1.2298483918284966,-1.5388972618961325,-1.3484025814096892,-0.5463773474853515,-0.699234980699931,0.5312803084484737,-1.2936811867561586,-0.5272693895221551,-2.938914402509365,1.4606449542970914,0.11831231766155423,0.10810355829697804,0.2292645837235405,False,False
2025-12-16,2025,12,1,350,-2.4492935982947064e-16,1.0,-0.2593382659754056,0.9657865518844574,0,Autumn_EarlyWinter,0,real_campus_measured,11445.02,19.466666666666665,26.0,14.0,23.125,66.0,4045.0,5590.599999999999,1094.0,0.0,-1.609510506382428,-1.3453865044805602,-1.5793183707607188,-0.7347016971396105,-0.5966500493915943,-0.6826283014291039,0.567098886552944,-1.3044714896978906,-0.5272693895221551,-2.7931918849670097,1.631215767711046,-0.05764794170233137,0.19712113255369185,-0.16447030550417566,False,False
2025-12-17,2025,12,2,351,-2.4492935982947064e-16,1.0,-0.2426868445825954,0.9701046827361175,0,Autumn_EarlyWinter,0,real_campus_measured,10105.54,19.55,25.9,13.9,0.0,65.41666666666667,4028.0,5571.6,1089.0,0.0,-1.59001249053337,-1.3684941270109732,-1.5995289251930118,-1.3484025814096892,-0.6406386635595561,-0.6974869091977387,0.5569413793292887,-1.3134634088160004,-0.5272693895221551,-3.06906226507536,1.5517563522056785,0.10776019122348689,0.15326374766780093,0.132601006685722,False,False
2025-12-18,2025,12,3,352,-2.4492935982947064e-16,1.0,-0.22596360824801906,0.974135744004672,0,Autumn_EarlyWinter,0,real_campus_measured,9627.77,19.933333333333334,26.4,14.2,3.583333333333333,66.91666666666667,3797.0,4943.7,1237.0,0.0,-1.5003216176277052,-1.2529560143589098,-1.5388972618961325,-1.2533065885318029,-0.5275250842705106,-0.8993891677009522,0.2212624958696289,-1.0473026029199468,-0.5272693895221551,-2.666060787434539,1.6724791971030835,-0.0038516142979936954,0.33544267205681066,0.27851995430562776,False,False
2025-12-19,2025,12,4,353,-2.4492935982947064e-16,1.0,-0.20917350564635637,0.9778785428342386,0,Autumn_EarlyWinter,0,real_campus_measured,9538.75,19.929166666666667,26.1,14.8,3.25,64.58333333333333,3886.0,5124.2,1199.0,0.0,-1.501296518420158,-1.3222788819501472,-1.4176339353023732,-1.2621527274041644,-0.7034795409423599,-0.8215999858533938,0.3177588144943598,-1.1156411882175823,-0.5272693895221551,-2.758035931584642,1.5580765133779853,0.052758562256650675,0.3740543385148557,0.21715597173078205,False,False
2025-12-20,2025,12,5,354,-2.4492935982947064e-16,1.0,-0.19232150523909483,0.9813319716704275,0,Autumn_EarlyWinter,0,real_campus_measured,6783.7300000000005,18.475,24.7,13.4,2.5416666666666665,68.79166666666667,3930.0,5188.0,1179.0,0.0,-1.8415368949862119,-1.6457855973759254,-1.7005816973544776,-1.2809507725079328,-0.38613311015920365,-0.7831424128051626,0.3518666545401097,-1.151608864690022,-0.5272693895221551,-2.9829906943034517,1.9938780937738707,-0.11380007755548051,0.06372895702031507,0.060475595361349575,False,False
2025-12-21,2025,12,6,355,-2.4492935982947064e-16,1.0,-0.17541259380427843,0.9844950085880858,0,Autumn_EarlyWinter,0,real_campus_measured,7773.85,18.33333333333333,24.3,12.8,15.958333333333334,72.29166666666667,3848.0,4930.4,1226.0,0.0,-1.8746835219296112,-1.7382160874975758,-1.8218450239482364,-0.9248936828953825,-0.12220142515143077,-0.8548133443950479,0.2141522408130697,-1.0670848249797886,-0.5272693895221551,-2.737330527689918,2.284653147246088,-0.3211555687683321,-0.0028161342178223657,-0.0636967218064248,False,False
2025-12-22,2025,12,0,356,-2.4492935982947064e-16,1.0,-0.15845177496083632,0.9873667175937016,0,Autumn_EarlyWinter,0,real_campus_measured,10272.74,18.5375,25.0,13.4,35.583333333333336,73.70833333333333,3832.0,4833.1,1259.0,0.0,-1.8269133830994189,-1.5764627297846872,-1.7005816973544776,-0.40407725678509976,-0.015371933600666274,-0.8687979164125865,0.16213511171508496,-1.0077381588002632,-0.5272693895221551,-2.345512918882697,2.276057244932327,-0.45824731142609904,0.03139831511260053,-0.21118945902365593,False,False
2025-12-23,2025,12,1,357,-2.4492935982947064e-16,1.0,-0.14144406768794202,0.9899462489023779,0,Autumn_EarlyWinter,0,real_campus_measured,10164.71,18.679166666666667,25.0,13.1,7.458333333333333,72.25,4034.0,5522.0,1110.0,0.0,-1.793766756156021,-1.5764627297846872,-1.7612133606513574,-1.1504702241406006,-0.12534346902057128,-0.6922426946911617,0.5304249394191131,-1.2756973485199388,-0.5272693895221551,-2.9708362472832275,1.9600216876135372,-0.14233652498802885,-0.2284201037567011,0.022058215588068125,False,False
2025-12-24,2025,12,2,358,-2.4492935982947064e-16,1.0,-0.12439450483979998,0.9922328391893008,0,Autumn_EarlyWinter,0,real_campus_measured,9214.33,18.425,24.6,12.8,17.75,66.79166666666667,4027.0,5423.7,1138.0,0.0,-1.8532357044956467,-1.6688932199063375,-1.8218450239482364,-0.8773456864564396,-0.536951215877931,-0.6983609449488348,0.47787320467777755,-1.2253426014585231,-0.5272693895221551,-3.0030444541221706,1.9804589898946556,-0.16640493580666987,0.15710893263655143,-0.26887553629386496,False,False
2025-12-25,2025,12,3,359,-2.4492935982947064e-16,1.0,-0.10730813165636247,0.9942258118156161,0,Autumn_EarlyWinter,0,real_campus_measured,10174.52,17.2625,23.2,11.7,2.4166666666666665,68.25,4030.0,5396.8,1180.0,0.0,-2.1252330255899996,-1.9923999353321158,-2.0441611227034615,-1.2842680745850683,-0.42697968045802603,-0.6957388376955463,0.4634923128716544,-1.1498104808663998,-0.5272693895221551,-3.339239299358522,2.280220141609685,-0.2176973200337657,0.0017843238358887456,-0.2591415438730936,False,False
2025-12-26,2025,12,4,360,-2.4492935982947064e-16,1.0,-0.09019000427034513,0.9959245770286599,0,Autumn_EarlyWinter,0,real_campus_measured,12133.54,16.670833333333334,23.0,11.8,0.0,68.08333333333333,4142.0,5742.2,1104.0,0.0,-2.263668938118308,-2.038615180392941,-2.023950568271168,-1.3484025814096892,-0.439547855934587,-0.5978468335727761,0.6481451020848511,-1.2864876514616708,-0.5272693895221551,-3.5485508711506935,2.2454694930067634,-0.17098107048743963,-0.1385157896111938,-0.3219149836900372,False,False
2025-12-27,2025,12,5,361,-2.4492935982947064e-16,1.0,-0.07304518821104743,0.9973286321364752,0,Autumn_EarlyWinter,0,real_campus_measured,11001.92,17.120833333333334,23.5,12.1,0.0,68.375,4137.0,5727.2,1102.0,0.0,-2.158379652533397,-1.9230770677408775,-1.963318904974289,-1.3484025814096892,-0.4175535488506056,-0.602217012328257,0.6401260174345965,-1.2900844191089147,-0.5272693895221551,-3.460251580670729,2.141071357649156,-0.13847984155583962,-0.1393606646098611,-0.2436213035344079,False,False
2025-12-28,2025,12,6,362,-2.4492935982947064e-16,1.0,-0.05587875690537313,0.9984375616565666,0,Autumn_EarlyWinter,0,real_campus_measured,12229.23,16.816666666666666,23.2,11.8,0.0,69.33333333333333,4130.0,5721.3,1096.0,0.0,-2.2295474103824575,-1.9923999353321158,-2.023950568271168,-1.3484025814096892,-0.3452865398603824,-0.6083352625859301,0.6369718441388299,-1.3008747220506465,-0.5272693895221551,-3.5013696552348303,2.246423974517979,-0.17414860487083988,-0.19986776806920453,-0.26713083968875895,False,False
2025-12-29,2025,12,0,363,-2.4492935982947064e-16,1.0,-0.03869579017652689,0.9992510374388481,0,Autumn_EarlyWinter,0,real_campus_measured,7998.599999999999,15.8875,22.0,10.6,0.125,74.29166666666667,4102.0,5630.3,1115.0,0.0,-2.4469502870994493,-2.269691405697068,-2.266477221458686,-1.3450852793325534,0.028616680567296587,-0.6328082636166227,0.5883227305939517,-1.266705429401829,-0.5272693895221551,-3.5700057827639613,2.669905118260645,-0.3589421146209986,-0.47991629620082243,-0.33810836791196175,False,False
2025-12-30,2025,12,1,364,-2.4492935982947064e-16,1.0,-0.021501372740813793,0.999768818762748,0,Autumn_EarlyWinter,0,real_campus_measured,9174.04,15.1875,21.7,10.2,0.0,75.70833333333333,4122.0,5655.9,1118.0,0.0,-2.6107336202315325,-2.3390142732883064,-2.347319439187859,-1.3484025814096892,0.1354461721180611,-0.6153275485946994,0.6020086350637194,-1.2613102779309628,-0.5272693895221551,-3.640484388401668,2.809120516382885,-0.41964200493158765,-0.5809930514282987,-0.4013544219433611,False,False
2025-12-31,2025,12,2,365,-2.4492935982947064e-16,1.0,-0.004300592702981974,0.9999907524084426,0,Autumn_EarlyWinter,0,real_campus_measured,14047.3,15.741666666666667,22.6,9.9,0.0,76.375,4145.0,5717.2,1104.0,0.0,-2.4810718148352997,-2.1310456705145913,-2.407951102484738,-1.3484025814096892,0.1857188740243039,-0.5952247263194876,0.6347799610010935,-1.2864876514616708,-0.5272693895221551,-3.5946581204103194,2.6672797153844305,-0.3704629234535861,-0.6060916401114649,-0.3411902754740023,False,False
